# Blender 5.2.0 LTS
# www.blender.org
mtllib Queen_B_Material_008_0.mtl
o Queen_B_Material_008_0.001
v -0.265073 1.891682 -0.728283
v -0.247627 1.993118 -0.680351
v 0.000000 1.993119 -0.724014
v 0.000000 1.891682 -0.775023
v -0.465387 1.993118 -0.554627
v -0.397288 2.092186 -0.473470
v -0.211393 2.092186 -0.580797
v -0.498175 1.891682 -0.593702
v -0.618806 1.846266 -0.737464
v -0.498175 1.891682 -0.593702
v -0.265073 1.891682 -0.728283
v -0.329260 1.846266 -0.904633
v -0.627015 1.993118 -0.362007
v -0.535265 2.092186 -0.309035
v -0.671190 1.891682 -0.387512
v -0.833714 1.846266 -0.481345
v -0.671190 1.891682 -0.387512
v -0.713015 1.993118 -0.125724
v -0.608681 2.092186 -0.107327
v -0.763249 1.891682 -0.134581
v -0.948065 1.846266 -0.167170
v -0.763249 1.891682 -0.134581
v -0.713015 1.993118 0.125724
v -0.608681 2.092186 0.107327
v -0.763249 1.891682 0.134581
v -0.948065 1.846266 0.167169
v -0.763249 1.891682 0.134581
v -0.627015 1.993118 0.362007
v -0.535265 2.092186 0.309035
v -0.671190 1.891682 0.387512
v 0.713015 1.993118 0.125724
v 0.608681 2.092186 0.107327
v 0.535265 2.092186 0.309035
v 0.627015 1.993118 0.362007
v -0.066860 2.530169 -0.183697
v -0.125656 2.530169 -0.149751
v -0.100830 2.566454 -0.120165
v -0.053651 2.566454 -0.147404
v -0.465387 1.993118 0.554627
v -0.397288 2.092186 0.473470
v 0.000000 1.891682 -0.775023
v 0.000000 1.846266 -0.962691
v -0.397870 -3.346834 -1.093139
v -0.452002 -3.279927 -1.241865
v 0.000000 -3.279927 -1.321565
v 0.000000 -3.346834 -1.163294
v -0.457296 -3.010697 -1.256411
v -0.342020 -3.019086 -0.939693
v 0.000000 -3.019086 -1.000000
v 0.000000 -3.010696 -1.337045
v -0.642564 -2.163967 -0.765777
v -0.341901 -2.163967 -0.939365
v -0.388554 -2.270907 -1.067544
v -0.730243 -2.270907 -0.870269
v 0.318133 -1.730666 0.874063
v -0.000000 -1.730666 0.930159
v 0.000000 -1.810848 0.966762
v 0.330652 -1.810848 0.908459
v -0.185192 -0.803080 -0.508810
v -0.186053 -0.516571 -0.511177
v -0.000000 -0.516571 -0.543983
v -0.000000 -0.803080 -0.541465
v -0.184947 -0.169223 -0.508138
v -0.000000 -0.169223 -0.540750
v -0.188808 0.195351 -0.518745
v -0.000000 0.195351 -0.552037
v -0.323557 0.523393 -0.888965
v -0.311740 0.583104 -0.856497
v -0.000000 0.583104 -0.911466
v -0.000000 0.523393 -0.946016
v -0.261548 1.514977 -0.718597
v -0.342120 1.745773 -0.939967
v 0.000000 1.745773 -1.000292
v 0.000000 1.514977 -0.764715
v -0.152606 2.196998 -0.419282
v -0.116291 2.246361 -0.319508
v -0.000000 2.246361 -0.340013
v -0.000000 2.196998 -0.446191
v 0.948065 1.846266 0.167169
v 0.763249 1.891682 0.134581
v 0.671190 1.891682 0.387512
v 0.833714 1.846266 0.481345
v -0.498175 1.891682 0.593702
v -0.747751 -3.346834 -0.891135
v -0.849486 -3.279927 -1.012378
v -0.859436 -3.010697 -1.024236
v -0.642788 -3.019086 -0.766044
v -0.865723 -2.163967 -0.499826
v -0.983854 -2.270907 -0.568028
v 0.543354 -1.946726 0.647545
v 0.289113 -1.946726 0.794331
v 0.309307 -2.066363 0.849814
v 0.581307 -2.066363 0.692775
v -0.348047 -0.803080 -0.414786
v -0.349666 -0.516571 -0.416715
v -0.347587 -0.169223 -0.414238
v -0.354842 0.195351 -0.422885
v -0.608088 0.523393 -0.724691
v -0.585879 0.583104 -0.698223
v -0.491550 1.514977 -0.585806
v -0.642976 1.745773 -0.766268
v -0.286806 2.196998 -0.341802
v -0.218556 2.246361 -0.260465
v 0.763249 1.891682 0.134581
v 0.671190 1.891682 0.387512
v 0.498175 1.891682 0.593702
v 0.618806 1.846266 0.737464
v -1.007442 -3.346834 -0.581647
v -1.144509 -3.279927 -0.660783
v -1.157915 -3.010697 -0.668522
v -0.866025 -3.019086 -0.500000
v -0.984464 -2.163967 -0.173588
v -1.118797 -2.270907 -0.197274
v 0.597895 -1.730666 0.712543
v 0.621422 -1.810848 0.740582
v -0.468922 -0.803080 -0.270732
v -0.471103 -0.516571 -0.271992
v -0.349666 -0.516571 -0.416715
v -0.348047 -0.803080 -0.414786
v -0.468303 -0.169223 -0.270375
v -0.347587 -0.169223 -0.414238
v -0.478078 0.195351 -0.276018
v -0.354842 0.195351 -0.422885
v -0.819274 0.523393 -0.473008
v -0.789352 0.583104 -0.455733
v -0.662263 1.514977 -0.382358
v -0.866279 1.745773 -0.500146
v -0.386412 2.196998 -0.223095
v -0.294460 2.246361 -0.170007
v 0.713015 1.993118 -0.125724
v 0.608681 2.092186 -0.107327
v 0.465387 1.993118 0.554627
v 0.498175 1.891682 0.593702
v -1.145621 -3.346834 -0.202004
v -1.301488 -3.279927 -0.229487
v -1.316732 -3.010697 -0.232175
v -0.984808 -3.019086 -0.173648
v -0.984464 -2.163967 0.173588
v -1.118797 -2.270907 0.197274
v 0.732059 -1.946726 0.422655
v 0.783193 -2.066363 0.452177
v -0.533239 -0.803080 -0.094024
v -0.535719 -0.516571 -0.094462
v -0.532534 -0.169223 -0.093900
v -0.543650 0.195351 -0.095860
v -0.931644 0.523393 -0.164274
v -0.897618 0.583104 -0.158274
v -0.753098 1.514977 -0.132791
v -0.985096 1.745773 -0.173699
v -0.439412 2.196998 -0.077480
v -0.334848 2.246361 -0.059043
v 0.763249 1.891682 -0.134581
v 0.397288 2.092186 0.473470
v -1.145621 -3.346834 0.202004
v -1.301488 -3.279927 0.229487
v -1.316732 -3.010697 0.232175
v -0.984808 -3.019086 0.173648
v -0.865723 -2.163967 0.499826
v -0.983854 -2.270907 0.568028
v 0.805541 -1.730666 0.465079
v 0.837240 -1.810848 0.483381
v -0.533239 -0.803080 0.094024
v -0.535719 -0.516571 0.094462
v -0.532534 -0.169223 0.093900
v -0.543650 0.195351 0.095860
v -0.931644 0.523393 0.164274
v -0.897618 0.583104 0.158274
v -0.753098 1.514977 0.132791
v -0.985096 1.745773 0.173699
v -0.439412 2.196998 0.077480
v -0.334848 2.246361 0.059043
v 0.948065 1.846266 -0.167170
v 0.763249 1.891682 -0.134581
v 0.265073 1.891682 0.728283
v 0.329260 1.846266 0.904633
v -1.007442 -3.346834 0.581647
v -1.144509 -3.279927 0.660783
v -1.157915 -3.010697 0.668522
v -0.866025 -3.019086 0.500000
v -0.642564 -2.163967 0.765777
v -0.730243 -2.270907 0.870269
v 0.832467 -1.946726 0.146786
v 0.890614 -2.066363 0.157039
v -0.468922 -0.803080 0.270732
v -0.471103 -0.516571 0.271992
v -0.468303 -0.169223 0.270375
v -0.478078 0.195351 0.276018
v -0.819274 0.523393 0.473008
v -0.789352 0.583104 0.455733
v -0.662263 1.514977 0.382358
v -0.866279 1.745773 0.500146
v -0.386412 2.196998 0.223095
v -0.294460 2.246361 0.170007
v 0.627015 1.993118 -0.362007
v 0.535265 2.092186 -0.309035
v 0.247627 1.993118 0.680351
v 0.265073 1.891682 0.728283
v -0.747751 -3.346834 0.891135
v -0.849486 -3.279927 1.012378
v -0.859436 -3.010697 1.024236
v -0.642788 -3.019086 0.766044
v -0.341901 -2.163967 0.939365
v -0.388554 -2.270907 1.067544
v 0.916028 -1.730666 0.161520
v 0.952074 -1.810848 0.167876
v -0.348047 -0.803080 0.414786
v -0.349666 -0.516571 0.416715
v -0.347587 -0.169223 0.414238
v -0.354842 0.195351 0.422885
v -0.608088 0.523393 0.724691
v -0.585879 0.583104 0.698223
v -0.491550 1.514977 0.585806
v -0.642976 1.745773 0.766268
v -0.286806 2.196998 0.341802
v -0.218556 2.246361 0.260465
v 0.671190 1.891682 -0.387512
v 0.211393 2.092186 0.580797
v -0.397870 -3.346834 1.093139
v -0.452002 -3.279927 1.241865
v -0.457296 -3.010697 1.256411
v -0.342020 -3.019086 0.939693
v 0.000000 -2.163967 0.999651
v 0.000000 -2.270907 1.136056
v 0.832467 -1.946726 -0.146786
v 0.890614 -2.066363 -0.157039
v -0.185192 -0.803080 0.508810
v -0.186053 -0.516571 0.511177
v -0.349666 -0.516571 0.416715
v -0.348047 -0.803080 0.414786
v -0.184947 -0.169223 0.508138
v -0.347587 -0.169223 0.414238
v -0.188808 0.195351 0.518745
v -0.354842 0.195351 0.422885
v -0.323557 0.523393 0.888965
v -0.311740 0.583104 0.856497
v -0.261548 1.514977 0.718598
v -0.342120 1.745773 0.939967
v -0.152606 2.196998 0.419282
v -0.116291 2.246361 0.319508
v 0.833714 1.846266 -0.481345
v 0.671190 1.891682 -0.387512
v 0.000000 1.891682 0.775023
v 0.000000 1.846266 0.962691
v 0.000000 -3.346834 1.163294
v 0.000000 -3.279927 1.321565
v 0.000000 -3.010697 1.337045
v 0.000000 -3.019086 1.000000
v 0.341901 -2.163967 0.939365
v 0.388554 -2.270907 1.067544
v 0.916028 -1.730666 -0.161520
v 0.952074 -1.810848 -0.167876
v -0.000000 -0.803080 0.541465
v -0.000000 -0.516571 0.543983
v -0.000000 -0.169223 0.540750
v -0.000000 0.195351 0.552037
v -0.000000 0.523393 0.946016
v -0.000000 0.583104 0.911466
v 0.000000 1.514977 0.764716
v 0.000000 1.745773 1.000292
v -0.000000 2.196998 0.446191
v -0.000000 2.246361 0.340013
v 0.465387 1.993118 -0.554627
v 0.397288 2.092186 -0.473470
v 0.000000 1.993118 0.724014
v 0.000000 1.891682 0.775023
v 0.397870 -3.346834 1.093139
v 0.452002 -3.279927 1.241865
v 0.457296 -3.010697 1.256411
v 0.342020 -3.019086 0.939693
v 0.642564 -2.163967 0.765777
v 0.341901 -2.163967 0.939365
v 0.388554 -2.270907 1.067544
v 0.730243 -2.270907 0.870269
v 0.732059 -1.946726 -0.422655
v 0.783193 -2.066363 -0.452177
v 0.185192 -0.803080 0.508810
v 0.186053 -0.516571 0.511177
v 0.184947 -0.169223 0.508138
v 0.188808 0.195351 0.518745
v 0.323557 0.523393 0.888965
v 0.311740 0.583104 0.856497
v 0.261548 1.514977 0.718598
v 0.342120 1.745773 0.939967
v 0.152606 2.196998 0.419282
v 0.116291 2.246361 0.319508
v 0.498175 1.891682 -0.593702
v 0.000000 2.092186 0.618071
v 0.747751 -3.346834 0.891135
v 0.849486 -3.279927 1.012378
v 0.859436 -3.010697 1.024236
v 0.642788 -3.019086 0.766044
v 0.342020 -3.019086 0.939693
v 0.457296 -3.010697 1.256411
v 0.865723 -2.163967 0.499826
v 0.983854 -2.270907 0.568028
v 0.805541 -1.730666 -0.465079
v 0.837240 -1.810848 -0.483381
v 0.348047 -0.803080 0.414786
v 0.349666 -0.516571 0.416715
v 0.347587 -0.169223 0.414238
v 0.354842 0.195351 0.422885
v 0.608088 0.523393 0.724691
v 0.585879 0.583104 0.698223
v 0.491550 1.514977 0.585806
v 0.642976 1.745773 0.766268
v 0.286806 2.196998 0.341802
v 0.218556 2.246361 0.260465
v 0.618806 1.846266 -0.737464
v 0.498175 1.891682 -0.593702
v -0.265073 1.891682 0.728283
v -0.329260 1.846266 0.904633
v 1.007442 -3.346834 0.581647
v 1.144509 -3.279927 0.660783
v 1.157915 -3.010697 0.668522
v 0.866025 -3.019086 0.500000
v 0.984464 -2.163967 0.173588
v 1.118797 -2.270907 0.197274
v 0.543354 -1.946726 -0.647544
v 0.581307 -2.066363 -0.692775
v 0.468922 -0.803080 0.270732
v 0.471103 -0.516571 0.271992
v 0.349666 -0.516571 0.416715
v 0.348047 -0.803080 0.414786
v 0.468303 -0.169223 0.270375
v 0.347587 -0.169223 0.414238
v 0.478078 0.195351 0.276018
v 0.354842 0.195351 0.422885
v 0.819274 0.523393 0.473008
v 0.789352 0.583104 0.455733
v 0.662263 1.514977 0.382358
v 0.866279 1.745773 0.500146
v 0.386412 2.196998 0.223095
v 0.294460 2.246361 0.170007
v 0.247627 1.993118 -0.680351
v 0.211393 2.092186 -0.580797
v -0.247627 1.993118 0.680351
v -0.265073 1.891682 0.728283
v 1.145621 -3.346834 0.202004
v 1.301488 -3.279927 0.229487
v 1.316732 -3.010697 0.232175
v 0.984808 -3.019086 0.173648
v 0.984464 -2.163967 -0.173588
v 1.118797 -2.270907 -0.197274
v 0.597895 -1.730666 -0.712543
v 0.805541 -1.730666 -0.465079
v 0.837240 -1.810848 -0.483381
v 0.621422 -1.810848 -0.740582
v 0.533239 -0.803080 0.094024
v 0.535719 -0.516571 0.094462
v 0.532534 -0.169223 0.093900
v 0.543650 0.195351 0.095860
v 0.931644 0.523393 0.164274
v 0.897618 0.583104 0.158274
v 0.753098 1.514977 0.132791
v 0.985096 1.745773 0.173699
v 0.866279 1.745773 0.500146
v 0.662263 1.514977 0.382358
v 0.439412 2.196998 0.077480
v 0.334848 2.246361 0.059043
v 0.265073 1.891682 -0.728283
v -0.211393 2.092186 0.580797
v 1.145621 -3.346834 -0.202004
v 1.301488 -3.279927 -0.229487
v 1.316732 -3.010697 -0.232175
v 0.984808 -3.019086 -0.173648
v 0.865723 -2.163967 -0.499826
v 0.983854 -2.270907 -0.568028
v 0.289113 -1.946726 -0.794331
v 0.309307 -2.066363 -0.849814
v 0.533239 -0.803080 -0.094024
v 0.535719 -0.516571 -0.094462
v 0.532534 -0.169223 -0.093900
v 0.543650 0.195351 -0.095860
v 0.931644 0.523393 -0.164274
v 0.897618 0.583104 -0.158274
v 0.753098 1.514977 -0.132791
v 0.985096 1.745773 -0.173699
v 0.439412 2.196998 -0.077480
v 0.334848 2.246361 -0.059043
v 0.329260 1.846266 -0.904633
v 0.265073 1.891682 -0.728283
v -0.498175 1.891682 0.593702
v -0.618806 1.846266 0.737464
v 1.007442 -3.346834 -0.581647
v 1.144509 -3.279927 -0.660783
v 1.157915 -3.010697 -0.668522
v 0.866025 -3.019086 -0.500000
v 0.642564 -2.163967 -0.765777
v 0.730243 -2.270907 -0.870269
v 0.318133 -1.730666 -0.874063
v 0.330652 -1.810848 -0.908459
v 0.468922 -0.803080 -0.270732
v 0.471103 -0.516571 -0.271992
v 0.468303 -0.169223 -0.270375
v 0.478078 0.195351 -0.276018
v 0.819274 0.523393 -0.473008
v 0.789352 0.583104 -0.455733
v 0.897618 0.583104 -0.158274
v 0.931644 0.523393 -0.164274
v 0.662263 1.514977 -0.382358
v 0.866279 1.745773 -0.500146
v 0.386412 2.196998 -0.223095
v 0.294460 2.246361 -0.170007
v 0.000000 2.092186 -0.618071
v 0.747751 -3.346834 -0.891135
v 0.849486 -3.279927 -1.012378
v 0.859436 -3.010697 -1.024236
v 0.642788 -3.019086 -0.766044
v 0.341901 -2.163967 -0.939365
v 0.388554 -2.270907 -1.067544
v 0.000000 -1.842274 -0.958525
v 0.000000 -1.810847 -0.966761
v 0.327835 -1.842274 -0.900720
v 0.348047 -0.803080 -0.414786
v 0.349666 -0.516571 -0.416715
v 0.347587 -0.169223 -0.414238
v 0.354842 0.195351 -0.422885
v 0.608088 0.523393 -0.724691
v 0.585879 0.583104 -0.698223
v 0.491550 1.514977 -0.585806
v 0.642976 1.745773 -0.766268
v 0.286806 2.196998 -0.341802
v 0.218556 2.246361 -0.260465
v 0.397870 -3.346834 -1.093139
v 0.452002 -3.279927 -1.241865
v 0.457296 -3.010697 -1.256411
v 0.342020 -3.019086 -0.939693
v -0.000000 -1.730665 -0.930159
v 0.000000 -2.163966 -0.999651
v 0.000000 -2.066362 -0.904353
v 0.185192 -0.803080 -0.508810
v 0.186053 -0.516571 -0.511177
v 0.349666 -0.516571 -0.416715
v 0.348047 -0.803080 -0.414786
v 0.184947 -0.169223 -0.508138
v 0.347587 -0.169223 -0.414238
v 0.188808 0.195351 -0.518745
v 0.354842 0.195351 -0.422885
v 0.323557 0.523393 -0.888965
v 0.311740 0.583104 -0.856497
v 0.261548 1.514977 -0.718597
v 0.342120 1.745773 -0.939967
v 0.152606 2.196998 -0.419282
v 0.116291 2.246361 -0.319508
v 0.197086 2.350907 0.113788
v 0.224118 2.350907 0.039518
v 0.230841 2.385026 0.040703
v 0.202998 2.385026 0.117201
v -0.671190 1.891682 0.387512
v -0.833714 1.846266 0.481345
v -0.318133 -1.730666 -0.874063
v -0.330652 -1.810848 -0.908459
v -0.289113 -1.946726 -0.794331
v 0.000000 -1.946725 -0.845309
v -0.309307 -2.066363 -0.849814
v 0.000000 -3.279927 -1.321565
v 0.000000 -3.010696 -1.337045
v 0.457296 -3.010697 -1.256411
v 0.452002 -3.279927 -1.241865
v 0.859436 -3.010697 -1.024236
v 0.849486 -3.279927 -1.012378
v 1.157915 -3.010697 -0.668522
v 1.144509 -3.279927 -0.660783
v 1.316732 -3.010697 -0.232175
v 1.301488 -3.279927 -0.229487
v 1.316732 -3.010697 0.232175
v 1.301488 -3.279927 0.229487
v 1.157915 -3.010697 0.668522
v 1.144509 -3.279927 0.660783
v 0.859436 -3.010697 1.024236
v 0.849486 -3.279927 1.012378
v 0.457296 -3.010697 1.256411
v 0.452002 -3.279927 1.241865
v 0.452002 -3.279927 1.241865
v 0.457296 -3.010697 1.256411
v 0.000000 -3.010697 1.337045
v 0.000000 -3.279927 1.321565
v -0.457296 -3.010697 1.256411
v -0.452002 -3.279927 1.241865
v -0.859436 -3.010697 1.024236
v -0.849486 -3.279927 1.012378
v -1.157915 -3.010697 0.668522
v -1.144509 -3.279927 0.660783
v -1.316732 -3.010697 0.232175
v -1.301488 -3.279927 0.229487
v -1.316732 -3.010697 -0.232175
v -1.301488 -3.279927 -0.229487
v -1.157915 -3.010697 -0.668522
v -1.144509 -3.279927 -0.660783
v -0.859436 -3.010697 -1.024236
v -0.849486 -3.279927 -1.012378
v -0.457296 -3.010697 -1.256411
v -0.452002 -3.279927 -1.241865
v 0.342020 -3.019086 -0.939693
v 0.416491 -2.894323 -1.144301
v 0.782748 -2.894323 -0.932842
v 0.642788 -3.019086 -0.766044
v 0.000000 -2.894323 -1.217739
v 0.000000 -2.707792 -1.265147
v 0.432706 -2.707793 -1.188849
v 0.416491 -2.894323 -1.144301
v 0.000000 -2.546028 -1.284253
v 0.439241 -2.546028 -1.206804
v 0.000000 -2.407156 -1.265147
v 0.432706 -2.407156 -1.188849
v 0.000000 -2.270906 -1.136057
v 1.054593 -2.894323 -0.608870
v 0.866025 -3.019086 -0.500000
v -0.543354 -1.946726 -0.647544
v -0.581307 -2.066363 -0.692775
v 0.813221 -2.707793 -0.969159
v 0.782748 -2.894323 -0.932842
v 0.825502 -2.546028 -0.983795
v 0.813221 -2.407156 -0.969159
v 1.199239 -2.894323 -0.211458
v 0.984808 -3.019086 -0.173648
v -0.597895 -1.730666 -0.712543
v -0.621422 -1.810848 -0.740582
v 1.095649 -2.707793 -0.632573
v 1.054593 -2.894323 -0.608870
v 1.112196 -2.546028 -0.642127
v 1.095649 -2.407156 -0.632573
v 1.199239 -2.894323 0.211458
v 0.984808 -3.019086 0.173648
v -0.732059 -1.946726 -0.422655
v -0.783193 -2.066363 -0.452177
v 1.245926 -2.707793 -0.219690
v 1.199239 -2.894323 -0.211458
v 1.264743 -2.546028 -0.223008
v 1.245926 -2.407156 -0.219690
v 1.054593 -2.894323 0.608870
v 0.866025 -3.019086 0.500000
v -0.805541 -1.730666 -0.465079
v -0.837240 -1.810848 -0.483381
v 1.245926 -2.707793 0.219690
v 1.199239 -2.894323 0.211458
v 1.264743 -2.546028 0.223008
v 1.245926 -2.407156 0.219690
v 0.782748 -2.894323 0.932842
v 0.642788 -3.019086 0.766044
v -0.832467 -1.946726 -0.146786
v -0.890614 -2.066363 -0.157039
v 1.095649 -2.707793 0.632573
v 1.054593 -2.894323 0.608870
v 1.112196 -2.546028 0.642127
v 1.095649 -2.407156 0.632573
v 0.416491 -2.894323 1.144301
v 0.342020 -3.019086 0.939693
v -0.916028 -1.730666 -0.161520
v -0.952074 -1.810848 -0.167876
v 0.813221 -2.707793 0.969159
v 0.782748 -2.894323 0.932842
v 0.825502 -2.546028 0.983795
v 0.813221 -2.407156 0.969159
v 0.342020 -3.019086 0.939693
v 0.416491 -2.894323 1.144301
v 0.000000 -2.894323 1.217739
v 0.000000 -3.019086 1.000000
v -0.832467 -1.946726 0.146786
v -0.890614 -2.066363 0.157039
v 0.432706 -2.707793 1.188849
v 0.416491 -2.894323 1.144301
v 0.439241 -2.546028 1.206804
v 0.432706 -2.407156 1.188849
v -0.416491 -2.894323 1.144301
v -0.342020 -3.019086 0.939693
v -0.916028 -1.730666 0.161520
v -0.952074 -1.810848 0.167876
v 0.416491 -2.894323 1.144301
v 0.432706 -2.707793 1.188849
v 0.000000 -2.707793 1.265147
v 0.000000 -2.894323 1.217739
v 0.439241 -2.546028 1.206804
v 0.000000 -2.546028 1.284253
v 0.432706 -2.407156 1.188849
v 0.000000 -2.407156 1.265147
v -0.782748 -2.894323 0.932842
v -0.642788 -3.019086 0.766044
v -0.732059 -1.946726 0.422655
v -0.783193 -2.066363 0.452177
v -0.432706 -2.707793 1.188849
v -0.416491 -2.894323 1.144301
v -0.439241 -2.546028 1.206804
v -0.432706 -2.407156 1.188849
v -1.054593 -2.894323 0.608870
v -0.866025 -3.019086 0.500000
v -0.805541 -1.730666 0.465079
v -0.837240 -1.810848 0.483381
v -0.813221 -2.707793 0.969159
v -0.782748 -2.894323 0.932842
v -0.825502 -2.546028 0.983795
v -0.813221 -2.407156 0.969159
v -1.199239 -2.894323 0.211458
v -0.984808 -3.019086 0.173648
v -0.543354 -1.946726 0.647545
v -0.581307 -2.066363 0.692775
v -1.095649 -2.707793 0.632573
v -1.054593 -2.894323 0.608870
v -1.112196 -2.546028 0.642127
v -1.095649 -2.407156 0.632573
v -1.199239 -2.894323 -0.211458
v -0.984808 -3.019086 -0.173648
v -0.597895 -1.730666 0.712543
v -0.621422 -1.810848 0.740582
v -1.245926 -2.707793 0.219690
v -1.199239 -2.894323 0.211458
v -1.264743 -2.546028 0.223008
v -1.245926 -2.407156 0.219690
v -1.054593 -2.894323 -0.608870
v -0.866025 -3.019086 -0.500000
v -0.289113 -1.946726 0.794331
v -0.309307 -2.066363 0.849814
v -1.245926 -2.707793 -0.219690
v -1.199239 -2.894323 -0.211458
v -1.264743 -2.546028 -0.223008
v -1.245926 -2.407156 -0.219690
v -0.782748 -2.894323 -0.932842
v -0.642788 -3.019086 -0.766044
v -0.318133 -1.730666 0.874063
v -0.330652 -1.810848 0.908459
v -1.095649 -2.707793 -0.632573
v -1.054593 -2.894323 -0.608870
v -1.112196 -2.546028 -0.642127
v -1.095649 -2.407156 -0.632573
v -0.416491 -2.894323 -1.144301
v -0.342020 -3.019086 -0.939693
v 0.000000 -1.946726 0.845309
v 0.000000 -2.066363 0.904353
v -0.813221 -2.707793 -0.969159
v -0.782748 -2.894323 -0.932842
v -0.825502 -2.546028 -0.983795
v -0.813221 -2.407156 -0.969159
v 0.000000 -2.894323 -1.217739
v 0.000000 -3.019086 -1.000000
v -0.432706 -2.707793 -1.188849
v -0.416491 -2.894323 -1.144301
v -0.439241 -2.546028 -1.206804
v -0.432706 -2.407156 -1.188849
v 0.289113 -1.946726 0.794331
v 0.309307 -2.066363 0.849814
v -0.000000 -1.623559 -0.668889
v -0.000000 -1.577635 -0.641797
v 0.219507 -1.577636 -0.603092
v 0.228774 -1.623559 -0.628550
v -0.000000 -1.007316 -0.551477
v 0.188616 -1.007316 -0.518219
v 0.412539 -1.577636 -0.491645
v 0.429954 -1.623559 -0.512399
v 0.354483 -1.007316 -0.422456
v 0.429954 -1.623559 -0.512399
v 0.412539 -1.577636 -0.491645
v 0.555812 -1.577636 -0.320898
v 0.579275 -1.623559 -0.334445
v 0.354483 -1.007316 -0.422456
v 0.477593 -1.007316 -0.275739
v 0.632046 -1.577636 -0.111447
v 0.658727 -1.623559 -0.116151
v 0.543099 -1.007316 -0.095763
v 0.632046 -1.577636 0.111447
v 0.658727 -1.623559 0.116151
v 0.543099 -1.007316 0.095763
v 0.555812 -1.577636 0.320898
v 0.579275 -1.623559 0.334445
v 0.477593 -1.007316 0.275739
v 0.412539 -1.577636 0.491645
v 0.429954 -1.623559 0.512399
v 0.354483 -1.007316 0.422456
v 0.429954 -1.623559 0.512399
v 0.412539 -1.577636 0.491645
v 0.219507 -1.577636 0.603092
v 0.228774 -1.623559 0.628550
v 0.354483 -1.007316 0.422456
v 0.188616 -1.007316 0.518219
v -0.000000 -1.577636 0.641797
v -0.000000 -1.623559 0.668889
v -0.000000 -1.007316 0.551477
v -0.219507 -1.577636 0.603092
v -0.228774 -1.623559 0.628550
v -0.188616 -1.007316 0.518219
v -0.412539 -1.577636 0.491645
v -0.429954 -1.623559 0.512399
v -0.354483 -1.007316 0.422456
v -0.429954 -1.623559 0.512399
v -0.412539 -1.577636 0.491645
v -0.555812 -1.577636 0.320898
v -0.579275 -1.623559 0.334445
v -0.354483 -1.007316 0.422456
v -0.477593 -1.007316 0.275739
v -0.632046 -1.577636 0.111447
v -0.658727 -1.623559 0.116151
v -0.543099 -1.007316 0.095763
v -0.632046 -1.577636 -0.111447
v -0.658727 -1.623559 -0.116151
v -0.543099 -1.007316 -0.095763
v -0.555812 -1.577636 -0.320898
v -0.579275 -1.623559 -0.334445
v -0.477593 -1.007316 -0.275739
v -0.412539 -1.577636 -0.491645
v -0.429954 -1.623559 -0.512399
v -0.354483 -1.007316 -0.422456
v -0.429954 -1.623559 -0.512399
v -0.412539 -1.577636 -0.491645
v -0.219507 -1.577636 -0.603092
v -0.228774 -1.623559 -0.628550
v -0.354483 -1.007316 -0.422456
v -0.188616 -1.007316 -0.518219
v 0.316069 -1.877385 0.868391
v 0.000000 -1.877385 0.924123
v 0.000000 -1.946726 0.845309
v 0.289113 -1.946726 0.794331
v -0.316069 -1.877385 0.868391
v -0.289113 -1.946726 0.794331
v -0.594015 -1.877385 0.707919
v -0.543354 -1.946726 0.647545
v -0.800314 -1.877385 0.462061
v -0.732059 -1.946726 0.422655
v -0.910083 -1.877385 0.160472
v -0.832467 -1.946726 0.146786
v -0.910083 -1.877385 -0.160472
v -0.832467 -1.946726 -0.146786
v -0.800314 -1.877385 -0.462061
v -0.732059 -1.946726 -0.422655
v -0.594015 -1.877385 -0.707919
v -0.543354 -1.946726 -0.647544
v -0.316069 -1.877385 -0.868391
v -0.289113 -1.946726 -0.794331
v 0.000000 -1.877384 -0.924122
v 0.000000 -1.946725 -0.845309
v 0.316069 -1.877385 -0.868391
v 0.594015 -1.877385 -0.707919
v 0.543354 -1.946726 -0.647544
v 0.289113 -1.946726 -0.794331
v 0.800314 -1.877385 -0.462061
v 0.732059 -1.946726 -0.422655
v 0.800314 -1.877385 -0.462061
v 0.910083 -1.877385 -0.160472
v 0.832467 -1.946726 -0.146786
v 0.732059 -1.946726 -0.422655
v 0.910083 -1.877385 0.160472
v 0.832467 -1.946726 0.146786
v 0.800314 -1.877385 0.462061
v 0.732059 -1.946726 0.422655
v 0.594015 -1.877385 0.707919
v 0.543354 -1.946726 0.647545
v -0.000000 0.263321 -0.559390
v 0.191323 0.263321 -0.525654
v -0.000000 0.405989 -0.918774
v -0.000000 0.437445 -0.939321
v 0.321267 0.437445 -0.882673
v 0.314239 0.405989 -0.863365
v -0.000000 0.468884 -0.945292
v 0.323309 0.468884 -0.888284
v 0.359569 0.263321 -0.428517
v 0.603784 0.437445 -0.719562
v 0.590577 0.405989 -0.703822
v 0.607622 0.468884 -0.724136
v 0.359569 0.263321 -0.428517
v 0.484446 0.263321 -0.279695
v 0.813476 0.437445 -0.469660
v 0.795682 0.405989 -0.459387
v 0.818647 0.468884 -0.472646
v 0.550891 0.263321 -0.097137
v 0.925050 0.437445 -0.163111
v 0.904816 0.405989 -0.159543
v 0.930931 0.468884 -0.164148
v 0.550891 0.263321 0.097137
v 0.904816 0.405989 -0.159543
v 0.925050 0.437445 -0.163111
v 0.925050 0.437445 0.163111
v 0.904816 0.405989 0.159543
v 0.930931 0.468884 -0.164148
v 0.930931 0.468884 0.164148
v 0.484446 0.263321 0.279695
v 0.813476 0.437445 0.469660
v 0.795682 0.405989 0.459387
v 0.818647 0.468884 0.472646
v 0.359569 0.263321 0.428517
v 0.603784 0.437445 0.719562
v 0.590577 0.405989 0.703822
v 0.607622 0.468884 0.724136
v 0.359569 0.263321 0.428517
v 0.191323 0.263321 0.525654
v 0.321267 0.437445 0.882673
v 0.314239 0.405989 0.863365
v 0.323309 0.468884 0.888284
v -0.000000 0.263321 0.559390
v -0.000000 0.437445 0.939321
v -0.000000 0.405989 0.918774
v -0.000000 0.468884 0.945292
v -0.191323 0.263321 0.525654
v -0.321267 0.437445 0.882673
v -0.314239 0.405989 0.863365
v -0.323309 0.468884 0.888284
v -0.359569 0.263321 0.428517
v -0.603784 0.437445 0.719562
v -0.590577 0.405989 0.703822
v -0.607622 0.468884 0.724136
v -0.359569 0.263321 0.428517
v -0.484446 0.263321 0.279695
v -0.813476 0.437445 0.469660
v -0.795682 0.405989 0.459387
v -0.818647 0.468884 0.472646
v -0.550891 0.263321 0.097137
v -0.925050 0.437445 0.163111
v -0.904816 0.405989 0.159543
v -0.930931 0.468884 0.164148
v -0.550891 0.263321 -0.097137
v -0.925050 0.437445 -0.163111
v -0.904816 0.405989 -0.159543
v -0.930931 0.468884 -0.164148
v -0.484446 0.263321 -0.279695
v -0.813476 0.437445 -0.469660
v -0.795682 0.405989 -0.459387
v -0.818647 0.468884 -0.472646
v -0.359569 0.263321 -0.428517
v -0.603784 0.437445 -0.719562
v -0.590577 0.405989 -0.703822
v -0.607622 0.468884 -0.724136
v -0.359569 0.263321 -0.428517
v -0.191323 0.263321 -0.525654
v -0.321267 0.437445 -0.882673
v -0.314239 0.405989 -0.863365
v -0.323309 0.468884 -0.888284
v -0.000000 0.583104 -0.911466
v -0.000000 0.629932 -0.747488
v 0.255656 0.629932 -0.702409
v 0.311740 0.583104 -0.856497
v -0.000012 0.944589 -0.667217
v 0.000000 0.965782 -0.667626
v 0.228341 0.965782 -0.627363
v 0.228191 0.944589 -0.626979
v 0.000000 1.135783 -0.673836
v 0.000000 1.305785 -0.698208
v 0.238801 1.305784 -0.656101
v 0.230465 1.135783 -0.633198
v 0.480476 0.629932 -0.572609
v 0.585879 0.583104 -0.698223
v 0.429142 0.965782 -0.511431
v 0.428870 0.944589 -0.511117
v 0.448799 1.305784 -0.534858
v 0.433133 1.135783 -0.516188
v 0.647344 0.629932 -0.373744
v 0.789352 0.583104 -0.455733
v 0.578181 0.965782 -0.333813
v 0.577819 0.944589 -0.333606
v 0.604666 1.305784 -0.349104
v 0.583559 1.135783 -0.336918
v 0.736132 0.629932 -0.129800
v 0.897618 0.583104 -0.158274
v 0.657483 0.965782 -0.115932
v 0.657073 0.944589 -0.115857
v 0.687600 1.305784 -0.121243
v 0.663598 1.135783 -0.117010
v 0.897618 0.583104 -0.158274
v 0.736132 0.629932 -0.129800
v 0.736132 0.629932 0.129800
v 0.897618 0.583104 0.158274
v 0.657483 0.965782 0.115932
v 0.657073 0.944589 0.115866
v 0.687600 1.305784 0.121243
v 0.663598 1.135783 0.117010
v 0.647344 0.629932 0.373744
v 0.789352 0.583104 0.455733
v 0.578181 0.965782 0.333813
v 0.577819 0.944589 0.333615
v 0.604666 1.305784 0.349104
v 0.583559 1.135783 0.336918
v 0.480476 0.629932 0.572609
v 0.585879 0.583104 0.698223
v 0.577819 0.944589 0.333615
v 0.578181 0.965782 0.333813
v 0.429142 0.965782 0.511431
v 0.428870 0.944589 0.511126
v 0.583559 1.135783 0.336918
v 0.604666 1.305784 0.349104
v 0.448799 1.305784 0.534858
v 0.433133 1.135783 0.516188
v 0.255656 0.629932 0.702409
v 0.311740 0.583104 0.856497
v 0.228341 0.965782 0.627363
v 0.228191 0.944589 0.626988
v 0.238801 1.305784 0.656101
v 0.230465 1.135783 0.633198
v -0.000000 0.629932 0.747488
v -0.000000 0.583104 0.911466
v 0.000000 0.965782 0.667626
v -0.000012 0.944589 0.667226
v 0.000000 1.305784 0.698208
v 0.000000 1.135783 0.673836
v -0.255656 0.629932 0.702409
v -0.311740 0.583104 0.856497
v -0.228341 0.965782 0.627363
v -0.228216 0.944589 0.626988
v -0.238801 1.305784 0.656101
v -0.230465 1.135783 0.633198
v -0.480476 0.629932 0.572609
v -0.585879 0.583104 0.698223
v -0.429142 0.965782 0.511431
v -0.428894 0.944589 0.511126
v -0.448799 1.305784 0.534858
v -0.433133 1.135783 0.516188
v -0.647344 0.629932 0.373744
v -0.789352 0.583104 0.455733
v -0.578181 0.965782 0.333813
v -0.577843 0.944589 0.333615
v -0.604666 1.305784 0.349104
v -0.583559 1.135783 0.336918
v -0.736132 0.629932 0.129800
v -0.897618 0.583104 0.158274
v -0.657483 0.965782 0.115932
v -0.657097 0.944589 0.115866
v -0.687600 1.305784 0.121243
v -0.663598 1.135783 0.117010
v -0.736132 0.629932 -0.129800
v -0.897618 0.583104 -0.158274
v -0.657483 0.965782 -0.115932
v -0.657097 0.944589 -0.115857
v -0.687600 1.305784 -0.121243
v -0.663598 1.135783 -0.117010
v -0.647344 0.629932 -0.373744
v -0.789352 0.583104 -0.455733
v -0.578181 0.965782 -0.333813
v -0.577843 0.944589 -0.333606
v -0.604666 1.305784 -0.349104
v -0.583559 1.135783 -0.336918
v -0.480476 0.629932 -0.572609
v -0.585879 0.583104 -0.698223
v -0.429142 0.965782 -0.511431
v -0.428894 0.944589 -0.511117
v -0.448799 1.305784 -0.534858
v -0.433133 1.135783 -0.516188
v -0.255656 0.629932 -0.702409
v -0.311740 0.583104 -0.856497
v -0.228341 0.965782 -0.627363
v -0.228216 0.944589 -0.626979
v -0.238801 1.305784 -0.656101
v -0.230465 1.135783 -0.633198
v -0.224118 2.350907 -0.039518
v -0.224118 2.350907 0.039518
v -0.230841 2.385026 0.040703
v -0.230841 2.385026 -0.040703
v 0.077835 2.350907 -0.213851
v -0.000000 2.350907 -0.227576
v -0.000000 2.385026 -0.234402
v 0.080170 2.385026 -0.220266
v -0.000000 2.350907 0.227576
v 0.077835 2.350907 0.213851
v 0.080170 2.385026 0.220266
v -0.000000 2.385026 0.234402
v -0.077836 2.350907 -0.213851
v -0.146283 2.350907 -0.174333
v -0.150671 2.385026 -0.179562
v -0.080170 2.385026 -0.220266
v 0.224118 2.350907 -0.039518
v 0.197086 2.350907 -0.113788
v 0.202998 2.385026 -0.117201
v 0.230841 2.385026 -0.040703
v -0.197086 2.350907 0.113788
v -0.146283 2.350907 0.174333
v -0.150671 2.385026 0.179562
v -0.202998 2.385026 0.117201
v 0.146283 2.350907 0.174333
v 0.150671 2.385026 0.179562
v -0.197086 2.350907 -0.113788
v -0.202998 2.385026 -0.117201
v 0.146283 2.350907 -0.174333
v 0.150671 2.385026 -0.179562
v -0.077836 2.350907 0.213851
v -0.080170 2.385026 0.220266
v -0.224118 2.350907 0.039518
v -0.230841 2.385026 0.040703
v -0.257765 0.307121 -0.708204
v -0.306154 0.366521 -0.841152
v -0.000000 0.366521 -0.895136
v -0.000000 0.307121 -0.753655
v -0.484440 0.307121 -0.577333
v -0.575382 0.366521 -0.685714
v -0.652685 0.307121 -0.376828
v -0.775210 0.366521 -0.447568
v -0.742205 0.307121 -0.130871
v -0.881537 0.366521 -0.155439
v -0.742205 0.307121 0.130871
v -0.881537 0.366521 0.155439
v -0.652685 0.307121 0.376828
v -0.775210 0.366521 0.447568
v -0.484440 0.307121 0.577333
v -0.575382 0.366521 0.685714
v -0.257765 0.307121 0.708204
v -0.306154 0.366521 0.841152
v -0.000000 0.307121 0.753655
v -0.000000 0.366521 0.895136
v 0.257765 0.307121 0.708204
v 0.306154 0.366521 0.841152
v 0.484440 0.307121 0.577333
v 0.575382 0.366521 0.685714
v 0.652685 0.307121 0.376828
v 0.775210 0.366521 0.447568
v 0.742205 0.307121 0.130871
v 0.881537 0.366521 0.155439
v 0.742205 0.307121 -0.130871
v 0.881537 0.366521 -0.155439
v 0.652685 0.307121 -0.376828
v 0.775210 0.366521 -0.447568
v 0.881537 0.366521 -0.155439
v 0.742205 0.307121 -0.130871
v 0.484440 0.307121 -0.577333
v 0.575382 0.366521 -0.685714
v 0.257765 0.307121 -0.708204
v 0.306154 0.366521 -0.841152
v -0.000000 2.141549 -0.556530
v 0.190345 2.141549 -0.522968
v 0.357731 2.141549 -0.426327
v 0.481969 2.141549 -0.278265
v 0.548075 2.141549 -0.096641
v 0.548075 2.141549 0.096640
v 0.481969 2.141549 0.278265
v 0.357731 2.141549 0.426327
v 0.190345 2.141549 0.522968
v -0.000000 2.141549 0.556530
v -0.190345 2.141549 0.522968
v -0.357731 2.141549 0.426327
v -0.481969 2.141549 0.278265
v -0.548075 2.141549 0.096640
v -0.548075 2.141549 -0.096641
v -0.481969 2.141549 -0.278265
v -0.357731 2.141549 -0.426327
v -0.190345 2.141549 -0.522968
v -0.907356 1.791189 0.523862
v -1.031807 1.791189 0.181935
v -0.903025 1.818727 0.521362
v -1.026882 1.818727 0.181067
v 0.000000 1.791189 -1.047724
v 0.358343 1.791189 -0.984539
v 0.000000 1.818728 -1.042724
v 0.356633 1.818727 -0.979840
v -0.673464 1.791189 0.802603
v -0.670250 1.818727 0.798773
v -0.358343 1.791189 0.984539
v -0.356633 1.818727 0.979840
v 0.673464 1.791189 -0.802603
v 0.670250 1.818727 -0.798773
v 0.000000 1.791189 1.047724
v 0.000000 1.818727 1.042724
v 0.907356 1.791189 -0.523862
v 0.903025 1.818727 -0.521362
v 0.358343 1.791189 0.984539
v 0.356633 1.818727 0.979840
v 1.031807 1.791189 -0.181935
v 1.026882 1.818727 -0.181067
v 0.673464 1.791189 0.802603
v 0.670250 1.818727 0.798773
v 1.031807 1.791189 0.181935
v 1.026882 1.818727 0.181067
v 0.907356 1.791189 0.523862
v 0.903025 1.818727 0.521362
v 0.907356 1.791189 0.523862
v -0.358343 1.791189 -0.984539
v -0.356633 1.818727 -0.979840
v -1.031807 1.791189 -0.181935
v -1.026882 1.818727 -0.181067
v -0.907356 1.791189 -0.523862
v -0.903025 1.818727 -0.521362
v -0.673464 1.791189 -0.802603
v -0.670250 1.818727 -0.798773
v -0.000000 0.263321 -0.559390
v 0.191323 0.263321 -0.525654
v 0.359569 0.263321 -0.428517
v 0.484446 0.263321 -0.279695
v 0.550891 0.263321 -0.097137
v 0.550891 0.263321 -0.097137
v 0.550891 0.263321 0.097137
v 0.484446 0.263321 0.279695
v 0.359569 0.263321 0.428517
v 0.191323 0.263321 0.525654
v -0.000000 0.263321 0.559390
v -0.191323 0.263321 0.525654
v -0.359569 0.263321 0.428517
v -0.484446 0.263321 0.279695
v -0.550891 0.263321 0.097137
v -0.550891 0.263321 -0.097137
v -0.484446 0.263321 -0.279695
v -0.359569 0.263321 -0.428517
v -0.191323 0.263321 -0.525654
v -0.306771 -1.700744 -0.842846
v -0.228774 -1.623559 -0.628550
v -0.000000 -1.623559 -0.668889
v -0.000000 -1.700743 -0.896938
v -0.576541 -1.700744 -0.687094
v -0.429954 -1.623559 -0.512399
v -0.776771 -1.700744 -0.448469
v -0.579275 -1.623559 -0.334445
v -0.883312 -1.700744 -0.155752
v -0.658727 -1.623559 -0.116151
v -0.883312 -1.700744 0.155752
v -0.658727 -1.623559 0.116151
v -0.776771 -1.700744 0.448469
v -0.579275 -1.623559 0.334445
v -0.576541 -1.700744 0.687094
v -0.429954 -1.623559 0.512399
v -0.306771 -1.700744 0.842846
v -0.228774 -1.623559 0.628550
v -0.000000 -1.700744 0.896938
v -0.000000 -1.623559 0.668889
v 0.306771 -1.700744 0.842846
v 0.228774 -1.623559 0.628550
v 0.576541 -1.700744 0.687094
v 0.429954 -1.623559 0.512399
v 0.776771 -1.700744 0.448469
v 0.579275 -1.623559 0.334445
v 0.883312 -1.700744 0.155752
v 0.658727 -1.623559 0.116151
v 0.883312 -1.700744 -0.155752
v 0.658727 -1.623559 -0.116151
v 0.776771 -1.700744 -0.448469
v 0.579275 -1.623559 -0.334445
v 0.576541 -1.700744 -0.687094
v 0.429954 -1.623559 -0.512399
v 0.579275 -1.623559 -0.334445
v 0.776771 -1.700744 -0.448469
v 0.306771 -1.700744 -0.842846
v 0.228774 -1.623559 -0.628550
v 0.327835 -1.842274 0.900720
v 0.616129 -1.842274 0.734273
v 0.830108 -1.842274 0.479263
v 0.943964 -1.842274 0.166446
v 0.943964 -1.842274 -0.166446
v 0.830108 -1.842274 -0.479263
v 0.830108 -1.842274 -0.479263
v 0.616129 -1.842274 -0.734273
v -0.327835 -1.842274 -0.900720
v -0.616129 -1.842274 -0.734273
v -0.830108 -1.842274 -0.479263
v -0.943964 -1.842274 -0.166446
v -0.943964 -1.842274 0.166446
v -0.830108 -1.842274 0.479263
v -0.616129 -1.842274 0.734273
v -0.327835 -1.842274 0.900720
v 0.000000 -1.842274 0.958526
v -0.205108 -1.373399 -0.563530
v -0.000000 -1.373399 -0.599697
v -0.193080 -1.190358 -0.530484
v -0.000000 -1.190357 -0.564529
v -0.385478 -1.373399 -0.459394
v -0.362872 -1.190358 -0.432455
v -0.519352 -1.373399 -0.299848
v -0.385478 -1.373399 -0.459394
v -0.488897 -1.190358 -0.282265
v -0.362872 -1.190358 -0.432455
v -0.590586 -1.373399 -0.104136
v -0.555953 -1.190358 -0.098030
v -0.590586 -1.373399 0.104136
v -0.555953 -1.190358 0.098029
v -0.519352 -1.373399 0.299848
v -0.488897 -1.190358 0.282265
v -0.385478 -1.373399 0.459394
v -0.362872 -1.190358 0.432455
v -0.205108 -1.373399 0.563530
v -0.385478 -1.373399 0.459394
v -0.193080 -1.190358 0.530484
v -0.362872 -1.190358 0.432455
v -0.000000 -1.373399 0.599697
v -0.000000 -1.190358 0.564529
v 0.205108 -1.373399 0.563530
v 0.193080 -1.190358 0.530484
v 0.385478 -1.373399 0.459394
v 0.362872 -1.190358 0.432455
v 0.519352 -1.373399 0.299848
v 0.385478 -1.373399 0.459394
v 0.488897 -1.190358 0.282265
v 0.362872 -1.190358 0.432455
v 0.590586 -1.373399 0.104136
v 0.555953 -1.190358 0.098029
v 0.590586 -1.373399 -0.104136
v 0.555953 -1.190358 -0.098030
v 0.519352 -1.373399 -0.299848
v 0.488897 -1.190358 -0.282265
v 0.385478 -1.373399 -0.459394
v 0.362872 -1.190358 -0.432455
v 0.205108 -1.373399 -0.563530
v 0.385478 -1.373399 -0.459394
v 0.193080 -1.190358 -0.530484
v 0.362872 -1.190358 -0.432455
v -0.278737 0.749402 -0.765823
v -0.242766 0.767583 -0.666870
v -0.000040 0.767583 -0.709669
v -0.000000 0.749402 -0.814972
v -0.256866 0.837540 -0.705609
v -0.253006 0.856956 -0.695006
v -0.000040 0.856956 -0.739611
v -0.000040 0.837540 -0.750895
v -0.523854 0.749402 -0.624305
v -0.456215 0.767583 -0.543635
v -0.482715 0.837540 -0.575216
v -0.475462 0.856956 -0.566572
v -0.705787 0.749402 -0.407486
v -0.614644 0.767583 -0.354827
v -0.650346 0.837540 -0.375440
v -0.640574 0.856956 -0.369798
v -0.802591 0.749402 -0.141518
v -0.698941 0.767583 -0.123221
v -0.739541 0.837540 -0.130380
v -0.728428 0.856956 -0.128420
v -0.802591 0.749402 0.141518
v -0.698941 0.767583 0.123250
v -0.739541 0.837540 0.130408
v -0.728428 0.856956 0.128449
v -0.705787 0.749402 0.407486
v -0.614644 0.767583 0.354856
v -0.650346 0.837540 0.375469
v -0.640574 0.856956 0.369827
v -0.523854 0.749402 0.624305
v -0.456215 0.767583 0.543664
v -0.482715 0.837540 0.575244
v -0.475462 0.856956 0.566600
v -0.278737 0.749402 0.765823
v -0.242766 0.767583 0.666899
v -0.256866 0.837540 0.705638
v -0.253006 0.856956 0.695035
v -0.000000 0.749402 0.814972
v -0.000040 0.767583 0.709698
v -0.000040 0.837540 0.750924
v -0.000040 0.856956 0.739640
v 0.278737 0.749402 0.765823
v 0.242687 0.767583 0.666899
v 0.256787 0.837540 0.705638
v 0.252927 0.856956 0.695035
v 0.523854 0.749402 0.624305
v 0.456136 0.767583 0.543664
v 0.482636 0.837540 0.575244
v 0.475383 0.856956 0.566600
v 0.705787 0.749402 0.407486
v 0.614565 0.767583 0.354856
v 0.650267 0.837540 0.375469
v 0.640495 0.856956 0.369827
v 0.802591 0.749402 0.141518
v 0.698862 0.767583 0.123250
v 0.739462 0.837540 0.130408
v 0.728349 0.856956 0.128449
v 0.640495 0.856956 0.369827
v 0.650267 0.837540 0.375469
v 0.802591 0.749402 -0.141518
v 0.698862 0.767583 -0.123221
v 0.739462 0.837540 -0.130380
v 0.728349 0.856956 -0.128420
v 0.705787 0.749402 -0.407486
v 0.614565 0.767583 -0.354827
v 0.698862 0.767583 -0.123221
v 0.802591 0.749402 -0.141518
v 0.650267 0.837540 -0.375440
v 0.640495 0.856956 -0.369798
v 0.523854 0.749402 -0.624305
v 0.456136 0.767583 -0.543635
v 0.482636 0.837540 -0.575216
v 0.475383 0.856956 -0.566572
v 0.278737 0.749402 -0.765823
v 0.242687 0.767583 -0.666870
v 0.256787 0.837540 -0.705609
v 0.252927 0.856956 -0.695006
v -0.000040 0.875180 -0.704707
v -0.000040 0.892224 -0.674176
v 0.230547 0.892223 -0.633517
v 0.240990 0.875179 -0.662207
v 0.433322 0.892223 -0.516445
v 0.452947 0.875179 -0.539834
v 0.583826 0.892223 -0.337081
v 0.610267 0.875179 -0.352346
v 0.663908 0.892223 -0.117058
v 0.693976 0.875179 -0.122359
v 0.663908 0.892223 0.117086
v 0.693976 0.875179 0.122388
v 0.583826 0.892223 0.337110
v 0.610267 0.875179 0.352375
v 0.610267 0.875179 0.352375
v 0.583826 0.892223 0.337110
v 0.433322 0.892223 0.516474
v 0.452947 0.875179 0.539863
v 0.230547 0.892223 0.633546
v 0.240990 0.875179 0.662236
v -0.000040 0.892223 0.674205
v -0.000040 0.875179 0.704736
v -0.215100 0.884131 0.610424
v -0.225174 0.866550 0.639323
v -0.475462 0.856956 0.566600
v -0.453026 0.875179 0.539863
v -0.433401 0.892223 0.516474
v -0.453026 0.875179 0.539863
v -0.583906 0.892223 0.337110
v -0.610346 0.875179 0.352375
v -0.663987 0.892223 0.117086
v -0.694055 0.875179 0.122388
v -0.663987 0.892223 -0.117058
v -0.694055 0.875179 -0.122359
v -0.583906 0.892223 -0.337081
v -0.610346 0.875179 -0.352346
v -0.433401 0.892223 -0.516445
v -0.453026 0.875179 -0.539834
v -0.230626 0.892223 -0.633517
v -0.241069 0.875179 -0.662207
v -0.000040 0.819876 -0.741563
v -0.000040 0.837540 -0.750895
v 0.256787 0.837540 -0.705609
v 0.253595 0.819876 -0.696840
v 0.482636 0.837540 -0.575216
v 0.476637 0.819876 -0.568067
v 0.650267 0.837540 -0.375440
v 0.642185 0.819876 -0.370774
v 0.739462 0.837540 -0.130380
v 0.730271 0.819876 -0.128759
v 0.730271 0.819876 -0.128759
v 0.739462 0.837540 -0.130380
v 0.739462 0.837540 0.130408
v 0.730271 0.819876 0.128788
v 0.650267 0.837540 0.375469
v 0.642185 0.819876 0.370803
v 0.482636 0.837540 0.575244
v 0.476637 0.819876 0.568095
v 0.256787 0.837540 0.705638
v 0.253595 0.819876 0.696869
v -0.000040 0.837540 0.750924
v -0.000040 0.819876 0.741591
v -0.256866 0.837540 0.705638
v -0.253674 0.819876 0.696869
v -0.482715 0.837540 0.575244
v -0.476716 0.819876 0.568095
v -0.650346 0.837540 0.375469
v -0.642264 0.819876 0.370803
v -0.739541 0.837540 0.130408
v -0.730350 0.819876 0.128788
v -0.739541 0.837540 -0.130380
v -0.730350 0.819876 -0.128759
v -0.650346 0.837540 -0.375440
v -0.642264 0.819876 -0.370774
v -0.482715 0.837540 -0.575216
v -0.476716 0.819876 -0.568067
v -0.256866 0.837540 -0.705609
v -0.253674 0.819876 -0.696840
v -0.000040 0.892224 -0.674176
v -0.000012 0.944589 -0.667217
v 0.228191 0.944589 -0.626979
v 0.230547 0.892223 -0.633517
v 0.428870 0.944589 -0.511117
v 0.433322 0.892223 -0.516445
v 0.577819 0.944589 -0.333606
v 0.583826 0.892223 -0.337081
v 0.657073 0.944589 -0.115857
v 0.663908 0.892223 -0.117058
v 0.657073 0.944589 0.115866
v 0.663908 0.892223 0.117086
v 0.577819 0.944589 0.333615
v 0.583826 0.892223 0.337110
v 0.583826 0.892223 0.337110
v 0.577819 0.944589 0.333615
v 0.428870 0.944589 0.511126
v 0.433322 0.892223 0.516474
v 0.228191 0.944589 0.626988
v 0.230547 0.892223 0.633546
v -0.000012 0.944589 0.667226
v -0.000040 0.892223 0.674205
v -0.228216 0.944589 0.626988
v -0.433401 0.892223 0.516474
v -0.428894 0.944589 0.511126
v -0.577843 0.944589 0.333615
v -0.583906 0.892223 0.337110
v -0.657097 0.944589 0.115866
v -0.663987 0.892223 0.117086
v -0.657097 0.944589 -0.115857
v -0.663987 0.892223 -0.117058
v -0.577843 0.944589 -0.333606
v -0.583906 0.892223 -0.337081
v -0.428894 0.944589 -0.511117
v -0.433401 0.892223 -0.516445
v -0.228216 0.944589 -0.626979
v -0.230626 0.892223 -0.633517
v -0.253006 0.856956 0.695035
v -0.000000 0.629932 -0.747488
v -0.000000 0.648199 -0.822772
v 0.281405 0.648198 -0.773153
v 0.255656 0.629932 -0.702409
v -0.000000 0.672348 -0.859873
v 0.294094 0.672348 -0.808016
v -0.000000 0.698871 -0.868863
v 0.297169 0.698871 -0.816464
v -0.000000 0.698871 -0.868863
v -0.000000 0.725390 -0.856830
v 0.293053 0.725389 -0.805157
v 0.297169 0.698871 -0.816464
v 0.528868 0.648198 -0.630280
v 0.480476 0.629932 -0.572609
v 0.552716 0.672348 -0.658701
v 0.558494 0.698871 -0.665587
v 0.550760 0.725389 -0.656370
v 0.558494 0.698871 -0.665587
v 0.712541 0.648198 -0.411386
v 0.647344 0.629932 -0.373744
v 0.744672 0.672348 -0.429937
v 0.752457 0.698871 -0.434431
v 0.744658 0.725010 -0.429937
v 0.744658 0.725010 -0.429937
v 0.810272 0.648198 -0.142873
v 0.736132 0.629932 -0.129800
v 0.846810 0.672348 -0.149315
v 0.855663 0.698871 -0.150876
v 0.846799 0.725010 -0.149306
v 0.846799 0.725010 -0.149306
v 0.736132 0.629932 -0.129800
v 0.810272 0.648198 -0.142873
v 0.810272 0.648198 0.142873
v 0.736132 0.629932 0.129800
v 0.846810 0.672348 -0.149315
v 0.846810 0.672348 0.149315
v 0.855663 0.698871 -0.150876
v 0.855663 0.698871 0.150876
v 0.846799 0.725010 -0.149306
v 0.843813 0.725389 0.148787
v 0.855663 0.698871 0.150876
v 0.846799 0.725010 -0.149306
v 0.712541 0.648198 0.411386
v 0.647344 0.629932 0.373744
v 0.744672 0.672348 0.429937
v 0.752457 0.698871 0.434431
v 0.742037 0.725389 0.428415
v 0.752457 0.698871 0.434431
v 0.528868 0.648198 0.630280
v 0.480476 0.629932 0.572609
v 0.552716 0.672348 0.658701
v 0.558494 0.698871 0.665587
v 0.550760 0.725389 0.656370
v 0.558494 0.698871 0.665587
v 0.281405 0.648198 0.773153
v 0.255656 0.629932 0.702409
v 0.294094 0.672348 0.808016
v 0.297169 0.698871 0.816464
v 0.293053 0.725389 0.805157
v 0.297169 0.698871 0.816464
v -0.000000 0.648198 0.822772
v -0.000000 0.629932 0.747488
v -0.000000 0.672348 0.859873
v -0.000000 0.698871 0.868863
v -0.000000 0.725389 0.856830
v -0.000000 0.698871 0.868863
v -0.281405 0.648198 0.773153
v -0.255656 0.629932 0.702409
v -0.294094 0.672348 0.808016
v -0.297169 0.698871 0.816464
v -0.293053 0.725389 0.805157
v -0.297169 0.698871 0.816464
v -0.528868 0.648198 0.630280
v -0.480476 0.629932 0.572609
v -0.552716 0.672348 0.658701
v -0.558494 0.698871 0.665587
v -0.550760 0.725389 0.656370
v -0.558494 0.698871 0.665587
v -0.712541 0.648198 0.411386
v -0.647344 0.629932 0.373744
v -0.744672 0.672348 0.429937
v -0.752457 0.698871 0.434431
v -0.742037 0.725389 0.428415
v -0.752457 0.698871 0.434431
v -0.810272 0.648198 0.142873
v -0.736132 0.629932 0.129800
v -0.846810 0.672348 0.149315
v -0.855663 0.698871 0.150876
v -0.843813 0.725389 0.148787
v -0.855663 0.698871 0.150876
v -0.810272 0.648198 -0.142873
v -0.736132 0.629932 -0.129800
v -0.846810 0.672348 -0.149315
v -0.855663 0.698871 -0.150876
v -0.843813 0.725389 -0.148787
v -0.855663 0.698871 -0.150876
v -0.712541 0.648198 -0.411386
v -0.647344 0.629932 -0.373744
v -0.744672 0.672348 -0.429937
v -0.752457 0.698871 -0.434431
v -0.742037 0.725389 -0.428415
v -0.752457 0.698871 -0.434431
v -0.528868 0.648198 -0.630280
v -0.480476 0.629932 -0.572609
v -0.552716 0.672348 -0.658701
v -0.558494 0.698871 -0.665587
v -0.550760 0.725389 -0.656370
v -0.558494 0.698871 -0.665587
v -0.281405 0.648198 -0.773153
v -0.255656 0.629932 -0.702409
v -0.294094 0.672348 -0.808016
v -0.297169 0.698871 -0.816464
v -0.293053 0.725389 -0.805157
v -0.297169 0.698871 -0.816464
v -0.242766 0.767583 -0.666870
v -0.241802 0.792404 -0.664223
v -0.000040 0.792404 -0.706852
v -0.000040 0.767583 -0.709669
v -0.456215 0.767583 -0.543635
v -0.454405 0.792404 -0.541477
v -0.614644 0.767583 -0.354827
v -0.612204 0.792404 -0.353419
v -0.698941 0.767583 -0.123221
v -0.696167 0.792404 -0.122732
v -0.698941 0.767583 0.123250
v -0.696167 0.792404 0.122760
v -0.614644 0.767583 0.354856
v -0.612204 0.792404 0.353448
v -0.456215 0.767583 0.543664
v -0.454405 0.792404 0.541506
v -0.242766 0.767583 0.666899
v -0.241802 0.792404 0.664252
v -0.000040 0.767583 0.709698
v -0.000040 0.792404 0.706881
v 0.242687 0.767583 0.666899
v 0.241723 0.792404 0.664252
v 0.456136 0.767583 0.543664
v 0.454326 0.792404 0.541506
v 0.614565 0.767583 0.354856
v 0.612125 0.792404 0.353448
v 0.698862 0.767583 0.123250
v 0.696088 0.792404 0.122760
v 0.698862 0.767583 -0.123221
v 0.696088 0.792404 -0.122732
v 0.614565 0.767583 -0.354827
v 0.612125 0.792404 -0.353419
v 0.696088 0.792404 -0.122732
v 0.698862 0.767583 -0.123221
v 0.456136 0.767583 -0.543635
v 0.454326 0.792404 -0.541477
v 0.242687 0.767583 -0.666870
v 0.241723 0.792404 -0.664223
v -0.241802 0.792404 -0.664223
v -0.000040 0.792404 -0.706852
v -0.454405 0.792404 -0.541477
v -0.612204 0.792404 -0.353419
v -0.696167 0.792404 -0.122732
v -0.696167 0.792404 0.122760
v -0.612204 0.792404 0.353448
v -0.454405 0.792404 0.541506
v -0.241802 0.792404 0.664252
v -0.000040 0.792404 0.706881
v 0.241723 0.792404 0.664252
v 0.454326 0.792404 0.541506
v 0.612125 0.792404 0.353448
v 0.696088 0.792404 0.122760
v 0.696088 0.792404 -0.122732
v 0.612125 0.792404 -0.353419
v 0.696088 0.792404 -0.122732
v 0.454326 0.792404 -0.541477
v 0.241723 0.792404 -0.664223
v 0.024296 2.611444 -0.066753
v 0.000000 2.611444 -0.071037
v 0.000000 2.615847 -0.055630
v 0.019027 2.615847 -0.052275
v 0.125656 2.530169 -0.149751
v 0.066860 2.530169 -0.183697
v 0.053651 2.566454 -0.147404
v 0.100830 2.566454 -0.120165
v -0.000000 2.530169 0.195486
v 0.066860 2.530169 0.183697
v 0.053651 2.566454 0.147404
v -0.000000 2.566454 0.156864
v -0.169296 2.530169 -0.097743
v -0.135848 2.566454 -0.078432
v -0.000000 2.530169 -0.195486
v -0.000000 2.566454 -0.156864
v 0.125656 2.530169 0.149751
v 0.100830 2.566454 0.120165
v -0.192517 2.530169 -0.033946
v -0.154481 2.566454 -0.027239
v 0.169296 2.530169 0.097743
v 0.135848 2.566454 0.078432
v -0.192517 2.530169 0.033946
v -0.154481 2.566454 0.027239
v 0.192516 2.530169 0.033946
v 0.154481 2.566454 0.027239
v -0.192517 2.530169 0.033946
v -0.169296 2.530169 0.097743
v -0.135848 2.566454 0.078432
v -0.154481 2.566454 0.027239
v 0.192516 2.530169 -0.033946
v 0.154481 2.566454 -0.027239
v -0.125656 2.530169 0.149751
v -0.100830 2.566454 0.120165
v 0.169296 2.530169 -0.097743
v 0.135848 2.566454 -0.078432
v -0.066860 2.530169 0.183697
v -0.053651 2.566454 0.147404
v -0.044641 2.584739 -0.122649
v -0.000000 2.584739 -0.130521
v -0.083897 2.584739 -0.099985
v -0.113034 2.584739 -0.065260
v -0.128538 2.584739 -0.022665
v -0.128538 2.584739 0.022665
v -0.113034 2.584739 0.065260
v -0.128538 2.584739 0.022665
v -0.083897 2.584739 0.099985
v -0.044641 2.584739 0.122649
v -0.000000 2.584739 0.130521
v 0.044641 2.584739 0.122649
v 0.083897 2.584739 0.099985
v 0.113034 2.584739 0.065260
v 0.128538 2.584739 0.022665
v 0.128538 2.584739 -0.022665
v 0.113034 2.584739 -0.065260
v 0.083897 2.584739 -0.099985
v 0.044641 2.584739 -0.122649
v -0.000000 2.421311 0.234976
v -0.080367 2.421311 0.220805
v -0.000000 2.457597 0.231958
v -0.079334 2.457597 0.217970
v -0.000000 2.493883 0.215439
v -0.073685 2.493883 0.202447
v 0.151040 2.421311 -0.180002
v 0.203495 2.421311 -0.117488
v 0.149100 2.457597 -0.177690
v 0.200882 2.457597 -0.115979
v 0.138482 2.493883 -0.165036
v 0.186576 2.493883 -0.107720
v -0.080367 2.421311 -0.220805
v -0.000000 2.421311 -0.234976
v -0.079334 2.457597 -0.217970
v -0.000000 2.457597 -0.231958
v -0.073685 2.493883 -0.202447
v -0.000000 2.493883 -0.215439
v -0.151040 2.421311 0.180002
v -0.149100 2.457597 0.177690
v -0.138482 2.493883 0.165036
v 0.231406 2.421311 -0.040803
v 0.228434 2.457597 -0.040279
v 0.212166 2.493883 -0.037411
v -0.203495 2.421311 0.117488
v -0.200882 2.457597 0.115979
v -0.186576 2.493883 0.107720
v 0.231406 2.421311 0.040803
v 0.228434 2.457597 0.040279
v 0.212166 2.493883 0.037411
v -0.231406 2.421311 0.040803
v -0.228434 2.457597 0.040279
v -0.212166 2.493883 0.037411
v 0.203495 2.421311 0.117488
v 0.200882 2.457597 0.115979
v 0.186576 2.493883 0.107720
v -0.231406 2.421311 0.040803
v -0.231406 2.421311 -0.040803
v -0.228434 2.457597 0.040279
v -0.228434 2.457597 -0.040279
v -0.212166 2.493883 0.037411
v -0.212166 2.493883 -0.037411
v 0.151040 2.421311 0.180002
v 0.149100 2.457597 0.177690
v 0.138482 2.493883 0.165036
v -0.203495 2.421311 -0.117488
v -0.200882 2.457597 -0.115979
v -0.186576 2.493883 -0.107720
v 0.080367 2.421311 0.220805
v 0.079334 2.457597 0.217970
v 0.073685 2.493883 0.202447
v 0.080367 2.421311 -0.220805
v 0.079334 2.457597 -0.217970
v 0.073685 2.493883 -0.202447
v -0.151040 2.421311 -0.180002
v -0.149100 2.457597 -0.177690
v -0.138482 2.493883 -0.165036
v -0.058698 2.282669 0.161271
v -0.110316 2.282669 0.131470
v -0.127912 2.299729 0.152439
v -0.068060 2.299729 0.186994
v -0.073715 2.316788 0.202531
v -0.138540 2.316788 0.165105
v 0.110316 2.282669 -0.131470
v 0.148629 2.282669 -0.085811
v 0.172335 2.299729 -0.099498
v 0.127912 2.299729 -0.152439
v 0.138540 2.316788 -0.165105
v 0.186654 2.316788 -0.107765
v -0.148629 2.282669 -0.085811
v -0.110316 2.282669 -0.131470
v -0.127912 2.299729 -0.152439
v -0.172335 2.299729 -0.099498
v -0.186654 2.316788 -0.107765
v -0.138540 2.316788 -0.165105
v 0.110316 2.282669 0.131470
v 0.058698 2.282669 0.161271
v 0.068060 2.299729 0.186994
v 0.127912 2.299729 0.152439
v 0.138540 2.316788 0.165105
v 0.073715 2.316788 0.202531
v -0.148629 2.282669 0.085811
v -0.169014 2.282669 0.029802
v -0.195972 2.299729 0.034555
v -0.172335 2.299729 0.099498
v -0.186654 2.316788 0.107765
v -0.212255 2.316788 0.037426
v 0.169014 2.282669 -0.029802
v 0.169014 2.282669 0.029802
v 0.195972 2.299729 0.034555
v 0.195972 2.299729 -0.034555
v 0.212255 2.316788 -0.037426
v 0.212255 2.316788 0.037426
v -0.058698 2.282669 -0.161271
v -0.000000 2.282669 -0.171622
v -0.000000 2.299729 -0.198995
v -0.068060 2.299729 -0.186994
v -0.073715 2.316788 -0.202531
v -0.000000 2.316788 -0.215529
v -0.000000 2.282669 0.171622
v -0.000000 2.299729 0.198995
v -0.000000 2.316788 0.215529
v 0.058698 2.282669 -0.161271
v 0.068060 2.299729 -0.186994
v 0.073715 2.316788 -0.202531
v -0.169014 2.282669 -0.029802
v -0.195972 2.299729 -0.034555
v -0.212255 2.316788 -0.037426
v 0.148629 2.282669 0.085811
v 0.172335 2.299729 0.099498
v 0.186654 2.316788 0.107765
v -0.195972 2.299729 0.034555
v -0.212255 2.316788 0.037426
v 0.045662 2.611444 0.054417
v 0.061520 2.611444 0.035518
v 0.048177 2.615847 0.027815
v 0.035758 2.615847 0.042615
v -0.024296 2.611444 -0.066753
v -0.019027 2.615847 -0.052275
v -0.069958 2.611444 -0.012335
v -0.069958 2.611444 0.012335
v -0.054785 2.615847 0.009660
v -0.054785 2.615847 -0.009660
v 0.024296 2.611444 0.066753
v 0.019027 2.615847 0.052275
v 0.061520 2.611444 -0.035518
v 0.045662 2.611444 -0.054417
v 0.035758 2.615847 -0.042615
v 0.048177 2.615847 -0.027815
v 0.069958 2.611444 0.012335
v 0.054785 2.615847 0.009660
v -0.024296 2.611444 0.066753
v 0.000000 2.611444 0.071037
v 0.000000 2.615847 0.055630
v -0.019027 2.615847 0.052275
v -0.069958 2.611444 0.012335
v -0.061520 2.611444 0.035518
v -0.048177 2.615847 0.027815
v -0.045662 2.611444 -0.054417
v -0.035758 2.615847 -0.042615
v 0.069958 2.611444 -0.012335
v 0.054785 2.615847 -0.009660
v -0.045662 2.611444 0.054417
v -0.035758 2.615847 0.042615
v -0.061520 2.611444 -0.035518
v -0.048177 2.615847 -0.027815
v 0.071728 2.595143 0.085482
v 0.038166 2.595143 0.104859
v 0.000000 2.595143 -0.111589
v 0.038166 2.595143 -0.104859
v -0.096639 2.595143 -0.055794
v -0.071728 2.595143 -0.085482
v 0.000000 2.595143 0.111589
v 0.071728 2.595143 -0.085482
v -0.038166 2.595143 -0.104859
v -0.038166 2.595143 0.104859
v 0.096639 2.595143 -0.055794
v -0.071728 2.595143 0.085482
v 0.109894 2.595143 -0.019377
v -0.096639 2.595143 0.055794
v 0.109894 2.595143 0.019377
v -0.109894 2.595143 0.019377
v 0.096639 2.595143 0.055794
v -0.109894 2.595143 0.019377
v -0.109894 2.595143 -0.019377
v 0.148629 2.282669 0.085811
v 0.169014 2.282669 0.029802
v -0.169014 2.282669 -0.029802
v -0.169014 2.282669 0.029802
v 0.058698 2.282669 -0.161271
v -0.000000 2.282669 -0.171622
v -0.000000 2.282669 0.171622
v 0.058698 2.282669 0.161271
v -0.058698 2.282669 -0.161271
v -0.110316 2.282669 -0.131470
v 0.169014 2.282669 -0.029802
v 0.148629 2.282669 -0.085811
v -0.148629 2.282669 0.085811
v -0.110316 2.282669 0.131470
v 0.110316 2.282669 0.131470
v -0.148629 2.282669 -0.085811
v 0.110316 2.282669 -0.131470
v -0.058698 2.282669 0.161271
v -0.169014 2.282669 0.029802
v -0.030438 2.603322 0.083627
v -0.057204 2.603322 0.068174
v -0.077071 2.603322 -0.044497
v -0.057204 2.603322 -0.068174
v -0.087642 2.603322 -0.015454
v 0.077071 2.603322 -0.044497
v 0.087642 2.603322 -0.015454
v 0.030438 2.603322 0.083627
v 0.000000 2.603322 0.088994
v -0.077071 2.603322 0.044497
v 0.030438 2.603322 -0.083627
v 0.057204 2.603322 -0.068174
v 0.087642 2.603322 0.015454
v -0.030438 2.603322 -0.083627
v -0.087642 2.603322 0.015454
v 0.077071 2.603322 0.044497
v 0.057204 2.603322 0.068174
v -0.087642 2.603322 0.015454
v 0.000000 2.603322 -0.088994
v -0.673464 1.791189 -0.802603
v -0.670250 1.818727 -0.798773
v -0.356633 1.818727 -0.979840
v -0.358343 1.791189 -0.984539
v -0.907356 1.791189 -0.523862
v -0.903025 1.818727 -0.521362
v -0.670250 1.818727 -0.798773
v -0.673464 1.791189 -0.802603
v -1.031807 1.791189 -0.181935
v -1.026882 1.818727 -0.181067
v -1.031807 1.791189 0.181935
v -1.026882 1.818727 0.181067
v -1.026882 1.818727 -0.181067
v -1.031807 1.791189 -0.181935
v -0.358343 1.791189 -0.984539
v -0.356633 1.818727 -0.979840
v 0.000000 1.818728 -1.042724
v 0.000000 1.791189 -1.047724
v 1.031807 1.791189 0.181935
v 1.026882 1.818727 0.181067
v 0.903025 1.818727 0.521362
v 0.907356 1.791189 0.523862
v 0.670250 1.818727 0.798773
v 0.673464 1.791189 0.802603
v 1.031807 1.791189 -0.181935
v 1.026882 1.818727 -0.181067
v 1.026882 1.818727 0.181067
v 1.031807 1.791189 0.181935
v 0.673464 1.791189 0.802603
v 0.670250 1.818727 0.798773
v 0.356633 1.818727 0.979840
v 0.358343 1.791189 0.984539
v 0.907356 1.791189 -0.523862
v 0.903025 1.818727 -0.521362
v 1.026882 1.818727 -0.181067
v 1.031807 1.791189 -0.181935
v 0.000000 1.818727 1.042724
v 0.000000 1.791189 1.047724
v 0.673464 1.791189 -0.802603
v 0.670250 1.818727 -0.798773
v 0.000000 1.791189 1.047724
v 0.000000 1.818727 1.042724
v -0.356633 1.818727 0.979840
v -0.358343 1.791189 0.984539
v 0.358343 1.791189 -0.984539
v 0.356633 1.818727 -0.979840
v 0.670250 1.818727 -0.798773
v 0.673464 1.791189 -0.802603
v -0.358343 1.791189 0.984539
v -0.356633 1.818727 0.979840
v -0.670250 1.818727 0.798773
v -0.673464 1.791189 0.802603
v -0.673464 1.791189 0.802603
v -0.670250 1.818727 0.798773
v -0.903025 1.818727 0.521362
v -0.907356 1.791189 0.523862
v 0.356633 1.818727 -0.979840
v 0.358343 1.791189 -0.984539
v -1.026882 1.818727 0.181067
v -1.031807 1.791189 0.181935
vn -0.3056 0.4493 -0.8395
vn -0.2762 0.5900 -0.7587
vn -0.0000 0.5900 -0.8074
vn -0.0000 0.4493 -0.8934
vn -0.5190 0.5900 -0.6185
vn -0.4225 0.7537 -0.5035
vn -0.2248 0.7537 -0.6176
vn -0.5743 0.4493 -0.6844
vn -0.1834 0.9584 -0.2186
vn -0.1512 0.9719 -0.1802
vn -0.0804 0.9719 -0.2210
vn -0.0976 0.9584 -0.2682
vn -0.6992 0.5900 -0.4037
vn -0.5692 0.7537 -0.3286
vn -0.7737 0.4493 -0.4467
vn -0.2472 0.9584 -0.1427
vn -0.2037 0.9719 -0.1176
vn -0.7951 0.5900 -0.1402
vn -0.6472 0.7537 -0.1141
vn -0.8798 0.4493 -0.1551
vn -0.2811 0.9584 -0.0496
vn -0.2316 0.9719 -0.0408
vn -0.7951 0.5900 0.1402
vn -0.6472 0.7537 0.1141
vn -0.8798 0.4493 0.1551
vn -0.2811 0.9584 0.0496
vn -0.2316 0.9719 0.0408
vn -0.6992 0.5900 0.4037
vn -0.5692 0.7537 0.3286
vn -0.7737 0.4493 0.4467
vn 0.7951 0.5900 0.1402
vn 0.6472 0.7537 0.1141
vn 0.5692 0.7537 0.3286
vn 0.6992 0.5900 0.4037
vn -0.2724 0.6046 -0.7485
vn -0.5120 0.6046 -0.6102
vn -0.4076 0.7733 -0.4857
vn -0.2169 0.7733 -0.5958
vn -0.5190 0.5900 0.6185
vn -0.4224 0.7537 0.5035
vn -0.0000 0.9719 -0.2352
vn -0.0000 0.9584 -0.2854
vn -0.0751 -0.9756 -0.2064
vn -0.1332 -0.9211 -0.3659
vn -0.0000 -0.9211 -0.3894
vn -0.0000 -0.9756 -0.2197
vn 0.0085 0.9997 0.0234
vn -0.0000 0.9997 0.0249
vn -0.4266 0.7481 -0.5084
vn -0.2270 0.7481 -0.6236
vn -0.2318 0.7353 -0.6368
vn -0.4356 0.7353 -0.5191
vn 0.2784 0.5810 0.7648
vn -0.0000 0.5810 0.8139
vn -0.0000 0.0828 0.9966
vn 0.3408 0.0828 0.9365
vn -0.3420 0.0202 -0.9395
vn -0.3420 0.0003 -0.9397
vn -0.0000 0.0003 -1.0000
vn -0.0000 0.0202 -0.9998
vn -0.3420 -0.0108 -0.9396
vn -0.0000 -0.0108 -0.9999
vn -0.3412 -0.0696 -0.9374
vn -0.0000 -0.0696 -0.9976
vn -0.3315 0.2460 -0.9108
vn -0.2960 0.5008 -0.8133
vn -0.0000 0.5008 -0.8655
vn -0.0000 0.2460 -0.9693
vn -0.2886 -0.5365 -0.7930
vn -0.2378 -0.7186 -0.6535
vn -0.0000 -0.7186 -0.6954
vn -0.0000 -0.5365 -0.8439
vn -0.1494 0.8996 -0.4104
vn -0.1126 0.9443 -0.3093
vn -0.0000 0.9443 -0.3292
vn -0.0000 0.8996 -0.4367
vn 0.2811 0.9584 0.0496
vn 0.2316 0.9719 0.0408
vn 0.2037 0.9719 0.1176
vn 0.2472 0.9584 0.1427
vn -0.5743 0.4493 0.6844
vn -0.1412 -0.9756 -0.1683
vn -0.2503 -0.9211 -0.2983
vn 0.0160 0.9997 0.0191
vn -0.5747 0.7481 -0.3318
vn -0.5869 0.7353 -0.3388
vn 0.5764 0.4426 0.6869
vn 0.3067 0.4426 0.8427
vn 0.2772 0.5861 0.7614
vn 0.5208 0.5861 0.6207
vn -0.6426 0.0202 -0.7659
vn -0.6428 0.0003 -0.7661
vn -0.6427 -0.0109 -0.7660
vn -0.6412 -0.0696 -0.7642
vn -0.6230 0.2460 -0.7425
vn -0.5564 0.5008 -0.6630
vn -0.5425 -0.5365 -0.6465
vn -0.4470 -0.7186 -0.5327
vn -0.2807 0.8996 -0.3345
vn -0.2116 0.9443 -0.2522
vn 0.8798 0.4493 0.1551
vn 0.7737 0.4493 0.4467
vn 0.1512 0.9719 0.1802
vn 0.1834 0.9584 0.2186
vn -0.1902 -0.9756 -0.1098
vn -0.3372 -0.9211 -0.1947
vn 0.0216 0.9997 0.0124
vn -0.6535 0.7481 -0.1152
vn -0.6674 0.7353 -0.1177
vn 0.5232 0.5810 0.6235
vn 0.6406 0.0828 0.7634
vn -0.8659 0.0202 -0.4999
vn -0.8660 0.0003 -0.5000
vn -0.6428 0.0003 -0.7660
vn -0.6427 0.0202 -0.7659
vn -0.8660 -0.0108 -0.5000
vn -0.6428 -0.0109 -0.7660
vn -0.8639 -0.0696 -0.4988
vn -0.8394 0.2460 -0.4846
vn -0.7496 0.5008 -0.4328
vn -0.7309 -0.5365 -0.4220
vn -0.6022 -0.7186 -0.3477
vn -0.3782 0.8996 -0.2184
vn -0.2851 0.9443 -0.1646
vn 0.7951 0.5900 -0.1402
vn 0.6472 0.7537 -0.1141
vn 0.5190 0.5900 0.6185
vn 0.5743 0.4493 0.6844
vn -0.2163 -0.9756 -0.0381
vn -0.3835 -0.9211 -0.0676
vn 0.0245 0.9997 0.0043
vn -0.6535 0.7481 0.1152
vn -0.6674 0.7353 0.1177
vn 0.7766 0.4426 0.4484
vn 0.7017 0.5861 0.4051
vn -0.9846 0.0202 -0.1736
vn -0.9848 0.0003 -0.1736
vn -0.9847 -0.0108 -0.1736
vn -0.9824 -0.0696 -0.1732
vn -0.9546 0.2460 -0.1683
vn -0.8524 0.5008 -0.1503
vn -0.8311 -0.5365 -0.1465
vn -0.6848 -0.7186 -0.1208
vn -0.4301 0.8996 -0.0758
vn -0.3242 0.9443 -0.0572
vn 0.8798 0.4493 -0.1551
vn 0.4224 0.7537 0.5035
vn -0.2163 -0.9756 0.0381
vn -0.3835 -0.9211 0.0676
vn 0.0245 0.9997 -0.0043
vn -0.5747 0.7481 0.3318
vn -0.5869 0.7353 0.3388
vn 0.7049 0.5810 0.4070
vn 0.8630 0.0828 0.4983
vn -0.9846 0.0202 0.1736
vn -0.9848 0.0003 0.1736
vn -0.9847 -0.0108 0.1736
vn -0.9824 -0.0696 0.1732
vn -0.9546 0.2460 0.1683
vn -0.8524 0.5008 0.1503
vn -0.8311 -0.5365 0.1465
vn -0.6848 -0.7186 0.1208
vn -0.4301 0.8996 0.0758
vn -0.3242 0.9443 0.0572
vn 0.2811 0.9584 -0.0496
vn 0.2316 0.9719 -0.0408
vn 0.0804 0.9719 0.2210
vn 0.0976 0.9584 0.2682
vn -0.1902 -0.9756 0.1098
vn -0.3372 -0.9211 0.1947
vn 0.0216 0.9997 -0.0124
vn -0.4266 0.7481 0.5083
vn -0.4356 0.7353 0.5191
vn 0.8831 0.4426 0.1557
vn 0.7980 0.5861 0.1407
vn -0.8658 0.0202 0.4999
vn -0.8660 0.0003 0.5000
vn -0.8660 -0.0108 0.5000
vn -0.8639 -0.0696 0.4988
vn -0.8394 0.2460 0.4846
vn -0.7496 0.5008 0.4328
vn -0.7309 -0.5365 0.4220
vn -0.6022 -0.7186 0.3477
vn -0.3782 0.8996 0.2184
vn -0.2851 0.9443 0.1646
vn 0.6992 0.5900 -0.4037
vn 0.5692 0.7537 -0.3286
vn 0.2762 0.5900 0.7587
vn 0.3056 0.4493 0.8395
vn -0.1412 -0.9756 0.1683
vn -0.2503 -0.9211 0.2983
vn 0.0160 0.9997 -0.0191
vn -0.2270 0.7481 0.6236
vn -0.2318 0.7353 0.6368
vn 0.8015 0.5810 0.1413
vn 0.9814 0.0828 0.1731
vn -0.6427 0.0202 0.7659
vn -0.6428 0.0003 0.7660
vn -0.6428 -0.0109 0.7660
vn -0.6413 -0.0696 0.7642
vn -0.6230 0.2460 0.7425
vn -0.5564 0.5008 0.6630
vn -0.5425 -0.5365 0.6465
vn -0.4470 -0.7186 0.5327
vn -0.2807 0.8996 0.3345
vn -0.2116 0.9443 0.2522
vn 0.7737 0.4493 -0.4467
vn 0.2248 0.7537 0.6176
vn -0.0751 -0.9756 0.2064
vn -0.1332 -0.9211 0.3659
vn 0.0085 0.9997 -0.0234
vn -0.0000 0.7481 0.6636
vn -0.0000 0.7353 0.6777
vn 0.8831 0.4426 -0.1557
vn 0.7980 0.5861 -0.1407
vn -0.3419 0.0202 0.9395
vn -0.3420 0.0003 0.9397
vn -0.6427 0.0003 0.7661
vn -0.6426 0.0202 0.7659
vn -0.3420 -0.0108 0.9396
vn -0.6427 -0.0109 0.7660
vn -0.3412 -0.0696 0.9374
vn -0.6412 -0.0696 0.7642
vn -0.3315 0.2460 0.9108
vn -0.2960 0.5008 0.8133
vn -0.2886 -0.5365 0.7930
vn -0.2378 -0.7186 0.6535
vn -0.1494 0.8996 0.4104
vn -0.1126 0.9443 0.3093
vn 0.2472 0.9584 -0.1427
vn 0.2037 0.9719 -0.1176
vn -0.0000 0.9719 0.2352
vn -0.0000 0.9584 0.2854
vn -0.0000 -0.9756 0.2197
vn -0.0000 -0.9211 0.3894
vn -0.0000 0.9997 -0.0249
vn 0.2269 0.7481 0.6236
vn 0.2318 0.7353 0.6368
vn 0.8015 0.5810 -0.1413
vn 0.9814 0.0828 -0.1730
vn -0.0000 0.0202 0.9998
vn -0.0000 0.0003 1.0000
vn -0.0000 -0.0108 0.9999
vn -0.0000 -0.0696 0.9976
vn -0.0000 0.2460 0.9693
vn -0.0000 0.5008 0.8655
vn -0.0000 -0.5365 0.8439
vn -0.0000 -0.7186 0.6954
vn -0.0000 0.8996 0.4367
vn -0.0000 0.9443 0.3292
vn 0.5190 0.5900 -0.6185
vn 0.4224 0.7537 -0.5035
vn -0.0000 0.5900 0.8074
vn -0.0000 0.4493 0.8934
vn 0.0751 -0.9756 0.2064
vn 0.1332 -0.9211 0.3659
vn -0.0085 0.9997 -0.0234
vn 0.4266 0.7481 0.5084
vn 0.2270 0.7481 0.6236
vn 0.4356 0.7353 0.5191
vn 0.7766 0.4426 -0.4484
vn 0.7017 0.5861 -0.4051
vn 0.3420 0.0202 0.9395
vn 0.3420 0.0003 0.9397
vn 0.3420 -0.0108 0.9396
vn 0.3412 -0.0696 0.9374
vn 0.3315 0.2460 0.9108
vn 0.2960 0.5008 0.8133
vn 0.2886 -0.5365 0.7930
vn 0.2378 -0.7186 0.6535
vn 0.1494 0.8996 0.4104
vn 0.1126 0.9443 0.3093
vn 0.5743 0.4493 -0.6844
vn -0.0000 0.7537 0.6572
vn 0.1412 -0.9756 0.1683
vn 0.2503 -0.9211 0.2983
vn -0.0160 0.9997 -0.0191
vn 0.5747 0.7481 0.3318
vn 0.5869 0.7353 0.3388
vn 0.7049 0.5810 -0.4069
vn 0.8631 0.0829 -0.4982
vn 0.6426 0.0202 0.7659
vn 0.6428 0.0003 0.7661
vn 0.6427 -0.0109 0.7660
vn 0.6412 -0.0696 0.7642
vn 0.6230 0.2460 0.7425
vn 0.5564 0.5008 0.6630
vn 0.5425 -0.5365 0.6465
vn 0.4470 -0.7186 0.5327
vn 0.2807 0.8996 0.3345
vn 0.2116 0.9443 0.2522
vn 0.1834 0.9584 -0.2186
vn 0.1512 0.9719 -0.1802
vn -0.0804 0.9719 0.2210
vn -0.0976 0.9584 0.2682
vn 0.1902 -0.9756 0.1098
vn 0.3372 -0.9211 0.1947
vn -0.0216 0.9997 -0.0124
vn 0.6535 0.7481 0.1152
vn 0.6674 0.7353 0.1177
vn 0.5764 0.4426 -0.6869
vn 0.5208 0.5861 -0.6207
vn 0.8659 0.0202 0.4999
vn 0.8660 0.0003 0.5000
vn 0.6428 0.0003 0.7660
vn 0.6427 0.0202 0.7659
vn 0.8660 -0.0108 0.5000
vn 0.6428 -0.0109 0.7660
vn 0.8639 -0.0696 0.4988
vn 0.8394 0.2460 0.4846
vn 0.7496 0.5008 0.4328
vn 0.7308 -0.5365 0.4220
vn 0.6022 -0.7186 0.3477
vn 0.3782 0.8996 0.2184
vn 0.2851 0.9443 0.1646
vn 0.2762 0.5900 -0.7587
vn 0.2248 0.7537 -0.6176
vn -0.2762 0.5900 0.7587
vn -0.3056 0.4493 0.8395
vn 0.2163 -0.9756 0.0381
vn 0.3835 -0.9211 0.0676
vn -0.0245 0.9997 -0.0043
vn 0.6535 0.7481 -0.1152
vn 0.6674 0.7353 -0.1177
vn 0.5232 0.5810 -0.6235
vn 0.7048 0.5810 -0.4070
vn 0.8630 0.0828 -0.4983
vn 0.6406 0.0828 -0.7634
vn 0.9846 0.0202 0.1736
vn 0.9848 0.0003 0.1736
vn 0.9847 -0.0108 0.1736
vn 0.9824 -0.0696 0.1732
vn 0.9546 0.2460 0.1683
vn 0.8524 0.5008 0.1503
vn 0.8311 -0.5365 0.1465
vn 0.6848 -0.7186 0.1208
vn 0.7309 -0.5364 0.4219
vn 0.4301 0.8996 0.0758
vn 0.3242 0.9443 0.0572
vn 0.3056 0.4493 -0.8395
vn -0.2248 0.7537 0.6176
vn 0.2163 -0.9756 -0.0381
vn 0.3835 -0.9211 -0.0676
vn -0.0245 0.9997 0.0043
vn 0.5747 0.7481 -0.3318
vn 0.5869 0.7353 -0.3388
vn 0.3067 0.4426 -0.8427
vn 0.2771 0.5861 -0.7614
vn 0.9846 0.0202 -0.1736
vn 0.9848 0.0003 -0.1736
vn 0.9847 -0.0108 -0.1736
vn 0.9824 -0.0696 -0.1732
vn 0.9546 0.2460 -0.1683
vn 0.8524 0.5008 -0.1503
vn 0.8311 -0.5365 -0.1465
vn 0.6848 -0.7186 -0.1208
vn 0.4301 0.8996 -0.0758
vn 0.3242 0.9443 -0.0572
vn 0.0976 0.9584 -0.2682
vn 0.0804 0.9719 -0.2210
vn -0.1512 0.9719 0.1802
vn -0.1834 0.9584 0.2186
vn 0.1902 -0.9756 -0.1098
vn 0.3372 -0.9211 -0.1947
vn -0.0216 0.9997 0.0124
vn 0.4266 0.7481 -0.5083
vn 0.4356 0.7353 -0.5191
vn 0.2784 0.5810 -0.7648
vn 0.3408 0.0829 -0.9365
vn 0.8658 0.0202 -0.4999
vn 0.8660 0.0003 -0.5000
vn 0.8660 -0.0108 -0.5000
vn 0.8639 -0.0696 -0.4988
vn 0.8394 0.2460 -0.4846
vn 0.7496 0.5008 -0.4328
vn 0.7309 -0.5365 -0.4220
vn 0.6022 -0.7186 -0.3477
vn 0.3782 0.8996 -0.2184
vn 0.2851 0.9443 -0.1646
vn -0.0000 0.7537 -0.6572
vn 0.1412 -0.9756 -0.1683
vn 0.2503 -0.9211 -0.2983
vn -0.0160 0.9997 0.0191
vn 0.2270 0.7481 -0.6236
vn 0.2318 0.7353 -0.6368
vn -0.0000 -0.4814 -0.8765
vn -0.0000 0.0828 -0.9966
vn 0.2998 -0.4814 -0.8236
vn 0.6427 0.0202 -0.7659
vn 0.6428 0.0003 -0.7660
vn 0.6428 -0.0109 -0.7660
vn 0.6413 -0.0696 -0.7642
vn 0.6230 0.2460 -0.7425
vn 0.5564 0.5008 -0.6630
vn 0.5425 -0.5365 -0.6465
vn 0.4470 -0.7186 -0.5327
vn 0.2807 0.8996 -0.3345
vn 0.2116 0.9443 -0.2522
vn 0.0751 -0.9756 -0.2064
vn 0.1332 -0.9211 -0.3659
vn -0.0085 0.9997 0.0234
vn -0.0000 0.5810 -0.8139
vn -0.0000 0.7481 -0.6636
vn -0.0000 0.5861 -0.8103
vn 0.3419 0.0202 -0.9395
vn 0.3420 0.0003 -0.9397
vn 0.6427 0.0003 -0.7661
vn 0.6426 0.0202 -0.7659
vn 0.3420 -0.0108 -0.9396
vn 0.6427 -0.0109 -0.7660
vn 0.3412 -0.0696 -0.9374
vn 0.6412 -0.0696 -0.7642
vn 0.3315 0.2460 -0.9108
vn 0.2960 0.5008 -0.8133
vn 0.2886 -0.5365 -0.7930
vn 0.2378 -0.7186 -0.6535
vn 0.1494 0.8996 -0.4104
vn 0.1126 0.9443 -0.3093
vn 0.8355 -0.2632 0.4824
vn 0.9501 -0.2632 0.1675
vn 0.9793 -0.1054 0.1727
vn 0.8612 -0.1054 0.4972
vn -0.2037 0.9719 0.1176
vn -0.2472 0.9584 0.1427
vn -0.2784 0.5810 -0.7648
vn -0.3408 0.0828 -0.9365
vn -0.3067 0.4426 -0.8427
vn -0.0000 0.4426 -0.8967
vn -0.2771 0.5861 -0.7614
vn -0.0000 -0.0574 -0.9984
vn 0.3415 -0.0574 -0.9381
vn 0.6417 -0.0574 -0.7648
vn 0.8646 -0.0574 -0.4992
vn 0.9832 -0.0574 -0.1734
vn 0.9832 -0.0574 0.1734
vn 0.8646 -0.0574 0.4992
vn 0.6417 -0.0574 0.7648
vn 0.3415 -0.0574 0.9381
vn 0.3414 -0.0574 0.9382
vn -0.0000 -0.0574 0.9984
vn -0.3415 -0.0574 0.9381
vn -0.6417 -0.0574 0.7648
vn -0.8646 -0.0574 0.4992
vn -0.9832 -0.0574 0.1734
vn -0.9832 -0.0574 -0.1734
vn -0.8646 -0.0574 -0.4992
vn -0.6417 -0.0574 -0.7648
vn -0.3415 -0.0574 -0.9381
vn 0.1700 -0.8677 -0.4672
vn 0.3196 -0.8677 -0.3808
vn -0.0000 -0.2463 -0.9692
vn -0.0000 -0.1809 -0.9835
vn 0.3364 -0.1809 -0.9242
vn 0.3315 -0.2463 -0.9107
vn -0.0000 0.0094 -1.0000
vn 0.3420 0.0094 -0.9397
vn -0.0000 0.4201 -0.9075
vn 0.3104 0.4201 -0.8527
vn -0.0000 0.7353 -0.6777
vn 0.4306 -0.8677 -0.2486
vn -0.5764 0.4426 -0.6869
vn -0.5208 0.5861 -0.6207
vn 0.6322 -0.1809 -0.7534
vn 0.6230 -0.2463 -0.7424
vn 0.6428 0.0094 -0.7660
vn 0.5833 0.4201 -0.6952
vn 0.4896 -0.8677 -0.0863
vn -0.5232 0.5810 -0.6235
vn -0.6406 0.0828 -0.7634
vn 0.8517 -0.1809 -0.4917
vn 0.8393 -0.2463 -0.4846
vn 0.8660 0.0094 -0.5000
vn 0.7859 0.4201 -0.4537
vn 0.4896 -0.8677 0.0863
vn -0.7766 0.4426 -0.4484
vn -0.7017 0.5861 -0.4051
vn 0.9686 -0.1809 -0.1708
vn 0.9545 -0.2463 -0.1683
vn 0.9848 0.0094 -0.1736
vn 0.8937 0.4201 -0.1576
vn 0.4306 -0.8677 0.2486
vn -0.7049 0.5810 -0.4070
vn -0.8630 0.0828 -0.4983
vn 0.9686 -0.1809 0.1708
vn 0.9545 -0.2463 0.1683
vn 0.9848 0.0094 0.1736
vn 0.8937 0.4201 0.1576
vn 0.3196 -0.8677 0.3808
vn -0.8831 0.4426 -0.1557
vn -0.7980 0.5861 -0.1407
vn 0.8517 -0.1809 0.4917
vn 0.8393 -0.2463 0.4846
vn 0.8660 0.0094 0.5000
vn 0.7859 0.4201 0.4537
vn 0.1700 -0.8677 0.4672
vn -0.8015 0.5810 -0.1413
vn -0.9814 0.0828 -0.1731
vn 0.6322 -0.1809 0.7534
vn 0.6230 -0.2463 0.7424
vn 0.6428 0.0094 0.7660
vn 0.5833 0.4201 0.6952
vn -0.0000 -0.8677 0.4972
vn -0.8831 0.4426 0.1557
vn -0.7980 0.5861 0.1407
vn 0.3364 -0.1809 0.9242
vn 0.3315 -0.2463 0.9107
vn 0.3421 0.0094 0.9396
vn 0.3104 0.4201 0.8527
vn -0.1700 -0.8677 0.4672
vn -0.8015 0.5810 0.1413
vn -0.9814 0.0828 0.1730
vn 0.3314 -0.2463 0.9108
vn 0.3363 -0.1809 0.9242
vn -0.0000 -0.1809 0.9835
vn -0.0000 -0.2463 0.9692
vn 0.3420 0.0095 0.9397
vn -0.0000 0.0094 1.0000
vn 0.3103 0.4201 0.8528
vn -0.0000 0.4201 0.9075
vn -0.3196 -0.8677 0.3808
vn -0.7766 0.4426 0.4484
vn -0.7017 0.5861 0.4051
vn -0.3364 -0.1809 0.9242
vn -0.3315 -0.2463 0.9107
vn -0.3420 0.0094 0.9397
vn -0.3104 0.4201 0.8527
vn -0.4306 -0.8677 0.2486
vn -0.7049 0.5810 0.4070
vn -0.8631 0.0828 0.4983
vn -0.6322 -0.1809 0.7534
vn -0.6230 -0.2463 0.7424
vn -0.6428 0.0094 0.7660
vn -0.5833 0.4201 0.6952
vn -0.4896 -0.8677 0.0863
vn -0.5764 0.4426 0.6869
vn -0.5208 0.5861 0.6207
vn -0.8517 -0.1809 0.4917
vn -0.8393 -0.2463 0.4846
vn -0.8660 0.0094 0.5000
vn -0.7859 0.4201 0.4537
vn -0.4896 -0.8677 -0.0863
vn -0.5232 0.5810 0.6235
vn -0.6406 0.0828 0.7634
vn -0.9686 -0.1809 0.1708
vn -0.9545 -0.2463 0.1683
vn -0.9848 0.0094 0.1736
vn -0.8937 0.4201 0.1576
vn -0.4306 -0.8677 -0.2486
vn -0.3067 0.4426 0.8427
vn -0.2771 0.5861 0.7614
vn -0.9686 -0.1809 -0.1708
vn -0.9545 -0.2463 -0.1683
vn -0.9848 0.0094 -0.1736
vn -0.8937 0.4201 -0.1576
vn -0.3196 -0.8677 -0.3808
vn -0.2784 0.5810 0.7648
vn -0.3408 0.0828 0.9365
vn -0.8517 -0.1809 -0.4917
vn -0.8393 -0.2463 -0.4846
vn -0.8660 0.0094 -0.5000
vn -0.7859 0.4201 -0.4537
vn -0.1700 -0.8677 -0.4672
vn -0.0000 0.4426 0.8967
vn -0.0000 0.5861 0.8103
vn -0.6322 -0.1809 -0.7534
vn -0.6230 -0.2463 -0.7424
vn -0.6428 0.0094 -0.7660
vn -0.5833 0.4201 -0.6952
vn -0.0000 -0.8677 -0.4972
vn -0.3364 -0.1809 -0.9242
vn -0.3315 -0.2463 -0.9107
vn -0.3420 0.0094 -0.9397
vn -0.3104 0.4201 -0.8527
vn 0.2771 0.5861 0.7614
vn -0.0000 0.5081 -0.8613
vn -0.0000 0.3661 -0.9306
vn 0.3183 0.3661 -0.8744
vn 0.2946 0.5081 -0.8094
vn -0.0000 0.0601 -0.9982
vn 0.3414 0.0601 -0.9380
vn 0.5981 0.3661 -0.7129
vn 0.5536 0.5081 -0.6598
vn 0.6416 0.0601 -0.7647
vn 0.5537 0.5081 -0.6598
vn 0.5982 0.3661 -0.7128
vn 0.8059 0.3661 -0.4653
vn 0.7459 0.5081 -0.4307
vn 0.6416 0.0601 -0.7646
vn 0.8645 0.0601 -0.4991
vn 0.9164 0.3661 -0.1616
vn 0.8482 0.5081 -0.1496
vn 0.9830 0.0601 -0.1733
vn 0.9164 0.3661 0.1616
vn 0.8482 0.5081 0.1496
vn 0.9830 0.0601 0.1733
vn 0.8059 0.3661 0.4653
vn 0.7459 0.5081 0.4306
vn 0.8645 0.0601 0.4991
vn 0.5982 0.3661 0.7128
vn 0.5537 0.5081 0.6598
vn 0.6416 0.0601 0.7646
vn 0.5536 0.5081 0.6598
vn 0.5981 0.3661 0.7129
vn 0.3183 0.3661 0.8744
vn 0.2946 0.5081 0.8093
vn 0.6416 0.0601 0.7647
vn 0.3414 0.0601 0.9380
vn -0.0000 0.3661 0.9306
vn -0.0000 0.5081 0.8613
vn -0.0000 0.0601 0.9982
vn -0.3183 0.3661 0.8744
vn -0.2946 0.5081 0.8094
vn -0.3414 0.0601 0.9380
vn -0.5981 0.3661 0.7129
vn -0.5536 0.5081 0.6598
vn -0.6416 0.0601 0.7647
vn -0.5537 0.5081 0.6598
vn -0.5982 0.3661 0.7128
vn -0.8059 0.3661 0.4653
vn -0.7459 0.5081 0.4307
vn -0.6417 0.0601 0.7646
vn -0.8645 0.0601 0.4991
vn -0.9164 0.3661 0.1616
vn -0.8482 0.5081 0.1496
vn -0.9830 0.0601 0.1733
vn -0.9164 0.3661 -0.1616
vn -0.8482 0.5081 -0.1496
vn -0.9830 0.0601 -0.1733
vn -0.8059 0.3661 -0.4653
vn -0.7459 0.5081 -0.4306
vn -0.8645 0.0601 -0.4991
vn -0.5982 0.3661 -0.7128
vn -0.5537 0.5081 -0.6598
vn -0.6416 0.0601 -0.7646
vn -0.5536 0.5081 -0.6598
vn -0.5981 0.3661 -0.7129
vn -0.3183 0.3661 -0.8744
vn -0.2946 0.5081 -0.8093
vn -0.6416 0.0601 -0.7647
vn -0.3414 0.0601 -0.9380
vn 0.2360 -0.7238 0.6484
vn -0.0000 -0.7238 0.6900
vn -0.0000 -0.7508 0.6605
vn 0.2259 -0.7508 0.6207
vn -0.2360 -0.7238 0.6484
vn -0.2259 -0.7508 0.6207
vn -0.4435 -0.7238 0.5286
vn -0.4246 -0.7508 0.5060
vn -0.5976 -0.7238 0.3450
vn -0.5721 -0.7508 0.3303
vn -0.6795 -0.7238 0.1198
vn -0.6505 -0.7508 0.1147
vn -0.6795 -0.7238 -0.1198
vn -0.6505 -0.7508 -0.1147
vn -0.5976 -0.7238 -0.3450
vn -0.5721 -0.7508 -0.3303
vn -0.4435 -0.7238 -0.5286
vn -0.4246 -0.7508 -0.5060
vn -0.2360 -0.7238 -0.6484
vn -0.2259 -0.7508 -0.6207
vn -0.0000 -0.7238 -0.6900
vn -0.0000 -0.7508 -0.6605
vn 0.2360 -0.7238 -0.6484
vn 0.4435 -0.7238 -0.5286
vn 0.4246 -0.7508 -0.5060
vn 0.2259 -0.7508 -0.6207
vn 0.5976 -0.7238 -0.3450
vn 0.5720 -0.7508 -0.3303
vn 0.6795 -0.7238 -0.1198
vn 0.6505 -0.7508 -0.1147
vn 0.5721 -0.7508 -0.3302
vn 0.6795 -0.7238 0.1198
vn 0.6505 -0.7508 0.1147
vn 0.5976 -0.7238 0.3450
vn 0.5721 -0.7508 0.3303
vn 0.4435 -0.7238 0.5286
vn 0.4246 -0.7508 0.5060
vn -0.0000 -0.1076 -0.9942
vn 0.3400 -0.1076 -0.9342
vn -0.0000 -0.5314 -0.8471
vn -0.0000 -0.3666 -0.9304
vn 0.3182 -0.3666 -0.8743
vn 0.2897 -0.5314 -0.7960
vn -0.0000 -0.0994 -0.9950
vn 0.3403 -0.0994 -0.9350
vn 0.6390 -0.1076 -0.7616
vn 0.5980 -0.3666 -0.7127
vn 0.5445 -0.5314 -0.6489
vn 0.6396 -0.0994 -0.7623
vn 0.6391 -0.1076 -0.7616
vn 0.8610 -0.1076 -0.4971
vn 0.8057 -0.3666 -0.4652
vn 0.7336 -0.5314 -0.4236
vn 0.8617 -0.0994 -0.4975
vn 0.9791 -0.1076 -0.1726
vn 0.9162 -0.3666 -0.1616
vn 0.8342 -0.5314 -0.1471
vn 0.9799 -0.0994 -0.1728
vn 0.9791 -0.1076 0.1726
vn 0.8343 -0.5314 -0.1470
vn 0.9163 -0.3666 -0.1615
vn 0.9162 -0.3666 0.1616
vn 0.8342 -0.5314 0.1471
vn 0.9799 -0.0994 -0.1727
vn 0.9799 -0.0994 0.1728
vn 0.8610 -0.1076 0.4971
vn 0.8057 -0.3666 0.4652
vn 0.7336 -0.5314 0.4236
vn 0.8617 -0.0994 0.4975
vn 0.6391 -0.1076 0.7616
vn 0.5980 -0.3666 0.7127
vn 0.5445 -0.5314 0.6489
vn 0.6396 -0.0994 0.7623
vn 0.6390 -0.1076 0.7616
vn 0.3400 -0.1076 0.9342
vn 0.3182 -0.3666 0.8743
vn 0.2897 -0.5314 0.7960
vn 0.3403 -0.0994 0.9350
vn -0.0000 -0.1076 0.9942
vn -0.0000 -0.3666 0.9304
vn -0.0000 -0.5314 0.8471
vn -0.0000 -0.0994 0.9950
vn -0.3400 -0.1076 0.9342
vn -0.3182 -0.3666 0.8743
vn -0.2897 -0.5314 0.7960
vn -0.3403 -0.0994 0.9350
vn -0.6390 -0.1076 0.7616
vn -0.5980 -0.3666 0.7127
vn -0.5445 -0.5314 0.6489
vn -0.6396 -0.0994 0.7623
vn -0.6391 -0.1076 0.7616
vn -0.8610 -0.1076 0.4971
vn -0.8057 -0.3666 0.4652
vn -0.7336 -0.5314 0.4236
vn -0.8617 -0.0994 0.4975
vn -0.9791 -0.1076 0.1726
vn -0.9162 -0.3666 0.1616
vn -0.8342 -0.5314 0.1471
vn -0.9799 -0.0994 0.1728
vn -0.9791 -0.1076 -0.1726
vn -0.9162 -0.3666 -0.1616
vn -0.8342 -0.5314 -0.1471
vn -0.9799 -0.0994 -0.1728
vn -0.8610 -0.1076 -0.4971
vn -0.8057 -0.3666 -0.4652
vn -0.7336 -0.5314 -0.4236
vn -0.8617 -0.0994 -0.4975
vn -0.6391 -0.1076 -0.7616
vn -0.5980 -0.3666 -0.7127
vn -0.5445 -0.5314 -0.6489
vn -0.6396 -0.0994 -0.7623
vn -0.6390 -0.1076 -0.7616
vn -0.3400 -0.1076 -0.9342
vn -0.3182 -0.3666 -0.8743
vn -0.2897 -0.5314 -0.7960
vn -0.3403 -0.0994 -0.9350
vn -0.0000 0.9616 -0.2746
vn 0.0939 0.9616 -0.2580
vn -0.0001 -0.0193 -0.9998
vn -0.0000 -0.0279 -0.9996
vn 0.3419 -0.0280 -0.9393
vn 0.3419 -0.0195 -0.9395
vn -0.0000 -0.0899 -0.9960
vn -0.0000 -0.2252 -0.9743
vn 0.3332 -0.2252 -0.9155
vn 0.3406 -0.0899 -0.9359
vn 0.1765 0.9616 -0.2104
vn 0.6425 -0.0281 -0.7657
vn 0.6426 -0.0196 -0.7659
vn 0.6263 -0.2252 -0.7464
vn 0.6402 -0.0899 -0.7629
vn 0.2378 0.9616 -0.1373
vn 0.8657 -0.0281 -0.4998
vn 0.8659 -0.0197 -0.4999
vn 0.8438 -0.2252 -0.4872
vn 0.8625 -0.0899 -0.4980
vn 0.2704 0.9616 -0.0477
vn 0.9844 -0.0281 -0.1736
vn 0.9846 -0.0197 -0.1736
vn 0.9595 -0.2252 -0.1692
vn 0.9808 -0.0899 -0.1729
vn 0.2704 0.9616 0.0477
vn 0.9844 -0.0281 0.1736
vn 0.9846 -0.0196 0.1736
vn 0.9595 -0.2252 0.1692
vn 0.9808 -0.0899 0.1729
vn 0.2378 0.9616 0.1373
vn 0.8657 -0.0280 0.4997
vn 0.8659 -0.0195 0.4999
vn 0.8438 -0.2252 0.4871
vn 0.8625 -0.0899 0.4979
vn 0.1765 0.9616 0.2104
vn 0.8658 -0.0195 0.5000
vn 0.8657 -0.0280 0.4998
vn 0.6426 -0.0279 0.7657
vn 0.6426 -0.0193 0.7659
vn 0.8625 -0.0899 0.4980
vn 0.8438 -0.2252 0.4872
vn 0.6263 -0.2252 0.7464
vn 0.6402 -0.0899 0.7629
vn 0.0939 0.9616 0.2580
vn 0.3419 -0.0278 0.9393
vn 0.3419 -0.0191 0.9395
vn 0.3332 -0.2252 0.9155
vn 0.3406 -0.0899 0.9359
vn -0.0000 0.9616 0.2746
vn -0.0000 -0.0277 0.9996
vn -0.0001 -0.0189 0.9998
vn -0.0000 -0.2252 0.9743
vn -0.0000 -0.0899 0.9960
vn -0.0939 0.9616 0.2580
vn -0.3419 -0.0276 0.9393
vn -0.3420 -0.0187 0.9395
vn -0.3332 -0.2252 0.9155
vn -0.3406 -0.0899 0.9359
vn -0.1765 0.9616 0.2104
vn -0.6425 -0.0275 0.7658
vn -0.6427 -0.0185 0.7659
vn -0.6263 -0.2252 0.7464
vn -0.6402 -0.0899 0.7629
vn -0.2378 0.9616 0.1373
vn -0.8657 -0.0275 0.4998
vn -0.8659 -0.0185 0.4999
vn -0.8438 -0.2252 0.4872
vn -0.8625 -0.0899 0.4980
vn -0.2704 0.9616 0.0477
vn -0.9844 -0.0275 0.1736
vn -0.9846 -0.0185 0.1736
vn -0.9595 -0.2252 0.1692
vn -0.9808 -0.0899 0.1729
vn -0.2704 0.9616 -0.0477
vn -0.9844 -0.0275 -0.1736
vn -0.9846 -0.0185 -0.1736
vn -0.9595 -0.2252 -0.1692
vn -0.9808 -0.0899 -0.1729
vn -0.2378 0.9616 -0.1373
vn -0.8657 -0.0276 -0.4998
vn -0.8659 -0.0187 -0.4999
vn -0.8438 -0.2252 -0.4872
vn -0.8625 -0.0899 -0.4980
vn -0.1765 0.9616 -0.2104
vn -0.6425 -0.0277 -0.7658
vn -0.6427 -0.0189 -0.7659
vn -0.6263 -0.2252 -0.7464
vn -0.6402 -0.0899 -0.7629
vn -0.0939 0.9616 -0.2580
vn -0.3419 -0.0278 -0.9393
vn -0.3420 -0.0191 -0.9395
vn -0.3332 -0.2252 -0.9156
vn -0.3406 -0.0899 -0.9359
vn -0.9501 -0.2632 -0.1675
vn -0.9501 -0.2632 0.1675
vn -0.9793 -0.1054 0.1726
vn -0.9793 -0.1054 -0.1727
vn 0.3300 -0.2632 -0.9065
vn -0.0000 -0.2632 -0.9647
vn -0.0000 -0.1054 -0.9944
vn 0.3401 -0.1054 -0.9345
vn -0.0000 -0.2632 0.9647
vn 0.3300 -0.2632 0.9065
vn 0.3401 -0.1054 0.9345
vn -0.0000 -0.1054 0.9944
vn -0.3300 -0.2632 -0.9065
vn -0.6201 -0.2632 -0.7390
vn -0.6392 -0.1054 -0.7618
vn -0.3401 -0.1054 -0.9345
vn 0.9501 -0.2632 -0.1675
vn 0.8355 -0.2632 -0.4824
vn 0.8612 -0.1054 -0.4972
vn 0.9793 -0.1054 -0.1727
vn -0.8355 -0.2632 0.4824
vn -0.6201 -0.2632 0.7390
vn -0.6392 -0.1054 0.7618
vn -0.8612 -0.1054 0.4972
vn 0.6201 -0.2632 0.7390
vn 0.6392 -0.1054 0.7618
vn -0.8355 -0.2632 -0.4824
vn -0.8612 -0.1054 -0.4972
vn 0.6201 -0.2632 -0.7390
vn 0.6392 -0.1054 -0.7618
vn -0.3300 -0.2632 0.9065
vn -0.3401 -0.1054 0.9345
vn -0.9501 -0.2632 0.1676
vn -0.9793 -0.1054 0.1727
vn -0.1072 -0.9496 -0.2946
vn -0.2305 -0.7388 -0.6333
vn -0.0000 -0.7388 -0.6740
vn -0.0000 -0.9496 -0.3135
vn -0.2015 -0.9496 -0.2401
vn -0.4332 -0.7388 -0.5163
vn -0.2715 -0.9496 -0.1567
vn -0.5837 -0.7388 -0.3370
vn -0.3087 -0.9496 -0.0544
vn -0.6637 -0.7388 -0.1170
vn -0.3087 -0.9496 0.0544
vn -0.6637 -0.7388 0.1170
vn -0.2715 -0.9496 0.1567
vn -0.5837 -0.7388 0.3370
vn -0.2015 -0.9496 0.2401
vn -0.4332 -0.7388 0.5163
vn -0.1072 -0.9496 0.2946
vn -0.2305 -0.7388 0.6333
vn -0.0000 -0.9496 0.3135
vn -0.0000 -0.7388 0.6740
vn 0.1072 -0.9496 0.2946
vn 0.2305 -0.7388 0.6333
vn 0.2015 -0.9496 0.2401
vn 0.4332 -0.7388 0.5163
vn 0.2715 -0.9496 0.1567
vn 0.5837 -0.7388 0.3370
vn 0.3087 -0.9496 0.0544
vn 0.6637 -0.7388 0.1170
vn 0.3087 -0.9496 -0.0544
vn 0.6637 -0.7388 -0.1170
vn 0.2715 -0.9496 -0.1567
vn 0.5837 -0.7388 -0.3370
vn 0.6637 -0.7388 -0.1171
vn 0.3087 -0.9496 -0.0545
vn 0.2015 -0.9496 -0.2401
vn 0.4332 -0.7388 -0.5163
vn 0.1072 -0.9496 -0.2946
vn 0.2305 -0.7388 -0.6333
vn -0.0000 0.8362 -0.5485
vn 0.1876 0.8362 -0.5154
vn 0.3526 0.8362 -0.4202
vn 0.4750 0.8362 -0.2742
vn 0.5402 0.8362 -0.0952
vn 0.5402 0.8362 0.0952
vn 0.4750 0.8362 0.2742
vn 0.3526 0.8362 0.4202
vn 0.1876 0.8362 0.5154
vn -0.0000 0.8362 0.5485
vn -0.1876 0.8362 0.5154
vn -0.3526 0.8362 0.4202
vn -0.4750 0.8362 0.2742
vn -0.5402 0.8362 0.0952
vn -0.5402 0.8362 -0.0952
vn -0.4750 0.8362 -0.2742
vn -0.3526 0.8362 -0.4202
vn -0.1876 0.8362 -0.5154
vn -0.5989 -0.7223 0.3458
vn -0.6811 -0.7223 0.1201
vn -0.2818 0.9456 0.1627
vn -0.3204 0.9456 0.0565
vn -0.0000 -0.7223 -0.6916
vn 0.2365 -0.7223 -0.6499
vn -0.0000 0.9456 -0.3254
vn 0.1113 0.9456 -0.3057
vn -0.4445 -0.7223 0.5298
vn -0.2091 0.9456 0.2492
vn -0.2365 -0.7223 0.6499
vn -0.1113 0.9456 0.3057
vn 0.4445 -0.7223 -0.5298
vn 0.2091 0.9456 -0.2492
vn -0.0000 -0.7223 0.6916
vn -0.0000 0.9456 0.3254
vn 0.5989 -0.7223 -0.3458
vn 0.2818 0.9456 -0.1627
vn 0.2365 -0.7223 0.6499
vn 0.1113 0.9456 0.3057
vn 0.6811 -0.7223 -0.1201
vn 0.3204 0.9456 -0.0565
vn 0.4445 -0.7223 0.5298
vn 0.2091 0.9456 0.2492
vn 0.6811 -0.7223 0.1201
vn 0.3204 0.9456 0.0565
vn 0.5989 -0.7223 0.3458
vn 0.2818 0.9456 0.1627
vn -0.2365 -0.7223 -0.6499
vn -0.1113 0.9456 -0.3057
vn -0.6811 -0.7223 -0.1201
vn -0.3204 0.9456 -0.0565
vn -0.5989 -0.7223 -0.3458
vn -0.2818 0.9456 -0.1627
vn -0.4445 -0.7223 -0.5298
vn -0.2091 0.9456 -0.2492
vn -0.0000 -0.9755 -0.2199
vn 0.0752 -0.9755 -0.2067
vn 0.1414 -0.9755 -0.1685
vn 0.1905 -0.9755 -0.1100
vn 0.2166 -0.9755 -0.0382
vn 0.2166 -0.9755 0.0382
vn 0.1905 -0.9755 0.1100
vn 0.1414 -0.9755 0.1685
vn 0.0752 -0.9755 0.2067
vn -0.0000 -0.9755 0.2199
vn -0.0752 -0.9755 0.2067
vn -0.1414 -0.9755 0.1685
vn -0.1905 -0.9755 0.1100
vn -0.2166 -0.9755 0.0382
vn -0.2166 -0.9755 -0.0382
vn -0.1905 -0.9755 -0.1100
vn -0.1414 -0.9755 -0.1685
vn -0.0752 -0.9755 -0.2067
vn -0.1784 0.8532 -0.4902
vn -0.1096 0.9472 -0.3013
vn -0.0000 0.9472 -0.3206
vn -0.0000 0.8532 -0.5217
vn -0.3353 0.8532 -0.3996
vn -0.2061 0.9472 -0.2456
vn -0.4518 0.8532 -0.2608
vn -0.2776 0.9472 -0.1603
vn -0.5137 0.8532 -0.0906
vn -0.3157 0.9472 -0.0557
vn -0.5137 0.8532 0.0906
vn -0.3157 0.9472 0.0557
vn -0.4518 0.8532 0.2608
vn -0.2776 0.9472 0.1603
vn -0.3353 0.8532 0.3996
vn -0.2061 0.9472 0.2456
vn -0.1784 0.8532 0.4902
vn -0.1096 0.9472 0.3013
vn -0.0000 0.8532 0.5217
vn -0.0000 0.9472 0.3206
vn 0.1784 0.8532 0.4902
vn 0.1096 0.9472 0.3013
vn 0.3353 0.8532 0.3996
vn 0.2061 0.9472 0.2456
vn 0.4518 0.8532 0.2608
vn 0.2776 0.9472 0.1603
vn 0.5137 0.8532 0.0906
vn 0.3157 0.9472 0.0557
vn 0.5137 0.8532 -0.0906
vn 0.3157 0.9472 -0.0557
vn 0.4518 0.8532 -0.2608
vn 0.2776 0.9472 -0.1603
vn 0.3353 0.8532 -0.3996
vn 0.2061 0.9472 -0.2456
vn 0.4518 0.8532 -0.2609
vn 0.1784 0.8532 -0.4902
vn 0.1096 0.9472 -0.3013
vn 0.2998 -0.4814 0.8236
vn 0.5634 -0.4814 0.6714
vn 0.7591 -0.4814 0.4382
vn 0.8632 -0.4814 0.1522
vn 0.8632 -0.4814 -0.1522
vn 0.7591 -0.4814 -0.4382
vn 0.7591 -0.4814 -0.4383
vn 0.5634 -0.4814 -0.6714
vn -0.2998 -0.4814 -0.8236
vn -0.5634 -0.4814 -0.6714
vn -0.7591 -0.4814 -0.4382
vn -0.8632 -0.4814 -0.1522
vn -0.8632 -0.4814 0.1522
vn -0.7591 -0.4814 0.4383
vn -0.5634 -0.4814 0.6714
vn -0.2998 -0.4814 0.8236
vn -0.0000 -0.4814 0.8765
vn -0.3354 0.1954 -0.9216
vn -0.0000 0.1954 -0.9807
vn -0.3391 0.1310 -0.9316
vn -0.0000 0.1310 -0.9914
vn -0.6304 0.1954 -0.7513
vn -0.6372 0.1310 -0.7595
vn -0.8493 0.1954 -0.4904
vn -0.6304 0.1954 -0.7512
vn -0.8586 0.1310 -0.4957
vn -0.6373 0.1310 -0.7594
vn -0.9658 0.1954 -0.1703
vn -0.9763 0.1310 -0.1722
vn -0.9658 0.1954 0.1703
vn -0.9763 0.1310 0.1722
vn -0.8493 0.1954 0.4904
vn -0.8586 0.1310 0.4957
vn -0.6304 0.1954 0.7512
vn -0.6373 0.1310 0.7594
vn -0.3354 0.1954 0.9216
vn -0.6304 0.1954 0.7513
vn -0.3391 0.1310 0.9316
vn -0.6372 0.1310 0.7595
vn -0.0000 0.1954 0.9807
vn -0.0000 0.1310 0.9914
vn 0.3354 0.1954 0.9216
vn 0.3391 0.1310 0.9316
vn 0.6304 0.1954 0.7513
vn 0.6372 0.1310 0.7595
vn 0.8493 0.1954 0.4904
vn 0.6304 0.1954 0.7512
vn 0.8586 0.1310 0.4957
vn 0.6373 0.1310 0.7594
vn 0.9658 0.1954 0.1703
vn 0.9763 0.1310 0.1722
vn 0.9658 0.1954 -0.1703
vn 0.9763 0.1310 -0.1722
vn 0.8493 0.1954 -0.4904
vn 0.8586 0.1310 -0.4957
vn 0.6304 0.1954 -0.7512
vn 0.6373 0.1310 -0.7594
vn 0.3354 0.1954 -0.9216
vn 0.6304 0.1954 -0.7513
vn 0.3391 0.1310 -0.9316
vn 0.6372 0.1310 -0.7595
vn -0.1217 0.9345 -0.3345
vn -0.0582 0.9854 -0.1599
vn -0.0000 0.9854 -0.1701
vn -0.0000 0.9345 -0.3559
vn -0.2957 0.5025 -0.8125
vn -0.2416 0.7079 -0.6638
vn -0.0000 0.7079 -0.7064
vn -0.0000 0.5025 -0.8646
vn -0.2288 0.9345 -0.2727
vn -0.1094 0.9854 -0.1304
vn -0.5558 0.5025 -0.6623
vn -0.4540 0.7079 -0.5411
vn -0.3083 0.9345 -0.1780
vn -0.1474 0.9854 -0.0851
vn -0.7488 0.5025 -0.4323
vn -0.6117 0.7079 -0.3532
vn -0.3505 0.9345 -0.0618
vn -0.1676 0.9854 -0.0296
vn -0.8515 0.5025 -0.1501
vn -0.6956 0.7079 -0.1227
vn -0.3506 0.9345 0.0618
vn -0.1676 0.9854 0.0296
vn -0.8515 0.5025 0.1501
vn -0.6956 0.7079 0.1227
vn -0.3083 0.9345 0.1780
vn -0.1474 0.9854 0.0851
vn -0.7488 0.5025 0.4323
vn -0.6117 0.7079 0.3532
vn -0.2288 0.9345 0.2727
vn -0.1094 0.9854 0.1304
vn -0.5558 0.5025 0.6623
vn -0.4199 0.7775 0.4681
vn -0.1217 0.9345 0.3345
vn -0.0582 0.9854 0.1599
vn -0.2957 0.5025 0.8125
vn -0.0000 0.9345 0.3559
vn -0.0000 0.9854 0.1702
vn -0.0000 0.5025 0.8646
vn 0.0004 0.7399 0.6727
vn 0.1217 0.9345 0.3345
vn 0.0582 0.9854 0.1599
vn 0.2957 0.5025 0.8125
vn 0.2416 0.7079 0.6638
vn 0.2288 0.9345 0.2726
vn 0.1094 0.9854 0.1303
vn 0.5558 0.5025 0.6623
vn 0.4540 0.7079 0.5411
vn 0.3082 0.9345 0.1780
vn 0.1473 0.9854 0.0851
vn 0.7487 0.5025 0.4323
vn 0.6117 0.7079 0.3532
vn 0.3475 0.9356 0.0623
vn 0.1675 0.9854 0.0295
vn 0.8515 0.5025 0.1501
vn 0.6956 0.7079 0.1227
vn 0.6118 0.7079 0.3531
vn 0.7488 0.5025 0.4323
vn 0.3418 0.9379 -0.0592
vn 0.1675 0.9854 -0.0295
vn 0.8515 0.5025 -0.1501
vn 0.6956 0.7079 -0.1227
vn 0.2999 0.9379 -0.1743
vn 0.1473 0.9854 -0.0850
vn 0.1675 0.9854 -0.0296
vn 0.3418 0.9379 -0.0593
vn 0.7488 0.5025 -0.4323
vn 0.6117 0.7079 -0.3532
vn 0.2261 0.9356 -0.2711
vn 0.1093 0.9854 -0.1303
vn 0.5558 0.5025 -0.6623
vn 0.4540 0.7079 -0.5411
vn 0.1217 0.9345 -0.3344
vn 0.0582 0.9854 -0.1599
vn 0.2957 0.5025 -0.8125
vn 0.2416 0.7079 -0.6638
vn -0.0000 0.8805 -0.4740
vn -0.0000 0.8732 -0.4874
vn 0.1667 0.8732 -0.4580
vn 0.1621 0.8805 -0.4454
vn 0.3133 0.8732 -0.3734
vn 0.3047 0.8805 -0.3631
vn 0.4221 0.8732 -0.2437
vn 0.4105 0.8805 -0.2370
vn 0.4800 0.8732 -0.0846
vn 0.4668 0.8805 -0.0823
vn 0.4800 0.8732 0.0846
vn 0.4668 0.8805 0.0823
vn 0.4221 0.8732 0.2437
vn 0.4105 0.8805 0.2370
vn 0.3133 0.8732 0.3734
vn 0.3047 0.8805 0.3631
vn 0.1667 0.8732 0.4580
vn 0.1621 0.8805 0.4454
vn -0.0465 0.8740 0.4837
vn -0.0181 0.9077 0.4192
vn -0.2978 0.4640 0.8343
vn -0.1326 0.9208 0.3667
vn 0.5698 0.4628 -0.6791
vn -0.0707 0.9813 0.1792
vn -0.3778 0.8700 0.3170
vn -0.1905 0.9686 0.1598
vn -0.4221 0.8732 0.2437
vn -0.4105 0.8805 0.2370
vn -0.4800 0.8732 0.0846
vn -0.4668 0.8805 0.0823
vn -0.4800 0.8732 -0.0846
vn -0.4668 0.8805 -0.0823
vn -0.4221 0.8732 -0.2437
vn -0.4105 0.8805 -0.2370
vn -0.3133 0.8732 -0.3734
vn -0.3047 0.8805 -0.3631
vn -0.1667 0.8732 -0.4580
vn -0.1621 0.8805 -0.4454
vn -0.0000 -0.6283 -0.7779
vn -0.0000 -0.4671 -0.8842
vn 0.3024 -0.4671 -0.8309
vn 0.2661 -0.6283 -0.7310
vn 0.5683 -0.4671 -0.6773
vn 0.5000 -0.6284 -0.5959
vn 0.7657 -0.4671 -0.4421
vn 0.6737 -0.6283 -0.3890
vn 0.8707 -0.4671 -0.1536
vn 0.7661 -0.6284 -0.1351
vn 0.7661 -0.6284 -0.1350
vn 0.8708 -0.4671 -0.1535
vn 0.8708 -0.4671 0.1535
vn 0.7661 -0.6284 0.1351
vn 0.7657 -0.4671 0.4421
vn 0.6737 -0.6284 0.3890
vn 0.5683 -0.4671 0.6773
vn 0.5000 -0.6284 0.5959
vn 0.3024 -0.4671 0.8309
vn 0.2661 -0.6284 0.7310
vn -0.0000 -0.4671 0.8842
vn -0.0000 -0.6283 0.7779
vn -0.3024 -0.4671 0.8309
vn -0.2661 -0.6284 0.7310
vn -0.5683 -0.4671 0.6773
vn -0.5000 -0.6284 0.5959
vn -0.7657 -0.4671 0.4421
vn -0.6737 -0.6284 0.3890
vn -0.8708 -0.4671 0.1535
vn -0.7661 -0.6284 0.1351
vn -0.8708 -0.4671 -0.1535
vn -0.7661 -0.6284 -0.1351
vn -0.7657 -0.4671 -0.4421
vn -0.6737 -0.6284 -0.3890
vn -0.5683 -0.4671 -0.6773
vn -0.5000 -0.6284 -0.5959
vn -0.3024 -0.4671 -0.8309
vn -0.2661 -0.6284 -0.7310
vn -0.0001 0.1317 -0.9913
vn 0.0001 0.1317 -0.9913
vn 0.3391 0.1316 -0.9315
vn 0.3390 0.1316 -0.9315
vn 0.6372 0.1314 -0.7594
vn 0.8585 0.1314 -0.4957
vn 0.9763 0.1314 -0.1722
vn 0.9763 0.1314 -0.1721
vn 0.9763 0.1314 0.1721
vn 0.9763 0.1314 0.1722
vn 0.8585 0.1316 0.4956
vn 0.8585 0.1316 0.4957
vn 0.6372 0.1317 0.7593
vn 0.6371 0.1317 0.7594
vn 0.3391 0.1319 0.9315
vn 0.3390 0.1319 0.9315
vn -0.0272 0.0112 0.9996
vn -0.0287 0.0103 0.9995
vn -0.3457 -0.1166 0.9311
vn -0.5200 0.3736 0.7681
vn -0.6205 0.0043 0.7842
vn -0.8584 0.1324 0.4956
vn -0.9761 0.1324 0.1721
vn -0.9761 0.1324 -0.1722
vn -0.9761 0.1324 -0.1721
vn -0.8584 0.1323 -0.4956
vn -0.6371 0.1321 -0.7594
vn -0.6372 0.1321 -0.7593
vn -0.3390 0.1319 -0.9315
vn -0.3391 0.1319 -0.9315
vn -0.0966 0.9601 0.2626
vn -0.0000 -0.9718 -0.2358
vn -0.0000 -0.9112 -0.4119
vn 0.1409 -0.9112 -0.3871
vn 0.0806 -0.9718 -0.2216
vn -0.0000 -0.5964 -0.8027
vn 0.2746 -0.5964 -0.7543
vn -0.0000 -0.3210 -0.9471
vn 0.3239 -0.3210 -0.8900
vn -0.0000 0.4132 -0.9106
vn -0.0000 0.6563 -0.7545
vn 0.2581 0.6563 -0.7090
vn 0.3115 0.4132 -0.8557
vn 0.2648 -0.9112 -0.3155
vn 0.1516 -0.9718 -0.1806
vn 0.5160 -0.5964 -0.6149
vn 0.6088 -0.3210 -0.7255
vn 0.4877 0.6496 -0.5832
vn 0.5908 0.3921 -0.7051
vn 0.3567 -0.9112 -0.2059
vn 0.2042 -0.9718 -0.1179
vn 0.6952 -0.5964 -0.4014
vn 0.8657 0.0144 -0.5003
vn 0.8112 0.3486 -0.4695
vn 0.4168 0.8761 -0.2425
vn 0.4056 -0.9112 -0.0715
vn 0.2322 -0.9718 -0.0409
vn 0.7905 -0.5964 -0.1394
vn 0.9848 0.0144 -0.1733
vn 0.9232 0.3486 -0.1618
vn 0.4752 0.8760 -0.0822
vn 0.2322 -0.9718 -0.0410
vn 0.4056 -0.9112 0.0715
vn 0.2322 -0.9718 0.0409
vn 0.7905 -0.5963 0.1394
vn 0.9848 0.0144 -0.1732
vn 0.9327 -0.3210 0.1645
vn 0.9848 0.0145 -0.1732
vn 0.9232 0.3486 -0.1617
vn 0.7485 0.6496 0.1333
vn 0.9059 0.3921 0.1604
vn 0.3567 -0.9112 0.2059
vn 0.2042 -0.9718 0.1179
vn 0.6952 -0.5964 0.4014
vn 0.8202 -0.3210 0.4735
vn 0.6534 0.6563 0.3772
vn 0.7886 0.4132 0.4553
vn 0.2648 -0.9112 0.3155
vn 0.1516 -0.9718 0.1806
vn 0.5160 -0.5964 0.6149
vn 0.6088 -0.3210 0.7255
vn 0.4850 0.6563 0.5780
vn 0.5854 0.4132 0.6976
vn 0.1409 -0.9112 0.3871
vn 0.0806 -0.9718 0.2216
vn 0.2745 -0.5964 0.7543
vn 0.3239 -0.3210 0.8900
vn 0.2581 0.6563 0.7090
vn 0.3115 0.4132 0.8557
vn -0.0000 -0.9112 0.4119
vn -0.0000 -0.9718 0.2358
vn -0.0000 -0.5964 0.8027
vn -0.0000 -0.3210 0.9471
vn -0.0000 0.6563 0.7545
vn -0.0000 0.4132 0.9106
vn -0.1409 -0.9112 0.3871
vn -0.0806 -0.9718 0.2216
vn -0.2746 -0.5964 0.7543
vn -0.3239 -0.3210 0.8900
vn -0.2581 0.6563 0.7090
vn -0.3115 0.4132 0.8557
vn -0.2648 -0.9112 0.3155
vn -0.1516 -0.9718 0.1806
vn -0.5160 -0.5964 0.6149
vn -0.6088 -0.3210 0.7255
vn -0.4850 0.6563 0.5780
vn -0.5853 0.4132 0.6976
vn -0.3567 -0.9112 0.2059
vn -0.2042 -0.9718 0.1179
vn -0.6952 -0.5964 0.4014
vn -0.8202 -0.3210 0.4735
vn -0.6534 0.6563 0.3773
vn -0.7886 0.4132 0.4553
vn -0.4056 -0.9112 0.0715
vn -0.2322 -0.9718 0.0409
vn -0.7905 -0.5963 0.1394
vn -0.9327 -0.3210 0.1645
vn -0.7430 0.6563 0.1310
vn -0.8968 0.4132 0.1581
vn -0.4056 -0.9112 -0.0715
vn -0.2322 -0.9718 -0.0409
vn -0.7905 -0.5963 -0.1394
vn -0.9327 -0.3210 -0.1645
vn -0.7430 0.6563 -0.1310
vn -0.8968 0.4132 -0.1581
vn -0.3567 -0.9112 -0.2059
vn -0.2042 -0.9718 -0.1179
vn -0.6952 -0.5964 -0.4014
vn -0.8202 -0.3210 -0.4735
vn -0.6534 0.6563 -0.3772
vn -0.7886 0.4132 -0.4553
vn -0.2648 -0.9112 -0.3155
vn -0.1516 -0.9718 -0.1806
vn -0.5160 -0.5964 -0.6149
vn -0.6088 -0.3210 -0.7255
vn -0.4850 0.6563 -0.5780
vn -0.5854 0.4132 -0.6976
vn -0.1409 -0.9112 -0.3871
vn -0.0806 -0.9718 -0.2216
vn -0.2745 -0.5964 -0.7543
vn -0.3239 -0.3210 -0.8900
vn -0.2581 0.6563 -0.7090
vn -0.3115 0.4132 -0.8557
vn -0.3398 0.1128 -0.9337
vn -0.0000 0.1128 -0.9936
vn -0.6387 0.1128 -0.7612
vn -0.8605 0.1128 -0.4968
vn -0.9785 0.1128 -0.1725
vn -0.9785 0.1128 0.1725
vn -0.8605 0.1128 0.4968
vn -0.6387 0.1128 0.7612
vn -0.3398 0.1128 0.9337
vn -0.0000 0.1128 0.9936
vn 0.3398 0.1128 0.9337
vn 0.6387 0.1128 0.7612
vn 0.8605 0.1128 0.4968
vn 0.9785 0.1128 0.1725
vn 0.9785 0.1128 -0.1725
vn 0.8605 0.1128 -0.4968
vn 0.9785 0.1128 -0.1726
vn 0.6387 0.1128 -0.7612
vn 0.3398 0.1128 -0.9337
vn -0.2123 -0.7841 -0.5832
vn -0.0000 -0.7841 -0.6206
vn -0.3989 -0.7841 -0.4754
vn -0.5375 -0.7841 -0.3103
vn -0.6112 -0.7841 -0.1078
vn -0.6112 -0.7841 0.1078
vn -0.5375 -0.7841 0.3103
vn -0.3989 -0.7841 0.4754
vn -0.2123 -0.7841 0.5832
vn -0.0000 -0.7841 0.6206
vn 0.2123 -0.7841 0.5832
vn 0.3989 -0.7841 0.4754
vn 0.5375 -0.7841 0.3103
vn 0.6112 -0.7841 0.1078
vn 0.6112 -0.7841 -0.1077
vn 0.5375 -0.7841 -0.3103
vn 0.6112 -0.7841 -0.1078
vn 0.3989 -0.7841 -0.4754
vn 0.2123 -0.7841 -0.5832
vn 0.1202 0.9362 -0.3303
vn -0.0000 0.9362 -0.3515
vn -0.0000 0.9881 -0.1538
vn 0.0526 0.9881 -0.1445
vn 0.5120 0.6046 -0.6102
vn 0.2724 0.6046 -0.7485
vn 0.2169 0.7733 -0.5958
vn 0.4076 0.7733 -0.4857
vn -0.0000 0.6046 0.7965
vn 0.2724 0.6046 0.7485
vn 0.2169 0.7733 0.5958
vn -0.0000 0.7733 0.6341
vn -0.6898 0.6046 -0.3983
vn -0.5491 0.7733 -0.3170
vn -0.0000 0.6046 -0.7965
vn -0.0000 0.7733 -0.6341
vn 0.5120 0.6046 0.6102
vn 0.4076 0.7733 0.4857
vn -0.7844 0.6046 -0.1383
vn -0.6244 0.7733 -0.1101
vn 0.6898 0.6046 0.3983
vn 0.5491 0.7733 0.3170
vn -0.7844 0.6046 0.1383
vn -0.6244 0.7733 0.1101
vn 0.7844 0.6046 0.1383
vn 0.6244 0.7733 0.1101
vn -0.6898 0.6046 0.3983
vn -0.5491 0.7733 0.3170
vn 0.7844 0.6046 -0.1383
vn 0.6244 0.7733 -0.1101
vn -0.5120 0.6046 0.6102
vn -0.4076 0.7733 0.4857
vn 0.6898 0.6046 -0.3983
vn 0.5491 0.7733 -0.3170
vn -0.2724 0.6046 0.7485
vn -0.2169 0.7733 0.5958
vn -0.1815 0.8475 -0.4988
vn -0.0000 0.8475 -0.5308
vn -0.3412 0.8475 -0.4066
vn -0.4597 0.8475 -0.2654
vn -0.5227 0.8475 -0.0922
vn -0.5227 0.8475 0.0922
vn -0.4597 0.8475 0.2654
vn -0.3412 0.8475 0.4066
vn -0.1815 0.8475 0.4988
vn -0.0000 0.8475 0.5308
vn 0.1815 0.8475 0.4988
vn 0.3412 0.8475 0.4066
vn 0.4597 0.8475 0.2654
vn 0.5227 0.8475 0.0922
vn 0.5227 0.8475 -0.0922
vn 0.4597 0.8475 -0.2654
vn 0.3412 0.8475 -0.4066
vn 0.1815 0.8475 -0.4988
vn -0.0000 0.0334 0.9994
vn -0.3418 0.0334 0.9392
vn -0.0000 0.2478 0.9688
vn -0.3314 0.2478 0.9104
vn -0.0000 0.4467 0.8947
vn -0.3060 0.4467 0.8407
vn 0.6424 0.0334 -0.7656
vn 0.8655 0.0334 -0.4997
vn 0.6227 0.2478 -0.7421
vn 0.8390 0.2478 -0.4844
vn 0.5751 0.4467 -0.6854
vn 0.7748 0.4467 -0.4473
vn -0.3418 0.0334 -0.9392
vn -0.0000 0.0334 -0.9994
vn -0.3313 0.2478 -0.9104
vn -0.0000 0.2478 -0.9688
vn -0.3060 0.4467 -0.8407
vn -0.0000 0.4467 -0.8947
vn -0.6424 0.0334 0.7656
vn -0.6227 0.2478 0.7421
vn -0.5751 0.4467 0.6854
vn 0.9843 0.0334 -0.1736
vn 0.9541 0.2478 -0.1682
vn 0.8811 0.4467 -0.1554
vn -0.8655 0.0334 0.4997
vn -0.8390 0.2478 0.4844
vn -0.7748 0.4467 0.4473
vn 0.9843 0.0334 0.1736
vn 0.9541 0.2478 0.1682
vn 0.8811 0.4467 0.1554
vn -0.9842 0.0334 0.1736
vn -0.9541 0.2478 0.1683
vn -0.8811 0.4467 0.1554
vn 0.8655 0.0334 0.4997
vn 0.8390 0.2478 0.4844
vn 0.7748 0.4467 0.4473
vn -0.9843 0.0334 0.1735
vn -0.9843 0.0334 -0.1736
vn -0.9541 0.2478 0.1682
vn -0.9541 0.2478 -0.1682
vn -0.8811 0.4467 0.1553
vn -0.8811 0.4467 -0.1554
vn 0.6424 0.0334 0.7656
vn 0.6227 0.2478 0.7421
vn 0.5751 0.4467 0.6854
vn -0.8655 0.0334 -0.4997
vn -0.8390 0.2478 -0.4844
vn -0.7748 0.4467 -0.4473
vn 0.3418 0.0334 0.9392
vn 0.3313 0.2478 0.9104
vn 0.3060 0.4467 0.8407
vn 0.3418 0.0334 -0.9392
vn 0.3314 0.2478 -0.9104
vn 0.3060 0.4467 -0.8407
vn -0.6424 0.0334 -0.7656
vn -0.6227 0.2478 -0.7421
vn -0.5751 0.4467 -0.6854
vn -0.0721 0.9775 0.1981
vn -0.1355 0.9775 0.1615
vn -0.4089 -0.7715 0.4873
vn -0.2176 -0.7715 0.5978
vn -0.2929 -0.5163 0.8048
vn -0.5505 -0.5163 0.6561
vn 0.1355 0.9775 -0.1615
vn 0.1825 0.9775 -0.1054
vn 0.5509 -0.7715 -0.3181
vn 0.4089 -0.7715 -0.4873
vn 0.5505 -0.5163 -0.6561
vn 0.7417 -0.5163 -0.4282
vn -0.1825 0.9775 -0.1054
vn -0.1355 0.9775 -0.1615
vn -0.4089 -0.7716 -0.4873
vn -0.5509 -0.7715 -0.3181
vn -0.7417 -0.5163 -0.4282
vn -0.5505 -0.5163 -0.6561
vn 0.1355 0.9775 0.1615
vn 0.0721 0.9775 0.1981
vn 0.2176 -0.7715 0.5978
vn 0.4089 -0.7715 0.4873
vn 0.5505 -0.5163 0.6561
vn 0.2929 -0.5163 0.8048
vn -0.1825 0.9775 0.1054
vn -0.2076 0.9775 0.0366
vn -0.6265 -0.7716 0.1105
vn -0.5509 -0.7715 0.3181
vn -0.7417 -0.5163 0.4282
vn -0.8434 -0.5163 0.1487
vn 0.2076 0.9775 -0.0366
vn 0.2076 0.9775 0.0366
vn 0.6265 -0.7715 0.1105
vn 0.6265 -0.7716 -0.1105
vn 0.8434 -0.5163 -0.1487
vn 0.8434 -0.5163 0.1487
vn -0.0721 0.9775 -0.1981
vn -0.0000 0.9775 -0.2108
vn -0.0000 -0.7715 -0.6362
vn -0.2176 -0.7715 -0.5978
vn -0.2929 -0.5163 -0.8048
vn -0.0000 -0.5163 -0.8564
vn -0.0000 0.9775 0.2108
vn -0.0000 -0.7715 0.6362
vn -0.0000 -0.5163 0.8564
vn 0.0721 0.9775 -0.1981
vn 0.2176 -0.7715 -0.5978
vn 0.2929 -0.5163 -0.8048
vn -0.2076 0.9775 -0.0366
vn -0.6265 -0.7715 -0.1105
vn -0.8434 -0.5163 -0.1487
vn 0.1825 0.9775 0.1054
vn 0.5509 -0.7715 0.3181
vn 0.7417 -0.5163 0.4282
vn -0.6265 -0.7716 0.1104
vn 0.2259 0.9362 0.2693
vn 0.3044 0.9362 0.1757
vn 0.1332 0.9881 0.0769
vn 0.0989 0.9881 0.1178
vn -0.1202 0.9362 -0.3303
vn -0.0526 0.9881 -0.1445
vn -0.3462 0.9362 -0.0610
vn -0.3462 0.9362 0.0610
vn -0.1515 0.9881 0.0267
vn -0.1515 0.9881 -0.0267
vn 0.1202 0.9362 0.3303
vn 0.0526 0.9881 0.1445
vn 0.3044 0.9362 -0.1757
vn 0.2259 0.9362 -0.2693
vn 0.0989 0.9881 -0.1178
vn 0.1332 0.9881 -0.0769
vn 0.3462 0.9362 0.0610
vn 0.1515 0.9881 0.0267
vn -0.1202 0.9362 0.3303
vn -0.0000 0.9362 0.3515
vn -0.0000 0.9881 0.1538
vn -0.0526 0.9881 0.1445
vn -0.3462 0.9362 0.0611
vn -0.3044 0.9362 0.1757
vn -0.1332 0.9881 0.0769
vn -0.2259 0.9362 -0.2693
vn -0.0989 0.9881 -0.1178
vn 0.3462 0.9362 -0.0610
vn 0.1515 0.9881 -0.0267
vn -0.2259 0.9362 0.2693
vn -0.0989 0.9881 0.1178
vn -0.3044 0.9362 -0.1757
vn -0.1332 0.9881 -0.0769
vn 0.2695 0.9078 0.3212
vn 0.1434 0.9078 0.3940
vn -0.0000 0.9078 -0.4193
vn 0.1434 0.9078 -0.3940
vn -0.3631 0.9078 -0.2097
vn -0.2695 0.9078 -0.3212
vn -0.0000 0.9078 0.4193
vn 0.2695 0.9078 -0.3212
vn -0.1434 0.9078 -0.3940
vn -0.1434 0.9078 0.3940
vn 0.3631 0.9078 -0.2097
vn -0.2695 0.9078 0.3212
vn 0.4129 0.9078 -0.0728
vn -0.3631 0.9078 0.2097
vn 0.4129 0.9078 0.0728
vn -0.4129 0.9078 0.0728
vn 0.3631 0.9078 0.2097
vn -0.4129 0.9078 -0.0728
vn 0.4580 -0.8487 0.2644
vn 0.5209 -0.8487 0.0918
vn -0.5209 -0.8487 -0.0918
vn -0.5209 -0.8487 0.0918
vn 0.1809 -0.8487 -0.4970
vn -0.0000 -0.8487 -0.5289
vn -0.0000 -0.8487 0.5289
vn 0.1809 -0.8487 0.4970
vn -0.1809 -0.8487 -0.4970
vn -0.3400 -0.8487 -0.4052
vn 0.5209 -0.8487 -0.0918
vn 0.4580 -0.8487 -0.2644
vn -0.4580 -0.8487 0.2644
vn -0.3400 -0.8487 0.4052
vn 0.3400 -0.8487 0.4052
vn -0.4580 -0.8487 -0.2644
vn 0.3400 -0.8487 -0.4052
vn -0.1809 -0.8487 0.4970
vn -0.5209 -0.8487 0.0919
vn -0.1275 0.9279 0.3503
vn -0.2396 0.9279 0.2856
vn -0.3229 0.9279 -0.1864
vn -0.2396 0.9279 -0.2856
vn -0.3672 0.9279 -0.0647
vn 0.3229 0.9279 -0.1864
vn 0.3671 0.9279 -0.0647
vn 0.1275 0.9279 0.3503
vn -0.0000 0.9279 0.3728
vn -0.3229 0.9279 0.1864
vn 0.1275 0.9279 -0.3503
vn 0.2396 0.9279 -0.2856
vn 0.3671 0.9279 0.0647
vn -0.1275 0.9279 -0.3503
vn -0.3671 0.9279 0.0647
vn 0.3229 0.9279 0.1864
vn 0.2396 0.9279 0.2856
vn -0.3672 0.9279 0.0647
vn -0.0000 0.9279 -0.3728
vn -0.6324 0.1787 -0.7538
vn -0.3365 0.1787 -0.9246
vn -0.3366 0.1787 -0.9246
vn -0.8521 0.1787 -0.4920
vn -0.6325 0.1787 -0.7537
vn -0.9690 0.1787 -0.1709
vn -0.9690 0.1787 0.1708
vn -0.9690 0.1787 -0.1708
vn -0.0000 0.1787 -0.9839
vn 0.9690 0.1787 0.1709
vn 0.8521 0.1787 0.4920
vn 0.6325 0.1787 0.7537
vn 0.9690 0.1787 -0.1708
vn 0.9690 0.1787 0.1708
vn 0.6324 0.1787 0.7538
vn 0.3365 0.1787 0.9246
vn 0.8521 0.1787 -0.4920
vn 0.9690 0.1787 -0.1709
vn -0.0000 0.1787 0.9839
vn 0.6325 0.1787 -0.7537
vn -0.3365 0.1787 0.9246
vn 0.3365 0.1787 -0.9246
vn 0.6324 0.1787 -0.7537
vn -0.6324 0.1787 0.7537
vn -0.6325 0.1787 0.7537
vn -0.8521 0.1787 0.4920
vn -0.9690 0.1787 0.1709
vt 0.642854 0.258968
vt 0.636834 0.205939
vt 0.666978 0.264062
vt 0.674693 0.324318
vt 0.594786 0.163759
vt 0.582072 0.120467
vt 0.618755 0.155314
vt 0.599062 0.211798
vt 0.225472 0.131573
vt 0.278782 0.203804
vt 0.394083 0.146496
vt 0.368693 0.060387
vt 0.545791 0.137368
vt 0.538377 0.098404
vt 0.548393 0.182393
vt 0.115235 0.247450
vt 0.190035 0.297092
vt 0.493258 0.126131
vt 0.491016 0.088949
vt 0.494256 0.169898
vt 0.051278 0.394042
vt 0.138546 0.415107
vt 0.439716 0.129668
vt 0.442625 0.091929
vt 0.439130 0.173830
vt 0.041316 0.553668
vt 0.130525 0.543616
vt 0.387500 0.148106
vt 0.395684 0.107405
vt 0.385290 0.194347
vt 0.442664 0.554040
vt 0.446978 0.424719
vt 0.373597 0.400076
vt 0.356077 0.520479
vt 0.801346 0.358580
vt 0.857975 0.316607
vt 0.837800 0.242300
vt 0.779719 0.286914
vt 0.339446 0.182001
vt 0.353089 0.135600
vt 0.522032 0.132079
vt 0.527624 0.042479
vt 0.433328 0.316693
vt 0.424250 0.291750
vt 0.500055 0.278383
vt 0.500055 0.304927
vt 0.544141 0.929684
vt 0.546382 0.877510
vt 0.476007 0.880826
vt 0.477186 0.934116
vt 0.585050 0.452289
vt 0.533964 0.475678
vt 0.535562 0.548633
vt 0.588885 0.522053
vt 0.815286 1.369856
vt 0.771068 1.415979
vt 0.771619 1.456893
vt 0.815700 1.408956
vt 0.468997 0.696990
vt 0.468852 0.648940
vt 0.500055 0.648940
vt 0.500055 0.696990
vt 0.469038 0.590686
vt 0.500055 0.590686
vt 0.468390 0.529543
vt 0.500055 0.529543
vt 0.316346 0.634232
vt 0.320563 0.603879
vt 0.269781 0.536164
vt 0.265297 0.563951
vt 0.437836 0.415503
vt 0.439809 0.335134
vt 0.390969 0.307568
vt 0.387805 0.394429
vt 0.584179 0.101622
vt 0.560363 0.076150
vt 0.572261 0.099929
vt 0.600940 0.133771
vt 0.946600 0.610166
vt 0.859332 0.589100
vt 0.807843 0.707116
vt 0.882643 0.756758
vt 0.335533 0.232172
vt 0.374650 0.350571
vt 0.357588 0.330237
vt 0.608636 0.898401
vt 0.613541 0.854114
vt 0.635463 0.411647
vt 0.641126 0.475865
vt 0.126976 0.086214
vt 0.052814 0.066436
vt 0.048601 0.112817
vt 0.118284 0.133976
vt 0.441684 0.696990
vt 0.441413 0.648940
vt 0.441761 0.590686
vt 0.440545 0.529543
vt 0.371139 0.692278
vt 0.374610 0.659805
vt 0.488127 0.424700
vt 0.488752 0.347164
vt 0.557329 0.077087
vt 0.539894 0.057583
vt 0.441764 0.656575
vt 0.350731 0.617582
vt 0.719096 0.800404
vt 0.772406 0.872635
vt 0.331097 0.402475
vt 0.308110 0.389203
vt 0.668489 0.844042
vt 0.674796 0.813457
vt 0.685527 0.358654
vt 0.692515 0.415641
vt 0.854880 1.321022
vt 0.855188 1.358200
vt 0.545382 0.696990
vt 0.545593 0.648940
vt 0.569864 0.648940
vt 0.569541 0.696990
vt 0.545322 0.590686
vt 0.569449 0.590686
vt 0.546268 0.529543
vt 0.570899 0.529543
vt 0.430975 0.731089
vt 0.433067 0.697198
vt 0.538579 0.420911
vt 0.537793 0.342208
vt 0.523900 0.061186
vt 0.513579 0.045350
vt 0.536680 0.543073
vt 0.526187 0.416696
vt 0.296206 0.454219
vt 0.288383 0.541014
vt 0.307923 0.466145
vt 0.281783 0.461536
vt 0.723828 0.773163
vt 0.730482 0.760445
vt 0.736253 0.299701
vt 0.744013 0.348644
vt 0.191086 0.120581
vt 0.180711 0.170744
vt 0.515746 0.696990
vt 0.515819 0.648940
vt 0.515725 0.590686
vt 0.516054 0.529543
vt 0.494819 0.745982
vt 0.494984 0.711547
vt 0.589018 0.404593
vt 0.586871 0.320863
vt 0.486877 0.054282
vt 0.483979 0.039989
vt 0.540776 0.643817
vt 0.321341 0.350622
vt 0.307923 0.533901
vt 0.281783 0.538510
vt 0.776096 0.694313
vt 0.782393 0.701472
vt 0.789233 0.241899
vt 0.797086 0.282955
vt 0.892407 1.275366
vt 0.892625 1.310747
vt 0.484208 0.696990
vt 0.484135 0.648940
vt 0.484229 0.590686
vt 0.483900 0.529543
vt 0.559012 0.735162
vt 0.557199 0.701122
vt 0.639480 0.377714
vt 0.636113 0.285704
vt 0.448867 0.056464
vt 0.453486 0.041686
vt 0.956562 0.450540
vt 0.867352 0.460592
vt 0.603794 0.857712
vt 0.629185 0.943821
vt 0.331097 0.597571
vt 0.308110 0.610843
vt 0.826994 0.617002
vt 0.832438 0.643650
vt 0.846329 0.192220
vt 0.853321 0.226497
vt 0.246770 0.165392
vt 0.236542 0.218685
vt 0.454573 0.696990
vt 0.454361 0.648940
vt 0.454633 0.590686
vt 0.453686 0.529543
vt 0.619636 0.699934
vt 0.616340 0.667181
vt 0.690404 0.343516
vt 0.686036 0.240971
vt 0.412396 0.067708
vt 0.424459 0.050387
vt 0.615036 0.491606
vt 0.593268 0.378658
vt 0.270034 0.374410
vt 0.261816 0.449523
vt 0.374650 0.649475
vt 0.357588 0.669809
vt 0.877897 0.550555
vt 0.882078 0.593953
vt 0.908912 0.156655
vt 0.913733 0.186080
vt 0.929053 1.238395
vt 0.929192 1.272321
vt 0.430413 0.696990
vt 0.430090 0.648940
vt 0.430505 0.590686
vt 0.429055 0.529543
vt 0.675191 0.644546
vt 0.671058 0.613816
vt 0.742706 0.306124
vt 0.737641 0.192060
vt 0.380234 0.087827
vt 0.399385 0.065756
vt 0.622827 0.584149
vt 0.296681 0.289605
vt 0.433328 0.683353
vt 0.424250 0.708296
vt 0.929571 0.502988
vt 0.932126 0.558377
vt 0.976445 0.139495
vt 0.977792 0.166578
vt 0.297130 0.215243
vt 0.287983 0.272018
vt 0.726696 0.575680
vt 0.722230 0.547465
vt 0.797683 0.270048
vt 0.792377 0.144870
vt 0.355662 0.116206
vt 0.380981 0.087012
vt 0.911328 0.297134
vt 0.830937 0.337091
vt 0.475846 0.872129
vt 0.470254 0.961729
vt 0.500055 0.695119
vt 0.500055 0.721662
vt 0.982058 0.480036
vt 0.982727 0.541211
vt 1.045551 0.142810
vt 1.042985 0.170345
vt 0.965370 1.214569
vt 0.965434 1.247557
vt 0.500055 0.696990
vt 0.776366 0.501641
vt 0.771932 0.476130
vt 0.856676 0.239639
vt 0.851846 0.105094
vt 0.342511 0.151306
vt 0.372099 0.112643
vt 0.662997 0.416455
vt 0.636080 0.321951
vt 0.273856 0.297223
vt 0.266612 0.361787
vt 0.566782 0.683353
vt 0.575860 0.708296
vt 1.034801 0.484469
vt 1.033510 0.544526
vt 0.111735 0.166198
vt 0.045551 0.142810
vt 0.042985 0.170345
vt 0.106063 0.196925
vt 0.344728 0.264121
vt 0.337172 0.324310
vt 0.531114 0.696990
vt 0.531258 0.648940
vt 0.531073 0.590686
vt 0.531720 0.529543
vt 0.826621 0.431360
vt 0.822558 0.408416
vt 0.920310 0.218565
vt 0.916957 0.077528
vt 0.344722 0.190031
vt 0.375290 0.140107
vt 0.672315 0.497623
vt 0.297778 0.229027
vt 0.625460 0.649475
vt 0.642522 0.669809
vt 0.087066 0.515751
vt 0.083955 0.567923
vt 0.033510 0.544526
vt 0.034801 0.484469
vt 0.172496 0.206840
vt 0.165101 0.243112
vt 1.001592 1.206760
vt 1.001583 1.239442
vt 0.558426 0.696990
vt 0.558698 0.648940
vt 0.558349 0.590686
vt 0.559566 0.529543
vt 0.879489 0.373314
vt 0.876230 0.352490
vt 0.987454 0.209368
vt 0.986526 0.065497
vt 0.365109 0.227256
vt 0.391954 0.165735
vt 0.816354 0.168450
vt 0.754477 0.233492
vt 0.350682 0.841915
vt 0.314783 0.924199
vt 0.669013 0.597571
vt 0.692001 0.610843
vt 0.138453 0.570111
vt 0.133826 0.608579
vt 0.228079 0.259834
vt 0.220169 0.303337
vt 0.391253 0.306130
vt 0.385653 0.369253
vt 0.935956 0.334504
vt 0.934032 0.315097
vt 1.055006 0.213157
vt 1.056749 0.070454
vt 0.403418 0.256198
vt 0.421226 0.185161
vt 0.678359 0.336303
vt 0.651715 0.259894
vt 0.299598 0.231890
vt 0.293943 0.288095
vt 0.692187 0.533901
vt 0.718327 0.538510
vt 0.189238 0.640990
vt 0.183474 0.661591
vt 0.280138 0.318787
vt 0.272561 0.370334
vt 0.037813 1.215912
vt 0.001592 1.206760
vt 0.001583 1.239442
vt 0.037731 1.248953
vt 0.995208 0.319610
vt 0.995058 0.300748
vt 0.119560 0.229475
vt 0.123339 0.091799
vt 0.056749 0.070454
vt 0.055006 0.213157
vt 0.454641 0.270230
vt 0.459254 0.194425
vt 0.687386 0.406116
vt 0.318709 0.176504
vt 0.692187 0.466145
vt 0.718327 0.461536
vt 0.240402 0.719840
vt 0.233931 0.720564
vt 0.330504 0.376588
vt 0.323882 0.436023
vt 0.437624 0.336203
vt 0.434285 0.401427
vt 1.054699 0.330430
vt 1.056361 0.311172
vt 0.179429 0.256354
vt 0.184272 0.126958
vt 0.509379 0.265689
vt 0.499651 0.191438
vt 0.683095 0.080009
vt 0.647195 0.162293
vt 0.243401 0.770716
vt 0.181524 0.835758
vt 0.669013 0.402475
vt 0.692001 0.389203
vt 0.293464 0.797151
vt 0.286830 0.778387
vt 0.380601 0.426268
vt 0.375471 0.492481
vt 0.074132 1.240919
vt 0.073976 1.274945
vt 0.111720 0.365659
vt 0.114802 0.345114
vt 0.056361 0.311172
vt 0.054699 0.330430
vt 0.234890 0.290552
vt 0.239987 0.171691
vt 0.556966 0.243794
vt 0.535314 0.176888
vt 0.643899 0.202514
vt 0.625460 0.350571
vt 0.642522 0.330237
vt 0.350128 0.863597
vt 0.344138 0.828083
vt 0.431227 0.461832
vt 0.428072 0.532898
vt 0.109462 1.329867
vt 0.110566 1.314281
vt 0.073255 1.290865
vt 0.165137 0.421046
vt 0.169104 0.398479
vt 0.287218 0.327944
vt 0.292018 0.220602
vt 0.589479 0.209979
vt 0.560664 0.153932
vt 0.566782 0.316693
vt 0.575860 0.291750
vt 0.411551 0.911165
vt 0.407367 0.863660
vt 0.110800 1.278767
vt 0.482492 0.478992
vt 0.483289 0.416950
vt 0.215692 0.489913
vt 0.220091 0.464830
vt 0.337820 0.364020
vt 0.341945 0.267792
vt 0.603794 0.171266
vt 0.572972 0.126903
vt 0.408581 0.787520
vt 0.489113 0.802718
vt 0.490149 0.760673
vt 0.416461 0.746784
vt 0.166941 0.667117
vt 0.086550 0.707074
vt 0.148403 1.324889
vt 0.148080 1.362219
vt 0.530753 0.347911
vt 0.484153 0.350713
vt 0.532424 0.413952
vt 0.475058 1.057985
vt 0.404052 1.035299
vt 0.339518 0.988282
vt 0.281852 0.922605
vt 0.229192 0.846189
vt 0.179340 0.768252
vt 0.130562 0.698193
vt 0.081788 0.644464
vt 0.032617 0.613543
vt 1.032617 0.613543
vt 0.983189 0.609162
vt 0.933901 0.631848
vt 0.885014 0.678865
vt 0.836321 0.744542
vt 0.786970 0.820957
vt 0.735434 0.898895
vt 0.679616 0.968953
vt 0.617395 1.022683
vt 0.548181 1.053604
vt 0.413632 0.838276
vt 0.353173 0.794953
vt 0.477765 0.859180
vt 0.479085 0.779589
vt 0.418445 0.757872
vt 0.480046 0.706829
vt 0.422000 0.684784
vt 0.480807 0.638336
vt 0.424845 0.616619
vt 0.481663 0.552400
vt 0.296917 0.734436
vt 0.577227 0.328134
vt 0.581318 0.392793
vt 0.360381 0.712862
vt 0.365852 0.639095
vt 0.370316 0.571609
vt 0.243843 0.664024
vt 0.188190 1.373724
vt 0.187761 1.412975
vt 0.305309 0.649989
vt 0.311884 0.575272
vt 0.317384 0.508736
vt 0.192360 0.592209
vt 0.623588 0.293766
vt 0.629850 0.356026
vt 0.252422 0.576836
vt 0.259367 0.501014
vt 0.265330 0.435583
vt 0.140999 0.527655
vt 0.232863 1.419379
vt 0.232299 1.460427
vt 0.200330 0.502226
vt 0.206985 0.425277
vt 0.212853 0.360972
vt 0.088798 0.478146
vt 0.670322 0.248955
vt 0.678431 0.308084
vt 0.147633 0.435158
vt 0.153333 0.357196
vt 0.158490 0.293905
vt 0.035526 0.449655
vt 0.288811 1.456350
vt 0.288085 1.498853
vt 0.093386 0.383722
vt 0.097421 0.304983
vt 0.101153 0.242469
vt 1.035526 0.449655
vt 0.981682 0.445618
vt 0.718580 0.199104
vt 0.728140 0.254752
vt 0.037463 0.354121
vt 0.039192 0.274936
vt 0.040814 0.212868
vt 0.928144 0.466521
vt 0.372267 1.480177
vt 0.371509 1.523617
vt 1.037463 0.354121
vt 0.980675 0.349927
vt 1.039192 0.274936
vt 0.979775 0.270678
vt 1.040814 0.212868
vt 0.978928 0.208674
vt 0.875587 0.509844
vt 0.770324 0.150227
vt 0.780733 0.202460
vt 0.924349 0.371644
vt 0.920991 0.292723
vt 0.917869 0.230391
vt 0.824030 0.570362
vt 0.505380 1.487985
vt 0.505447 1.531733
vt 0.869532 0.416654
vt 0.864287 0.338413
vt 0.859506 0.275401
vt 0.772728 0.640774
vt 0.828372 0.108218
vt 0.838463 0.157517
vt 0.816409 0.479527
vt 0.809985 0.402236
vt 0.804272 0.338274
vt 0.720340 0.712588
vt 0.635471 1.478834
vt 0.636269 1.522221
vt 0.764263 0.552681
vt 0.757340 0.476494
vt 0.751346 0.411428
vt 0.665259 0.777143
vt 0.895701 0.078144
vt 0.903284 0.125343
vt 0.711792 0.627291
vt 0.705023 0.552231
vt 0.699315 0.486038
vt 0.606181 0.826652
vt 0.716225 1.453826
vt 0.716946 1.496230
vt 0.657548 0.694359
vt 0.651637 0.620311
vt 0.646777 0.553106
vt 0.543038 0.855143
vt 0.972599 0.063634
vt 0.974836 0.109819
vt 0.600465 0.745795
vt 0.596211 0.672524
vt 0.592787 0.604542
vt 0.540514 0.775395
vt 0.538671 0.702572
vt 0.537209 0.634142
vt 1.052814 0.066436
vt 1.048601 0.112817
vt 0.500055 0.834592
vt 0.500055 0.826890
vt 0.536869 0.826890
vt 0.538423 0.834592
vt 0.500055 0.731242
vt 0.531688 0.731242
vt 0.569242 0.826890
vt 0.572163 0.834592
vt 0.559505 0.731242
vt 0.585911 0.834592
vt 0.582431 0.826890
vt 0.553795 0.826890
vt 0.556067 0.834592
vt 0.570827 0.731242
vt 0.546221 0.731242
vt 0.518668 0.826890
vt 0.519457 0.834592
vt 0.516038 0.731242
vt 0.481286 0.826890
vt 0.480497 0.834592
vt 0.483917 0.731242
vt 0.446159 0.826890
vt 0.443888 0.834592
vt 0.453733 0.731242
vt 0.417523 0.826890
vt 0.414043 0.834592
vt 0.429127 0.731242
vt 0.500055 0.731242
vt 0.463242 0.826890
vt 0.461688 0.834592
vt 0.468422 0.731242
vt 0.430868 0.826890
vt 0.427948 0.834592
vt 0.440605 0.731242
vt 0.822183 1.439636
vt 0.780281 1.485459
vt 0.794747 1.512694
vt 0.832756 1.470779
vt 0.728484 1.523061
vt 0.748810 1.547089
vt 0.649646 1.547907
vt 0.677078 1.569815
vt 0.506244 1.556999
vt 0.508367 1.578132
vt 0.358292 1.549241
vt 0.330684 1.571036
vt 0.276339 1.525569
vt 0.255521 1.549383
vt 0.223462 1.488838
vt 0.208671 1.515784
vt 0.181146 1.443478
vt 0.170346 1.474293
vt 0.143158 1.394961
vt 0.135230 1.429914
vt 0.107034 1.349138
vt 0.101391 1.387998
vt 0.071672 1.311536
vt 0.036574 1.286691
vt 0.034741 1.330877
vt 0.068009 1.353603
vt 0.001541 1.277599
vt 0.001476 1.322560
vt 1.001541 1.277599
vt 0.966506 1.285356
vt 0.968208 1.329657
vt 1.001476 1.322560
vt 0.931408 1.309028
vt 0.934934 1.351310
vt 0.896063 1.345759
vt 0.901556 1.384908
vt 0.860002 1.391119
vt 0.867754 1.426399
vt 0.500055 0.518144
vt 0.532142 0.518144
vt 0.255906 0.615450
vt 0.258659 0.602088
vt 0.209317 0.528574
vt 0.206720 0.543544
vt 0.261139 0.588254
vt 0.211680 0.514272
vt 0.560358 0.518144
vt 0.159508 0.460195
vt 0.157253 0.476661
vt 0.161579 0.445459
vt 0.571844 0.518144
vt 0.546885 0.518144
vt 0.107428 0.405199
vt 0.105735 0.422868
vt 0.108996 0.390114
vt 0.516268 0.518144
vt 0.052418 0.370220
vt 0.051528 0.388654
vt 0.053247 0.354912
vt 0.483686 0.518144
vt 1.051528 0.388654
vt 1.052418 0.370220
vt 0.995413 0.359477
vt 0.995493 0.378146
vt 1.053247 0.354912
vt 0.995339 0.344100
vt 0.453070 0.518144
vt 0.938601 0.374265
vt 0.939633 0.392610
vt 0.937639 0.358982
vt 0.428111 0.518144
vt 0.884040 0.412800
vt 0.885840 0.430303
vt 0.882376 0.397763
vt 0.832405 0.470436
vt 0.834728 0.486678
vt 0.830275 0.455765
vt 0.500055 0.518144
vt 0.782814 0.540219
vt 0.785448 0.554935
vt 0.780421 0.525992
vt 0.467969 0.518144
vt 0.733333 0.613734
vt 0.736093 0.626841
vt 0.730850 0.599974
vt 0.439752 0.518144
vt 0.681476 0.682113
vt 0.684143 0.693725
vt 0.679104 0.668787
vt 0.624764 0.737108
vt 0.626985 0.747517
vt 0.622811 0.724133
vt 0.561887 0.772087
vt 0.563154 0.781731
vt 0.560784 0.759334
vt 0.494555 0.782831
vt 0.494439 0.792239
vt 0.494657 0.770146
vt 0.427664 0.768043
vt 0.426208 0.777775
vt 0.428933 0.755264
vt 0.365756 0.729507
vt 0.363433 0.740082
vt 0.367803 0.716483
vt 0.309960 0.671872
vt 0.307259 0.683708
vt 0.312367 0.658481
vt 0.274004 0.509865
vt 0.224306 0.451364
vt 0.363173 0.658153
vt 0.364328 0.648028
vt 0.308119 0.621480
vt 0.306742 0.631621
vt 0.373057 0.567114
vt 0.380638 0.488038
vt 0.328424 0.460274
vt 0.318789 0.540319
vt 0.172970 0.396950
vt 0.254357 0.589984
vt 0.252933 0.600144
vt 0.276380 0.427336
vt 0.265690 0.508530
vt 0.117856 0.353186
vt 0.202000 0.557339
vt 0.200669 0.567519
vt 0.223555 0.393196
vt 0.212852 0.475582
vt 0.058029 0.325350
vt 0.149960 0.527483
vt 0.148845 0.537681
vt 0.168828 0.361972
vt 0.159260 0.445448
vt 1.058029 0.325350
vt 0.994906 0.316801
vt 0.097440 0.504017
vt 0.096649 0.514229
vt 0.111308 0.337431
vt 0.104154 0.421764
vt 0.932105 0.328569
vt 0.044129 0.489771
vt 0.043751 0.499991
vt 0.050878 0.322532
vt 0.047366 0.407385
vt 0.873008 0.359235
vt 1.043751 0.499991
vt 1.044129 0.489771
vt 0.990233 0.486463
vt 0.990316 0.496685
vt 1.047366 0.407385
vt 1.050878 0.322532
vt 0.988609 0.319072
vt 0.989484 0.404046
vt 0.818609 0.405099
vt 0.936275 0.494492
vt 0.936814 0.504710
vt 0.926488 0.327469
vt 0.931615 0.412150
vt 0.767694 0.460631
vt 0.882729 0.512890
vt 0.883663 0.523097
vt 0.866368 0.346711
vt 0.874793 0.430719
vt 0.718035 0.519132
vt 0.829669 0.539438
vt 0.830901 0.549629
vt 0.809041 0.374475
vt 0.819438 0.457515
vt 0.667242 0.573547
vt 0.776638 0.570934
vt 0.778050 0.581106
vt 0.754173 0.407413
vt 0.765225 0.489303
vt 0.613350 0.617311
vt 0.722743 0.603579
vt 0.724196 0.613731
vt 0.700810 0.441553
vt 0.711332 0.522252
vt 0.555576 0.645146
vt 0.666936 0.633435
vt 0.668261 0.643569
vt 0.647918 0.472777
vt 0.656821 0.552385
vt 0.495131 0.653696
vt 0.608459 0.656901
vt 0.609457 0.667021
vt 0.594759 0.497318
vt 0.601034 0.576070
vt 0.434945 0.641928
vt 0.547411 0.671148
vt 0.547889 0.681259
vt 0.541091 0.512217
vt 0.543935 0.590449
vt 0.377768 0.611262
vt 0.485080 0.674456
vt 0.484930 0.684565
vt 0.487179 0.515677
vt 0.486208 0.593788
vt 0.324466 0.565397
vt 0.423495 0.666426
vt 0.422761 0.676540
vt 0.433555 0.507280
vt 0.428947 0.585684
vt 0.993668 0.518611
vt 1.042269 0.524008
vt 1.044991 0.482296
vt 0.993256 0.476554
vt 0.756856 0.673590
vt 0.804705 0.626665
vt 0.794555 0.589201
vt 0.745471 0.636637
vt 0.230416 0.661154
vt 0.281186 0.708934
vt 0.293032 0.671690
vt 0.241535 0.624159
vt 0.851026 0.584443
vt 0.897595 0.550455
vt 0.891379 0.510249
vt 0.842598 0.545745
vt 0.571348 0.793628
vt 0.643941 0.763592
vt 0.633247 0.724435
vt 0.564952 0.752398
vt 0.090139 0.543358
vt 0.136939 0.574681
vt 0.144840 0.535598
vt 0.095696 0.502777
vt 0.339240 0.753389
vt 0.350477 0.714750
vt 0.945187 0.527755
vt 0.941688 0.486275
vt 0.704594 0.721053
vt 0.692732 0.683554
vt 0.183195 0.615085
vt 0.192942 0.577353
vt 0.042269 0.524008
vt 0.044991 0.482296
vt 0.294272 0.710127
vt 0.303687 0.698787
vt 0.252312 0.632286
vt 0.243096 0.654137
vt 0.351832 0.756370
vt 0.360314 0.753711
vt 0.418672 0.787289
vt 0.424228 0.790434
vt 0.493823 0.799154
vt 0.494279 0.804526
vt 0.569744 0.790534
vt 0.564881 0.794288
vt 0.638145 0.762469
vt 0.629974 0.760955
vt 0.697040 0.718344
vt 0.687678 0.708546
vt 0.749002 0.663481
vt 0.739704 0.643384
vt 0.797409 0.604497
vt 0.788852 0.573327
vt 0.845007 0.548507
vt 0.837697 0.506826
vt 0.893622 0.502263
vt 0.888117 0.451902
vt 0.944027 0.471345
vt 0.940931 0.415179
vt 0.995830 0.459480
vt 0.995593 0.401087
vt 1.047751 0.468100
vt 1.050411 0.411325
vt 0.098435 0.496165
vt 0.103595 0.444659
vt 0.050411 0.411325
vt 0.047751 0.468100
vt 0.147315 0.540290
vt 0.154376 0.497067
vt 0.194979 0.595153
vt 0.203371 0.562230
vt 0.629402 0.170419
vt 0.635305 0.219930
vt 0.619861 0.272637
vt 0.580429 0.320055
vt 0.520127 0.351472
vt 0.449582 0.358059
vt 0.383999 0.337783
vt 0.336482 0.296700
vt 0.313066 0.245272
vt 0.312799 0.193390
vt 0.330937 0.147725
vt 0.361955 0.111716
vt 0.401073 0.086663
vt 0.444585 0.072831
vt 0.489598 0.070160
vt 0.533583 0.078625
vt 0.573878 0.098293
vt 0.607222 0.129120
vt 0.685444 0.220829
vt 0.635661 0.267684
vt 0.052266 0.724114
vt 0.003272 0.557954
vt 0.391397 0.290585
vt 0.342507 0.248922
vt 0.530009 0.004269
vt 0.698405 0.044918
vt 0.736946 0.169599
vt 0.155136 0.863497
vt 0.791638 0.120172
vt 0.299473 0.959290
vt 0.292677 0.199495
vt 0.842742 0.140711
vt 0.851162 0.078509
vt 0.467869 0.999939
vt 0.240694 0.148265
vt 0.945612 0.280094
vt 0.916474 0.049636
vt 0.640013 0.980543
vt 0.184952 0.101410
vt 0.994606 0.446254
vt 0.986389 0.037035
vt 0.795141 0.903439
vt 0.123875 0.064584
vt 0.983816 0.619150
vt 1.056996 0.042227
vt 0.914542 0.777929
vt 0.056996 0.042227
vt 0.440076 0.319458
vt 0.357865 0.023665
vt 0.586586 0.304510
vt 0.014062 0.385058
vt 0.537691 0.326867
vt 0.083336 0.226279
vt 0.488838 0.332059
vt 0.202737 0.100769
vt 0.227871 0.667287
vt 0.181689 0.623507
vt 0.136522 0.582785
vt 0.090772 0.550034
vt 0.043876 0.529203
vt 1.043876 0.529203
vt 0.996172 0.522805
vt 0.948546 0.531612
vt 0.901832 0.554561
vt 0.856239 0.588884
vt 0.811046 0.630442
vt 0.764478 0.674222
vt 0.713494 0.714943
vt 0.653512 0.747694
vt 0.579542 0.768525
vt 0.492879 0.774923
vt 0.407587 0.766117
vt 0.336061 0.743168
vt 0.277883 0.708844
vt 0.147226 1.311432
vt 0.131446 1.280158
vt 0.098724 1.246991
vt 0.109954 1.266956
vt 0.186614 1.358522
vt 0.165125 1.315275
vt 0.230776 1.402547
vt 0.201370 1.348107
vt 0.286091 1.438197
vt 0.244741 1.374694
vt 0.369355 1.461173
vt 0.313944 1.391828
vt 0.505527 1.468703
vt 0.509891 1.397443
vt 0.638417 1.459878
vt 0.693296 1.390862
vt 0.718899 1.435763
vt 0.759288 1.372878
vt 0.773118 1.399268
vt 0.801909 1.345662
vt 0.816835 1.354793
vt 0.837909 1.312495
vt 0.856037 1.307703
vt 0.871506 1.277377
vt 0.893237 1.263677
vt 0.904208 1.244546
vt 0.929590 1.228027
vt 0.936641 1.217959
vt 0.965632 1.205051
vt 0.969046 1.200825
vt 1.001585 1.197522
vt 1.001476 1.195210
vt 0.037537 1.206346
vt 0.033902 1.201791
vt 0.001476 1.195210
vt 0.001585 1.197522
vt 0.073580 1.230461
vt 0.066297 1.219774
vt 0.817712 1.423734
vt 0.856687 1.373411
vt 0.893698 1.326363
vt 0.929884 1.288264
vt 0.965769 1.263711
vt 1.001569 1.255664
vt 0.001569 1.255664
vt 0.037368 1.265095
vt 0.146546 1.377396
vt 0.185707 1.427719
vt 0.229576 1.474768
vt 0.284524 1.512866
vt 0.367663 1.537419
vt 0.505671 1.545466
vt 0.640181 1.536035
vt 0.720451 1.510265
vt 0.774290 1.471263
vt 0.465656 0.792638
vt 0.500055 0.792638
vt 0.467674 0.761940
vt 0.500055 0.761940
vt 0.435407 0.792638
vt 0.439198 0.761940
vt 0.550265 0.792638
vt 0.577022 0.792638
vt 0.547316 0.761940
vt 0.572504 0.761940
vt 0.517442 0.792638
vt 0.516418 0.761940
vt 0.482512 0.792638
vt 0.483537 0.761940
vt 0.449690 0.792638
vt 0.452639 0.761940
vt 0.422932 0.792638
vt 0.427450 0.761940
vt 0.500055 0.792638
vt 0.500055 0.761940
vt 0.534454 0.792638
vt 0.532437 0.761940
vt 0.564704 0.792638
vt 0.560912 0.761940
vt 0.333478 0.519315
vt 0.336711 0.499919
vt 0.287715 0.447196
vt 0.284027 0.458769
vt 0.420269 0.738665
vt 0.420747 0.727899
vt 0.359900 0.707516
vt 0.359144 0.717971
vt 0.384874 0.569320
vt 0.387365 0.543465
vt 0.484591 0.747696
vt 0.484669 0.736794
vt 0.439081 0.602755
vt 0.440508 0.572579
vt 0.549835 0.743975
vt 0.549484 0.733129
vt 0.495452 0.615585
vt 0.495566 0.583752
vt 0.613227 0.727952
vt 0.612536 0.717347
vt 0.552007 0.606264
vt 0.550787 0.575635
vt 0.673087 0.701558
vt 0.672203 0.691350
vt 0.606646 0.575915
vt 0.604311 0.549208
vt 0.729335 0.667977
vt 0.728399 0.658274
vt 0.658468 0.528200
vt 0.655338 0.507657
vt 0.782917 0.631261
vt 0.782034 0.622108
vt 0.708122 0.468873
vt 0.704493 0.455995
vt 0.835042 0.595836
vt 0.834292 0.587216
vt 0.757394 0.405091
vt 0.753519 0.400452
vt 0.886708 0.565976
vt 0.886156 0.557805
vt 0.808723 0.344545
vt 0.804890 0.347729
vt 0.938475 0.545282
vt 0.938169 0.537422
vt 0.864695 0.294540
vt 0.861368 0.304184
vt 0.990427 0.536251
vt 0.990396 0.528527
vt 0.927000 0.261105
vt 0.924896 0.275069
vt 1.042313 0.539972
vt 1.042558 0.532192
vt 0.994500 0.248275
vt 0.994325 0.263896
vt 0.093828 0.555996
vt 0.094323 0.547974
vt 0.042558 0.532192
vt 0.042313 0.539972
vt 1.062461 0.257596
vt 1.064284 0.272013
vt 0.144929 0.582389
vt 0.145625 0.573972
vt 0.125775 0.287945
vt 0.128953 0.298441
vt 0.064284 0.272013
vt 0.062461 0.257596
vt 0.196013 0.615970
vt 0.196851 0.607047
vt 0.182696 0.335660
vt 0.186481 0.339992
vt 0.247943 0.652687
vt 0.248853 0.643213
vt 0.234600 0.394987
vt 0.238490 0.391654
vt 0.301916 0.688112
vt 0.302807 0.678105
vt 0.360136 0.695243
vt 0.360423 0.683978
vt 0.303486 0.657169
vt 0.303117 0.667220
vt 0.249591 0.625363
vt 0.249192 0.633974
vt 0.197572 0.592397
vt 0.197185 0.599515
vt 0.146265 0.562248
vt 0.145923 0.568000
vt 0.094824 0.538550
vt 0.094558 0.543230
vt 0.042871 0.524164
vt 0.042708 0.528192
vt 1.042708 0.528192
vt 1.042871 0.524164
vt 0.990487 0.520824
vt 0.990445 0.524700
vt 0.938027 0.528932
vt 0.938110 0.533176
vt 0.885792 0.547511
vt 0.885994 0.552596
vt 0.836331 0.579014
vt 0.836643 0.585514
vt 0.781716 0.613865
vt 0.781339 0.606126
vt 0.727621 0.639091
vt 0.728040 0.648324
vt 0.671426 0.669241
vt 0.671842 0.679839
vt 0.611874 0.692938
vt 0.612225 0.704609
vt 0.549066 0.707325
vt 0.549283 0.719647
vt 0.484588 0.710665
vt 0.484623 0.723139
vt 0.421008 0.702557
vt 0.420860 0.714664
vt 0.291812 0.424908
vt 0.293147 0.417332
vt 0.244329 0.358563
vt 0.242882 0.366870
vt 0.192285 0.303900
vt 0.190833 0.312886
vt 0.133944 0.259936
vt 0.132682 0.269468
vt 0.067212 0.231973
vt 0.066465 0.241853
vt 1.066465 0.241853
vt 1.067212 0.231973
vt 0.994052 0.223384
vt 0.994122 0.233371
vt 0.921544 0.235206
vt 0.922399 0.245046
vt 0.856174 0.266012
vt 0.857485 0.275469
vt 0.799040 0.312087
vt 0.800502 0.320971
vt 0.747720 0.367873
vt 0.749155 0.376064
vt 0.699157 0.426642
vt 0.700467 0.434102
vt 0.650807 0.481305
vt 0.651912 0.488086
vt 0.600974 0.525270
vt 0.601782 0.531504
vt 0.549057 0.553232
vt 0.549475 0.559119
vt 0.495720 0.561821
vt 0.495683 0.567601
vt 0.442518 0.549999
vt 0.442033 0.555926
vt 0.390921 0.519193
vt 0.390059 0.525503
vt 0.341395 0.473118
vt 0.340252 0.480001
vt 0.275289 0.504192
vt 0.225603 0.439799
vt 0.277082 0.494636
vt 0.227423 0.427340
vt 0.279164 0.483095
vt 0.229554 0.415095
vt 0.281444 0.470864
vt 0.231907 0.403806
vt 0.174172 0.379905
vt 0.175871 0.364744
vt 0.177876 0.351845
vt 0.180111 0.341432
vt 0.118817 0.331733
vt 0.120183 0.314400
vt 0.121807 0.300975
vt 0.123583 0.290901
vt 0.058558 0.301094
vt 0.059314 0.282380
vt 0.060220 0.268620
vt 0.061215 0.258879
vt 1.058558 0.301094
vt 0.994858 0.291684
vt 1.059314 0.282380
vt 0.994789 0.272545
vt 1.060220 0.268620
vt 0.994706 0.258682
vt 1.061215 0.258879
vt 0.994612 0.249559
vt 0.931494 0.304637
vt 0.930622 0.286082
vt 0.929578 0.272361
vt 0.928395 0.263048
vt 0.871997 0.338391
vt 0.870561 0.321359
vt 0.868854 0.308006
vt 0.866935 0.298200
vt 0.817383 0.388875
vt 0.815653 0.374119
vt 0.813613 0.361318
vt 0.811343 0.350773
vt 0.766393 0.450000
vt 0.764568 0.438000
vt 0.762435 0.425867
vt 0.760082 0.414429
vt 0.716760 0.514393
vt 0.714984 0.505297
vt 0.712924 0.493868
vt 0.710671 0.481487
vt 0.666095 0.574288
vt 0.664506 0.567892
vt 0.662677 0.557117
vt 0.660693 0.543861
vt 0.612460 0.622459
vt 0.611234 0.618237
vt 0.609833 0.607988
vt 0.608324 0.594027
vt 0.555097 0.653098
vt 0.554440 0.650257
vt 0.553693 0.640343
vt 0.552892 0.625934
vt 0.495174 0.662509
vt 0.495233 0.660092
vt 0.495301 0.650280
vt 0.495373 0.635734
vt 0.435499 0.649556
vt 0.436260 0.646555
vt 0.437126 0.636602
vt 0.438054 0.622245
vt 0.378709 0.615801
vt 0.380006 0.611278
vt 0.381491 0.600957
vt 0.383092 0.587093
vt 0.325641 0.565317
vt 0.327270 0.558518
vt 0.329148 0.547644
vt 0.331188 0.534519
vt 0.338846 0.488540
vt 0.290178 0.436026
vt 0.388994 0.531912
vt 0.441431 0.560911
vt 0.495637 0.572040
vt 0.549993 0.563955
vt 0.602782 0.537632
vt 0.653272 0.496247
vt 0.702071 0.444789
vt 0.750903 0.389468
vt 0.802269 0.336953
vt 0.859059 0.293581
vt 0.923417 0.264582
vt 0.994205 0.253454
vt 1.065575 0.261538
vt 0.131169 0.287861
vt 0.065575 0.261538
vt 0.189079 0.329247
vt 0.241121 0.380704
vt 0.621763 0.228203
vt 0.651792 0.191886
vt 0.627187 0.171667
vt 0.603815 0.203544
vt 0.650989 0.495711
vt 0.700315 0.453006
vt 0.682043 0.380675
vt 0.636021 0.420912
vt 0.286938 0.440986
vt 0.336085 0.485283
vt 0.352009 0.411197
vt 0.305910 0.369129
vt 0.921448 0.286004
vt 0.907532 0.207904
vt 0.749666 0.405781
vt 0.729075 0.334706
vt 0.386455 0.521906
vt 0.398309 0.445005
vt 0.990786 0.272942
vt 0.988972 0.192531
vt 0.438868 0.546880
vt 0.445586 0.467558
vt 1.060948 0.280708
vt 1.072207 0.201730
vt 0.492920 0.557066
vt 0.493715 0.476636
vt 0.060948 0.280708
vt 0.126211 0.307292
vt 0.145326 0.232032
vt 0.072207 0.201730
vt 0.547191 0.551046
vt 0.541960 0.471279
vt 0.184509 0.346932
vt 0.206076 0.274767
vt 0.600120 0.529668
vt 0.589502 0.452058
vt 0.237226 0.393312
vt 0.258238 0.322280
vt 0.760256 0.240319
vt 0.711969 0.287950
vt 0.817594 0.193914
vt 0.891713 0.155939
vt 0.986739 0.137915
vt 1.085390 0.148802
vt 0.165098 0.182839
vt 0.085390 0.148802
vt 0.225975 0.227912
vt 0.276022 0.275723
vt 0.320949 0.321346
vt 0.363990 0.361345
vt 0.406867 0.392908
vt 0.450298 0.413686
vt 0.494266 0.421987
vt 0.538308 0.417093
vt 0.581904 0.399430
vt 0.624890 0.370466
vt 0.667770 0.332408
vt 0.252301 0.584053
vt 0.202752 0.536716
vt 0.262908 0.541305
vt 0.212812 0.493633
vt 0.273996 0.494807
vt 0.223784 0.446997
vt 0.681922 0.642694
vt 0.624057 0.681931
vt 0.671870 0.598973
vt 0.615928 0.636581
vt 0.661934 0.551235
vt 0.608241 0.587148
vt 0.833904 0.504230
vt 0.784434 0.548786
vt 0.824744 0.460351
vt 0.774159 0.505880
vt 0.814444 0.412975
vt 0.763074 0.459380
vt 0.153057 0.493711
vt 0.161792 0.449472
vt 0.171717 0.401730
vt 0.559751 0.708091
vt 0.555344 0.661130
vt 0.551318 0.610162
vt 0.101629 0.459378
vt 0.108134 0.413584
vt 0.115808 0.364147
vt 0.490975 0.715705
vt 0.491665 0.668185
vt 0.492288 0.616706
vt 0.047949 0.437695
vt 0.051262 0.390592
vt 0.055280 0.339622
vt 0.422948 0.702890
vt 0.428496 0.656287
vt 0.433603 0.605651
vt 1.047949 0.437695
vt 0.992805 0.431578
vt 1.051262 0.390592
vt 0.992296 0.384055
vt 1.055280 0.339622
vt 0.991675 0.332576
vt 0.360288 0.672733
vt 0.369078 0.627844
vt 0.377484 0.578873
vt 0.937899 0.441925
vt 0.933673 0.395098
vt 0.928578 0.344460
vt 0.303979 0.631122
vt 0.314287 0.587723
vt 0.324596 0.540351
vt 0.734569 0.596512
vt 0.723949 0.553691
vt 0.712973 0.507057
vt 0.884782 0.467237
vt 0.877602 0.421852
vt 0.869210 0.372877
vt 0.425064 0.069348
vt 0.433859 0.058457
vt 0.122431 0.639833
vt 0.164543 0.677370
vt 0.172430 0.652730
vt 0.128477 0.613937
vt 0.515826 0.100971
vt 0.502812 0.110976
vt 0.670342 0.826921
vt 0.730886 0.781361
vt 0.719156 0.757827
vt 0.658066 0.802163
vt 0.494892 0.047576
vt 0.508708 0.054150
vt 0.908733 0.617765
vt 0.951313 0.597377
vt 0.948802 0.569608
vt 0.904130 0.590955
vt 0.433662 0.106165
vt 0.424509 0.094747
vt 0.255520 0.768920
vt 0.312349 0.815663
vt 0.324703 0.791354
vt 0.266874 0.745488
vt 0.446783 0.050301
vt 0.462329 0.045576
vt 0.037524 0.594038
vt 0.080254 0.611361
vt 0.084329 0.584262
vt 0.039467 0.566101
vt 0.485544 0.117114
vt 0.466422 0.118356
vt 0.486063 0.873304
vt 0.589222 0.861924
vt 0.580488 0.834887
vt 0.487585 0.845145
vt 0.518833 0.063837
vt 0.523935 0.075757
vt 0.824373 0.688309
vt 0.866652 0.648816
vt 0.860117 0.623256
vt 0.816019 0.663960
vt 0.421673 0.081918
vt 0.207982 0.721420
vt 0.217650 0.697733
vt 0.523046 0.088659
vt 0.780208 0.733579
vt 0.770085 0.710043
vt 0.478903 0.044645
vt 0.994384 0.589244
vt 0.994092 0.561060
vt 0.448258 0.114485
vt 0.387222 0.854522
vt 0.397531 0.828100
vt 1.037524 0.594038
vt 1.039467 0.566101
vt 0.431875 0.274989
vt 0.463630 0.290456
vt 0.468456 0.257899
vt 0.441101 0.244439
vt 0.681931 0.150350
vt 0.647577 0.135146
vt 0.918907 0.013808
vt 1.228394 0.044948
vt 0.351077 0.044029
vt 0.539283 0.021953
vt 0.400785 0.250919
vt 0.414755 0.223429
vt 0.559926 0.279876
vt 0.591202 0.257948
vt 0.578517 0.229572
vt 0.551865 0.248695
vt 0.495805 0.296553
vt 0.496358 0.263196
vt 0.340424 0.181534
vt 0.370394 0.219339
vt 0.389893 0.195773
vt 0.367160 0.162567
vt 0.228394 0.044948
vt 0.276809 0.092753
vt 0.336027 0.084688
vt 0.713976 0.104990
vt 0.662105 0.095356
vt 0.528031 0.292964
vt 0.524323 0.260078
vt 0.310046 0.138867
vt 0.347875 0.125053
vt 0.755325 0.057382
vt 0.658685 0.054324
vt 0.413641 0.355554
vt 0.373728 0.325889
vt 0.697065 0.255575
vt 0.655873 0.298406
vt 0.872812 0.119829
vt 0.796832 0.161164
vt 0.333612 0.287822
vt 0.615914 0.334495
vt 0.742175 0.208623
vt 0.291740 0.243644
vt 0.575923 0.361645
vt 0.244868 0.196145
vt 0.535476 0.378073
vt 0.186132 0.149432
vt 0.494692 0.382608
vt 0.101819 0.111599
vt 0.453963 0.374912
vt 1.101819 0.111599
vt 0.983730 0.098587
vt 0.366234 0.888966
vt 0.482566 0.911346
vt 0.994805 0.627346
vt 1.034719 0.631784
vt 0.796229 0.764194
vt 0.837138 0.720486
vt 0.192841 0.752367
vt 0.236867 0.799030
vt 0.876391 0.682986
vt 0.915470 0.653851
vt 0.607740 0.897559
vt 0.692851 0.858568
vt 0.074313 0.647879
vt 0.113467 0.674527
vt 0.290352 0.846670
vt 0.954944 0.634880
vt 0.750485 0.811497
vt 0.152577 0.710046
vt 0.034719 0.631784
vt 0.314427 0.209009
vt 0.274182 0.163009
vt 0.832032 0.081727
vt 0.761491 0.127590
vt 0.974967 0.053249
vt 0.568121 0.318231
vt 0.531826 0.333037
vt 0.386770 0.285694
vt 0.351101 0.250556
vt 0.223634 0.115199
vt 0.639588 0.260381
vt 0.603967 0.293564
vt 0.495238 0.337109
vt 0.714760 0.175271
vt 0.140540 0.071429
vt 0.458698 0.330195
vt 0.422516 0.312719
vt 1.140540 0.071429
vt 0.675837 0.220324
vt 0.162226 0.725209
vt 0.164581 0.712156
vt 0.314313 0.721501
vt 0.312676 0.734598
vt 0.732833 0.760820
vt 0.732460 0.747598
vt 0.864906 0.755864
vt 0.865915 0.769126
vt 0.569584 0.750632
vt 0.569991 0.737458
vt 0.469465 0.261906
vt 0.469610 0.257287
vt 0.530344 0.257287
vt 0.530489 0.261906
vt 0.439958 0.261906
vt 0.440244 0.257287
vt 0.500055 0.257287
vt 0.500055 0.261906
vt 0.395859 0.739790
vt 0.397094 0.726668
vt 0.234625 0.716528
vt 0.232610 0.729601
vt 0.102178 0.708262
vt 0.099529 0.721296
vt 0.805300 0.765343
vt 0.804586 0.752099
vt 0.654853 0.742754
vt 0.654849 0.755953
vt 0.484583 0.732128
vt 0.483763 0.745276
vt 0.500055 0.261906
vt 0.559866 0.257287
vt 0.560153 0.261906
s 1
usemtl Material_004
f 1/1/1 2/2/2 3/3/3
f 1/1/1 3/3/3 4/4/4
f 5/5/5 6/6/6 7/7/7
f 5/5/5 7/7/7 2/2/2
f 8/8/8 5/5/5 2/2/2
f 8/8/8 2/2/2 1/1/1
f 9/9/9 10/10/10 11/11/11
f 9/9/9 11/11/11 12/12/12
f 13/13/13 14/14/14 6/6/6
f 13/13/13 6/6/6 5/5/5
f 15/15/15 13/13/13 5/5/5
f 15/15/15 5/5/5 8/8/8
f 16/16/16 17/17/17 10/10/10
f 16/16/16 10/10/10 9/9/9
f 18/18/18 19/19/19 14/14/14
f 18/18/18 14/14/14 13/13/13
f 20/20/20 18/18/18 13/13/13
f 20/20/20 13/13/13 15/15/15
f 21/21/21 22/22/22 17/17/17
f 21/21/21 17/17/17 16/16/16
f 23/23/23 24/24/24 19/19/19
f 23/23/23 19/19/19 18/18/18
f 25/25/25 23/23/23 18/18/18
f 25/25/25 18/18/18 20/20/20
f 26/26/26 27/27/27 22/22/22
f 26/26/26 22/22/22 21/21/21
f 28/28/28 29/29/29 24/24/24
f 28/28/28 24/24/24 23/23/23
f 30/30/30 28/28/28 23/23/23
f 30/30/30 23/23/23 25/25/25
f 31/31/31 32/32/32 33/33/33
f 31/31/31 33/33/33 34/34/34
f 35/35/35 36/36/36 37/37/37
f 35/35/35 37/37/37 38/38/38
f 39/39/39 40/40/40 29/29/29
f 39/39/39 29/29/29 28/28/28
f 12/12/12 11/11/11 41/41/41
f 12/12/12 41/41/41 42/42/42
f 43/43/43 44/44/44 45/45/45
f 43/43/43 45/45/45 46/46/46
f 47/47/47 48/48/47 49/49/48
f 47/47/47 49/49/48 50/50/48
f 51/51/49 52/52/50 53/53/51
f 51/51/49 53/53/51 54/54/52
f 55/55/53 56/56/54 57/57/55
f 55/55/53 57/57/55 58/58/56
f 59/59/57 60/60/58 61/61/59
f 59/59/57 61/61/59 62/62/60
f 60/60/58 63/63/61 64/64/62
f 60/60/58 64/64/62 61/61/59
f 63/63/61 65/65/63 66/66/64
f 63/63/61 66/66/64 64/64/62
f 67/67/65 68/68/66 69/69/67
f 67/67/65 69/69/67 70/70/68
f 71/71/69 72/72/70 73/73/71
f 71/71/69 73/73/71 74/74/72
f 75/75/73 76/76/74 77/77/75
f 75/75/73 77/77/75 78/78/76
f 79/79/77 80/80/78 81/81/79
f 79/79/77 81/81/79 82/82/80
f 83/83/81 39/39/39 28/28/28
f 83/83/81 28/28/28 30/30/30
f 84/84/82 85/85/83 44/44/44
f 84/84/82 44/44/44 43/43/43
f 86/86/84 87/87/84 48/48/47
f 86/86/84 48/48/47 47/47/47
f 88/88/85 51/51/49 54/54/52
f 88/88/85 54/54/52 89/89/86
f 90/90/87 91/91/88 92/92/89
f 90/90/87 92/92/89 93/93/90
f 94/94/91 95/95/92 60/60/58
f 94/94/91 60/60/58 59/59/57
f 95/95/92 96/96/93 63/63/61
f 95/95/92 63/63/61 60/60/58
f 96/96/93 97/97/94 65/65/63
f 96/96/93 65/65/63 63/63/61
f 98/98/95 99/99/96 68/68/66
f 98/98/95 68/68/66 67/67/65
f 100/100/97 101/101/98 72/72/70
f 100/100/97 72/72/70 71/71/69
f 102/102/99 103/103/100 76/76/74
f 102/102/99 76/76/74 75/75/73
f 104/104/101 31/31/31 34/34/34
f 104/104/101 34/34/34 105/105/102
f 82/82/80 81/81/79 106/106/103
f 82/82/80 106/106/103 107/107/104
f 108/108/105 109/109/106 85/85/83
f 108/108/105 85/85/83 84/84/82
f 110/110/107 111/111/107 87/87/84
f 110/110/107 87/87/84 86/86/84
f 112/112/108 88/88/85 89/89/86
f 112/112/108 89/89/86 113/113/109
f 114/114/110 55/55/53 58/58/56
f 114/114/110 58/58/56 115/115/111
f 116/116/112 117/117/113 118/118/114
f 116/116/112 118/118/114 119/119/115
f 117/117/113 120/120/116 121/121/117
f 117/117/113 121/121/117 118/118/114
f 120/120/116 122/122/118 123/123/94
f 120/120/116 123/123/94 121/121/117
f 124/124/119 125/125/120 99/99/96
f 124/124/119 99/99/96 98/98/95
f 126/126/121 127/127/122 101/101/98
f 126/126/121 101/101/98 100/100/97
f 128/128/123 129/129/124 103/103/100
f 128/128/123 103/103/100 102/102/99
f 130/130/125 131/131/126 32/32/32
f 130/130/125 32/32/32 31/31/31
f 105/105/102 34/34/34 132/132/127
f 105/105/102 132/132/127 133/133/128
f 134/134/129 135/135/130 109/109/106
f 134/134/129 109/109/106 108/108/105
f 136/136/131 137/137/131 111/111/107
f 136/136/131 111/111/107 110/110/107
f 138/138/132 112/112/108 113/113/109
f 138/138/132 113/113/109 139/139/133
f 140/140/134 90/90/87 93/93/90
f 140/140/134 93/93/90 141/141/135
f 142/142/136 143/143/137 117/117/113
f 142/142/136 117/117/113 116/116/112
f 143/143/137 144/144/138 120/120/116
f 143/143/137 120/120/116 117/117/113
f 144/144/138 145/145/139 122/122/118
f 144/144/138 122/122/118 120/120/116
f 146/146/140 147/147/141 125/125/120
f 146/146/140 125/125/120 124/124/119
f 148/148/142 149/149/143 127/127/122
f 148/148/142 127/127/122 126/126/121
f 150/150/144 151/151/145 129/129/124
f 150/150/144 129/129/124 128/128/123
f 152/152/146 130/130/125 31/31/31
f 152/152/146 31/31/31 104/104/101
f 34/34/34 33/33/33 153/153/147
f 34/34/34 153/153/147 132/132/127
f 154/154/148 155/155/149 135/135/130
f 154/154/148 135/135/130 134/134/129
f 156/156/150 157/157/150 137/137/131
f 156/156/150 137/137/131 136/136/131
f 158/158/151 138/138/132 139/139/133
f 158/158/151 139/139/133 159/159/152
f 160/160/153 114/114/110 115/115/111
f 160/160/153 115/115/111 161/161/154
f 162/162/155 163/163/156 143/143/137
f 162/162/155 143/143/137 142/142/136
f 163/163/156 164/164/157 144/144/138
f 163/163/156 144/144/138 143/143/137
f 164/164/157 165/165/158 145/145/139
f 164/164/157 145/145/139 144/144/138
f 166/166/159 167/167/160 147/147/141
f 166/166/159 147/147/141 146/146/140
f 168/168/161 169/169/162 149/149/143
f 168/168/161 149/149/143 148/148/142
f 170/170/163 171/171/164 151/151/145
f 170/170/163 151/151/145 150/150/144
f 172/172/165 173/173/166 80/80/78
f 172/172/165 80/80/78 79/79/77
f 107/107/104 106/106/103 174/174/167
f 107/107/104 174/174/167 175/175/168
f 176/176/169 177/177/170 155/155/149
f 176/176/169 155/155/149 154/154/148
f 178/178/171 179/179/171 157/157/150
f 178/178/171 157/157/150 156/156/150
f 180/180/172 158/158/151 159/159/152
f 180/180/172 159/159/152 181/181/173
f 182/182/174 140/140/134 141/141/135
f 182/182/174 141/141/135 183/183/175
f 184/184/176 185/185/177 163/163/156
f 184/184/176 163/163/156 162/162/155
f 185/185/177 186/186/178 164/164/157
f 185/185/177 164/164/157 163/163/156
f 186/186/178 187/187/179 165/165/158
f 186/186/178 165/165/158 164/164/157
f 188/188/180 189/189/181 167/167/160
f 188/188/180 167/167/160 166/166/159
f 190/190/182 191/191/183 169/169/162
f 190/190/182 169/169/162 168/168/161
f 192/192/184 193/193/185 171/171/164
f 192/192/184 171/171/164 170/170/163
f 194/194/186 195/195/187 131/131/126
f 194/194/186 131/131/126 130/130/125
f 133/133/128 132/132/127 196/196/188
f 133/133/128 196/196/188 197/197/189
f 198/198/190 199/199/191 177/177/170
f 198/198/190 177/177/170 176/176/169
f 200/200/192 201/201/192 179/179/171
f 200/200/192 179/179/171 178/178/171
f 202/202/193 180/180/172 181/181/173
f 202/202/193 181/181/173 203/203/194
f 204/204/195 160/160/153 161/161/154
f 204/204/195 161/161/154 205/205/196
f 206/206/197 207/207/198 185/185/177
f 206/206/197 185/185/177 184/184/176
f 207/207/198 208/208/199 186/186/178
f 207/207/198 186/186/178 185/185/177
f 208/208/199 209/209/200 187/187/179
f 208/208/199 187/187/179 186/186/178
f 210/210/201 211/211/202 189/189/181
f 210/210/201 189/189/181 188/188/180
f 212/212/203 213/213/204 191/191/183
f 212/212/203 191/191/183 190/190/182
f 214/214/205 215/215/206 193/193/185
f 214/214/205 193/193/185 192/192/184
f 216/216/207 194/194/186 130/130/125
f 216/216/207 130/130/125 152/152/146
f 132/132/127 153/153/147 217/217/208
f 132/132/127 217/217/208 196/196/188
f 218/218/209 219/219/210 199/199/191
f 218/218/209 199/199/191 198/198/190
f 220/220/211 221/221/211 201/201/192
f 220/220/211 201/201/192 200/200/192
f 222/222/212 202/202/193 203/203/194
f 222/222/212 203/203/194 223/223/213
f 224/224/214 182/182/174 183/183/175
f 224/224/214 183/183/175 225/225/215
f 226/59/216 227/60/217 228/95/218
f 226/59/216 228/95/218 229/94/219
f 227/60/217 230/63/220 231/96/221
f 227/60/217 231/96/221 228/95/218
f 230/63/220 232/65/222 233/97/223
f 230/63/220 233/97/223 231/96/221
f 234/226/224 235/227/225 211/211/202
f 234/226/224 211/211/202 210/210/201
f 236/228/226 237/229/227 213/213/204
f 236/228/226 213/213/204 212/212/203
f 238/230/228 239/231/229 215/215/206
f 238/230/228 215/215/206 214/214/205
f 240/232/230 241/233/231 173/173/166
f 240/232/230 173/173/166 172/172/165
f 175/175/168 174/174/167 242/234/232
f 175/175/168 242/234/232 243/235/233
f 244/236/234 245/237/235 219/219/210
f 244/236/234 219/219/210 218/218/209
f 246/238/236 247/239/236 221/221/211
f 246/238/236 221/221/211 220/220/211
f 248/240/237 222/222/212 223/223/213
f 248/240/237 223/223/213 249/241/238
f 250/242/239 204/204/195 205/205/196
f 250/242/239 205/205/196 251/243/240
f 252/244/241 253/61/242 227/60/217
f 252/244/241 227/60/217 226/59/216
f 253/61/242 254/64/243 230/63/220
f 253/61/242 230/63/220 227/60/217
f 254/64/243 255/66/244 232/65/222
f 254/64/243 232/65/222 230/63/220
f 256/245/245 257/246/246 235/227/225
f 256/245/245 235/227/225 234/226/224
f 258/247/247 259/248/248 237/229/227
f 258/247/247 237/229/227 236/228/226
f 260/249/249 261/250/250 239/231/229
f 260/249/249 239/231/229 238/230/228
f 262/251/251 263/252/252 195/195/187
f 262/251/251 195/195/187 194/194/186
f 197/197/189 196/196/188 264/253/253
f 197/197/189 264/253/253 265/254/254
f 266/255/255 267/256/256 245/237/235
f 266/255/255 245/237/235 244/236/234
f 268/257/257 269/258/257 247/239/236
f 268/257/257 247/239/236 246/238/236
f 270/259/258 271/260/259 272/261/238
f 270/259/258 272/261/238 273/262/260
f 274/263/261 224/224/214 225/225/215
f 274/263/261 225/225/215 275/264/262
f 276/265/263 277/266/264 253/61/242
f 276/265/263 253/61/242 252/244/241
f 277/266/264 278/267/265 254/64/243
f 277/266/264 254/64/243 253/61/242
f 278/267/265 279/268/266 255/66/244
f 278/267/265 255/66/244 254/64/243
f 280/269/267 281/270/268 257/246/246
f 280/269/267 257/246/246 256/245/245
f 282/271/269 283/272/270 259/248/248
f 282/271/269 259/248/248 258/247/247
f 284/273/271 285/274/272 261/250/250
f 284/273/271 261/250/250 260/249/249
f 286/275/273 262/251/251 194/194/186
f 286/275/273 194/194/186 216/216/207
f 196/196/188 217/217/208 287/276/274
f 196/196/188 287/276/274 264/253/253
f 288/277/275 289/278/276 267/256/256
f 288/277/275 267/256/256 266/255/255
f 290/279/277 291/280/277 292/281/257
f 290/279/277 292/281/257 293/282/257
f 294/283/278 270/259/258 273/262/260
f 294/283/278 273/262/260 295/284/279
f 296/285/280 250/242/239 251/243/240
f 296/285/280 251/243/240 297/286/281
f 298/287/282 299/288/283 277/266/264
f 298/287/282 277/266/264 276/265/263
f 299/288/283 300/289/284 278/267/265
f 299/288/283 278/267/265 277/266/264
f 300/289/284 301/290/285 279/268/266
f 300/289/284 279/268/266 278/267/265
f 302/291/286 303/292/287 281/270/268
f 302/291/286 281/270/268 280/269/267
f 304/293/288 305/294/289 283/272/270
f 304/293/288 283/272/270 282/271/269
f 306/295/290 307/296/291 285/274/272
f 306/295/290 285/274/272 284/273/271
f 308/297/292 309/298/293 241/233/231
f 308/297/292 241/233/231 240/232/230
f 243/235/233 242/234/232 310/299/294
f 243/235/233 310/299/294 311/300/295
f 312/301/296 313/302/297 289/278/276
f 312/301/296 289/278/276 288/277/275
f 314/303/298 315/304/298 291/280/277
f 314/303/298 291/280/277 290/279/277
f 316/305/299 294/283/278 295/284/279
f 316/305/299 295/284/279 317/306/300
f 318/307/301 274/263/261 275/264/262
f 318/307/301 275/264/262 319/308/302
f 320/184/303 321/185/304 322/207/305
f 320/184/303 322/207/305 323/206/306
f 321/185/304 324/186/307 325/208/308
f 321/185/304 325/208/308 322/207/305
f 324/186/307 326/187/309 327/209/285
f 324/186/307 327/209/285 325/208/308
f 328/309/310 329/310/311 303/292/287
f 328/309/310 303/292/287 302/291/286
f 330/311/312 331/312/313 305/294/289
f 330/311/312 305/294/289 304/293/288
f 332/313/314 333/314/315 307/296/291
f 332/313/314 307/296/291 306/295/290
f 334/315/316 335/316/317 263/252/252
f 334/315/316 263/252/252 262/251/251
f 265/254/254 264/253/253 336/317/318
f 265/254/254 336/317/318 337/318/319
f 338/319/320 339/320/321 313/302/297
f 338/319/320 313/302/297 312/301/296
f 340/321/322 341/322/322 315/304/298
f 340/321/322 315/304/298 314/303/298
f 342/323/323 316/305/299 317/306/300
f 342/323/323 317/306/300 343/324/324
f 344/325/325 345/326/326 346/327/327
f 344/325/325 346/327/327 347/328/328
f 348/162/329 349/163/330 321/185/304
f 348/162/329 321/185/304 320/184/303
f 349/163/330 350/164/331 324/186/307
f 349/163/330 324/186/307 321/185/304
f 350/164/331 351/165/332 326/187/309
f 350/164/331 326/187/309 324/186/307
f 352/329/333 353/330/334 329/310/311
f 352/329/333 329/310/311 328/309/310
f 354/331/335 355/332/336 356/333/313
f 354/331/335 356/333/313 357/334/337
f 358/335/338 359/336/339 333/314/315
f 358/335/338 333/314/315 332/313/314
f 360/337/340 334/315/316 262/251/251
f 360/337/340 262/251/251 286/275/273
f 264/253/253 287/276/274 361/338/341
f 264/253/253 361/338/341 336/317/318
f 362/339/342 363/340/343 339/320/321
f 362/339/342 339/320/321 338/319/320
f 364/341/344 365/342/344 341/322/322
f 364/341/344 341/322/322 340/321/322
f 366/343/345 342/323/323 343/324/324
f 366/343/345 343/324/324 367/344/346
f 368/345/347 318/307/301 319/308/302
f 368/345/347 319/308/302 369/346/348
f 370/142/349 371/143/350 349/163/330
f 370/142/349 349/163/330 348/162/329
f 371/143/350 372/144/351 350/164/331
f 371/143/350 350/164/331 349/163/330
f 372/144/351 373/145/352 351/165/332
f 372/144/351 351/165/332 350/164/331
f 374/347/353 375/348/354 353/330/334
f 374/347/353 353/330/334 352/329/333
f 376/349/355 377/350/356 355/332/336
f 376/349/355 355/332/336 354/331/335
f 378/351/357 379/352/358 359/336/339
f 378/351/357 359/336/339 358/335/338
f 380/353/359 381/354/360 309/298/293
f 380/353/359 309/298/293 308/297/292
f 311/300/295 310/299/294 382/355/361
f 311/300/295 382/355/361 383/356/362
f 384/357/363 385/358/364 363/340/343
f 384/357/363 363/340/343 362/339/342
f 386/359/365 387/360/365 365/342/344
f 386/359/365 365/342/344 364/341/344
f 388/361/366 366/343/345 367/344/346
f 388/361/366 367/344/346 389/362/367
f 390/363/368 344/325/325 347/328/328
f 390/363/368 347/328/328 391/364/369
f 392/116/370 393/117/371 371/143/350
f 392/116/370 371/143/350 370/142/349
f 393/117/371 394/120/372 372/144/351
f 393/117/371 372/144/351 371/143/350
f 394/120/372 395/122/373 373/145/352
f 394/120/372 373/145/352 372/144/351
f 396/365/374 397/366/375 398/367/354
f 396/365/374 398/367/354 399/368/353
f 400/369/376 401/370/377 377/350/356
f 400/369/376 377/350/356 376/349/355
f 402/371/378 403/372/379 379/352/358
f 402/371/378 379/352/358 378/351/357
f 3/3/3 404/373/380 335/316/317
f 3/3/3 335/316/317 334/315/316
f 337/318/319 336/317/318 39/39/39
f 337/318/319 39/39/39 83/83/81
f 405/374/381 406/375/382 385/358/364
f 405/374/381 385/358/364 384/357/363
f 407/376/383 408/377/383 387/360/365
f 407/376/383 387/360/365 386/359/365
f 409/378/384 388/361/366 389/362/367
f 409/378/384 389/362/367 410/379/385
f 411/380/386 412/381/387 391/364/369
f 411/380/386 391/364/369 413/382/388
f 414/119/389 415/118/390 393/117/371
f 414/119/389 393/117/371 392/116/370
f 415/118/390 416/121/391 394/120/372
f 415/118/390 394/120/372 393/117/371
f 416/121/391 417/123/392 395/122/373
f 416/121/391 395/122/373 394/120/372
f 418/383/393 419/384/394 397/366/375
f 418/383/393 397/366/375 396/365/374
f 420/385/395 421/386/396 401/370/377
f 420/385/395 401/370/377 400/369/376
f 422/387/397 423/388/398 403/372/379
f 422/387/397 403/372/379 402/371/378
f 4/4/4 3/3/3 334/315/316
f 4/4/4 334/315/316 360/337/340
f 336/317/318 361/338/341 40/40/40
f 336/317/318 40/40/40 39/39/39
f 424/389/399 425/390/400 406/375/382
f 424/389/399 406/375/382 405/374/381
f 426/391/401 427/392/401 408/377/383
f 426/391/401 408/377/383 407/376/383
f 412/381/387 428/393/402 390/363/368
f 412/381/387 390/363/368 391/364/369
f 429/394/403 430/395/404 369/346/348
f 429/394/403 369/346/348 409/378/384
f 431/265/405 432/266/406 433/288/407
f 431/265/405 433/288/407 434/287/408
f 432/266/406 435/267/409 436/289/410
f 432/266/406 436/289/410 433/288/407
f 435/267/409 437/268/411 438/290/412
f 435/267/409 438/290/412 436/289/410
f 439/396/413 440/397/414 419/384/394
f 439/396/413 419/384/394 418/383/393
f 441/398/415 442/399/416 421/386/396
f 441/398/415 421/386/396 420/385/395
f 443/400/417 444/401/418 423/388/398
f 443/400/417 423/388/398 422/387/397
f 445/402/419 446/403/420 447/404/421
f 445/402/419 447/404/421 448/405/422
f 383/356/362 382/355/361 449/406/423
f 383/356/362 449/406/423 450/407/424
f 46/46/46 45/45/45 425/390/400
f 46/46/46 425/390/400 424/389/399
f 50/50/48 49/49/48 427/392/401
f 50/50/48 427/392/401 426/391/401
f 451/408/425 428/393/402 412/381/387
f 451/408/425 412/381/387 452/409/426
f 453/410/427 454/411/428 430/395/404
f 453/410/427 430/395/404 455/412/429
f 62/62/60 61/61/59 432/266/406
f 62/62/60 432/266/406 431/265/405
f 61/61/59 64/64/62 435/267/409
f 61/61/59 435/267/409 432/266/406
f 64/64/62 66/66/64 437/268/411
f 64/64/62 437/268/411 435/267/409
f 70/70/68 69/69/67 440/397/414
f 70/70/68 440/397/414 439/396/413
f 74/74/72 73/73/71 442/399/416
f 74/74/72 442/399/416 441/398/415
f 78/78/76 77/77/75 444/401/418
f 78/78/76 444/401/418 443/400/417
f 42/42/42 41/41/41 381/354/360
f 42/42/42 381/354/360 380/353/359
f 450/407/424 449/406/423 27/27/27
f 450/407/424 27/27/27 26/26/26
f 456/413/430 457/50/430 458/391/431
f 456/413/430 458/391/431 459/414/431
f 459/414/431 458/391/431 460/376/432
f 459/414/431 460/376/432 461/415/432
f 461/415/432 460/376/432 462/359/433
f 461/415/432 462/359/433 463/416/433
f 463/416/433 462/359/433 464/341/434
f 463/416/433 464/341/434 465/417/434
f 465/417/434 464/341/434 466/321/435
f 465/417/434 466/321/435 467/418/435
f 467/418/435 466/321/435 468/303/436
f 467/418/435 468/303/436 469/419/436
f 469/419/436 468/303/436 470/279/437
f 469/419/436 470/279/437 471/420/437
f 471/420/437 470/279/437 472/282/438
f 471/420/437 472/282/438 473/421/438
f 474/422/439 475/257/439 476/238/440
f 474/422/439 476/238/440 477/423/440
f 477/423/440 476/238/440 478/220/441
f 477/423/440 478/220/441 479/424/441
f 479/424/441 478/220/441 480/200/442
f 479/424/441 480/200/442 481/425/442
f 481/425/442 480/200/442 482/178/443
f 481/425/442 482/178/443 483/426/443
f 483/426/443 482/178/443 484/156/444
f 483/426/443 484/156/444 485/427/444
f 485/427/444 484/156/444 486/136/445
f 485/427/444 486/136/445 487/428/445
f 487/428/445 486/136/445 488/110/446
f 487/428/445 488/110/446 489/429/446
f 489/429/446 488/110/446 490/86/447
f 489/429/446 490/86/447 491/430/447
f 491/430/447 490/86/447 492/47/448
f 491/430/447 492/47/448 493/431/448
f 493/431/448 492/47/448 457/50/430
f 493/431/448 457/50/430 456/413/430
f 494/392/449 495/432/449 496/433/450
f 494/392/449 496/433/450 497/377/450
f 498/434/451 499/435/452 500/436/453
f 498/434/451 500/436/453 501/432/454
f 499/435/452 502/437/455 503/438/456
f 499/435/452 503/438/456 500/436/453
f 502/437/455 504/439/457 505/440/458
f 502/437/455 505/440/458 503/438/456
f 504/439/457 506/441/459 410/379/385
f 504/439/457 410/379/385 505/440/458
f 497/377/450 496/433/450 507/442/460
f 497/377/450 507/442/460 508/360/460
f 509/443/461 453/410/427 455/412/429
f 509/443/461 455/412/429 510/444/462
f 501/432/454 500/436/453 511/445/463
f 501/432/454 511/445/463 512/433/464
f 500/436/453 503/438/456 513/446/465
f 500/436/453 513/446/465 511/445/463
f 503/438/456 505/440/458 514/447/466
f 503/438/456 514/447/466 513/446/465
f 505/440/458 410/379/385 389/362/367
f 505/440/458 389/362/367 514/447/466
f 508/360/460 507/442/460 515/448/467
f 508/360/460 515/448/467 516/342/467
f 517/449/468 451/408/425 452/409/426
f 517/449/468 452/409/426 518/450/469
f 512/433/464 511/445/463 519/451/470
f 512/433/464 519/451/470 520/442/471
f 511/445/463 513/446/465 521/452/472
f 511/445/463 521/452/472 519/451/470
f 513/446/465 514/447/466 522/453/473
f 513/446/465 522/453/473 521/452/472
f 514/447/466 389/362/367 367/344/346
f 514/447/466 367/344/346 522/453/473
f 516/342/467 515/448/467 523/454/474
f 516/342/467 523/454/474 524/322/474
f 525/455/475 509/443/461 510/444/462
f 525/455/475 510/444/462 526/456/476
f 520/442/471 519/451/470 527/457/477
f 520/442/471 527/457/477 528/448/478
f 519/451/470 521/452/472 529/458/479
f 519/451/470 529/458/479 527/457/477
f 521/452/472 522/453/473 530/459/480
f 521/452/472 530/459/480 529/458/479
f 522/453/473 367/344/346 343/324/324
f 522/453/473 343/324/324 530/459/480
f 524/322/474 523/454/474 531/460/481
f 524/322/474 531/460/481 532/304/481
f 533/461/482 517/449/468 518/450/469
f 533/461/482 518/450/469 534/462/483
f 528/448/478 527/457/477 535/463/484
f 528/448/478 535/463/484 536/454/485
f 527/457/477 529/458/479 537/464/486
f 527/457/477 537/464/486 535/463/484
f 529/458/479 530/459/480 538/465/487
f 529/458/479 538/465/487 537/464/486
f 530/459/480 343/324/324 317/306/300
f 530/459/480 317/306/300 538/465/487
f 532/304/481 531/460/481 539/466/488
f 532/304/481 539/466/488 540/280/488
f 541/467/489 525/455/475 526/456/476
f 541/467/489 526/456/476 542/468/490
f 536/454/485 535/463/484 543/469/491
f 536/454/485 543/469/491 544/460/492
f 535/463/484 537/464/486 545/470/493
f 535/463/484 545/470/493 543/469/491
f 537/464/486 538/465/487 546/471/494
f 537/464/486 546/471/494 545/470/493
f 538/465/487 317/306/300 295/284/279
f 538/465/487 295/284/279 546/471/494
f 540/280/488 539/466/488 547/472/495
f 540/280/488 547/472/495 548/281/495
f 549/473/496 533/461/482 534/462/483
f 549/473/496 534/462/483 550/474/497
f 544/460/492 543/469/491 551/475/498
f 544/460/492 551/475/498 552/466/499
f 543/469/491 545/470/493 553/476/500
f 543/469/491 553/476/500 551/475/498
f 545/470/493 546/471/494 554/477/501
f 545/470/493 554/477/501 553/476/500
f 546/471/494 295/284/279 273/262/260
f 546/471/494 273/262/260 554/477/501
f 555/258/495 556/478/495 557/479/502
f 555/258/495 557/479/502 558/239/502
f 559/480/503 541/467/489 542/468/490
f 559/480/503 542/468/490 560/481/504
f 552/466/499 551/475/498 561/482/505
f 552/466/499 561/482/505 562/472/506
f 551/475/498 553/476/500 563/483/507
f 551/475/498 563/483/507 561/482/505
f 553/476/500 554/477/501 564/484/508
f 553/476/500 564/484/508 563/483/507
f 554/477/501 273/262/260 272/261/238
f 554/477/501 272/261/238 564/484/508
f 558/239/502 557/479/502 565/485/509
f 558/239/502 565/485/509 566/221/509
f 567/486/510 549/473/496 550/474/497
f 567/486/510 550/474/497 568/487/511
f 569/478/512 570/488/513 571/489/514
f 569/478/512 571/489/514 572/479/515
f 570/488/513 573/490/516 574/491/517
f 570/488/513 574/491/517 571/489/514
f 573/490/516 575/492/518 576/493/519
f 573/490/516 576/493/519 574/491/517
f 575/492/518 249/241/238 223/223/213
f 575/492/518 223/223/213 576/493/519
f 566/221/509 565/485/509 577/494/520
f 566/221/509 577/494/520 578/201/520
f 579/495/521 559/480/503 560/481/504
f 579/495/521 560/481/504 580/496/522
f 572/479/515 571/489/514 581/497/523
f 572/479/515 581/497/523 582/485/524
f 571/489/514 574/491/517 583/498/525
f 571/489/514 583/498/525 581/497/523
f 574/491/517 576/493/519 584/499/526
f 574/491/517 584/499/526 583/498/525
f 576/493/519 223/223/213 203/203/194
f 576/493/519 203/203/194 584/499/526
f 578/201/520 577/494/520 585/500/527
f 578/201/520 585/500/527 586/179/527
f 587/501/528 567/486/510 568/487/511
f 587/501/528 568/487/511 588/502/529
f 582/485/524 581/497/523 589/503/530
f 582/485/524 589/503/530 590/494/531
f 581/497/523 583/498/525 591/504/532
f 581/497/523 591/504/532 589/503/530
f 583/498/525 584/499/526 592/505/533
f 583/498/525 592/505/533 591/504/532
f 584/499/526 203/203/194 181/181/173
f 584/499/526 181/181/173 592/505/533
f 586/179/527 585/500/527 593/506/534
f 586/179/527 593/506/534 594/157/534
f 595/507/535 579/495/521 580/496/522
f 595/507/535 580/496/522 596/508/536
f 590/494/531 589/503/530 597/509/537
f 590/494/531 597/509/537 598/500/538
f 589/503/530 591/504/532 599/510/539
f 589/503/530 599/510/539 597/509/537
f 591/504/532 592/505/533 600/511/540
f 591/504/532 600/511/540 599/510/539
f 592/505/533 181/181/173 159/159/152
f 592/505/533 159/159/152 600/511/540
f 594/157/534 593/506/534 601/512/541
f 594/157/534 601/512/541 602/137/541
f 603/513/542 587/501/528 588/502/529
f 603/513/542 588/502/529 604/514/543
f 598/500/538 597/509/537 605/515/544
f 598/500/538 605/515/544 606/506/545
f 597/509/537 599/510/539 607/516/546
f 597/509/537 607/516/546 605/515/544
f 599/510/539 600/511/540 608/517/547
f 599/510/539 608/517/547 607/516/546
f 600/511/540 159/159/152 139/139/133
f 600/511/540 139/139/133 608/517/547
f 602/137/541 601/512/541 609/518/548
f 602/137/541 609/518/548 610/111/548
f 611/519/549 595/507/535 596/508/536
f 611/519/549 596/508/536 612/520/550
f 606/506/545 605/515/544 613/521/551
f 606/506/545 613/521/551 614/512/552
f 605/515/544 607/516/546 615/522/553
f 605/515/544 615/522/553 613/521/551
f 607/516/546 608/517/547 616/523/554
f 607/516/546 616/523/554 615/522/553
f 608/517/547 139/139/133 113/113/109
f 608/517/547 113/113/109 616/523/554
f 610/111/548 609/518/548 617/524/555
f 610/111/548 617/524/555 618/87/555
f 619/525/556 603/513/542 604/514/543
f 619/525/556 604/514/543 620/526/557
f 614/512/552 613/521/551 621/527/558
f 614/512/552 621/527/558 622/518/559
f 613/521/551 615/522/553 623/528/560
f 613/521/551 623/528/560 621/527/558
f 615/522/553 616/523/554 624/529/561
f 615/522/553 624/529/561 623/528/560
f 616/523/554 113/113/109 89/89/86
f 616/523/554 89/89/86 624/529/561
f 618/87/555 617/524/555 625/530/562
f 618/87/555 625/530/562 626/48/562
f 627/531/563 611/519/549 612/520/550
f 627/531/563 612/520/550 628/532/564
f 622/518/559 621/527/558 629/533/565
f 622/518/559 629/533/565 630/524/566
f 621/527/558 623/528/560 631/534/567
f 621/527/558 631/534/567 629/533/565
f 623/528/560 624/529/561 632/535/568
f 623/528/560 632/535/568 631/534/567
f 624/529/561 89/89/86 54/54/52
f 624/529/561 54/54/52 632/535/568
f 626/48/562 625/530/562 633/434/569
f 626/48/562 633/434/569 634/49/569
f 56/56/54 619/525/556 620/526/557
f 56/56/54 620/526/557 57/57/55
f 630/524/566 629/533/565 635/536/570
f 630/524/566 635/536/570 636/530/571
f 629/533/565 631/534/567 637/537/572
f 629/533/565 637/537/572 635/536/570
f 631/534/567 632/535/568 638/538/573
f 631/534/567 638/538/573 637/537/572
f 632/535/568 54/54/52 53/53/51
f 632/535/568 53/53/51 638/538/573
f 52/52/50 429/394/403 506/441/459
f 52/52/50 506/441/459 53/53/51
f 639/539/88 627/531/563 628/532/564
f 639/539/88 628/532/564 640/540/574
f 636/530/571 635/536/570 499/435/452
f 636/530/571 499/435/452 498/434/451
f 635/536/570 637/537/572 502/437/455
f 635/536/570 502/437/455 499/435/452
f 637/537/572 638/538/573 504/439/457
f 637/537/572 504/439/457 502/437/455
f 638/538/573 53/53/51 506/441/459
f 638/538/573 506/441/459 504/439/457
f 634/49/569 633/434/569 495/432/449
f 634/49/569 495/432/449 494/392/449
f 641/541/575 642/542/576 643/543/577
f 641/541/575 643/543/577 644/544/578
f 645/545/579 62/62/60 431/265/405
f 645/545/579 431/265/405 646/546/580
f 644/544/578 643/543/577 647/547/581
f 644/544/578 647/547/581 648/548/582
f 646/546/580 431/265/405 434/287/408
f 646/546/580 434/287/408 649/549/583
f 650/550/584 651/551/585 652/552/586
f 650/550/584 652/552/586 653/553/587
f 654/554/588 414/119/389 392/116/370
f 654/554/588 392/116/370 655/555/589
f 653/553/587 652/552/586 656/556/590
f 653/553/587 656/556/590 657/557/591
f 655/555/589 392/116/370 370/142/349
f 655/555/589 370/142/349 658/558/592
f 657/557/591 656/556/590 659/559/593
f 657/557/591 659/559/593 660/560/594
f 658/558/592 370/142/349 348/162/329
f 658/558/592 348/162/329 661/561/595
f 660/560/594 659/559/593 662/562/596
f 660/560/594 662/562/596 663/563/597
f 661/561/595 348/162/329 320/184/303
f 661/561/595 320/184/303 664/564/598
f 663/563/597 662/562/596 665/565/599
f 663/563/597 665/565/599 666/566/600
f 664/564/598 320/184/303 323/206/306
f 664/564/598 323/206/306 667/567/601
f 668/548/602 669/547/603 670/543/604
f 668/548/602 670/543/604 671/544/605
f 672/549/606 298/287/282 276/265/263
f 672/549/606 276/265/263 673/546/607
f 671/544/605 670/543/604 674/542/608
f 671/544/605 674/542/608 675/541/609
f 673/546/607 276/265/263 252/244/241
f 673/546/607 252/244/241 676/568/610
f 675/541/609 674/542/608 677/569/611
f 675/541/609 677/569/611 678/570/612
f 676/568/610 252/244/241 226/59/216
f 676/568/610 226/59/216 679/571/613
f 678/570/612 677/569/611 680/572/614
f 678/570/612 680/572/614 681/573/615
f 679/571/613 226/59/216 229/94/219
f 679/571/613 229/94/219 682/574/616
f 683/566/617 684/565/618 685/562/619
f 683/566/617 685/562/619 686/563/620
f 687/567/621 206/206/197 184/184/176
f 687/567/621 184/184/176 688/564/622
f 686/563/620 685/562/619 689/559/623
f 686/563/620 689/559/623 690/560/624
f 688/564/622 184/184/176 162/162/155
f 688/564/622 162/162/155 691/561/625
f 690/560/624 689/559/623 692/556/626
f 690/560/624 692/556/626 693/557/627
f 691/561/625 162/162/155 142/142/136
f 691/561/625 142/142/136 694/558/628
f 693/557/627 692/556/626 695/552/629
f 693/557/627 695/552/629 696/553/630
f 694/558/628 142/142/136 116/116/112
f 694/558/628 116/116/112 697/555/631
f 696/553/630 695/552/629 698/551/632
f 696/553/630 698/551/632 699/550/633
f 697/555/631 116/116/112 119/119/115
f 697/555/631 119/119/115 700/554/634
f 701/573/635 702/572/636 703/569/637
f 701/573/635 703/569/637 704/570/638
f 705/574/639 94/94/91 59/59/57
f 705/574/639 59/59/57 706/571/640
f 704/570/638 703/569/637 642/542/576
f 704/570/638 642/542/576 641/541/575
f 706/571/640 59/59/57 62/62/60
f 706/571/640 62/62/60 645/545/579
f 455/412/429 430/395/404 429/394/403
f 455/412/429 429/394/403 52/52/50
f 506/441/459 429/394/403 409/378/384
f 506/441/459 409/378/384 410/379/385
f 369/346/348 319/308/302 388/361/366
f 369/346/348 388/361/366 409/378/384
f 319/308/302 275/264/262 366/343/345
f 319/308/302 366/343/345 388/361/366
f 275/264/262 225/225/215 342/323/323
f 275/264/262 342/323/323 366/343/345
f 225/225/215 183/183/175 316/305/299
f 225/225/215 316/305/299 342/323/323
f 183/183/175 141/141/135 294/283/278
f 183/183/175 294/283/278 316/305/299
f 141/141/135 93/93/90 270/259/258
f 141/141/135 270/259/258 294/283/278
f 93/93/90 92/92/89 271/260/259
f 93/93/90 271/260/259 270/259/258
f 640/540/574 628/532/564 222/222/212
f 640/540/574 222/222/212 248/240/237
f 628/532/564 612/520/550 202/202/193
f 628/532/564 202/202/193 222/222/212
f 612/520/550 596/508/536 180/180/172
f 612/520/550 180/180/172 202/202/193
f 596/508/536 580/496/522 158/158/151
f 596/508/536 158/158/151 180/180/172
f 580/496/522 560/481/504 138/138/132
f 580/496/522 138/138/132 158/158/151
f 560/481/504 542/468/490 112/112/108
f 560/481/504 112/112/108 138/138/132
f 542/468/490 526/456/476 88/88/85
f 542/468/490 88/88/85 112/112/108
f 526/456/476 510/444/462 51/51/49
f 526/456/476 51/51/49 88/88/85
f 510/444/462 455/412/429 52/52/50
f 510/444/462 52/52/50 51/51/49
f 707/575/641 708/576/642 709/577/643
f 707/575/641 709/577/643 710/578/644
f 708/576/642 711/579/645 712/580/646
f 708/576/642 712/580/646 709/577/643
f 711/579/645 713/581/647 714/582/648
f 711/579/645 714/582/648 712/580/646
f 713/581/647 715/583/649 716/584/650
f 713/581/647 716/584/650 714/582/648
f 715/583/649 717/585/651 718/586/652
f 715/583/649 718/586/652 716/584/650
f 717/585/651 719/587/653 720/588/654
f 717/585/651 720/588/654 718/586/652
f 719/587/653 721/589/655 722/590/656
f 719/587/653 722/590/656 720/588/654
f 721/589/655 723/591/657 724/592/658
f 721/589/655 724/592/658 722/590/656
f 723/591/657 725/593/659 726/594/660
f 723/591/657 726/594/660 724/592/658
f 725/593/659 727/595/661 728/596/662
f 725/593/659 728/596/662 726/594/660
f 430/395/404 454/411/428 368/345/347
f 430/395/404 368/345/347 369/346/348
f 729/597/663 730/598/664 731/599/665
f 729/597/663 731/599/665 732/600/666
f 730/598/664 733/601/667 734/602/668
f 730/598/664 734/602/668 731/599/665
f 735/603/667 736/604/669 737/605/670
f 735/603/667 737/605/670 738/606/671
f 736/604/669 739/607/672 740/608/673
f 736/604/669 740/608/673 737/605/670
f 739/607/672 741/609/674 742/610/675
f 739/607/672 742/610/675 740/608/673
f 741/609/674 743/611/676 744/612/677
f 741/609/674 744/612/677 742/610/675
f 743/611/676 707/575/641 710/578/644
f 743/611/676 710/578/644 744/612/677
f 66/66/64 745/613/678 746/614/679
f 66/66/64 746/614/679 437/268/411
f 747/615/680 748/616/681 749/617/682
f 747/615/680 749/617/682 750/618/683
f 748/616/681 751/619/684 752/620/685
f 748/616/681 752/620/685 749/617/682
f 437/268/411 746/614/679 753/621/686
f 437/268/411 753/621/686 438/290/412
f 750/618/683 749/617/682 754/622/687
f 750/618/683 754/622/687 755/623/688
f 749/617/682 752/620/685 756/624/689
f 749/617/682 756/624/689 754/622/687
f 417/123/392 757/625/690 758/626/691
f 417/123/392 758/626/691 395/122/373
f 755/623/688 754/622/687 759/627/692
f 755/623/688 759/627/692 760/628/693
f 754/622/687 756/624/689 761/629/694
f 754/622/687 761/629/694 759/627/692
f 395/122/373 758/626/691 762/630/695
f 395/122/373 762/630/695 373/145/352
f 760/628/693 759/627/692 763/631/696
f 760/628/693 763/631/696 764/632/697
f 759/627/692 761/629/694 765/633/698
f 759/627/692 765/633/698 763/631/696
f 373/145/352 762/630/695 766/634/699
f 373/145/352 766/634/699 351/165/332
f 767/635/700 768/636/701 769/637/702
f 767/635/700 769/637/702 770/638/703
f 768/636/701 771/639/704 772/640/705
f 768/636/701 772/640/705 769/637/702
f 351/165/332 766/634/699 773/641/706
f 351/165/332 773/641/706 326/187/309
f 770/638/703 769/637/702 774/642/707
f 770/638/703 774/642/707 775/643/708
f 769/637/702 772/640/705 776/644/709
f 769/637/702 776/644/709 774/642/707
f 326/187/309 773/641/706 777/645/710
f 326/187/309 777/645/710 327/209/285
f 775/643/708 774/642/707 778/646/711
f 775/643/708 778/646/711 779/647/712
f 774/642/707 776/644/709 780/648/713
f 774/642/707 780/648/713 778/646/711
f 301/290/285 781/621/714 782/614/715
f 301/290/285 782/614/715 279/268/266
f 779/647/712 778/646/711 783/649/716
f 779/647/712 783/649/716 784/650/717
f 778/646/711 780/648/713 785/651/718
f 778/646/711 785/651/718 783/649/716
f 279/268/266 782/614/715 786/652/719
f 279/268/266 786/652/719 255/66/244
f 784/650/717 783/649/716 787/653/720
f 784/650/717 787/653/720 788/654/721
f 783/649/716 785/651/718 789/655/722
f 783/649/716 789/655/722 787/653/720
f 255/66/244 786/652/719 790/656/723
f 255/66/244 790/656/723 232/65/222
f 788/654/721 787/653/720 791/657/724
f 788/654/721 791/657/724 792/658/725
f 787/653/720 789/655/722 793/659/726
f 787/653/720 793/659/726 791/657/724
f 232/65/222 790/656/723 794/660/727
f 232/65/222 794/660/727 233/97/223
f 792/658/725 791/657/724 795/661/728
f 792/658/725 795/661/728 796/662/729
f 791/657/724 793/659/726 797/663/730
f 791/657/724 797/663/730 795/661/728
f 209/209/200 798/645/731 799/641/732
f 209/209/200 799/641/732 187/187/179
f 796/662/729 795/661/728 800/664/733
f 796/662/729 800/664/733 801/665/734
f 795/661/728 797/663/730 802/666/735
f 795/661/728 802/666/735 800/664/733
f 187/187/179 799/641/732 803/634/736
f 187/187/179 803/634/736 165/165/158
f 801/665/734 800/664/733 804/667/737
f 801/665/734 804/667/737 805/668/738
f 800/664/733 802/666/735 806/669/739
f 800/664/733 806/669/739 804/667/737
f 165/165/158 803/634/736 807/630/740
f 165/165/158 807/630/740 145/145/139
f 805/668/738 804/667/737 808/670/741
f 805/668/738 808/670/741 809/671/742
f 804/667/737 806/669/739 810/672/743
f 804/667/737 810/672/743 808/670/741
f 145/145/139 807/630/740 811/626/744
f 145/145/139 811/626/744 122/122/118
f 809/671/742 808/670/741 812/673/745
f 809/671/742 812/673/745 813/674/746
f 808/670/741 810/672/743 814/675/747
f 808/670/741 814/675/747 812/673/745
f 122/122/118 811/626/744 815/625/748
f 122/122/118 815/625/748 123/123/94
f 813/674/746 812/673/745 816/676/749
f 813/674/746 816/676/749 817/677/750
f 812/673/745 814/675/747 818/678/751
f 812/673/745 818/678/751 816/676/749
f 97/97/94 819/660/752 820/656/753
f 97/97/94 820/656/753 65/65/63
f 817/677/750 816/676/749 821/679/754
f 817/677/750 821/679/754 822/680/755
f 816/676/749 818/678/751 823/681/756
f 816/676/749 823/681/756 821/679/754
f 65/65/63 820/656/753 745/613/678
f 65/65/63 745/613/678 66/66/64
f 822/680/755 821/679/754 748/616/681
f 822/680/755 748/616/681 747/615/680
f 821/679/754 823/681/756 751/619/684
f 821/679/754 751/619/684 748/616/681
f 824/69/757 825/682/757 826/683/758
f 824/69/757 826/683/758 827/397/758
f 828/684/759 829/685/760 830/686/761
f 828/684/759 830/686/761 831/687/762
f 832/688/763 833/689/764 834/690/765
f 832/688/763 834/690/765 835/691/766
f 833/689/764 74/74/72 441/398/415
f 833/689/764 441/398/415 834/690/765
f 827/397/758 826/683/758 836/692/767
f 827/397/758 836/692/767 837/384/767
f 831/687/762 830/686/761 838/693/768
f 831/687/762 838/693/768 839/694/769
f 835/691/766 834/690/765 840/695/770
f 835/691/766 840/695/770 841/696/771
f 834/690/765 441/398/415 420/385/395
f 834/690/765 420/385/395 840/695/770
f 837/384/767 836/692/767 842/697/772
f 837/384/767 842/697/772 843/366/772
f 839/694/769 838/693/768 844/698/773
f 839/694/769 844/698/773 845/699/774
f 841/696/771 840/695/770 846/700/775
f 841/696/771 846/700/775 847/701/776
f 840/695/770 420/385/395 400/369/376
f 840/695/770 400/369/376 846/700/775
f 843/366/772 842/697/772 848/702/777
f 843/366/772 848/702/777 849/367/777
f 845/699/774 844/698/773 850/703/778
f 845/699/774 850/703/778 851/704/779
f 847/701/776 846/700/775 852/705/780
f 847/701/776 852/705/780 853/706/781
f 846/700/775 400/369/376 376/349/355
f 846/700/775 376/349/355 852/705/780
f 854/348/777 855/707/777 856/708/782
f 854/348/777 856/708/782 857/330/782
f 851/704/779 850/703/778 858/709/783
f 851/704/779 858/709/783 859/710/784
f 853/706/781 852/705/780 860/711/785
f 853/706/781 860/711/785 861/712/786
f 852/705/780 376/349/355 354/331/335
f 852/705/780 354/331/335 860/711/785
f 857/330/782 856/708/782 862/713/787
f 857/330/782 862/713/787 863/310/787
f 859/710/784 858/709/783 864/714/788
f 859/710/784 864/714/788 865/715/789
f 861/712/786 860/711/785 866/716/790
f 861/712/786 866/716/790 867/717/791
f 860/711/785 354/331/335 357/334/337
f 860/711/785 357/334/337 866/716/790
f 863/310/787 862/713/787 868/718/792
f 863/310/787 868/718/792 869/292/792
f 870/719/793 871/720/794 872/721/795
f 870/719/793 872/721/795 873/722/796
f 874/723/797 875/724/798 876/725/799
f 874/723/797 876/725/799 877/726/800
f 875/724/798 330/311/312 304/293/288
f 875/724/798 304/293/288 876/725/799
f 869/292/792 868/718/792 878/727/801
f 869/292/792 878/727/801 879/270/801
f 873/722/796 872/721/795 880/728/802
f 873/722/796 880/728/802 881/729/803
f 877/726/800 876/725/799 882/730/804
f 877/726/800 882/730/804 883/731/805
f 876/725/799 304/293/288 282/271/269
f 876/725/799 282/271/269 882/730/804
f 879/270/801 878/727/801 884/732/806
f 879/270/801 884/732/806 885/246/806
f 881/729/803 880/728/802 886/733/807
f 881/729/803 886/733/807 887/734/808
f 883/731/805 882/730/804 888/735/809
f 883/731/805 888/735/809 889/736/810
f 882/730/804 282/271/269 258/247/247
f 882/730/804 258/247/247 888/735/809
f 885/246/806 884/732/806 890/737/811
f 885/246/806 890/737/811 891/227/811
f 887/734/808 886/733/807 892/738/812
f 887/734/808 892/738/812 893/739/813
f 889/736/810 888/735/809 894/740/814
f 889/736/810 894/740/814 895/741/815
f 888/735/809 258/247/247 236/228/226
f 888/735/809 236/228/226 894/740/814
f 891/227/811 890/737/811 896/742/816
f 891/227/811 896/742/816 897/211/816
f 893/739/813 892/738/812 898/743/817
f 893/739/813 898/743/817 899/744/818
f 895/741/815 894/740/814 900/745/819
f 895/741/815 900/745/819 901/746/820
f 894/740/814 236/228/226 212/212/203
f 894/740/814 212/212/203 900/745/819
f 897/211/816 896/742/816 902/747/821
f 897/211/816 902/747/821 903/189/821
f 899/744/818 898/743/817 904/748/822
f 899/744/818 904/748/822 905/749/823
f 901/746/820 900/745/819 906/750/824
f 901/746/820 906/750/824 907/751/825
f 900/745/819 212/212/203 190/190/182
f 900/745/819 190/190/182 906/750/824
f 903/189/821 902/747/821 908/752/826
f 903/189/821 908/752/826 909/167/826
f 905/749/823 904/748/822 910/753/827
f 905/749/823 910/753/827 911/754/828
f 907/751/825 906/750/824 912/755/829
f 907/751/825 912/755/829 913/756/830
f 906/750/824 190/190/182 168/168/161
f 906/750/824 168/168/161 912/755/829
f 909/167/826 908/752/826 914/757/831
f 909/167/826 914/757/831 915/147/831
f 911/754/828 910/753/827 916/758/832
f 911/754/828 916/758/832 917/759/833
f 913/756/830 912/755/829 918/760/834
f 913/756/830 918/760/834 919/761/835
f 912/755/829 168/168/161 148/148/142
f 912/755/829 148/148/142 918/760/834
f 915/147/831 914/757/831 920/762/836
f 915/147/831 920/762/836 921/125/836
f 917/759/833 916/758/832 922/763/837
f 917/759/833 922/763/837 923/764/838
f 919/761/835 918/760/834 924/765/839
f 919/761/835 924/765/839 925/766/840
f 918/760/834 148/148/142 126/126/121
f 918/760/834 126/126/121 924/765/839
f 921/125/836 920/762/836 926/767/841
f 921/125/836 926/767/841 927/99/841
f 923/764/838 922/763/837 928/768/842
f 923/764/838 928/768/842 929/769/843
f 925/766/840 924/765/839 930/770/844
f 925/766/840 930/770/844 931/771/845
f 924/765/839 126/126/121 100/100/97
f 924/765/839 100/100/97 930/770/844
f 927/99/841 926/767/841 932/772/846
f 927/99/841 932/772/846 933/68/846
f 929/769/843 928/768/842 934/773/847
f 929/769/843 934/773/847 935/774/848
f 931/771/845 930/770/844 936/775/849
f 931/771/845 936/775/849 937/776/850
f 930/770/844 100/100/97 71/71/69
f 930/770/844 71/71/69 936/775/849
f 933/68/846 932/772/846 825/682/757
f 933/68/846 825/682/757 824/69/757
f 935/774/848 934/773/847 829/685/760
f 935/774/848 829/685/760 828/684/759
f 937/776/850 936/775/849 833/689/764
f 937/776/850 833/689/764 832/688/763
f 936/775/849 71/71/69 74/74/72
f 936/775/849 74/74/72 833/689/764
f 2/2/2 7/7/7 404/373/380
f 2/2/2 404/373/380 3/3/3
f 938/777/851 939/778/852 940/779/853
f 938/777/851 940/779/853 941/780/854
f 942/781/855 943/782/856 944/783/857
f 942/781/855 944/783/857 945/784/858
f 946/785/859 947/786/860 948/787/861
f 946/785/859 948/787/861 949/788/862
f 950/789/863 951/790/864 952/791/865
f 950/789/863 952/791/865 953/792/866
f 954/793/867 955/794/868 956/795/869
f 954/793/867 956/795/869 957/796/870
f 958/797/871 959/798/872 960/799/873
f 958/797/871 960/799/873 961/800/874
f 962/801/875 445/402/419 448/405/422
f 962/801/875 448/405/422 963/802/876
f 964/803/877 938/777/851 941/780/854
f 964/803/877 941/780/854 965/804/878
f 966/805/879 942/781/855 945/784/858
f 966/805/879 945/784/858 967/806/880
f 968/807/881 946/785/859 949/788/862
f 968/807/881 949/788/862 969/808/882
f 943/782/856 950/789/863 953/792/866
f 943/782/856 953/792/866 944/783/857
f 446/403/420 954/793/867 957/796/870
f 446/403/420 957/796/870 447/404/421
f 970/809/883 958/797/871 961/800/874
f 970/809/883 961/800/874 971/810/884
f 947/786/860 962/801/875 963/802/876
f 947/786/860 963/802/876 948/787/861
f 951/790/864 964/803/877 965/804/878
f 951/790/864 965/804/878 952/791/865
f 955/794/868 966/805/879 967/806/880
f 955/794/868 967/806/880 956/795/869
f 959/798/872 968/807/881 969/808/882
f 959/798/872 969/808/882 960/799/873
f 972/811/885 973/812/886 974/813/887
f 972/811/885 974/813/887 975/814/888
f 976/815/889 977/816/890 973/812/886
f 976/815/889 973/812/886 972/811/885
f 978/817/891 979/818/892 977/816/890
f 978/817/891 977/816/890 976/815/889
f 980/819/893 981/820/894 979/818/892
f 980/819/893 979/818/892 978/817/891
f 982/821/895 983/822/896 981/820/894
f 982/821/895 981/820/894 980/819/893
f 984/823/897 985/824/898 983/822/896
f 984/823/897 983/822/896 982/821/895
f 986/825/899 987/826/900 985/824/898
f 986/825/899 985/824/898 984/823/897
f 988/827/901 989/828/902 987/826/900
f 988/827/901 987/826/900 986/825/899
f 990/829/903 991/830/904 989/828/902
f 990/829/903 989/828/902 988/827/901
f 992/831/905 993/832/906 991/830/904
f 992/831/905 991/830/904 990/829/903
f 994/833/907 995/834/908 993/832/906
f 994/833/907 993/832/906 992/831/905
f 996/835/909 997/836/910 995/834/908
f 996/835/909 995/834/908 994/833/907
f 998/837/911 999/838/912 997/836/910
f 998/837/911 997/836/910 996/835/909
f 1000/839/913 1001/840/914 999/838/912
f 1000/839/913 999/838/912 998/837/911
f 1002/841/915 1003/842/916 1004/843/917
f 1002/841/915 1004/843/917 1005/844/918
f 1006/845/919 1007/846/920 1003/842/916
f 1006/845/919 1003/842/916 1002/841/915
f 1008/847/921 1009/848/922 1007/846/920
f 1008/847/921 1007/846/920 1006/845/919
f 975/814/888 974/813/887 1009/848/922
f 975/814/888 1009/848/922 1008/847/921
f 751/619/684 70/70/68 439/396/413
f 751/619/684 439/396/413 752/620/685
f 752/620/685 439/396/413 418/383/393
f 752/620/685 418/383/393 756/624/689
f 756/624/689 418/383/393 396/365/374
f 756/624/689 396/365/374 761/629/694
f 761/629/694 396/365/374 399/368/353
f 761/629/694 399/368/353 765/633/698
f 771/639/704 374/347/353 352/329/333
f 771/639/704 352/329/333 772/640/705
f 772/640/705 352/329/333 328/309/310
f 772/640/705 328/309/310 776/644/709
f 776/644/709 328/309/310 302/291/286
f 776/644/709 302/291/286 780/648/713
f 780/648/713 302/291/286 280/269/267
f 780/648/713 280/269/267 785/651/718
f 785/651/718 280/269/267 256/245/245
f 785/651/718 256/245/245 789/655/722
f 789/655/722 256/245/245 234/226/224
f 789/655/722 234/226/224 793/659/726
f 793/659/726 234/226/224 210/210/201
f 793/659/726 210/210/201 797/663/730
f 797/663/730 210/210/201 188/188/180
f 797/663/730 188/188/180 802/666/735
f 802/666/735 188/188/180 166/166/159
f 802/666/735 166/166/159 806/669/739
f 806/669/739 166/166/159 146/146/140
f 806/669/739 146/146/140 810/672/743
f 810/672/743 146/146/140 124/124/119
f 810/672/743 124/124/119 814/675/747
f 814/675/747 124/124/119 98/98/95
f 814/675/747 98/98/95 818/678/751
f 818/678/751 98/98/95 67/67/65
f 818/678/751 67/67/65 823/681/756
f 823/681/756 67/67/65 70/70/68
f 823/681/756 70/70/68 751/619/684
f 973/812/886 822/680/755 747/615/680
f 973/812/886 747/615/680 974/813/887
f 977/816/890 817/677/750 822/680/755
f 977/816/890 822/680/755 973/812/886
f 979/818/892 813/674/746 817/677/750
f 979/818/892 817/677/750 977/816/890
f 981/820/894 809/671/742 813/674/746
f 981/820/894 813/674/746 979/818/892
f 983/822/896 805/668/738 809/671/742
f 983/822/896 809/671/742 981/820/894
f 985/824/898 801/665/734 805/668/738
f 985/824/898 805/668/738 983/822/896
f 987/826/900 796/662/729 801/665/734
f 987/826/900 801/665/734 985/824/898
f 989/828/902 792/658/725 796/662/729
f 989/828/902 796/662/729 987/826/900
f 991/830/904 788/654/721 792/658/725
f 991/830/904 792/658/725 989/828/902
f 993/832/906 784/650/717 788/654/721
f 993/832/906 788/654/721 991/830/904
f 995/834/908 779/647/712 784/650/717
f 995/834/908 784/650/717 993/832/906
f 997/836/910 775/643/708 779/647/712
f 997/836/910 779/647/712 995/834/908
f 999/838/912 770/638/703 775/643/708
f 999/838/912 775/643/708 997/836/910
f 1001/840/914 767/635/700 770/638/703
f 1001/840/914 770/638/703 999/838/912
f 1003/842/916 760/628/693 764/632/697
f 1003/842/916 764/632/697 1004/843/917
f 1007/846/920 755/623/688 760/628/693
f 1007/846/920 760/628/693 1003/842/916
f 1009/848/922 750/618/683 755/623/688
f 1009/848/922 755/623/688 1007/846/920
f 974/813/887 747/615/680 750/618/683
f 974/813/887 750/618/683 1009/848/922
f 404/373/380 1010/849/923 1011/850/924
f 404/373/380 1011/850/924 335/316/317
f 1010/849/923 78/78/76 443/400/417
f 1010/849/923 443/400/417 1011/850/924
f 335/316/317 1011/850/924 1012/851/925
f 335/316/317 1012/851/925 263/252/252
f 1011/850/924 443/400/417 422/387/397
f 1011/850/924 422/387/397 1012/851/925
f 263/252/252 1012/851/925 1013/852/926
f 263/252/252 1013/852/926 195/195/187
f 1012/851/925 422/387/397 402/371/378
f 1012/851/925 402/371/378 1013/852/926
f 195/195/187 1013/852/926 1014/853/927
f 195/195/187 1014/853/927 131/131/126
f 1013/852/926 402/371/378 378/351/357
f 1013/852/926 378/351/357 1014/853/927
f 131/131/126 1014/853/927 1015/854/928
f 131/131/126 1015/854/928 32/32/32
f 1014/853/927 378/351/357 358/335/338
f 1014/853/927 358/335/338 1015/854/928
f 32/32/32 1015/854/928 1016/855/929
f 32/32/32 1016/855/929 33/33/33
f 1015/854/928 358/335/338 332/313/314
f 1015/854/928 332/313/314 1016/855/929
f 33/33/33 1016/855/929 1017/856/930
f 33/33/33 1017/856/930 153/153/147
f 1016/855/929 332/313/314 306/295/290
f 1016/855/929 306/295/290 1017/856/930
f 153/153/147 1017/856/930 1018/857/931
f 153/153/147 1018/857/931 217/217/208
f 1017/856/930 306/295/290 284/273/271
f 1017/856/930 284/273/271 1018/857/931
f 217/217/208 1018/857/931 1019/858/932
f 217/217/208 1019/858/932 287/276/274
f 1018/857/931 284/273/271 260/249/249
f 1018/857/931 260/249/249 1019/858/932
f 287/276/274 1019/858/932 1020/859/933
f 287/276/274 1020/859/933 361/338/341
f 1019/858/932 260/249/249 238/230/228
f 1019/858/932 238/230/228 1020/859/933
f 361/338/341 1020/859/933 1021/860/934
f 361/338/341 1021/860/934 40/40/40
f 1020/859/933 238/230/228 214/214/205
f 1020/859/933 214/214/205 1021/860/934
f 40/40/40 1021/860/934 1022/861/935
f 40/40/40 1022/861/935 29/29/29
f 1021/860/934 214/214/205 192/192/184
f 1021/860/934 192/192/184 1022/861/935
f 29/29/29 1022/861/935 1023/862/936
f 29/29/29 1023/862/936 24/24/24
f 1022/861/935 192/192/184 170/170/163
f 1022/861/935 170/170/163 1023/862/936
f 24/24/24 1023/862/936 1024/863/937
f 24/24/24 1024/863/937 19/19/19
f 1023/862/936 170/170/163 150/150/144
f 1023/862/936 150/150/144 1024/863/937
f 19/19/19 1024/863/937 1025/864/938
f 19/19/19 1025/864/938 14/14/14
f 1024/863/937 150/150/144 128/128/123
f 1024/863/937 128/128/123 1025/864/938
f 14/14/14 1025/864/938 1026/865/939
f 14/14/14 1026/865/939 6/6/6
f 1025/864/938 128/128/123 102/102/99
f 1025/864/938 102/102/99 1026/865/939
f 6/6/6 1026/865/939 1027/866/940
f 6/6/6 1027/866/940 7/7/7
f 1026/865/939 102/102/99 75/75/73
f 1026/865/939 75/75/73 1027/866/940
f 7/7/7 1027/866/940 1010/849/923
f 7/7/7 1010/849/923 404/373/380
f 1027/866/940 75/75/73 78/78/76
f 1027/866/940 78/78/76 1010/849/923
f 191/191/183 1028/867/941 1029/868/942
f 191/191/183 1029/868/942 169/169/162
f 1030/869/943 450/407/424 26/26/26
f 1030/869/943 26/26/26 1031/870/944
f 73/73/71 1032/871/945 1033/872/946
f 73/73/71 1033/872/946 442/399/416
f 1034/873/947 42/42/42 380/353/359
f 1034/873/947 380/353/359 1035/874/948
f 213/213/204 1036/875/949 1028/867/941
f 213/213/204 1028/867/941 191/191/183
f 1037/876/950 383/356/362 450/407/424
f 1037/876/950 450/407/424 1030/869/943
f 237/229/227 1038/877/951 1036/875/949
f 237/229/227 1036/875/949 213/213/204
f 1039/878/952 311/300/295 383/356/362
f 1039/878/952 383/356/362 1037/876/950
f 442/399/416 1033/872/946 1040/879/953
f 442/399/416 1040/879/953 421/386/396
f 1035/874/948 380/353/359 308/297/292
f 1035/874/948 308/297/292 1041/880/954
f 259/248/248 1042/881/955 1038/877/951
f 259/248/248 1038/877/951 237/229/227
f 1043/882/956 243/235/233 311/300/295
f 1043/882/956 311/300/295 1039/878/952
f 421/386/396 1040/879/953 1044/883/957
f 421/386/396 1044/883/957 401/370/377
f 1041/880/954 308/297/292 240/232/230
f 1041/880/954 240/232/230 1045/884/958
f 283/272/270 1046/885/959 1042/881/955
f 283/272/270 1042/881/955 259/248/248
f 1047/886/960 175/175/168 243/235/233
f 1047/886/960 243/235/233 1043/882/956
f 401/370/377 1044/883/957 1048/887/961
f 401/370/377 1048/887/961 377/350/356
f 1045/884/958 240/232/230 172/172/165
f 1045/884/958 172/172/165 1049/888/962
f 305/294/289 1050/889/963 1046/885/959
f 305/294/289 1046/885/959 283/272/270
f 1051/890/964 107/107/104 175/175/168
f 1051/890/964 175/175/168 1047/886/960
f 377/350/356 1048/887/961 1052/891/965
f 377/350/356 1052/891/965 355/332/336
f 1049/888/962 172/172/165 79/79/77
f 1049/888/962 79/79/77 1053/892/966
f 331/312/313 1054/893/967 1050/889/963
f 331/312/313 1050/889/963 305/294/289
f 1055/894/968 82/82/80 107/107/104
f 1055/894/968 107/107/104 1051/890/964
f 355/332/336 1052/891/965 1056/895/967
f 355/332/336 1056/895/967 356/333/313
f 1053/892/966 79/79/77 82/82/80
f 1053/892/966 82/82/80 1055/894/968
f 72/72/70 1057/896/969 1032/871/945
f 72/72/70 1032/871/945 73/73/71
f 1058/897/970 12/12/12 42/42/42
f 1058/897/970 42/42/42 1034/873/947
f 169/169/162 1029/868/942 1059/898/971
f 169/169/162 1059/898/971 149/149/143
f 1031/870/944 26/26/26 21/21/21
f 1031/870/944 21/21/21 1060/899/972
f 149/149/143 1059/898/971 1061/900/973
f 149/149/143 1061/900/973 127/127/122
f 1060/899/972 21/21/21 16/16/16
f 1060/899/972 16/16/16 1062/901/974
f 127/127/122 1061/900/973 1063/902/975
f 127/127/122 1063/902/975 101/101/98
f 1062/901/974 16/16/16 9/9/9
f 1062/901/974 9/9/9 1064/903/976
f 101/101/98 1063/902/975 1057/896/969
f 101/101/98 1057/896/969 72/72/70
f 1064/903/976 9/9/9 12/12/12
f 1064/903/976 12/12/12 1058/897/970
f 1065/904/977 975/814/888 1008/847/921
f 1065/904/977 1008/847/921 1066/905/978
f 1066/905/978 1008/847/921 1006/845/919
f 1066/905/978 1006/845/919 1067/906/979
f 1067/906/979 1006/845/919 1002/841/915
f 1067/906/979 1002/841/915 1068/907/980
f 1068/907/980 1002/841/915 1005/844/918
f 1068/907/980 1005/844/918 1069/908/981
f 1070/909/981 1000/839/913 998/837/911
f 1070/909/981 998/837/911 1071/910/982
f 1071/910/982 998/837/911 996/835/909
f 1071/910/982 996/835/909 1072/911/983
f 1072/911/983 996/835/909 994/833/907
f 1072/911/983 994/833/907 1073/912/984
f 1073/912/984 994/833/907 992/831/905
f 1073/912/984 992/831/905 1074/913/985
f 1074/913/985 992/831/905 990/829/903
f 1074/913/985 990/829/903 1075/914/986
f 1075/914/986 990/829/903 988/827/901
f 1075/914/986 988/827/901 1076/915/987
f 1076/915/987 988/827/901 986/825/899
f 1076/915/987 986/825/899 1077/916/988
f 1077/916/988 986/825/899 984/823/897
f 1077/916/988 984/823/897 1078/917/989
f 1078/917/989 984/823/897 982/821/895
f 1078/917/989 982/821/895 1079/918/990
f 1079/918/990 982/821/895 980/819/893
f 1079/918/990 980/819/893 1080/919/991
f 1080/919/991 980/819/893 978/817/891
f 1080/919/991 978/817/891 1081/920/992
f 1081/920/992 978/817/891 976/815/889
f 1081/920/992 976/815/889 1082/921/993
f 1082/921/993 976/815/889 972/811/885
f 1082/921/993 972/811/885 1083/922/994
f 1083/922/994 972/811/885 975/814/888
f 1083/922/994 975/814/888 1065/904/977
f 1084/923/995 1085/924/996 1086/925/997
f 1084/923/995 1086/925/997 1087/926/998
f 1088/927/999 1089/928/1000 1085/924/996
f 1088/927/999 1085/924/996 1084/923/995
f 1090/929/1001 1091/930/1002 1089/928/1000
f 1090/929/1001 1089/928/1000 1088/927/999
f 1092/931/1003 1093/932/1004 1091/930/1002
f 1092/931/1003 1091/930/1002 1090/929/1001
f 1094/933/1005 1095/934/1006 1093/932/1004
f 1094/933/1005 1093/932/1004 1092/931/1003
f 1096/935/1007 1097/936/1008 1095/934/1006
f 1096/935/1007 1095/934/1006 1094/933/1005
f 1098/937/1009 1099/938/1010 1097/936/1008
f 1098/937/1009 1097/936/1008 1096/935/1007
f 1100/939/1011 1101/940/1012 1099/938/1010
f 1100/939/1011 1099/938/1010 1098/937/1009
f 1102/941/1013 1103/942/1014 1101/940/1012
f 1102/941/1013 1101/940/1012 1100/939/1011
f 1104/943/1015 1105/944/1016 1103/942/1014
f 1104/943/1015 1103/942/1014 1102/941/1013
f 1106/945/1017 1107/946/1018 1105/944/1016
f 1106/945/1017 1105/944/1016 1104/943/1015
f 1108/947/1019 1109/948/1020 1107/946/1018
f 1108/947/1019 1107/946/1018 1106/945/1017
f 1110/949/1021 1111/950/1022 1109/948/1020
f 1110/949/1021 1109/948/1020 1108/947/1019
f 1112/951/1023 1113/952/1024 1111/950/1022
f 1112/951/1023 1111/950/1022 1110/949/1021
f 1114/953/1025 1115/954/1026 1113/952/1024
f 1114/953/1025 1113/952/1024 1112/951/1023
f 1116/955/1027 1117/956/1028 1118/957/1026
f 1116/955/1027 1118/957/1026 1119/958/1029
f 1120/959/1030 1121/960/1031 1117/956/1028
f 1120/959/1030 1117/956/1028 1116/955/1027
f 1087/926/998 1086/925/997 1121/960/1031
f 1087/926/998 1121/960/1031 1120/959/1030
f 428/393/402 1087/926/998 1120/959/1030
f 428/393/402 1120/959/1030 390/363/368
f 390/363/368 1120/959/1030 1116/955/1027
f 390/363/368 1116/955/1027 344/325/325
f 344/325/325 1116/955/1027 1119/958/1029
f 344/325/325 1119/958/1029 345/326/326
f 296/285/280 1114/953/1025 1112/951/1023
f 296/285/280 1112/951/1023 250/242/239
f 250/242/239 1112/951/1023 1110/949/1021
f 250/242/239 1110/949/1021 204/204/195
f 204/204/195 1110/949/1021 1108/947/1019
f 204/204/195 1108/947/1019 160/160/153
f 160/160/153 1108/947/1019 1106/945/1017
f 160/160/153 1106/945/1017 114/114/110
f 114/114/110 1106/945/1017 1104/943/1015
f 114/114/110 1104/943/1015 55/55/53
f 55/55/53 1104/943/1015 1102/941/1013
f 55/55/53 1102/941/1013 56/56/54
f 56/56/54 1102/941/1013 1100/939/1011
f 56/56/54 1100/939/1011 619/525/556
f 619/525/556 1100/939/1011 1098/937/1009
f 619/525/556 1098/937/1009 603/513/542
f 603/513/542 1098/937/1009 1096/935/1007
f 603/513/542 1096/935/1007 587/501/528
f 587/501/528 1096/935/1007 1094/933/1005
f 587/501/528 1094/933/1005 567/486/510
f 567/486/510 1094/933/1005 1092/931/1003
f 567/486/510 1092/931/1003 549/473/496
f 549/473/496 1092/931/1003 1090/929/1001
f 549/473/496 1090/929/1001 533/461/482
f 533/461/482 1090/929/1001 1088/927/999
f 533/461/482 1088/927/999 517/449/468
f 517/449/468 1088/927/999 1084/923/995
f 517/449/468 1084/923/995 451/408/425
f 451/408/425 1084/923/995 1087/926/998
f 451/408/425 1087/926/998 428/393/402
f 115/115/111 58/58/56 1122/961/1032
f 115/115/111 1122/961/1032 1123/962/1033
f 161/161/154 115/115/111 1123/962/1033
f 161/161/154 1123/962/1033 1124/963/1034
f 205/205/196 161/161/154 1124/963/1034
f 205/205/196 1124/963/1034 1125/964/1035
f 251/243/240 205/205/196 1125/964/1035
f 251/243/240 1125/964/1035 1126/965/1036
f 297/286/281 251/243/240 1126/965/1036
f 297/286/281 1126/965/1036 1127/966/1037
f 347/328/328 346/327/327 1128/967/1038
f 347/328/328 1128/967/1038 1129/968/1039
f 391/364/369 347/328/328 1129/968/1039
f 391/364/369 1129/968/1039 413/382/388
f 452/409/426 412/381/387 411/380/386
f 452/409/426 411/380/386 1130/969/1040
f 518/450/469 452/409/426 1130/969/1040
f 518/450/469 1130/969/1040 1131/970/1041
f 534/462/483 518/450/469 1131/970/1041
f 534/462/483 1131/970/1041 1132/971/1042
f 550/474/497 534/462/483 1132/971/1042
f 550/474/497 1132/971/1042 1133/972/1043
f 568/487/511 550/474/497 1133/972/1043
f 568/487/511 1133/972/1043 1134/973/1044
f 588/502/529 568/487/511 1134/973/1044
f 588/502/529 1134/973/1044 1135/974/1045
f 604/514/543 588/502/529 1135/974/1045
f 604/514/543 1135/974/1045 1136/975/1046
f 620/526/557 604/514/543 1136/975/1046
f 620/526/557 1136/975/1046 1137/976/1047
f 57/57/55 620/526/557 1137/976/1047
f 57/57/55 1137/976/1047 1138/977/1048
f 58/58/56 57/57/55 1138/977/1048
f 58/58/56 1138/977/1048 1122/961/1032
f 727/595/661 411/380/386 413/382/388
f 727/595/661 413/382/388 729/597/663
f 728/596/662 727/595/661 729/597/663
f 728/596/662 729/597/663 732/600/666
f 1123/962/1033 1122/961/1032 707/575/641
f 1123/962/1033 707/575/641 743/611/676
f 1124/963/1034 1123/962/1033 743/611/676
f 1124/963/1034 743/611/676 741/609/674
f 1125/964/1035 1124/963/1034 741/609/674
f 1125/964/1035 741/609/674 739/607/672
f 1126/965/1036 1125/964/1035 739/607/672
f 1126/965/1036 739/607/672 736/604/669
f 1127/966/1037 1126/965/1036 736/604/669
f 1127/966/1037 736/604/669 735/603/667
f 1129/968/1039 1128/967/1038 733/601/667
f 1129/968/1039 733/601/667 730/598/664
f 413/382/388 1129/968/1039 730/598/664
f 413/382/388 730/598/664 729/597/663
f 1130/969/1040 411/380/386 727/595/661
f 1130/969/1040 727/595/661 725/593/659
f 1131/970/1041 1130/969/1040 725/593/659
f 1131/970/1041 725/593/659 723/591/657
f 1132/971/1042 1131/970/1041 723/591/657
f 1132/971/1042 723/591/657 721/589/655
f 1133/972/1043 1132/971/1042 721/589/655
f 1133/972/1043 721/589/655 719/587/653
f 1134/973/1044 1133/972/1043 719/587/653
f 1134/973/1044 719/587/653 717/585/651
f 1135/974/1045 1134/973/1044 717/585/651
f 1135/974/1045 717/585/651 715/583/649
f 1136/975/1046 1135/974/1045 715/583/649
f 1136/975/1046 715/583/649 713/581/647
f 1137/976/1047 1136/975/1046 713/581/647
f 1137/976/1047 713/581/647 711/579/645
f 1138/977/1048 1137/976/1047 711/579/645
f 1138/977/1048 711/579/645 708/576/642
f 1122/961/1032 1138/977/1048 708/576/642
f 1122/961/1032 708/576/642 707/575/641
f 703/569/637 1139/978/1049 1140/979/1050
f 703/569/637 1140/979/1050 642/542/576
f 1139/978/1049 1141/980/1051 1142/981/1052
f 1139/978/1049 1142/981/1052 1140/979/1050
f 1141/980/1051 706/571/640 645/545/579
f 1141/980/1051 645/545/579 1142/981/1052
f 702/572/636 1143/982/1053 1139/978/1049
f 702/572/636 1139/978/1049 703/569/637
f 1143/982/1053 1144/983/1054 1141/980/1051
f 1143/982/1053 1141/980/1051 1139/978/1049
f 1144/983/1054 705/574/639 706/571/640
f 1144/983/1054 706/571/640 1141/980/1051
f 695/552/629 1145/984/1055 1146/985/1056
f 695/552/629 1146/985/1056 698/551/632
f 1145/984/1055 1147/986/1057 1148/987/1058
f 1145/984/1055 1148/987/1058 1146/985/1056
f 1147/986/1057 697/555/631 700/554/634
f 1147/986/1057 700/554/634 1148/987/1058
f 692/556/626 1149/988/1059 1145/984/1055
f 692/556/626 1145/984/1055 695/552/629
f 1149/988/1059 1150/989/1060 1147/986/1057
f 1149/988/1059 1147/986/1057 1145/984/1055
f 1150/989/1060 694/558/628 697/555/631
f 1150/989/1060 697/555/631 1147/986/1057
f 689/559/623 1151/990/1061 1149/988/1059
f 689/559/623 1149/988/1059 692/556/626
f 1151/990/1061 1152/991/1062 1150/989/1060
f 1151/990/1061 1150/989/1060 1149/988/1059
f 1152/991/1062 691/561/625 694/558/628
f 1152/991/1062 694/558/628 1150/989/1060
f 685/562/619 1153/992/1063 1151/990/1061
f 685/562/619 1151/990/1061 689/559/623
f 1153/992/1063 1154/993/1064 1152/991/1062
f 1153/992/1063 1152/991/1062 1151/990/1061
f 1154/993/1064 688/564/622 691/561/625
f 1154/993/1064 691/561/625 1152/991/1062
f 684/565/618 1155/994/1065 1153/992/1063
f 684/565/618 1153/992/1063 685/562/619
f 1155/994/1065 1156/995/1066 1154/993/1064
f 1155/994/1065 1154/993/1064 1153/992/1063
f 1156/995/1066 687/567/621 688/564/622
f 1156/995/1066 688/564/622 1154/993/1064
f 677/569/611 1157/978/1067 1158/982/1068
f 677/569/611 1158/982/1068 680/572/614
f 1157/978/1067 1159/980/1069 1160/983/1070
f 1157/978/1067 1160/983/1070 1158/982/1068
f 1159/980/1069 679/571/613 682/574/616
f 1159/980/1069 682/574/616 1160/983/1070
f 674/542/608 1161/996/1071 1157/978/1067
f 674/542/608 1157/978/1067 677/569/611
f 1161/996/1071 1162/997/1072 1159/980/1069
f 1161/996/1071 1159/980/1069 1157/978/1067
f 1162/997/1072 676/568/610 679/571/613
f 1162/997/1072 679/571/613 1159/980/1069
f 670/543/604 1163/998/1073 1161/996/1071
f 670/543/604 1161/996/1071 674/542/608
f 1163/998/1073 1164/999/1074 1162/997/1072
f 1163/998/1073 1162/997/1072 1161/996/1071
f 1164/999/1074 673/546/607 676/568/610
f 1164/999/1074 676/568/610 1162/997/1072
f 669/547/603 1165/1000/1075 1163/998/1073
f 669/547/603 1163/998/1073 670/543/604
f 1165/1000/1075 1166/1001/1076 1164/999/1074
f 1165/1000/1075 1164/999/1074 1163/998/1073
f 1166/1001/1076 672/549/606 673/546/607
f 1166/1001/1076 673/546/607 1164/999/1074
f 662/562/596 1167/992/1077 1168/994/1078
f 662/562/596 1168/994/1078 665/565/599
f 1167/992/1077 1169/993/1079 1170/995/1080
f 1167/992/1077 1170/995/1080 1168/994/1078
f 1169/993/1079 664/564/598 667/567/601
f 1169/993/1079 667/567/601 1170/995/1080
f 659/559/593 1171/990/1081 1167/992/1077
f 659/559/593 1167/992/1077 662/562/596
f 1171/990/1081 1172/991/1082 1169/993/1079
f 1171/990/1081 1169/993/1079 1167/992/1077
f 1172/991/1082 661/561/595 664/564/598
f 1172/991/1082 664/564/598 1169/993/1079
f 656/556/590 1173/988/1083 1171/990/1081
f 656/556/590 1171/990/1081 659/559/593
f 1173/988/1083 1174/989/1084 1172/991/1082
f 1173/988/1083 1172/991/1082 1171/990/1081
f 1174/989/1084 658/558/592 661/561/595
f 1174/989/1084 661/561/595 1172/991/1082
f 652/552/586 1175/984/1085 1173/988/1083
f 652/552/586 1173/988/1083 656/556/590
f 1175/984/1085 1176/986/1086 1174/989/1084
f 1175/984/1085 1174/989/1084 1173/988/1083
f 1176/986/1086 655/555/589 658/558/592
f 1176/986/1086 658/558/592 1174/989/1084
f 651/551/585 1177/985/1087 1175/984/1085
f 651/551/585 1175/984/1085 652/552/586
f 1177/985/1087 1178/987/1088 1176/986/1086
f 1177/985/1087 1176/986/1086 1175/984/1085
f 1178/987/1088 654/554/588 655/555/589
f 1178/987/1088 655/555/589 1176/986/1086
f 643/543/577 1179/998/1089 1180/1000/1090
f 643/543/577 1180/1000/1090 647/547/581
f 1179/998/1089 1181/999/1091 1182/1001/1092
f 1179/998/1089 1182/1001/1092 1180/1000/1090
f 1181/999/1091 646/546/580 649/549/583
f 1181/999/1091 649/549/583 1182/1001/1092
f 642/542/576 1140/979/1050 1179/998/1089
f 642/542/576 1179/998/1089 643/543/577
f 1140/979/1050 1142/981/1052 1181/999/1091
f 1140/979/1050 1181/999/1091 1179/998/1089
f 1142/981/1052 645/545/579 646/546/580
f 1142/981/1052 646/546/580 1181/999/1091
f 1183/1002/1093 1184/1003/1094 1185/1004/1095
f 1183/1002/1093 1185/1004/1095 1186/1005/1096
f 1187/1006/1097 1188/1007/1098 1189/1008/1099
f 1187/1006/1097 1189/1008/1099 1190/1009/1100
f 1191/1010/1101 1192/1011/1102 1184/1003/1094
f 1191/1010/1101 1184/1003/1094 1183/1002/1093
f 1193/1012/1103 1194/1013/1104 1188/1007/1098
f 1193/1012/1103 1188/1007/1098 1187/1006/1097
f 1195/1014/1105 1196/1015/1106 1192/1011/1102
f 1195/1014/1105 1192/1011/1102 1191/1010/1101
f 1197/1016/1107 1198/1017/1108 1194/1013/1104
f 1197/1016/1107 1194/1013/1104 1193/1012/1103
f 1199/1018/1109 1200/1019/1110 1196/1015/1106
f 1199/1018/1109 1196/1015/1106 1195/1014/1105
f 1201/1020/1111 1202/1021/1112 1198/1017/1108
f 1201/1020/1111 1198/1017/1108 1197/1016/1107
f 1203/1022/1113 1204/1023/1114 1200/1019/1110
f 1203/1022/1113 1200/1019/1110 1199/1018/1109
f 1205/1024/1115 1206/1025/1116 1202/1021/1112
f 1205/1024/1115 1202/1021/1112 1201/1020/1111
f 1207/1026/1117 1208/1027/1118 1204/1023/1114
f 1207/1026/1117 1204/1023/1114 1203/1022/1113
f 1209/1028/1119 1210/1029/1120 1206/1025/1116
f 1209/1028/1119 1206/1025/1116 1205/1024/1115
f 1211/1030/1121 1212/1031/1122 1208/1027/1118
f 1211/1030/1121 1208/1027/1118 1207/1026/1117
f 1213/1032/1123 1214/1033/1124 1210/1029/1120
f 1213/1032/1123 1210/1029/1120 1209/1028/1119
f 1215/1034/1125 1216/1035/1126 1212/1031/1122
f 1215/1034/1125 1212/1031/1122 1211/1030/1121
f 1217/1036/1127 1218/1037/1127 1214/1033/1124
f 1217/1036/1127 1214/1033/1124 1213/1032/1123
f 1219/1038/1128 1220/1039/1129 1216/1035/1126
f 1219/1038/1128 1216/1035/1126 1215/1034/1125
f 1221/1040/1130 1222/1041/1131 1218/1037/1127
f 1221/1040/1130 1218/1037/1127 1217/1036/1127
f 1223/1042/1132 1224/1043/1133 1220/1039/1129
f 1223/1042/1132 1220/1039/1129 1219/1038/1128
f 1225/1044/1134 1226/1045/1135 1222/1041/1131
f 1225/1044/1134 1222/1041/1131 1221/1040/1130
f 1227/1046/1136 1228/1047/1137 1224/1043/1133
f 1227/1046/1136 1224/1043/1133 1223/1042/1132
f 1229/1048/1138 1230/1049/1139 1226/1045/1135
f 1229/1048/1138 1226/1045/1135 1225/1044/1134
f 1231/1050/1140 1232/1051/1141 1228/1047/1137
f 1231/1050/1140 1228/1047/1137 1227/1046/1136
f 1233/1052/1142 1234/1053/1143 1230/1049/1139
f 1233/1052/1142 1230/1049/1139 1229/1048/1138
f 1235/1054/1144 1236/1055/1145 1232/1051/1141
f 1235/1054/1144 1232/1051/1141 1231/1050/1140
f 1237/1056/1146 1238/1057/1147 1239/1058/1148
f 1237/1056/1146 1239/1058/1148 1240/1059/1149
f 1241/1060/1150 1242/1061/1151 1236/1055/1145
f 1241/1060/1150 1236/1055/1145 1235/1054/1144
f 1243/1062/1152 1244/1063/1153 1238/1057/1147
f 1243/1062/1152 1238/1057/1147 1237/1056/1146
f 1245/1064/1154 1246/1065/1155 1247/1066/1156
f 1245/1064/1154 1247/1066/1156 1248/1067/1157
f 1249/1068/1158 1250/1069/1159 1244/1063/1153
f 1249/1068/1158 1244/1063/1153 1243/1062/1152
f 1251/1070/1160 1252/1071/1161 1246/1065/1155
f 1251/1070/1160 1246/1065/1155 1245/1064/1154
f 1253/1072/1162 1254/1073/1163 1250/1069/1159
f 1253/1072/1162 1250/1069/1159 1249/1068/1158
f 1255/1074/1164 1256/1075/1165 1252/1071/1161
f 1255/1074/1164 1252/1071/1161 1251/1070/1160
f 1257/1076/1166 1258/1077/1167 1254/1073/1163
f 1257/1076/1166 1254/1073/1163 1253/1072/1162
f 1186/1005/1096 1185/1004/1095 1256/1075/1165
f 1186/1005/1096 1256/1075/1165 1255/1074/1164
f 1190/1009/1100 1189/1008/1099 1258/1077/1167
f 1190/1009/1100 1258/1077/1167 1257/1076/1166
f 1259/1078/1168 1260/1079/1169 1261/1080/1170
f 1259/1078/1168 1261/1080/1170 1262/1081/1171
f 1262/1081/1171 1261/1080/1170 1263/1082/1172
f 1262/1081/1171 1263/1082/1172 1264/1083/1173
f 1264/1083/1173 1263/1082/1172 1265/1084/1174
f 1264/1083/1173 1265/1084/1174 1266/1085/1175
f 1266/1085/1175 1265/1084/1174 1267/1086/1176
f 1266/1085/1175 1267/1086/1176 1268/1087/1177
f 1268/1087/1177 1267/1086/1176 1269/1088/1178
f 1268/1087/1177 1269/1088/1178 1270/1089/1179
f 1270/1089/1179 1269/1088/1178 1271/1090/1180
f 1270/1089/1179 1271/1090/1180 1272/1091/1181
f 1273/1092/1181 1274/1093/1180 1275/1094/1182
f 1273/1092/1181 1275/1094/1182 1276/1095/1183
f 1276/1095/1183 1275/1094/1182 1277/1096/1184
f 1276/1095/1183 1277/1096/1184 1278/1097/1185
f 1278/1097/1185 1277/1096/1184 1279/1098/1186
f 1278/1097/1185 1279/1098/1186 1280/1099/1187
f 1280/1099/1187 1279/1098/1186 1281/1100/1188
f 1280/1099/1187 1281/1100/1188 1282/1101/1189
f 1283/1033/1190 1284/1102/1191 1285/1103/1192
f 1283/1033/1190 1285/1103/1192 1286/1102/1193
f 1286/1102/1193 1285/1103/1192 1287/1104/1194
f 1286/1102/1193 1287/1104/1194 1288/1105/1195
f 1288/1105/1195 1287/1104/1194 1289/1106/1196
f 1288/1105/1195 1289/1106/1196 1290/1107/1197
f 1290/1107/1197 1289/1106/1196 1291/1108/1198
f 1290/1107/1197 1291/1108/1198 1292/1109/1199
f 1292/1109/1199 1291/1108/1198 1293/1110/1200
f 1292/1109/1199 1293/1110/1200 1294/1111/1201
f 1294/1111/1201 1293/1110/1200 1295/1112/1202
f 1294/1111/1201 1295/1112/1202 1296/1113/1203
f 1296/1113/1203 1295/1112/1202 1297/1114/1204
f 1296/1113/1203 1297/1114/1204 1298/1115/1205
f 1298/1115/1205 1297/1114/1204 1260/1079/1169
f 1298/1115/1205 1260/1079/1169 1259/1078/1168
f 1299/1116/1206 1300/1117/1207 1301/1118/1208
f 1299/1116/1206 1301/1118/1208 1302/1119/1209
f 1302/1119/1209 1301/1118/1208 1303/1120/1210
f 1302/1119/1209 1303/1120/1210 1304/1121/1211
f 1304/1121/1211 1303/1120/1210 1305/1122/1212
f 1304/1121/1211 1305/1122/1212 1306/1123/1213
f 1306/1123/1213 1305/1122/1212 1307/1124/1214
f 1306/1123/1213 1307/1124/1214 1308/1125/1215
f 1309/1126/1216 1310/1127/1217 1311/1128/1218
f 1309/1126/1216 1311/1128/1218 1312/1129/1219
f 1312/1129/1219 1311/1128/1218 1313/1130/1220
f 1312/1129/1219 1313/1130/1220 1314/1131/1221
f 1314/1131/1221 1313/1130/1220 1315/1132/1222
f 1314/1131/1221 1315/1132/1222 1316/1133/1223
f 1316/1133/1223 1315/1132/1222 1317/1134/1224
f 1316/1133/1223 1317/1134/1224 1318/1135/1225
f 1318/1135/1225 1317/1134/1224 1319/1136/1226
f 1318/1135/1225 1319/1136/1226 1320/1137/1227
f 1320/1137/1227 1319/1136/1226 1321/1138/1228
f 1320/1137/1227 1321/1138/1228 1322/1139/1229
f 1322/1139/1229 1321/1138/1228 1323/1140/1230
f 1322/1139/1229 1323/1140/1230 1324/1141/1231
f 1324/1141/1231 1323/1140/1230 1325/1142/1232
f 1324/1141/1231 1325/1142/1232 1326/1143/1233
f 1326/1143/1233 1325/1142/1232 1327/1144/1234
f 1326/1143/1233 1327/1144/1234 1328/1145/1235
f 1328/1145/1235 1327/1144/1234 1329/1146/1236
f 1328/1145/1235 1329/1146/1236 1330/1147/1237
f 1330/1147/1237 1329/1146/1236 1331/1148/1238
f 1330/1147/1237 1331/1148/1238 1332/1149/1239
f 1332/1149/1239 1331/1148/1238 1333/1150/1240
f 1332/1149/1239 1333/1150/1240 1334/1151/1241
f 1334/1151/1241 1333/1150/1240 1335/1152/1242
f 1334/1151/1241 1335/1152/1242 1336/1153/1243
f 1336/1153/1243 1335/1152/1242 1300/1117/1207
f 1336/1153/1243 1300/1117/1207 1299/1116/1206
f 1337/1079/1244 1338/684/1245 1339/687/1246
f 1337/1079/1244 1339/687/1246 1340/1080/1247
f 1340/1080/1247 1339/687/1246 1341/694/1248
f 1340/1080/1247 1341/694/1248 1342/1082/1248
f 1342/1082/1248 1341/694/1248 1343/699/1249
f 1342/1082/1248 1343/699/1249 1344/1084/1249
f 1344/1084/1249 1343/699/1249 1345/704/1250
f 1344/1084/1249 1345/704/1250 1346/1086/1251
f 1346/1086/1251 1345/704/1250 1347/710/1252
f 1346/1086/1251 1347/710/1252 1348/1088/1253
f 1348/1088/1253 1347/710/1252 1349/715/1254
f 1348/1088/1253 1349/715/1254 1350/1090/1255
f 1351/1093/1255 1352/719/1254 1353/722/1256
f 1351/1093/1255 1353/722/1256 1354/1094/1257
f 1354/1094/1257 1353/722/1256 1355/729/1258
f 1354/1094/1257 1355/729/1258 1356/1096/1259
f 1356/1096/1259 1355/729/1258 1357/734/1260
f 1356/1096/1259 1357/734/1260 1358/1098/1261
f 1358/1098/1261 1357/734/1260 1359/739/1262
f 1358/1098/1261 1359/739/1262 1281/1100/1188
f 1360/1103/1263 1281/1100/1188 1359/739/1262
f 1360/1103/1263 1359/739/1262 1361/744/1264
f 1360/1103/1263 1361/744/1264 1362/749/1265
f 1360/1103/1263 1362/749/1265 1363/1104/1265
f 1363/1104/1265 1362/749/1265 1364/754/1266
f 1363/1104/1265 1364/754/1266 1365/1106/1266
f 1365/1106/1266 1364/754/1266 1366/759/1267
f 1365/1106/1266 1366/759/1267 1367/1108/1268
f 1367/1108/1268 1366/759/1267 1368/764/1269
f 1367/1108/1268 1368/764/1269 1369/1110/1269
f 1369/1110/1269 1368/764/1269 1370/769/1270
f 1369/1110/1269 1370/769/1270 1371/1112/1271
f 1371/1112/1271 1370/769/1270 1372/774/1272
f 1371/1112/1271 1372/774/1272 1373/1114/1273
f 1373/1114/1273 1372/774/1272 1338/684/1245
f 1373/1114/1273 1338/684/1245 1337/1079/1244
f 1188/1007/1098 1298/1115/1205 1259/1078/1168
f 1188/1007/1098 1259/1078/1168 1189/1008/1099
f 1194/1013/1104 1296/1113/1203 1298/1115/1205
f 1194/1013/1104 1298/1115/1205 1188/1007/1098
f 1198/1017/1108 1294/1111/1201 1296/1113/1203
f 1198/1017/1108 1296/1113/1203 1194/1013/1104
f 1202/1021/1112 1292/1109/1199 1294/1111/1201
f 1202/1021/1112 1294/1111/1201 1198/1017/1108
f 1206/1025/1116 1290/1107/1197 1292/1109/1199
f 1206/1025/1116 1292/1109/1199 1202/1021/1112
f 1210/1029/1120 1288/1105/1195 1290/1107/1197
f 1210/1029/1120 1290/1107/1197 1206/1025/1116
f 1214/1033/1124 1286/1102/1193 1288/1105/1195
f 1214/1033/1124 1288/1105/1195 1210/1029/1120
f 1374/1037/1274 1283/1033/1190 1286/1102/1193
f 1374/1037/1274 1286/1102/1193 1214/1033/1124
f 1222/1041/1131 1280/1099/1187 1282/1101/1189
f 1222/1041/1131 1282/1101/1189 1374/1037/1274
f 1226/1045/1135 1278/1097/1185 1280/1099/1187
f 1226/1045/1135 1280/1099/1187 1222/1041/1131
f 1230/1049/1139 1276/1095/1183 1278/1097/1185
f 1230/1049/1139 1278/1097/1185 1226/1045/1135
f 1234/1053/1143 1273/1092/1181 1276/1095/1183
f 1234/1053/1143 1276/1095/1183 1230/1049/1139
f 1238/1057/1147 1270/1089/1179 1272/1091/1181
f 1238/1057/1147 1272/1091/1181 1239/1058/1148
f 1244/1063/1153 1268/1087/1177 1270/1089/1179
f 1244/1063/1153 1270/1089/1179 1238/1057/1147
f 1250/1069/1159 1266/1085/1175 1268/1087/1177
f 1250/1069/1159 1268/1087/1177 1244/1063/1153
f 1254/1073/1163 1264/1083/1173 1266/1085/1175
f 1254/1073/1163 1266/1085/1175 1250/1069/1159
f 1258/1077/1167 1262/1081/1171 1264/1083/1173
f 1258/1077/1167 1264/1083/1173 1254/1073/1163
f 1189/1008/1099 1259/1078/1168 1262/1081/1171
f 1189/1008/1099 1262/1081/1171 1258/1077/1167
f 1375/682/1275 1376/1154/1276 1377/1155/1277
f 1375/682/1275 1377/1155/1277 1378/683/1278
f 1376/1154/1276 1379/1156/1279 1380/1157/1280
f 1376/1154/1276 1380/1157/1280 1377/1155/1277
f 1379/1156/1279 1381/1158/1281 1382/1159/1282
f 1379/1156/1279 1382/1159/1282 1380/1157/1280
f 1383/1158/1283 1384/1160/1284 1385/1161/1285
f 1383/1158/1283 1385/1161/1285 1386/1159/1286
f 1384/1160/1284 1186/1005/1096 1255/1074/1164
f 1384/1160/1284 1255/1074/1164 1385/1161/1285
f 1378/683/1278 1377/1155/1277 1387/1162/1287
f 1378/683/1278 1387/1162/1287 1388/692/1288
f 1377/1155/1277 1380/1157/1280 1389/1163/1289
f 1377/1155/1277 1389/1163/1289 1387/1162/1287
f 1380/1157/1280 1382/1159/1282 1390/1164/1290
f 1380/1157/1280 1390/1164/1290 1389/1163/1289
f 1386/1159/1286 1385/1161/1285 1391/1165/1291
f 1386/1159/1286 1391/1165/1291 1392/1164/1292
f 1385/1161/1285 1255/1074/1164 1251/1070/1160
f 1385/1161/1285 1251/1070/1160 1391/1165/1291
f 1388/692/1288 1387/1162/1287 1393/1166/1293
f 1388/692/1288 1393/1166/1293 1394/697/1294
f 1387/1162/1287 1389/1163/1289 1395/1167/1295
f 1387/1162/1287 1395/1167/1295 1393/1166/1293
f 1389/1163/1289 1390/1164/1290 1396/1168/1296
f 1389/1163/1289 1396/1168/1296 1395/1167/1295
f 1392/1164/1292 1391/1165/1291 1397/1169/1297
f 1392/1164/1292 1397/1169/1297 1396/1168/1296
f 1391/1165/1291 1251/1070/1160 1245/1064/1154
f 1391/1165/1291 1245/1064/1154 1398/1169/1298
f 1394/697/1294 1393/1166/1293 1399/1170/1299
f 1394/697/1294 1399/1170/1299 1400/702/1300
f 1393/1166/1293 1395/1167/1295 1401/1171/1301
f 1393/1166/1293 1401/1171/1301 1399/1170/1299
f 1395/1167/1295 1396/1168/1296 1402/1172/1302
f 1395/1167/1295 1402/1172/1302 1401/1171/1301
f 1396/1168/1296 1397/1169/1297 1403/1173/1303
f 1396/1168/1296 1403/1173/1303 1402/1172/1302
f 1398/1169/1298 1245/1064/1154 1248/1067/1157
f 1398/1169/1298 1248/1067/1157 1404/1173/1304
f 1405/707/1305 1406/1174/1299 1407/1175/1306
f 1405/707/1305 1407/1175/1306 1408/708/1307
f 1406/1174/1299 1409/1176/1301 1410/1177/1308
f 1406/1174/1299 1410/1177/1308 1407/1175/1306
f 1409/1176/1301 1411/1178/1309 1412/1179/1310
f 1409/1176/1301 1412/1179/1310 1410/1177/1308
f 1411/1178/1311 1413/1180/1312 1414/1181/1313
f 1411/1178/1311 1414/1181/1313 1415/1179/1314
f 1416/1180/1304 1241/1060/1150 1235/1054/1144
f 1416/1180/1304 1235/1054/1144 1414/1181/1313
f 1408/708/1307 1407/1175/1306 1417/1182/1315
f 1408/708/1307 1417/1182/1315 1418/713/1316
f 1407/1175/1306 1410/1177/1308 1419/1183/1317
f 1407/1175/1306 1419/1183/1317 1417/1182/1315
f 1410/1177/1308 1412/1179/1310 1420/1184/1318
f 1410/1177/1308 1420/1184/1318 1419/1183/1317
f 1415/1179/1314 1414/1181/1313 1421/1185/1319
f 1415/1179/1314 1421/1185/1319 1422/1184/1320
f 1414/1181/1313 1235/1054/1144 1231/1050/1140
f 1414/1181/1313 1231/1050/1140 1421/1185/1319
f 1418/713/1316 1417/1182/1315 1423/1186/1321
f 1418/713/1316 1423/1186/1321 1424/718/1322
f 1417/1182/1315 1419/1183/1317 1425/1187/1323
f 1417/1182/1315 1425/1187/1323 1423/1186/1321
f 1419/1183/1317 1420/1184/1318 1426/1188/1324
f 1419/1183/1317 1426/1188/1324 1425/1187/1323
f 1422/1184/1320 1421/1185/1319 1427/1189/1325
f 1422/1184/1320 1427/1189/1325 1428/1188/1326
f 1421/1185/1319 1231/1050/1140 1227/1046/1136
f 1421/1185/1319 1227/1046/1136 1427/1189/1325
f 1424/718/1322 1423/1186/1321 1429/1190/1327
f 1424/718/1322 1429/1190/1327 1430/727/1328
f 1423/1186/1321 1425/1187/1323 1431/1191/1329
f 1423/1186/1321 1431/1191/1329 1429/1190/1327
f 1425/1187/1323 1426/1188/1324 1432/1192/1330
f 1425/1187/1323 1432/1192/1330 1431/1191/1329
f 1428/1188/1326 1427/1189/1325 1433/1193/1331
f 1428/1188/1326 1433/1193/1331 1434/1192/1332
f 1427/1189/1325 1227/1046/1136 1223/1042/1132
f 1427/1189/1325 1223/1042/1132 1433/1193/1331
f 1430/727/1328 1429/1190/1327 1435/1194/1333
f 1430/727/1328 1435/1194/1333 1436/732/1334
f 1429/1190/1327 1431/1191/1329 1437/1195/1335
f 1429/1190/1327 1437/1195/1335 1435/1194/1333
f 1431/1191/1329 1432/1192/1330 1438/1196/1336
f 1431/1191/1329 1438/1196/1336 1437/1195/1335
f 1434/1192/1332 1433/1193/1331 1439/1197/1337
f 1434/1192/1332 1439/1197/1337 1440/1196/1338
f 1433/1193/1331 1223/1042/1132 1219/1038/1128
f 1433/1193/1331 1219/1038/1128 1439/1197/1337
f 1436/732/1334 1435/1194/1333 1441/1198/1339
f 1436/732/1334 1441/1198/1339 1442/737/1340
f 1435/1194/1333 1437/1195/1335 1443/1199/1341
f 1435/1194/1333 1443/1199/1341 1441/1198/1339
f 1437/1195/1335 1438/1196/1336 1444/1200/1342
f 1437/1195/1335 1444/1200/1342 1443/1199/1341
f 1440/1196/1338 1439/1197/1337 1445/1201/1343
f 1440/1196/1338 1445/1201/1343 1446/1200/1344
f 1439/1197/1337 1219/1038/1128 1215/1034/1125
f 1439/1197/1337 1215/1034/1125 1445/1201/1343
f 1442/737/1340 1441/1198/1339 1447/1202/1345
f 1442/737/1340 1447/1202/1345 1448/742/1346
f 1441/1198/1339 1443/1199/1341 1449/1203/1347
f 1441/1198/1339 1449/1203/1347 1447/1202/1345
f 1443/1199/1341 1444/1200/1342 1450/1204/1348
f 1443/1199/1341 1450/1204/1348 1449/1203/1347
f 1446/1200/1344 1445/1201/1343 1451/1205/1349
f 1446/1200/1344 1451/1205/1349 1452/1204/1350
f 1445/1201/1343 1215/1034/1125 1211/1030/1121
f 1445/1201/1343 1211/1030/1121 1451/1205/1349
f 1448/742/1346 1447/1202/1345 1453/1206/1351
f 1448/742/1346 1453/1206/1351 1454/747/1352
f 1447/1202/1345 1449/1203/1347 1455/1207/1353
f 1447/1202/1345 1455/1207/1353 1453/1206/1351
f 1449/1203/1347 1450/1204/1348 1456/1208/1354
f 1449/1203/1347 1456/1208/1354 1455/1207/1353
f 1452/1204/1350 1451/1205/1349 1457/1209/1355
f 1452/1204/1350 1457/1209/1355 1458/1208/1356
f 1451/1205/1349 1211/1030/1121 1207/1026/1117
f 1451/1205/1349 1207/1026/1117 1457/1209/1355
f 1454/747/1352 1453/1206/1351 1459/1210/1357
f 1454/747/1352 1459/1210/1357 1460/752/1358
f 1453/1206/1351 1455/1207/1353 1461/1211/1359
f 1453/1206/1351 1461/1211/1359 1459/1210/1357
f 1455/1207/1353 1456/1208/1354 1462/1212/1360
f 1455/1207/1353 1462/1212/1360 1461/1211/1359
f 1458/1208/1356 1457/1209/1355 1463/1213/1361
f 1458/1208/1356 1463/1213/1361 1464/1212/1362
f 1457/1209/1355 1207/1026/1117 1203/1022/1113
f 1457/1209/1355 1203/1022/1113 1463/1213/1361
f 1460/752/1358 1459/1210/1357 1465/1214/1363
f 1460/752/1358 1465/1214/1363 1466/757/1364
f 1459/1210/1357 1461/1211/1359 1467/1215/1365
f 1459/1210/1357 1467/1215/1365 1465/1214/1363
f 1461/1211/1359 1462/1212/1360 1468/1216/1366
f 1461/1211/1359 1468/1216/1366 1467/1215/1365
f 1464/1212/1362 1463/1213/1361 1469/1217/1367
f 1464/1212/1362 1469/1217/1367 1470/1216/1368
f 1463/1213/1361 1203/1022/1113 1199/1018/1109
f 1463/1213/1361 1199/1018/1109 1469/1217/1367
f 1466/757/1364 1465/1214/1363 1471/1218/1369
f 1466/757/1364 1471/1218/1369 1472/762/1370
f 1465/1214/1363 1467/1215/1365 1473/1219/1371
f 1465/1214/1363 1473/1219/1371 1471/1218/1369
f 1467/1215/1365 1468/1216/1366 1474/1220/1372
f 1467/1215/1365 1474/1220/1372 1473/1219/1371
f 1470/1216/1368 1469/1217/1367 1475/1221/1373
f 1470/1216/1368 1475/1221/1373 1476/1220/1374
f 1469/1217/1367 1199/1018/1109 1195/1014/1105
f 1469/1217/1367 1195/1014/1105 1475/1221/1373
f 1472/762/1370 1471/1218/1369 1477/1222/1375
f 1472/762/1370 1477/1222/1375 1478/767/1376
f 1471/1218/1369 1473/1219/1371 1479/1223/1377
f 1471/1218/1369 1479/1223/1377 1477/1222/1375
f 1473/1219/1371 1474/1220/1372 1480/1224/1378
f 1473/1219/1371 1480/1224/1378 1479/1223/1377
f 1476/1220/1374 1475/1221/1373 1481/1225/1379
f 1476/1220/1374 1481/1225/1379 1482/1224/1380
f 1475/1221/1373 1195/1014/1105 1191/1010/1101
f 1475/1221/1373 1191/1010/1101 1481/1225/1379
f 1478/767/1376 1477/1222/1375 1483/1226/1381
f 1478/767/1376 1483/1226/1381 1484/772/1382
f 1477/1222/1375 1479/1223/1377 1485/1227/1383
f 1477/1222/1375 1485/1227/1383 1483/1226/1381
f 1479/1223/1377 1480/1224/1378 1486/1228/1384
f 1479/1223/1377 1486/1228/1384 1485/1227/1383
f 1482/1224/1380 1481/1225/1379 1487/1229/1385
f 1482/1224/1380 1487/1229/1385 1488/1228/1386
f 1481/1225/1379 1191/1010/1101 1183/1002/1093
f 1481/1225/1379 1183/1002/1093 1487/1229/1385
f 1484/772/1382 1483/1226/1381 1376/1154/1276
f 1484/772/1382 1376/1154/1276 1375/682/1275
f 1483/1226/1381 1485/1227/1383 1379/1156/1279
f 1483/1226/1381 1379/1156/1279 1376/1154/1276
f 1485/1227/1383 1486/1228/1384 1381/1158/1281
f 1485/1227/1383 1381/1158/1281 1379/1156/1279
f 1488/1228/1386 1487/1229/1385 1384/1160/1284
f 1488/1228/1386 1384/1160/1284 1383/1158/1283
f 1487/1229/1385 1183/1002/1093 1186/1005/1096
f 1487/1229/1385 1186/1005/1096 1384/1160/1284
f 1489/1003/1387 1490/1230/1387 1491/1231/1388
f 1489/1003/1387 1491/1231/1388 1492/1004/1388
f 1493/1011/1389 1494/1232/1389 1490/1230/1387
f 1493/1011/1389 1490/1230/1387 1489/1003/1387
f 1495/1015/1390 1496/1233/1390 1494/1232/1389
f 1495/1015/1390 1494/1232/1389 1493/1011/1389
f 1497/1019/1391 1498/1234/1391 1496/1233/1390
f 1497/1019/1391 1496/1233/1390 1495/1015/1390
f 1499/1023/1392 1500/1235/1392 1498/1234/1391
f 1499/1023/1392 1498/1234/1391 1497/1019/1391
f 1501/1027/1393 1502/1236/1393 1500/1235/1392
f 1501/1027/1393 1500/1235/1392 1499/1023/1392
f 1503/1031/1394 1504/1237/1394 1502/1236/1393
f 1503/1031/1394 1502/1236/1393 1501/1027/1393
f 1505/1035/1395 1506/1238/1395 1504/1237/1394
f 1505/1035/1395 1504/1237/1394 1503/1031/1394
f 1507/1039/1396 1508/1239/1396 1506/1238/1395
f 1507/1039/1396 1506/1238/1395 1505/1035/1395
f 1509/1043/1397 1510/1240/1397 1508/1239/1396
f 1509/1043/1397 1508/1239/1396 1507/1039/1396
f 1511/1047/1398 1512/1241/1398 1510/1240/1397
f 1511/1047/1398 1510/1240/1397 1509/1043/1397
f 1513/1051/1399 1514/1242/1399 1512/1241/1398
f 1513/1051/1399 1512/1241/1398 1511/1047/1398
f 1515/1055/1400 1516/1243/1400 1514/1242/1399
f 1515/1055/1400 1514/1242/1399 1513/1051/1399
f 1517/1061/1401 1518/1244/1401 1516/1243/1400
f 1517/1061/1401 1516/1243/1400 1515/1055/1400
f 1519/1065/1402 1520/1245/1402 1521/1246/1403
f 1519/1065/1402 1521/1246/1403 1522/1066/1403
f 1523/1071/1404 1524/1247/1404 1520/1245/1402
f 1523/1071/1404 1520/1245/1402 1519/1065/1402
f 1525/1075/1405 1526/1248/1405 1524/1247/1404
f 1525/1075/1405 1524/1247/1404 1523/1071/1404
f 1492/1004/1388 1491/1231/1388 1526/1248/1405
f 1492/1004/1388 1526/1248/1405 1525/1075/1405
f 1527/1230/1406 1336/1153/1243 1299/1116/1206
f 1527/1230/1406 1299/1116/1206 1528/1231/1407
f 1529/1232/1408 1334/1151/1241 1336/1153/1243
f 1529/1232/1408 1336/1153/1243 1527/1230/1406
f 1530/1233/1409 1332/1149/1239 1334/1151/1241
f 1530/1233/1409 1334/1151/1241 1529/1232/1408
f 1531/1234/1410 1330/1147/1237 1332/1149/1239
f 1531/1234/1410 1332/1149/1239 1530/1233/1409
f 1532/1235/1411 1328/1145/1235 1330/1147/1237
f 1532/1235/1411 1330/1147/1237 1531/1234/1410
f 1533/1236/1412 1326/1143/1233 1328/1145/1235
f 1533/1236/1412 1328/1145/1235 1532/1235/1411
f 1534/1237/1413 1324/1141/1231 1326/1143/1233
f 1534/1237/1413 1326/1143/1233 1533/1236/1412
f 1535/1238/1414 1322/1139/1229 1324/1141/1231
f 1535/1238/1414 1324/1141/1231 1534/1237/1413
f 1536/1239/1415 1320/1137/1227 1322/1139/1229
f 1536/1239/1415 1322/1139/1229 1535/1238/1414
f 1537/1240/1416 1318/1135/1225 1320/1137/1227
f 1537/1240/1416 1320/1137/1227 1536/1239/1415
f 1538/1241/1417 1316/1133/1223 1318/1135/1225
f 1538/1241/1417 1318/1135/1225 1537/1240/1416
f 1539/1242/1418 1314/1131/1221 1316/1133/1223
f 1539/1242/1418 1316/1133/1223 1538/1241/1417
f 1540/1243/1419 1312/1129/1219 1314/1131/1221
f 1540/1243/1419 1314/1131/1221 1539/1242/1418
f 1541/1244/1420 1309/1126/1216 1312/1129/1219
f 1541/1244/1420 1312/1129/1219 1540/1243/1419
f 1542/1245/1421 1306/1123/1213 1308/1125/1215
f 1542/1245/1421 1308/1125/1215 1543/1246/1422
f 1544/1247/1423 1304/1121/1211 1306/1123/1213
f 1544/1247/1423 1306/1123/1213 1542/1245/1421
f 1545/1248/1424 1302/1119/1209 1304/1121/1211
f 1545/1248/1424 1304/1121/1211 1544/1247/1423
f 1528/1231/1407 1299/1116/1206 1302/1119/1209
f 1528/1231/1407 1302/1119/1209 1545/1248/1424
f 1546/1249/1425 1547/1250/1426 1548/1251/1427
f 1546/1249/1425 1548/1251/1427 1549/1252/1428
f 1550/1253/1429 1551/1254/1430 1552/1255/1431
f 1550/1253/1429 1552/1255/1431 1553/1256/1432
f 1554/1257/1433 1555/1258/1434 1556/1259/1435
f 1554/1257/1433 1556/1259/1435 1557/1260/1436
f 36/36/36 1558/1261/1437 1559/1262/1438
f 36/36/36 1559/1262/1438 37/37/37
f 1551/1254/1430 1560/1263/1439 1561/1264/1440
f 1551/1254/1430 1561/1264/1440 1552/1255/1431
f 1555/1258/1434 1562/1265/1441 1563/1266/1442
f 1555/1258/1434 1563/1266/1442 1556/1259/1435
f 1558/1261/1437 1564/1267/1443 1565/1268/1444
f 1558/1261/1437 1565/1268/1444 1559/1262/1438
f 1562/1265/1441 1566/1269/1445 1567/1270/1446
f 1562/1265/1441 1567/1270/1446 1563/1266/1442
f 1564/1267/1443 1568/1271/1447 1569/1272/1448
f 1564/1267/1443 1569/1272/1448 1565/1268/1444
f 1566/1269/1445 1570/1273/1449 1571/1274/1450
f 1566/1269/1445 1571/1274/1450 1567/1270/1446
f 1572/1275/1447 1573/1276/1451 1574/1277/1452
f 1572/1275/1447 1574/1277/1452 1575/1278/1448
f 1570/1273/1449 1576/1279/1453 1577/1280/1454
f 1570/1273/1449 1577/1280/1454 1571/1274/1450
f 1573/1276/1451 1578/1281/1455 1579/1282/1456
f 1573/1276/1451 1579/1282/1456 1574/1277/1452
f 1576/1279/1453 1580/1283/1457 1581/1284/1458
f 1576/1279/1453 1581/1284/1458 1577/1280/1454
f 1578/1281/1455 1582/1285/1459 1583/1286/1460
f 1578/1281/1455 1583/1286/1460 1579/1282/1456
f 1560/1263/1439 35/35/35 38/38/38
f 1560/1263/1439 38/38/38 1561/1264/1440
f 1580/1283/1457 1550/1253/1429 1553/1256/1432
f 1580/1283/1457 1553/1256/1432 1581/1284/1458
f 1582/1285/1459 1554/1257/1433 1557/1260/1436
f 1582/1285/1459 1557/1260/1436 1583/1286/1460
f 1584/1287/1461 1585/1288/1462 1561/1264/1440
f 1584/1287/1461 1561/1264/1440 38/38/38
f 1586/1289/1463 1584/1287/1461 38/38/38
f 1586/1289/1463 38/38/38 37/37/37
f 1587/1290/1464 1586/1289/1463 37/37/37
f 1587/1290/1464 37/37/37 1559/1262/1438
f 1588/1291/1465 1587/1290/1464 1559/1262/1438
f 1588/1291/1465 1559/1262/1438 1565/1268/1444
f 1589/1292/1466 1588/1291/1465 1565/1268/1444
f 1589/1292/1466 1565/1268/1444 1569/1272/1448
f 1590/1293/1467 1591/1294/1466 1575/1278/1448
f 1590/1293/1467 1575/1278/1448 1574/1277/1452
f 1592/1295/1468 1590/1293/1467 1574/1277/1452
f 1592/1295/1468 1574/1277/1452 1579/1282/1456
f 1593/1296/1469 1592/1295/1468 1579/1282/1456
f 1593/1296/1469 1579/1282/1456 1583/1286/1460
f 1594/1297/1470 1593/1296/1469 1583/1286/1460
f 1594/1297/1470 1583/1286/1460 1557/1260/1436
f 1595/1298/1471 1594/1297/1470 1557/1260/1436
f 1595/1298/1471 1557/1260/1436 1556/1259/1435
f 1596/1299/1472 1595/1298/1471 1556/1259/1435
f 1596/1299/1472 1556/1259/1435 1563/1266/1442
f 1597/1300/1473 1596/1299/1472 1563/1266/1442
f 1597/1300/1473 1563/1266/1442 1567/1270/1446
f 1598/1301/1474 1597/1300/1473 1567/1270/1446
f 1598/1301/1474 1567/1270/1446 1571/1274/1450
f 1599/1302/1475 1598/1301/1474 1571/1274/1450
f 1599/1302/1475 1571/1274/1450 1577/1280/1454
f 1600/1303/1476 1599/1302/1475 1577/1280/1454
f 1600/1303/1476 1577/1280/1454 1581/1284/1458
f 1601/1304/1477 1600/1303/1476 1581/1284/1458
f 1601/1304/1477 1581/1284/1458 1553/1256/1432
f 1602/1305/1478 1601/1304/1477 1553/1256/1432
f 1602/1305/1478 1553/1256/1432 1552/1255/1431
f 1585/1288/1462 1602/1305/1478 1552/1255/1431
f 1585/1288/1462 1552/1255/1431 1561/1264/1440
f 969/808/882 949/788/862 1603/1306/1479
f 969/808/882 1603/1306/1479 1604/1307/1480
f 1604/1307/1480 1603/1306/1479 1605/1308/1481
f 1604/1307/1480 1605/1308/1481 1606/1309/1482
f 1606/1309/1482 1605/1308/1481 1607/1310/1483
f 1606/1309/1482 1607/1310/1483 1608/1311/1484
f 1608/1311/1484 1607/1310/1483 1554/1257/1433
f 1608/1311/1484 1554/1257/1433 1582/1285/1459
f 956/795/869 967/806/880 1609/1312/1485
f 956/795/869 1609/1312/1485 1610/1313/1486
f 1610/1313/1486 1609/1312/1485 1611/1314/1487
f 1610/1313/1486 1611/1314/1487 1612/1315/1488
f 1612/1315/1488 1611/1314/1487 1613/1316/1489
f 1612/1315/1488 1613/1316/1489 1614/1317/1490
f 1614/1317/1490 1613/1316/1489 1550/1253/1429
f 1614/1317/1490 1550/1253/1429 1580/1283/1457
f 944/783/857 953/792/866 1615/1318/1491
f 944/783/857 1615/1318/1491 1616/1319/1492
f 1616/1319/1492 1615/1318/1491 1617/1320/1493
f 1616/1319/1492 1617/1320/1493 1618/1321/1494
f 1618/1321/1494 1617/1320/1493 1619/1322/1495
f 1618/1321/1494 1619/1322/1495 1620/1323/1496
f 1620/1323/1496 1619/1322/1495 35/35/35
f 1620/1323/1496 35/35/35 1560/1263/1439
f 960/799/873 969/808/882 1604/1307/1480
f 960/799/873 1604/1307/1480 1621/1324/1497
f 1621/1324/1497 1604/1307/1480 1606/1309/1482
f 1621/1324/1497 1606/1309/1482 1622/1325/1498
f 1622/1325/1498 1606/1309/1482 1608/1311/1484
f 1622/1325/1498 1608/1311/1484 1623/1326/1499
f 1623/1326/1499 1608/1311/1484 1582/1285/1459
f 1623/1326/1499 1582/1285/1459 1578/1281/1455
f 957/796/870 956/795/869 1610/1313/1486
f 957/796/870 1610/1313/1486 1624/1327/1500
f 1624/1327/1500 1610/1313/1486 1612/1315/1488
f 1624/1327/1500 1612/1315/1488 1625/1328/1501
f 1625/1328/1501 1612/1315/1488 1614/1317/1490
f 1625/1328/1501 1614/1317/1490 1626/1329/1502
f 1626/1329/1502 1614/1317/1490 1580/1283/1457
f 1626/1329/1502 1580/1283/1457 1576/1279/1453
f 961/800/874 960/799/873 1621/1324/1497
f 961/800/874 1621/1324/1497 1627/1330/1503
f 1627/1330/1503 1621/1324/1497 1622/1325/1498
f 1627/1330/1503 1622/1325/1498 1628/1331/1504
f 1628/1331/1504 1622/1325/1498 1623/1326/1499
f 1628/1331/1504 1623/1326/1499 1629/1332/1505
f 1629/1332/1505 1623/1326/1499 1578/1281/1455
f 1629/1332/1505 1578/1281/1455 1573/1276/1451
f 447/404/421 957/796/870 1624/1327/1500
f 447/404/421 1624/1327/1500 1630/1333/1506
f 1630/1333/1506 1624/1327/1500 1625/1328/1501
f 1630/1333/1506 1625/1328/1501 1631/1334/1507
f 1631/1334/1507 1625/1328/1501 1626/1329/1502
f 1631/1334/1507 1626/1329/1502 1632/1335/1508
f 1632/1335/1508 1626/1329/1502 1576/1279/1453
f 1632/1335/1508 1576/1279/1453 1570/1273/1449
f 971/810/884 961/800/874 1627/1330/1503
f 971/810/884 1627/1330/1503 1633/1336/1509
f 1633/1336/1509 1627/1330/1503 1628/1331/1504
f 1633/1336/1509 1628/1331/1504 1634/1337/1510
f 1634/1337/1510 1628/1331/1504 1629/1332/1505
f 1634/1337/1510 1629/1332/1505 1635/1338/1511
f 1635/1338/1511 1629/1332/1505 1573/1276/1451
f 1635/1338/1511 1573/1276/1451 1572/1275/1447
f 448/405/422 447/404/421 1630/1333/1506
f 448/405/422 1630/1333/1506 1636/1339/1512
f 1636/1339/1512 1630/1333/1506 1631/1334/1507
f 1636/1339/1512 1631/1334/1507 1637/1340/1513
f 1637/1340/1513 1631/1334/1507 1632/1335/1508
f 1637/1340/1513 1632/1335/1508 1638/1341/1514
f 1638/1341/1514 1632/1335/1508 1570/1273/1449
f 1638/1341/1514 1570/1273/1449 1566/1269/1445
f 941/780/854 940/779/853 1639/1342/1515
f 941/780/854 1639/1342/1515 1640/1343/1516
f 1640/1343/1516 1639/1342/1515 1641/1344/1517
f 1640/1343/1516 1641/1344/1517 1642/1345/1518
f 1642/1345/1518 1641/1344/1517 1643/1346/1519
f 1642/1345/1518 1643/1346/1519 1644/1347/1520
f 1644/1347/1520 1643/1346/1519 1568/1271/1447
f 1644/1347/1520 1568/1271/1447 1564/1267/1443
f 963/802/876 448/405/422 1636/1339/1512
f 963/802/876 1636/1339/1512 1645/1348/1521
f 1645/1348/1521 1636/1339/1512 1637/1340/1513
f 1645/1348/1521 1637/1340/1513 1646/1349/1522
f 1646/1349/1522 1637/1340/1513 1638/1341/1514
f 1646/1349/1522 1638/1341/1514 1647/1350/1523
f 1647/1350/1523 1638/1341/1514 1566/1269/1445
f 1647/1350/1523 1566/1269/1445 1562/1265/1441
f 965/804/878 941/780/854 1640/1343/1516
f 965/804/878 1640/1343/1516 1648/1351/1524
f 1648/1351/1524 1640/1343/1516 1642/1345/1518
f 1648/1351/1524 1642/1345/1518 1649/1352/1525
f 1649/1352/1525 1642/1345/1518 1644/1347/1520
f 1649/1352/1525 1644/1347/1520 1650/1353/1526
f 1650/1353/1526 1644/1347/1520 1564/1267/1443
f 1650/1353/1526 1564/1267/1443 1558/1261/1437
f 948/787/861 963/802/876 1645/1348/1521
f 948/787/861 1645/1348/1521 1651/1354/1527
f 1651/1354/1527 1645/1348/1521 1646/1349/1522
f 1651/1354/1527 1646/1349/1522 1652/1355/1528
f 1652/1355/1528 1646/1349/1522 1647/1350/1523
f 1652/1355/1528 1647/1350/1523 1653/1356/1529
f 1653/1356/1529 1647/1350/1523 1562/1265/1441
f 1653/1356/1529 1562/1265/1441 1555/1258/1434
f 945/784/858 944/783/857 1616/1319/1492
f 945/784/858 1616/1319/1492 1654/1357/1530
f 1654/1357/1530 1616/1319/1492 1618/1321/1494
f 1654/1357/1530 1618/1321/1494 1655/1358/1531
f 1655/1358/1531 1618/1321/1494 1620/1323/1496
f 1655/1358/1531 1620/1323/1496 1656/1359/1532
f 1656/1359/1532 1620/1323/1496 1560/1263/1439
f 1656/1359/1532 1560/1263/1439 1551/1254/1430
f 952/791/865 965/804/878 1648/1351/1524
f 952/791/865 1648/1351/1524 1657/1360/1533
f 1657/1360/1533 1648/1351/1524 1649/1352/1525
f 1657/1360/1533 1649/1352/1525 1658/1361/1534
f 1658/1361/1534 1649/1352/1525 1650/1353/1526
f 1658/1361/1534 1650/1353/1526 1659/1362/1535
f 1659/1362/1535 1650/1353/1526 1558/1261/1437
f 1659/1362/1535 1558/1261/1437 36/36/36
f 949/788/862 948/787/861 1651/1354/1527
f 949/788/862 1651/1354/1527 1603/1306/1479
f 1603/1306/1479 1651/1354/1527 1652/1355/1528
f 1603/1306/1479 1652/1355/1528 1605/1308/1481
f 1605/1308/1481 1652/1355/1528 1653/1356/1529
f 1605/1308/1481 1653/1356/1529 1607/1310/1483
f 1607/1310/1483 1653/1356/1529 1555/1258/1434
f 1607/1310/1483 1555/1258/1434 1554/1257/1433
f 967/806/880 945/784/858 1654/1357/1530
f 967/806/880 1654/1357/1530 1609/1312/1485
f 1609/1312/1485 1654/1357/1530 1655/1358/1531
f 1609/1312/1485 1655/1358/1531 1611/1314/1487
f 1611/1314/1487 1655/1358/1531 1656/1359/1532
f 1611/1314/1487 1656/1359/1532 1613/1316/1489
f 1613/1316/1489 1656/1359/1532 1551/1254/1430
f 1613/1316/1489 1551/1254/1430 1550/1253/1429
f 953/792/866 952/791/865 1657/1360/1533
f 953/792/866 1657/1360/1533 1615/1318/1491
f 1615/1318/1491 1657/1360/1533 1658/1361/1534
f 1615/1318/1491 1658/1361/1534 1617/1320/1493
f 1617/1320/1493 1658/1361/1534 1659/1362/1535
f 1617/1320/1493 1659/1362/1535 1619/1322/1495
f 1619/1322/1495 1659/1362/1535 36/36/36
f 1619/1322/1495 36/36/36 35/35/35
f 215/215/206 239/231/229 1660/1363/1536
f 215/215/206 1660/1363/1536 1661/1364/1537
f 1662/1365/1538 1663/1366/1539 1664/1367/1540
f 1662/1365/1538 1664/1367/1540 1665/1368/1541
f 1665/1368/1541 1664/1367/1540 968/807/881
f 1665/1368/1541 968/807/881 959/798/872
f 403/372/379 423/388/398 1666/1369/1542
f 403/372/379 1666/1369/1542 1667/1370/1543
f 1668/1371/1544 1669/1372/1545 1670/1373/1546
f 1668/1371/1544 1670/1373/1546 1671/1374/1547
f 1671/1374/1547 1670/1373/1546 966/805/879
f 1671/1374/1547 966/805/879 955/794/868
f 103/103/100 129/129/124 1672/1375/1548
f 103/103/100 1672/1375/1548 1673/1376/1549
f 1674/1377/1550 1675/1378/1551 1676/1379/1552
f 1674/1377/1550 1676/1379/1552 1677/1380/1553
f 1677/1380/1553 1676/1379/1552 964/803/877
f 1677/1380/1553 964/803/877 951/790/864
f 285/274/272 307/296/291 1678/1381/1554
f 285/274/272 1678/1381/1554 1679/1382/1555
f 1680/1383/1556 1681/1384/1557 1682/1385/1558
f 1680/1383/1556 1682/1385/1558 1683/1386/1559
f 1683/1386/1559 1682/1385/1558 962/801/875
f 1683/1386/1559 962/801/875 947/786/860
f 171/171/164 193/193/185 1684/1387/1560
f 171/171/164 1684/1387/1560 1685/1388/1561
f 1686/1389/1562 1687/1390/1563 1688/1391/1564
f 1686/1389/1562 1688/1391/1564 1689/1392/1565
f 1689/1392/1565 1688/1391/1564 958/797/871
f 1689/1392/1565 958/797/871 970/809/883
f 359/336/339 379/352/358 1690/1393/1566
f 359/336/339 1690/1393/1566 1691/1394/1567
f 1692/1395/1568 1693/1396/1569 1694/1397/1570
f 1692/1395/1568 1694/1397/1570 1695/1398/1571
f 1695/1398/1571 1694/1397/1570 954/793/867
f 1695/1398/1571 954/793/867 446/403/420
f 77/77/75 76/76/74 1696/1399/1572
f 77/77/75 1696/1399/1572 1697/1400/1573
f 1698/1401/1574 1699/1402/1575 1700/1403/1576
f 1698/1401/1574 1700/1403/1576 1701/1404/1577
f 1701/1404/1577 1700/1403/1576 950/789/863
f 1701/1404/1577 950/789/863 943/782/856
f 239/231/229 261/250/250 1702/1405/1578
f 239/231/229 1702/1405/1578 1660/1363/1536
f 1663/1366/1539 1703/1406/1579 1704/1407/1580
f 1663/1366/1539 1704/1407/1580 1664/1367/1540
f 1664/1367/1540 1704/1407/1580 946/785/859
f 1664/1367/1540 946/785/859 968/807/881
f 423/388/398 444/401/418 1705/1408/1581
f 423/388/398 1705/1408/1581 1666/1369/1542
f 1669/1372/1545 1706/1409/1582 1707/1410/1583
f 1669/1372/1545 1707/1410/1583 1670/1373/1546
f 1670/1373/1546 1707/1410/1583 942/781/855
f 1670/1373/1546 942/781/855 966/805/879
f 129/129/124 151/151/145 1708/1411/1584
f 129/129/124 1708/1411/1584 1672/1375/1548
f 1675/1378/1551 1709/1412/1585 1710/1413/1586
f 1675/1378/1551 1710/1413/1586 1676/1379/1552
f 1676/1379/1552 1710/1413/1586 938/777/851
f 1676/1379/1552 938/777/851 964/803/877
f 307/296/291 333/314/315 1711/1414/1587
f 307/296/291 1711/1414/1587 1678/1381/1554
f 1681/1384/1557 1712/1415/1588 1713/1416/1589
f 1681/1384/1557 1713/1416/1589 1682/1385/1558
f 1682/1385/1558 1713/1416/1589 445/402/419
f 1682/1385/1558 445/402/419 962/801/875
f 193/193/185 215/215/206 1661/1364/1537
f 193/193/185 1661/1364/1537 1684/1387/1560
f 1687/1390/1563 1662/1365/1538 1665/1368/1541
f 1687/1390/1563 1665/1368/1541 1688/1391/1564
f 1688/1391/1564 1665/1368/1541 959/798/872
f 1688/1391/1564 959/798/872 958/797/871
f 379/352/358 403/372/379 1667/1370/1543
f 379/352/358 1667/1370/1543 1690/1393/1566
f 1693/1396/1569 1668/1371/1544 1671/1374/1547
f 1693/1396/1569 1671/1374/1547 1694/1397/1570
f 1694/1397/1570 1671/1374/1547 955/794/868
f 1694/1397/1570 955/794/868 954/793/867
f 76/76/74 103/103/100 1673/1376/1549
f 76/76/74 1673/1376/1549 1696/1399/1572
f 1699/1402/1575 1674/1377/1550 1677/1380/1553
f 1699/1402/1575 1677/1380/1553 1700/1403/1576
f 1700/1403/1576 1677/1380/1553 951/790/864
f 1700/1403/1576 951/790/864 950/789/863
f 261/250/250 285/274/272 1679/1382/1555
f 261/250/250 1679/1382/1555 1702/1405/1578
f 1703/1406/1579 1680/1383/1556 1683/1386/1559
f 1703/1406/1579 1683/1386/1559 1704/1407/1580
f 1704/1407/1580 1683/1386/1559 947/786/860
f 1704/1407/1580 947/786/860 946/785/859
f 444/401/418 77/77/75 1697/1400/1573
f 444/401/418 1697/1400/1573 1705/1408/1581
f 1706/1409/1582 1698/1401/1574 1701/1404/1577
f 1706/1409/1582 1701/1404/1577 1707/1410/1583
f 1707/1410/1583 1701/1404/1577 943/782/856
f 1707/1410/1583 943/782/856 942/781/855
f 151/151/145 171/171/164 1685/1388/1561
f 151/151/145 1685/1388/1561 1708/1411/1584
f 1709/1412/1585 1714/1417/1590 1715/1418/1565
f 1709/1412/1585 1715/1418/1565 1710/1413/1586
f 1710/1413/1586 1715/1418/1565 939/778/852
f 1710/1413/1586 939/778/852 938/777/851
f 333/314/315 359/336/339 1691/1394/1567
f 333/314/315 1691/1394/1567 1711/1414/1587
f 1712/1415/1588 1692/1395/1568 1695/1398/1571
f 1712/1415/1588 1695/1398/1571 1713/1416/1589
f 1713/1416/1589 1695/1398/1571 446/403/420
f 1713/1416/1589 446/403/420 445/402/419
f 1716/1419/1591 1717/1420/1592 1718/1421/1593
f 1716/1419/1591 1718/1421/1593 1719/1422/1594
f 1547/1250/1426 1720/1423/1595 1721/1424/1596
f 1547/1250/1426 1721/1424/1596 1548/1251/1427
f 1722/1425/1597 1723/1426/1598 1724/1427/1599
f 1722/1425/1597 1724/1427/1599 1725/1428/1600
f 1726/1429/1601 1716/1419/1591 1719/1422/1594
f 1726/1429/1601 1719/1422/1594 1727/1430/1602
f 1728/1431/1603 1729/1432/1604 1730/1433/1605
f 1728/1431/1603 1730/1433/1605 1731/1434/1606
f 1717/1420/1592 1732/1435/1607 1733/1436/1608
f 1717/1420/1592 1733/1436/1608 1718/1421/1593
f 1734/1437/1609 1735/1438/1610 1736/1439/1611
f 1734/1437/1609 1736/1439/1611 1737/1440/1612
f 1738/1441/1613 1739/1442/1614 1740/1443/1615
f 1738/1441/1613 1740/1443/1615 1724/1427/1599
f 1720/1423/1595 1741/1444/1616 1742/1445/1617
f 1720/1423/1595 1742/1445/1617 1721/1424/1596
f 1732/1435/1607 1743/1446/1618 1744/1447/1619
f 1732/1435/1607 1744/1447/1619 1733/1436/1608
f 1729/1432/1604 1546/1249/1425 1549/1252/1428
f 1729/1432/1604 1549/1252/1428 1730/1433/1605
f 1739/1442/1614 1745/1448/1620 1746/1449/1621
f 1739/1442/1614 1746/1449/1621 1740/1443/1615
f 1735/1438/1610 1726/1429/1601 1727/1430/1602
f 1735/1438/1610 1727/1430/1602 1736/1439/1611
f 1743/1446/1618 1728/1431/1603 1731/1434/1606
f 1743/1446/1618 1731/1434/1606 1744/1447/1619
f 1747/1450/1622 1722/1425/1597 1725/1428/1600
f 1747/1450/1622 1725/1428/1600 1748/1451/1623
f 1741/1444/1616 1747/1450/1622 1748/1451/1623
f 1741/1444/1616 1748/1451/1623 1742/1445/1617
f 1745/1448/1620 1734/1437/1609 1737/1440/1612
f 1745/1448/1620 1737/1440/1612 1746/1449/1621
f 1595/1298/1471 1596/1299/1472 1749/1452/1624
f 1595/1298/1471 1749/1452/1624 1750/1453/1625
f 1602/1305/1478 1585/1288/1462 1751/1454/1626
f 1602/1305/1478 1751/1454/1626 1752/1455/1627
f 1586/1289/1463 1587/1290/1464 1753/1456/1628
f 1586/1289/1463 1753/1456/1628 1754/1457/1629
f 1594/1297/1470 1595/1298/1471 1750/1453/1625
f 1594/1297/1470 1750/1453/1625 1755/1458/1630
f 1601/1304/1477 1602/1305/1478 1752/1455/1627
f 1601/1304/1477 1752/1455/1627 1756/1459/1631
f 1584/1287/1461 1586/1289/1463 1754/1457/1629
f 1584/1287/1461 1754/1457/1629 1757/1460/1632
f 1593/1296/1469 1594/1297/1470 1755/1458/1630
f 1593/1296/1469 1755/1458/1630 1758/1461/1633
f 1600/1303/1476 1601/1304/1477 1756/1459/1631
f 1600/1303/1476 1756/1459/1631 1759/1462/1634
f 1585/1288/1462 1584/1287/1461 1757/1460/1632
f 1585/1288/1462 1757/1460/1632 1751/1454/1626
f 1592/1295/1468 1593/1296/1469 1758/1461/1633
f 1592/1295/1468 1758/1461/1633 1760/1463/1635
f 1599/1302/1475 1600/1303/1476 1759/1462/1634
f 1599/1302/1475 1759/1462/1634 1761/1464/1636
f 1590/1293/1467 1592/1295/1468 1760/1463/1635
f 1590/1293/1467 1760/1463/1635 1762/1465/1637
f 1598/1301/1474 1599/1302/1475 1761/1464/1636
f 1598/1301/1474 1761/1464/1636 1763/1466/1638
f 1591/1294/1466 1590/1293/1467 1762/1465/1637
f 1591/1294/1466 1762/1465/1637 1764/1467/1639
f 1597/1300/1473 1598/1301/1474 1763/1466/1638
f 1597/1300/1473 1763/1466/1638 1765/1468/1640
f 1588/1291/1465 1589/1292/1466 1766/1469/1639
f 1588/1291/1465 1766/1469/1639 1767/1470/1641
f 1596/1299/1472 1597/1300/1473 1765/1468/1640
f 1596/1299/1472 1765/1468/1640 1749/1452/1624
f 1587/1290/1464 1588/1291/1465 1767/1470/1641
f 1587/1290/1464 1767/1470/1641 1753/1456/1628
f 1768/1471/1642 1769/1472/1643 1692/1395/1568
f 1768/1471/1642 1692/1395/1568 1712/1415/1588
f 1770/1473/1644 1771/1474/1645 1714/1417/1590
f 1770/1473/1644 1714/1417/1590 1709/1412/1585
f 1772/1475/1646 1773/1476/1647 1698/1401/1574
f 1772/1475/1646 1698/1401/1574 1706/1409/1582
f 1774/1477/1648 1775/1478/1649 1680/1383/1556
f 1774/1477/1648 1680/1383/1556 1703/1406/1579
f 1776/1479/1650 1777/1480/1651 1674/1377/1550
f 1776/1479/1650 1674/1377/1550 1699/1402/1575
f 1778/1481/1652 1779/1482/1653 1668/1371/1544
f 1778/1481/1652 1668/1371/1544 1693/1396/1569
f 1780/1483/1654 1781/1484/1655 1662/1365/1538
f 1780/1483/1654 1662/1365/1538 1687/1390/1563
f 1782/1485/1656 1768/1471/1642 1712/1415/1588
f 1782/1485/1656 1712/1415/1588 1681/1384/1557
f 1783/1486/1657 1770/1473/1644 1709/1412/1585
f 1783/1486/1657 1709/1412/1585 1675/1378/1551
f 1784/1487/1658 1772/1475/1646 1706/1409/1582
f 1784/1487/1658 1706/1409/1582 1669/1372/1545
f 1785/1488/1659 1774/1477/1648 1703/1406/1579
f 1785/1488/1659 1703/1406/1579 1663/1366/1539
f 1773/1476/1647 1776/1479/1650 1699/1402/1575
f 1773/1476/1647 1699/1402/1575 1698/1401/1574
f 1769/1472/1643 1778/1481/1652 1693/1396/1569
f 1769/1472/1643 1693/1396/1569 1692/1395/1568
f 1786/1489/1660 1780/1483/1654 1687/1390/1563
f 1786/1489/1660 1687/1390/1563 1686/1389/1562
f 1775/1478/1649 1782/1485/1656 1681/1384/1557
f 1775/1478/1649 1681/1384/1557 1680/1383/1556
f 1777/1480/1651 1783/1486/1657 1675/1378/1551
f 1777/1480/1651 1675/1378/1551 1674/1377/1550
f 1779/1482/1653 1784/1487/1658 1669/1372/1545
f 1779/1482/1653 1669/1372/1545 1668/1371/1544
f 1781/1484/1655 1785/1488/1659 1663/1366/1539
f 1781/1484/1655 1663/1366/1539 1662/1365/1538
f 1760/1463/1635 1758/1461/1633 1787/1490/1661
f 1760/1463/1635 1787/1490/1661 1788/1491/1662
f 1788/1491/1662 1787/1490/1661 1734/1437/1609
f 1788/1491/1662 1734/1437/1609 1745/1448/1620
f 1754/1457/1629 1753/1456/1628 1789/1492/1663
f 1754/1457/1629 1789/1492/1663 1790/1493/1664
f 1790/1493/1664 1789/1492/1663 1747/1450/1622
f 1790/1493/1664 1747/1450/1622 1741/1444/1616
f 1753/1456/1628 1767/1470/1641 1791/1494/1665
f 1753/1456/1628 1791/1494/1665 1789/1492/1663
f 1789/1492/1663 1791/1494/1665 1722/1425/1597
f 1789/1492/1663 1722/1425/1597 1747/1450/1622
f 1761/1464/1636 1759/1462/1634 1792/1495/1666
f 1761/1464/1636 1792/1495/1666 1793/1496/1667
f 1793/1496/1667 1792/1495/1666 1728/1431/1603
f 1793/1496/1667 1728/1431/1603 1743/1446/1618
f 1755/1458/1630 1750/1453/1625 1794/1497/1668
f 1755/1458/1630 1794/1497/1668 1795/1498/1669
f 1795/1498/1669 1794/1497/1668 1726/1429/1601
f 1795/1498/1669 1726/1429/1601 1735/1438/1610
f 1762/1465/1637 1760/1463/1635 1788/1491/1662
f 1762/1465/1637 1788/1491/1662 1796/1499/1670
f 1796/1499/1670 1788/1491/1662 1745/1448/1620
f 1796/1499/1670 1745/1448/1620 1739/1442/1614
f 1756/1459/1631 1752/1455/1627 1797/1500/1671
f 1756/1459/1631 1797/1500/1671 1798/1501/1672
f 1798/1501/1672 1797/1500/1671 1546/1249/1425
f 1798/1501/1672 1546/1249/1425 1729/1432/1604
f 1763/1466/1638 1761/1464/1636 1793/1496/1667
f 1763/1466/1638 1793/1496/1667 1799/1502/1673
f 1799/1502/1673 1793/1496/1667 1743/1446/1618
f 1799/1502/1673 1743/1446/1618 1732/1435/1607
f 1757/1460/1632 1754/1457/1629 1790/1493/1664
f 1757/1460/1632 1790/1493/1664 1800/1503/1674
f 1800/1503/1674 1790/1493/1664 1741/1444/1616
f 1800/1503/1674 1741/1444/1616 1720/1423/1595
f 1764/1467/1639 1762/1465/1637 1796/1499/1670
f 1764/1467/1639 1796/1499/1670 1801/1504/1675
f 1801/1504/1675 1796/1499/1670 1739/1442/1614
f 1801/1504/1675 1739/1442/1614 1738/1441/1613
f 1758/1461/1633 1755/1458/1630 1795/1498/1669
f 1758/1461/1633 1795/1498/1669 1787/1490/1661
f 1787/1490/1661 1795/1498/1669 1735/1438/1610
f 1787/1490/1661 1735/1438/1610 1734/1437/1609
f 1765/1468/1640 1763/1466/1638 1799/1502/1673
f 1765/1468/1640 1799/1502/1673 1802/1505/1676
f 1802/1505/1676 1799/1502/1673 1732/1435/1607
f 1802/1505/1676 1732/1435/1607 1717/1420/1592
f 1759/1462/1634 1756/1459/1631 1798/1501/1672
f 1759/1462/1634 1798/1501/1672 1792/1495/1666
f 1792/1495/1666 1798/1501/1672 1729/1432/1604
f 1792/1495/1666 1729/1432/1604 1728/1431/1603
f 1750/1453/1625 1749/1452/1624 1803/1506/1677
f 1750/1453/1625 1803/1506/1677 1794/1497/1668
f 1794/1497/1668 1803/1506/1677 1716/1419/1591
f 1794/1497/1668 1716/1419/1591 1726/1429/1601
f 1767/1470/1641 1766/1469/1639 1804/1507/1678
f 1767/1470/1641 1804/1507/1678 1791/1494/1665
f 1791/1494/1665 1804/1507/1678 1723/1426/1598
f 1791/1494/1665 1723/1426/1598 1722/1425/1597
f 1751/1454/1626 1757/1460/1632 1800/1503/1674
f 1751/1454/1626 1800/1503/1674 1805/1508/1679
f 1805/1508/1679 1800/1503/1674 1720/1423/1595
f 1805/1508/1679 1720/1423/1595 1547/1250/1426
f 1749/1452/1624 1765/1468/1640 1802/1505/1676
f 1749/1452/1624 1802/1505/1676 1803/1506/1677
f 1803/1506/1677 1802/1505/1676 1717/1420/1592
f 1803/1506/1677 1717/1420/1592 1716/1419/1591
f 1752/1455/1627 1751/1454/1626 1805/1508/1679
f 1752/1455/1627 1805/1508/1679 1797/1500/1671
f 1797/1500/1671 1805/1508/1679 1547/1250/1426
f 1797/1500/1671 1547/1250/1426 1546/1249/1425
f 1806/1509/1680 1807/1510/1680 1808/1511/1681
f 1806/1509/1680 1808/1511/1681 1809/1512/1682
f 1810/1513/1683 1811/1514/1683 1812/1515/1684
f 1810/1513/1683 1812/1515/1684 1813/1516/1684
f 1814/1517/1685 1815/1518/1685 1811/1514/1683
f 1814/1517/1685 1811/1514/1683 1810/1513/1683
f 1816/1519/1686 1817/1520/1686 1818/1521/1687
f 1816/1519/1686 1818/1521/1687 1819/1522/1687
f 1820/1523/1681 1821/1524/1681 1822/1525/1688
f 1820/1523/1681 1822/1525/1688 1823/1526/1688
f 1824/1527/1689 1825/1528/1689 1826/1529/1690
f 1824/1527/1689 1826/1529/1690 1827/1530/1690
f 1827/1530/1690 1826/1529/1690 1828/1531/1691
f 1827/1530/1690 1828/1531/1691 1829/1532/1691
f 1830/1522/1692 1831/1521/1692 1832/1520/1693
f 1830/1522/1692 1832/1520/1693 1833/1519/1693
f 1834/1533/1694 1835/1534/1694 1836/1535/1695
f 1834/1533/1694 1836/1535/1695 1837/1536/1695
f 1838/1513/1696 1839/1514/1696 1840/1518/1697
f 1838/1513/1696 1840/1518/1697 1841/1517/1697
f 1837/1536/1695 1836/1535/1695 1842/1537/1698
f 1837/1536/1695 1842/1537/1698 1843/1538/1698
f 1844/1516/1699 1845/1515/1699 1839/1514/1696
f 1844/1516/1699 1839/1514/1696 1838/1513/1696
f 1846/1539/1698 1847/1525/1698 1848/1524/1700
f 1846/1539/1698 1848/1524/1700 1849/1523/1700
f 1850/1536/1701 1851/1535/1701 1852/1534/1702
f 1850/1536/1701 1852/1534/1702 1853/1533/1702
f 1854/1512/1700 1855/1511/1700 1856/1510/1703
f 1854/1512/1700 1856/1510/1703 1857/1509/1703
f 1858/1532/1704 1859/1531/1704 1860/1529/1705
f 1858/1532/1704 1860/1529/1705 1861/1530/1705
f 1823/1526/1688 1822/1525/1688 1862/1540/1701
f 1823/1526/1688 1862/1540/1701 1863/1541/1701
f 1861/1530/1705 1860/1529/1705 1864/1528/1706
f 1861/1530/1705 1864/1528/1706 1865/1527/1706
f 934/773/847 937/776/850 832/688/763
f 934/773/847 832/688/763 829/685/760
f 928/768/842 931/771/845 937/776/850
f 928/768/842 937/776/850 934/773/847
f 922/763/837 925/766/840 931/771/845
f 922/763/837 931/771/845 928/768/842
f 916/758/832 919/761/835 925/766/840
f 916/758/832 925/766/840 922/763/837
f 910/753/827 913/756/830 919/761/835
f 910/753/827 919/761/835 916/758/832
f 904/748/822 907/751/825 913/756/830
f 904/748/822 913/756/830 910/753/827
f 898/743/817 901/746/820 907/751/825
f 898/743/817 907/751/825 904/748/822
f 892/738/812 895/741/815 901/746/820
f 892/738/812 901/746/820 898/743/817
f 886/733/807 889/736/810 895/741/815
f 886/733/807 895/741/815 892/738/812
f 880/728/802 883/731/805 889/736/810
f 880/728/802 889/736/810 886/733/807
f 872/721/795 877/726/800 883/731/805
f 872/721/795 883/731/805 880/728/802
f 871/720/794 874/723/797 877/726/800
f 871/720/794 877/726/800 872/721/795
f 858/709/783 861/712/786 867/717/791
f 858/709/783 867/717/791 864/714/788
f 850/703/778 853/706/781 861/712/786
f 850/703/778 861/712/786 858/709/783
f 844/698/773 847/701/776 853/706/781
f 844/698/773 853/706/781 850/703/778
f 838/693/768 841/696/771 847/701/776
f 838/693/768 847/701/776 844/698/773
f 830/686/761 835/691/766 841/696/771
f 830/686/761 841/696/771 838/693/768
f 829/685/760 832/688/763 835/691/766
f 829/685/760 835/691/766 830/686/761
f 1284/1102/1191 1282/1101/1189 1281/1100/1188
f 1284/1102/1191 1281/1100/1188 1360/1103/1263
f 1374/1037/1274 1282/1101/1189 1284/1102/1191
f 1374/1037/1274 1284/1102/1191 1283/1033/1190
f 108/108/105 154/154/148 134/134/129
f 154/154/148 108/108/105 176/176/169
f 176/176/169 108/108/105 84/84/82
f 176/176/169 84/84/82 198/198/190
f 198/198/190 84/84/82 43/43/43
f 198/198/190 43/43/43 218/218/209
f 218/218/209 43/43/43 46/46/46
f 218/218/209 46/46/46 244/236/234
f 244/236/234 46/46/46 424/389/399
f 244/236/234 424/389/399 266/255/255
f 266/255/255 424/389/399 405/374/381
f 266/255/255 405/374/381 288/277/275
f 288/277/275 405/374/381 384/357/363
f 288/277/275 384/357/363 312/301/296
f 312/301/296 384/357/363 362/339/342
f 312/301/296 362/339/342 338/319/320
f 1740/1443/1615 1725/1428/1600 1724/1427/1599
f 1725/1428/1600 1740/1443/1615 1748/1451/1623
f 1748/1451/1623 1740/1443/1615 1746/1449/1621
f 1748/1451/1623 1746/1449/1621 1742/1445/1617
f 1742/1445/1617 1746/1449/1621 1737/1440/1612
f 1742/1445/1617 1737/1440/1612 1721/1424/1596
f 1721/1424/1596 1737/1440/1612 1736/1439/1611
f 1721/1424/1596 1736/1439/1611 1548/1251/1427
f 1548/1251/1427 1736/1439/1611 1727/1430/1602
f 1548/1251/1427 1727/1430/1602 1549/1252/1428
f 1549/1252/1428 1727/1430/1602 1719/1422/1594
f 1549/1252/1428 1719/1422/1594 1730/1433/1605
f 1730/1433/1605 1719/1422/1594 1718/1421/1593
f 1730/1433/1605 1718/1421/1593 1731/1434/1606
f 1731/1434/1606 1718/1421/1593 1733/1436/1608
f 1731/1434/1606 1733/1436/1608 1744/1447/1619
