# Blender 5.2.0 LTS
# www.blender.org
mtllib Pawn_B1_Material_006_0.mtl
o Pawn_B1_Material_006_0.001
v -0.397870 -3.346834 -1.093139
v -0.465746 -3.279927 -1.279628
v 0.000000 -3.279927 -1.361751
v 0.000000 -3.346834 -1.163294
v -0.467012 -3.023520 -1.283105
v -0.346973 -3.027947 -0.953300
v -0.000000 -3.027947 -1.014480
v 0.000000 -3.023519 -1.365452
v -0.209410 -1.319863 -0.575350
v -0.194412 -1.033354 -0.534142
v -0.000000 -1.033354 -0.568422
v -0.000000 -1.319862 -0.612274
v -0.184947 -0.686005 -0.508138
v -0.000000 -0.686005 -0.540750
v -0.188808 -0.321431 -0.518745
v -0.000000 -0.321431 -0.552037
v -0.303843 -0.044809 -0.834802
v -0.309502 0.063155 -0.850350
v -0.000000 0.063155 -0.904924
v -0.000000 -0.044809 -0.888378
v -0.747751 -3.346834 -0.891135
v -0.875317 -3.279927 -1.043162
v -0.877695 -3.023520 -1.045997
v -0.652095 -3.027947 -0.777137
v -0.393562 -1.319863 -0.469029
v -0.365374 -1.033354 -0.435436
v -0.347587 -0.686005 -0.414238
v -0.354842 -0.321431 -0.422885
v -0.571038 -0.044809 -0.680537
v -0.581674 0.063155 -0.693212
v -1.007442 -3.346834 -0.581647
v -1.179311 -3.279927 -0.680876
v -1.182516 -3.023520 -0.682726
v -0.878566 -3.027947 -0.507240
v -0.530245 -1.319863 -0.306137
v -0.492267 -1.033354 -0.284211
v -0.365374 -1.033354 -0.435436
v -0.393562 -1.319863 -0.469029
v -0.468303 -0.686005 -0.270375
v -0.347587 -0.686005 -0.414238
v -0.478078 -0.321431 -0.276018
v -0.354842 -0.321431 -0.422885
v -0.769358 -0.044809 -0.444189
v -0.783687 0.063155 -0.452462
v -1.145621 -3.346834 -0.202004
v -1.341063 -3.279927 -0.236466
v -1.344707 -3.023520 -0.237108
v -0.999068 -3.027947 -0.176163
v -0.602972 -1.319863 -0.106320
v -0.559786 -1.033354 -0.098705
v -0.532534 -0.686005 -0.093900
v -0.543650 -0.321431 -0.095860
v -0.874881 -0.044809 -0.154265
v -0.891176 0.063155 -0.157138
v -1.145621 -3.346834 0.202004
v -1.341063 -3.279927 0.236466
v -1.344707 -3.023520 0.237108
v -0.999068 -3.027947 0.176163
v -0.602972 -1.319863 0.106320
v -0.559786 -1.033354 0.098705
v -0.532534 -0.686005 0.093900
v -0.543650 -0.321431 0.095860
v -0.874881 -0.044809 0.154265
v -0.891176 0.063155 0.157138
v -0.891176 0.063155 -0.157138
v -0.874881 -0.044809 -0.154265
v -1.007442 -3.346834 0.581647
v -1.179311 -3.279927 0.680876
v -1.182516 -3.023520 0.682726
v -0.878566 -3.027947 0.507240
v -0.530245 -1.319863 0.306137
v -0.492267 -1.033354 0.284211
v -0.468303 -0.686005 0.270375
v -0.478078 -0.321431 0.276018
v -0.769358 -0.044809 0.444189
v -0.783687 0.063155 0.452462
v -0.747751 -3.346834 0.891135
v -0.875317 -3.279927 1.043162
v -0.877695 -3.023520 1.045997
v -0.652095 -3.027947 0.777137
v -0.393562 -1.319863 0.469029
v -0.365374 -1.033354 0.435436
v -0.347587 -0.686005 0.414238
v -0.354842 -0.321431 0.422885
v -0.571038 -0.044809 0.680537
v -0.581674 0.063155 0.693212
v -0.397870 -3.346834 1.093139
v -0.465746 -3.279927 1.279628
v -0.467012 -3.023520 1.283105
v -0.346973 -3.027947 0.953300
v -0.209410 -1.319863 0.575350
v -0.194412 -1.033354 0.534142
v -0.365374 -1.033354 0.435436
v -0.393562 -1.319863 0.469029
v -0.184947 -0.686005 0.508138
v -0.347587 -0.686005 0.414238
v -0.188808 -0.321431 0.518745
v -0.354842 -0.321431 0.422885
v -0.303843 -0.044809 0.834802
v -0.309502 0.063155 0.850350
v 0.000000 -3.346834 1.163294
v 0.000000 -3.279927 1.361751
v 0.000000 -3.023520 1.365452
v -0.000000 -3.027947 1.014480
v -0.000000 -1.319863 0.612274
v -0.000000 -1.033354 0.568422
v -0.000000 -0.686005 0.540750
v -0.000000 -0.321431 0.552037
v -0.000000 -0.044809 0.888378
v -0.000000 0.063155 0.904924
v 0.397870 -3.346834 1.093139
v 0.465746 -3.279927 1.279628
v 0.467012 -3.023520 1.283105
v 0.346973 -3.027947 0.953300
v 0.209410 -1.319863 0.575350
v 0.194412 -1.033354 0.534142
v 0.184947 -0.686005 0.508138
v 0.188808 -0.321431 0.518745
v 0.303843 -0.044809 0.834802
v 0.309502 0.063155 0.850350
v 0.747751 -3.346834 0.891135
v 0.875317 -3.279927 1.043162
v 0.877695 -3.023520 1.045997
v 0.652095 -3.027947 0.777137
v 0.393562 -1.319863 0.469029
v 0.365374 -1.033354 0.435436
v 0.347587 -0.686005 0.414238
v 0.354842 -0.321431 0.422885
v 0.571038 -0.044809 0.680537
v 0.581674 0.063155 0.693212
v 0.309502 0.063155 0.850350
v 0.303843 -0.044809 0.834802
v 1.007442 -3.346834 0.581647
v 1.179311 -3.279927 0.680876
v 1.182516 -3.023520 0.682726
v 0.878566 -3.027947 0.507240
v 0.530245 -1.319863 0.306137
v 0.492267 -1.033354 0.284211
v 0.365374 -1.033354 0.435436
v 0.393562 -1.319863 0.469029
v 0.468303 -0.686005 0.270375
v 0.347587 -0.686005 0.414238
v 0.478078 -0.321431 0.276018
v 0.354842 -0.321431 0.422885
v 0.769358 -0.044809 0.444189
v 0.783687 0.063155 0.452462
v 1.145621 -3.346834 0.202004
v 1.341063 -3.279927 0.236466
v 1.344707 -3.023520 0.237108
v 0.999068 -3.027947 0.176163
v 0.602972 -1.319863 0.106320
v 0.559786 -1.033354 0.098705
v 0.532534 -0.686005 0.093900
v 0.543650 -0.321431 0.095860
v 0.874881 -0.044809 0.154265
v 0.891176 0.063155 0.157138
v 1.145621 -3.346834 -0.202004
v 1.341063 -3.279927 -0.236466
v 1.344707 -3.023520 -0.237108
v 0.999068 -3.027947 -0.176163
v 0.602972 -1.319863 -0.106320
v 0.559786 -1.033354 -0.098705
v 0.532534 -0.686005 -0.093900
v 0.543650 -0.321431 -0.095860
v 0.874881 -0.044809 -0.154265
v 0.891176 0.063155 -0.157138
v 1.007442 -3.346834 -0.581647
v 1.179311 -3.279927 -0.680876
v 1.182516 -3.023520 -0.682726
v 0.878566 -3.027947 -0.507240
v 0.530245 -1.319863 -0.306137
v 0.492267 -1.033354 -0.284211
v 0.468303 -0.686005 -0.270375
v 0.478078 -0.321431 -0.276018
v 0.769358 -0.044809 -0.444189
v 0.783687 0.063155 -0.452462
v 0.747751 -3.346834 -0.891135
v 0.875317 -3.279927 -1.043162
v 0.877695 -3.023520 -1.045997
v 0.652095 -3.027947 -0.777137
v 0.393562 -1.319863 -0.469029
v 0.365374 -1.033354 -0.435436
v 0.347587 -0.686005 -0.414238
v 0.354842 -0.321431 -0.422885
v 0.571038 -0.044809 -0.680537
v 0.581674 0.063155 -0.693212
v 0.397870 -3.346834 -1.093139
v 0.465746 -3.279927 -1.279628
v 0.467012 -3.023520 -1.283105
v 0.346973 -3.027947 -0.953300
v 0.209410 -1.319863 -0.575350
v 0.194412 -1.033354 -0.534142
v 0.365374 -1.033354 -0.435436
v 0.393562 -1.319863 -0.469029
v 0.184947 -0.686005 -0.508138
v 0.347587 -0.686005 -0.414238
v 0.188808 -0.321431 -0.518745
v 0.354842 -0.321431 -0.422885
v 0.303843 -0.044809 -0.834802
v 0.309502 0.063155 -0.850350
v 0.309502 0.063155 -0.850350
v 0.303843 -0.044809 -0.834802
v 0.000000 -3.279927 -1.361751
v 0.000000 -3.023519 -1.365452
v 0.467012 -3.023520 -1.283105
v 0.465746 -3.279927 -1.279628
v 0.877695 -3.023520 -1.045997
v 0.875317 -3.279927 -1.043162
v 0.875317 -3.279927 -1.043162
v 0.877695 -3.023520 -1.045997
v 1.182516 -3.023520 -0.682726
v 1.179311 -3.279927 -0.680876
v 1.344707 -3.023520 -0.237108
v 1.341063 -3.279927 -0.236466
v 1.344707 -3.023520 0.237108
v 1.341063 -3.279927 0.236466
v 1.182516 -3.023520 0.682726
v 1.179311 -3.279927 0.680876
v 0.877695 -3.023520 1.045997
v 0.875317 -3.279927 1.043162
v 0.875317 -3.279927 1.043162
v 0.877695 -3.023520 1.045997
v 0.467012 -3.023520 1.283105
v 0.465746 -3.279927 1.279628
v 0.000000 -3.023520 1.365452
v 0.000000 -3.279927 1.361751
v -0.467012 -3.023520 1.283105
v -0.465746 -3.279927 1.279628
v -0.877695 -3.023520 1.045997
v -0.875317 -3.279927 1.043162
v -0.875317 -3.279927 1.043162
v -0.877695 -3.023520 1.045997
v -1.182516 -3.023520 0.682726
v -1.179311 -3.279927 0.680876
v -1.344707 -3.023520 0.237108
v -1.341063 -3.279927 0.236466
v -1.344707 -3.023520 -0.237108
v -1.341063 -3.279927 -0.236466
v -1.182516 -3.023520 -0.682726
v -1.179311 -3.279927 -0.680876
v -0.877695 -3.023520 -1.045997
v -0.875317 -3.279927 -1.043162
v -0.875317 -3.279927 -1.043162
v -0.877695 -3.023520 -1.045997
v -0.467012 -3.023520 -1.283105
v -0.465746 -3.279927 -1.279628
v -0.000000 -1.577635 -0.641797
v 0.219507 -1.577636 -0.603092
v 0.412539 -1.577636 -0.491645
v 0.412539 -1.577636 -0.491645
v 0.555812 -1.577636 -0.320898
v 0.632046 -1.577636 -0.111447
v 0.632046 -1.577636 0.111447
v 0.555812 -1.577636 0.320898
v 0.412539 -1.577636 0.491645
v 0.412539 -1.577636 0.491645
v 0.219507 -1.577636 0.603092
v -0.000000 -1.577636 0.641797
v -0.219507 -1.577636 0.603092
v -0.412539 -1.577636 0.491645
v -0.412539 -1.577636 0.491645
v -0.555812 -1.577636 0.320898
v -0.632046 -1.577636 0.111447
v -0.632046 -1.577636 -0.111447
v -0.555812 -1.577636 -0.320898
v -0.412539 -1.577636 -0.491645
v -0.412539 -1.577636 -0.491645
v -0.219507 -1.577636 -0.603092
v -0.000000 -0.198159 -0.565372
v 0.193369 -0.198159 -0.531276
v -0.000000 -0.084348 -0.594195
v 0.203227 -0.084348 -0.558361
v -0.000000 -0.084348 -0.594195
v -0.000000 -0.044809 -0.888378
v 0.303843 -0.044809 -0.834802
v 0.203227 -0.084348 -0.558361
v 0.363414 -0.198159 -0.433100
v 0.381941 -0.084348 -0.455180
v 0.571038 -0.044809 -0.680537
v 0.381941 -0.084348 -0.455180
v 0.363414 -0.198159 -0.433100
v 0.489627 -0.198159 -0.282686
v 0.381941 -0.084348 -0.455180
v 0.514588 -0.084348 -0.297098
v 0.769358 -0.044809 -0.444189
v 0.514588 -0.084348 -0.297098
v 0.556783 -0.198159 -0.098176
v 0.585168 -0.084348 -0.103181
v 0.874881 -0.044809 -0.154265
v 0.585168 -0.084348 -0.103181
v 0.556783 -0.198159 0.098176
v 0.585168 -0.084348 0.103181
v 0.874881 -0.044809 0.154265
v 0.585168 -0.084348 0.103181
v 0.489627 -0.198159 0.282686
v 0.514588 -0.084348 0.297098
v 0.769358 -0.044809 0.444189
v 0.514588 -0.084348 0.297098
v 0.363414 -0.198159 0.433100
v 0.381941 -0.084348 0.455180
v 0.571038 -0.044809 0.680537
v 0.381941 -0.084348 0.455180
v 0.363414 -0.198159 0.433100
v 0.193369 -0.198159 0.531276
v 0.381941 -0.084348 0.455180
v 0.203227 -0.084348 0.558361
v 0.303843 -0.044809 0.834802
v 0.203227 -0.084348 0.558361
v -0.000000 -0.198159 0.565372
v -0.000000 -0.084348 0.594195
v -0.000000 -0.044809 0.888378
v -0.000000 -0.084348 0.594195
v -0.193369 -0.198159 0.531276
v -0.203227 -0.084348 0.558361
v -0.303843 -0.044809 0.834802
v -0.203227 -0.084348 0.558361
v -0.363414 -0.198159 0.433100
v -0.381941 -0.084348 0.455180
v -0.571038 -0.044809 0.680537
v -0.381941 -0.084348 0.455180
v -0.363414 -0.198159 0.433100
v -0.489627 -0.198159 0.282686
v -0.381941 -0.084348 0.455180
v -0.514588 -0.084348 0.297098
v -0.769358 -0.044809 0.444189
v -0.514588 -0.084348 0.297098
v -0.556783 -0.198159 0.098176
v -0.585168 -0.084348 0.103181
v -0.874881 -0.044809 0.154265
v -0.585168 -0.084348 0.103181
v -0.556783 -0.198159 -0.098176
v -0.585168 -0.084348 -0.103181
v -0.874881 -0.044809 -0.154265
v -0.585168 -0.084348 -0.103181
v -0.489627 -0.198159 -0.282686
v -0.514588 -0.084348 -0.297098
v -0.769358 -0.044809 -0.444189
v -0.514588 -0.084348 -0.297098
v -0.363414 -0.198159 -0.433100
v -0.381941 -0.084348 -0.455180
v -0.571038 -0.044809 -0.680537
v -0.381941 -0.084348 -0.455180
v -0.363414 -0.198159 -0.433100
v -0.193369 -0.198159 -0.531276
v -0.381941 -0.084348 -0.455180
v -0.203227 -0.084348 -0.558361
v -0.303843 -0.044809 -0.834802
v -0.203227 -0.084348 -0.558361
v -0.000000 0.063155 -0.904924
v -0.000000 0.174741 -0.601062
v 0.205575 0.174741 -0.564813
v 0.309502 0.063155 -0.850350
v 0.386355 0.174741 -0.460440
v 0.581674 0.063155 -0.693212
v 0.520535 0.174741 -0.300531
v 0.783687 0.063155 -0.452462
v 0.591930 0.174741 -0.104373
v 0.891176 0.063155 -0.157138
v 0.591930 0.174741 0.104373
v 0.891176 0.063155 0.157138
v 0.520535 0.174741 0.300531
v 0.783687 0.063155 0.452462
v 0.386355 0.174741 0.460440
v 0.581674 0.063155 0.693212
v 0.205575 0.174741 0.564813
v 0.309502 0.063155 0.850350
v -0.000000 0.174741 0.601062
v -0.000000 0.063155 0.904924
v -0.205575 0.174741 0.564813
v -0.309502 0.063155 0.850350
v -0.386355 0.174741 0.460440
v -0.581674 0.063155 0.693212
v -0.520535 0.174741 0.300531
v -0.783687 0.063155 0.452462
v -0.591930 0.174741 0.104373
v -0.891176 0.063155 0.157138
v -0.591930 0.174741 -0.104373
v -0.891176 0.063155 -0.157138
v -0.520535 0.174741 -0.300531
v -0.783687 0.063155 -0.452462
v -0.386355 0.174741 -0.460440
v -0.581674 0.063155 -0.693212
v -0.205575 0.174741 -0.564813
v -0.309502 0.063155 -0.850350
v -0.689532 -2.146191 -0.821752
v -0.366892 -2.146191 -1.008028
v -0.421925 -2.259205 -1.159229
v -0.792959 -2.259205 -0.945012
v 0.280642 -1.664399 0.771058
v 0.000000 -1.664399 0.820543
v -0.000000 -1.813293 0.822202
v 0.281210 -1.813293 0.772618
v -0.929003 -2.146191 -0.536360
v -1.068351 -2.259205 -0.616813
v 0.561494 -1.931355 0.669162
v 0.298765 -1.931355 0.820849
v 0.326762 -2.047131 0.897771
v 0.614112 -2.047131 0.731870
v -1.056424 -2.146191 -0.186276
v -1.214884 -2.259205 -0.214217
v 0.527435 -1.664399 0.628572
v 0.528502 -1.813293 0.629843
v -1.056424 -2.146191 0.186276
v -1.214884 -2.259205 0.214217
v 0.756499 -1.931355 0.436765
v 0.827391 -2.047131 0.477694
v -0.929003 -2.146191 0.536360
v -1.068351 -2.259205 0.616813
v 0.710611 -1.664399 0.410271
v 0.712048 -1.813293 0.411101
v -0.689532 -2.146191 0.821752
v -0.929003 -2.146191 0.536360
v -1.068351 -2.259205 0.616813
v -0.792959 -2.259205 0.945012
v 0.860258 -1.931355 0.151687
v 0.940874 -2.047131 0.165901
v -0.366892 -2.146191 1.008028
v -0.421925 -2.259205 1.159229
v 0.808077 -1.664399 0.142486
v 0.809711 -1.813293 0.142774
v 0.000000 -2.146191 1.072721
v 0.000000 -2.259205 1.233626
v 0.860258 -1.931355 -0.151687
v 0.940874 -2.047131 -0.165901
v 0.366892 -2.146191 1.008028
v 0.421925 -2.259205 1.159229
v 0.808077 -1.664399 -0.142486
v 0.809711 -1.813293 -0.142774
v 0.689532 -2.146191 0.821752
v 0.792959 -2.259205 0.945012
v 0.756499 -1.931355 -0.436765
v 0.827391 -2.047131 -0.477694
v 0.929003 -2.146191 0.536360
v 1.068351 -2.259205 0.616813
v 0.710611 -1.664399 -0.410271
v 0.712048 -1.813293 -0.411101
v 1.056424 -2.146191 0.186276
v 1.214884 -2.259205 0.214217
v 0.561494 -1.931355 -0.669162
v 0.614112 -2.047131 -0.731870
v 1.056424 -2.146191 -0.186276
v 1.214884 -2.259205 -0.214217
v 0.527435 -1.664399 -0.628572
v 0.528502 -1.813293 -0.629843
v 0.929003 -2.146191 -0.536360
v 1.068351 -2.259205 -0.616813
v 0.298765 -1.931355 -0.820849
v 0.326762 -2.047131 -0.897771
v 0.689532 -2.146191 -0.821752
v 0.792959 -2.259205 -0.945012
v 0.280642 -1.664399 -0.771058
v 0.281210 -1.813293 -0.772618
v 0.366892 -2.146191 -1.008028
v 0.421925 -2.259205 -1.159229
v 0.000000 -1.931354 -0.873529
v -0.000000 -1.813293 -0.822202
v 0.000000 -1.664399 -0.820543
v 0.000000 -2.146190 -1.072721
v 0.000000 -2.047130 -0.955388
v -0.280642 -1.664399 -0.771058
v -0.281210 -1.813293 -0.772618
v -0.298765 -1.931355 -0.820849
v -0.326762 -2.047131 -0.897771
v 0.346973 -3.027947 -0.953300
v 0.433814 -2.875121 -1.191894
v 0.815303 -2.875121 -0.971641
v 0.652095 -3.027947 -0.777137
v 0.000000 -2.875121 -1.268387
v 0.000000 -2.730556 -1.360944
v 0.465470 -2.730557 -1.278869
v 0.000000 -2.558195 -1.396771
v 0.477724 -2.558195 -1.312536
v 0.000000 -2.407156 -1.380023
v 0.471996 -2.407156 -1.296798
v 0.000000 -2.259205 -1.233626
v 1.098455 -2.875121 -0.634193
v 0.878566 -3.027947 -0.507240
v -0.561494 -1.931355 -0.669162
v -0.614112 -2.047131 -0.731870
v 0.874798 -2.730557 -1.042543
v 0.897827 -2.558195 -1.069989
v 0.887062 -2.407156 -1.057159
v 1.249117 -2.875121 -0.220253
v 0.999068 -3.027947 -0.176163
v -0.527435 -1.664399 -0.628572
v -0.528502 -1.813293 -0.629843
v 1.178612 -2.730557 -0.680472
v 1.209639 -2.558195 -0.698386
v 1.195135 -2.407156 -0.690012
v 1.249117 -2.875121 0.220253
v 0.999068 -3.027947 0.176163
v -0.756499 -1.931355 -0.436765
v -0.827391 -2.047131 -0.477694
v 1.340268 -2.730557 -0.236325
v 1.375551 -2.558195 -0.242547
v 1.359057 -2.407156 -0.239639
v 1.098455 -2.875121 0.634193
v 0.878566 -3.027947 0.507240
v -0.710611 -1.664399 -0.410271
v -0.712048 -1.813293 -0.411101
v 1.340268 -2.730557 0.236325
v 1.375551 -2.558195 0.242547
v 1.359057 -2.407156 0.239639
v 0.815303 -2.875121 0.971641
v 0.652095 -3.027947 0.777137
v -0.860258 -1.931355 -0.151687
v -0.940874 -2.047131 -0.165901
v 1.178612 -2.730557 0.680472
v 1.209639 -2.558195 0.698386
v 1.195135 -2.407156 0.690012
v 0.433814 -2.875121 1.191894
v 0.346973 -3.027947 0.953300
v -0.808077 -1.664399 -0.142486
v -0.809711 -1.813293 -0.142774
v 0.874798 -2.730557 1.042543
v 0.897827 -2.558195 1.069989
v 0.887062 -2.407156 1.057159
v 0.000000 -2.875121 1.268387
v -0.000000 -3.027947 1.014480
v -0.860258 -1.931355 0.151687
v -0.940874 -2.047131 0.165901
v 0.465470 -2.730557 1.278869
v 0.477724 -2.558195 1.312536
v 0.471996 -2.407156 1.296798
v -0.433814 -2.875121 1.191894
v -0.346973 -3.027947 0.953300
v -0.808077 -1.664399 0.142486
v -0.809711 -1.813293 0.142774
v 0.000000 -2.730557 1.360944
v 0.000000 -2.558195 1.396771
v 0.000000 -2.407156 1.380023
v -0.815303 -2.875121 0.971641
v -0.652095 -3.027947 0.777137
v -0.756499 -1.931355 0.436765
v -0.827391 -2.047131 0.477694
v -0.465470 -2.730557 1.278869
v -0.477724 -2.558195 1.312536
v -0.471996 -2.407156 1.296798
v -1.098455 -2.875121 0.634193
v -0.878566 -3.027947 0.507240
v -0.710611 -1.664399 0.410271
v -0.712048 -1.813293 0.411101
v -0.874798 -2.730557 1.042543
v -0.897827 -2.558195 1.069989
v -0.887062 -2.407156 1.057159
v -0.878566 -3.027947 0.507240
v -1.098455 -2.875121 0.634193
v -1.249117 -2.875121 0.220253
v -0.999068 -3.027947 0.176163
v -0.561494 -1.931355 0.669162
v -0.756499 -1.931355 0.436765
v -0.827391 -2.047131 0.477694
v -0.614112 -2.047131 0.731870
v -1.178612 -2.730557 0.680472
v -1.209639 -2.558195 0.698386
v -1.195135 -2.407156 0.690012
v -1.249117 -2.875121 -0.220253
v -0.999068 -3.027947 -0.176163
v -0.527435 -1.664399 0.628572
v -0.710611 -1.664399 0.410271
v -0.712048 -1.813293 0.411101
v -0.528502 -1.813293 0.629843
v -1.178612 -2.730557 0.680472
v -1.340268 -2.730557 0.236325
v -1.209639 -2.558195 0.698386
v -1.375551 -2.558195 0.242547
v -1.195135 -2.407156 0.690012
v -1.359057 -2.407156 0.239639
v -1.098455 -2.875121 -0.634193
v -0.878566 -3.027947 -0.507240
v -0.298765 -1.931355 0.820849
v -0.326762 -2.047131 0.897771
v -1.340268 -2.730557 -0.236325
v -1.375551 -2.558195 -0.242547
v -1.359057 -2.407156 -0.239639
v -0.815303 -2.875121 -0.971641
v -0.652095 -3.027947 -0.777137
v -0.280642 -1.664399 0.771058
v -0.281210 -1.813293 0.772618
v -1.178612 -2.730557 -0.680472
v -1.209639 -2.558195 -0.698386
v -1.195135 -2.407156 -0.690012
v -0.433814 -2.875121 -1.191894
v -0.346973 -3.027947 -0.953300
v 0.000000 -1.931355 0.873529
v 0.000000 -2.047131 0.955388
v -0.874798 -2.730557 -1.042543
v -0.897827 -2.558195 -1.069989
v -0.887062 -2.407156 -1.057159
v -0.000000 -3.027947 -1.014480
v -0.465470 -2.730557 -1.278869
v -0.477724 -2.558195 -1.312536
v -0.471996 -2.407156 -1.296798
v -0.000000 -1.577635 -0.641797
v 0.219507 -1.577636 -0.603092
v 0.412539 -1.577636 -0.491645
v 0.555812 -1.577636 -0.320898
v 0.632046 -1.577636 -0.111447
v 0.632046 -1.577636 0.111447
v 0.555812 -1.577636 0.320898
v 0.412539 -1.577636 0.491645
v 0.219507 -1.577636 0.603092
v -0.000000 -1.577636 0.641797
v -0.219507 -1.577636 0.603092
v -0.412539 -1.577636 0.491645
v -0.555812 -1.577636 0.320898
v -0.555812 -1.577636 0.320898
v -0.632046 -1.577636 0.111447
v -0.632046 -1.577636 -0.111447
v -0.555812 -1.577636 -0.320898
v -0.412539 -1.577636 -0.491645
v -0.219507 -1.577636 -0.603092
v -0.297384 0.656087 -0.817056
v -0.290124 0.821172 -0.797109
v 0.000000 0.821173 -0.848265
v -0.000000 0.656087 -0.869493
v -0.142236 1.292588 -0.390791
v -0.083260 1.348880 -0.228755
v -0.000000 1.348880 -0.243436
v -0.000000 1.292588 -0.415871
v -0.558899 0.656087 -0.666070
v -0.545254 0.821172 -0.649809
v -0.267317 1.292588 -0.318576
v -0.156478 1.348880 -0.186483
v -0.753003 0.656087 -0.434746
v -0.734619 0.821172 -0.424133
v -0.360155 1.292588 -0.207936
v -0.210822 1.348880 -0.121718
v -0.856283 0.656087 -0.150986
v -0.835378 0.821172 -0.147300
v -0.409553 1.292588 -0.072215
v -0.239737 1.348880 -0.042272
v -0.856283 0.656087 0.150986
v -0.835378 0.821172 0.147300
v -0.409553 1.292588 0.072215
v -0.239737 1.348880 0.042272
v -0.753003 0.656087 0.434746
v -0.734619 0.821172 0.424133
v -0.360155 1.292588 0.207936
v -0.210822 1.348880 0.121718
v -0.558899 0.656087 0.666070
v -0.545254 0.821172 0.649809
v -0.267317 1.292588 0.318576
v -0.156478 1.348880 0.186483
v -0.297384 0.656087 0.817056
v -0.290124 0.821172 0.797109
v -0.142236 1.292588 0.390791
v -0.083260 1.348880 0.228755
v -0.000000 0.656087 0.869493
v 0.000000 0.821172 0.848265
v -0.290124 0.821172 0.797109
v -0.297384 0.656087 0.817056
v -0.000000 1.292588 0.415871
v -0.000000 1.348880 0.243436
v -0.083260 1.348880 0.228755
v -0.142236 1.292588 0.390791
v 0.297384 0.656087 0.817056
v 0.290124 0.821172 0.797109
v 0.142236 1.292588 0.390791
v 0.083260 1.348880 0.228755
v 0.558899 0.656087 0.666070
v 0.545254 0.821172 0.649809
v 0.267317 1.292588 0.318576
v 0.156478 1.348880 0.186483
v 0.753003 0.656087 0.434746
v 0.734619 0.821172 0.424133
v 0.360155 1.292588 0.207936
v 0.210822 1.348880 0.121718
v 0.856283 0.656087 0.150986
v 0.835378 0.821172 0.147300
v 0.409553 1.292588 0.072215
v 0.239737 1.348880 0.042272
v 0.856283 0.656087 -0.150986
v 0.835378 0.821172 -0.147300
v 0.409553 1.292588 -0.072215
v 0.239737 1.348880 -0.042272
v 0.753003 0.656087 -0.434746
v 0.734619 0.821172 -0.424133
v 0.360155 1.292588 -0.207936
v 0.210822 1.348880 -0.121718
v 0.558899 0.656087 -0.666070
v 0.545254 0.821172 -0.649809
v 0.267317 1.292588 -0.318576
v 0.156478 1.348880 -0.186483
v 0.297384 0.656087 -0.817056
v 0.290124 0.821172 -0.797109
v 0.142236 1.292588 -0.390791
v 0.083260 1.348880 -0.228755
v 0.035890 1.369968 0.006328
v 0.031561 1.369968 0.018222
v -0.000000 0.174741 -0.601062
v -0.000000 0.313709 -0.740080
v 0.253122 0.313708 -0.695448
v 0.205575 0.174741 -0.564813
v -0.000000 0.463452 -0.814965
v 0.278735 0.463452 -0.765817
v 0.475714 0.313708 -0.566934
v 0.386355 0.174741 -0.460440
v 0.523850 0.463452 -0.624300
v 0.640928 0.313708 -0.370040
v 0.520535 0.174741 -0.300531
v 0.705781 0.463452 -0.407483
v 0.728837 0.313708 -0.128514
v 0.591930 0.174741 -0.104373
v 0.802584 0.463452 -0.141517
v 0.728837 0.313708 0.128514
v 0.591930 0.174741 0.104373
v 0.802584 0.463452 0.141517
v 0.640928 0.313708 0.370040
v 0.520535 0.174741 0.300531
v 0.705781 0.463452 0.407483
v 0.475714 0.313708 0.566934
v 0.386355 0.174741 0.460440
v 0.523850 0.463452 0.624300
v 0.253122 0.313708 0.695448
v 0.205575 0.174741 0.564813
v 0.278735 0.463452 0.765817
v -0.000000 0.313708 0.740080
v -0.000000 0.174741 0.601062
v -0.000000 0.463452 0.814965
v -0.253122 0.313708 0.695448
v -0.205575 0.174741 0.564813
v -0.278735 0.463452 0.765817
v -0.205575 0.174741 0.564813
v -0.253122 0.313708 0.695448
v -0.475714 0.313708 0.566934
v -0.386355 0.174741 0.460440
v -0.278735 0.463452 0.765817
v -0.523850 0.463452 0.624300
v -0.640928 0.313708 0.370040
v -0.520535 0.174741 0.300531
v -0.705781 0.463452 0.407483
v -0.728837 0.313708 0.128514
v -0.591930 0.174741 0.104373
v -0.802584 0.463452 0.141517
v -0.728837 0.313708 -0.128514
v -0.591930 0.174741 -0.104373
v -0.802584 0.463452 -0.141517
v -0.640928 0.313708 -0.370040
v -0.520535 0.174741 -0.300531
v -0.705781 0.463452 -0.407483
v -0.475714 0.313708 -0.566934
v -0.386355 0.174741 -0.460440
v -0.523850 0.463452 -0.624300
v -0.253122 0.313708 -0.695448
v -0.205575 0.174741 -0.564813
v -0.278735 0.463452 -0.765817
v -0.000000 0.966397 -0.803801
v 0.274916 0.966397 -0.755326
v -0.000000 1.143278 -0.679621
v 0.232444 1.143278 -0.638635
v 0.516673 0.966397 -0.615747
v 0.436852 1.143278 -0.520620
v 0.696112 0.966397 -0.401900
v 0.588569 1.143278 -0.339810
v 0.791589 0.966397 -0.139579
v 0.669296 1.143278 -0.118015
v 0.791589 0.966397 0.139579
v 0.669296 1.143278 0.118015
v 0.696112 0.966397 0.401900
v 0.588569 1.143278 0.339810
v 0.516673 0.966397 0.615747
v 0.436852 1.143278 0.520620
v 0.274916 0.966397 0.755326
v 0.232444 1.143278 0.638635
v -0.000000 0.966397 0.803800
v -0.000000 1.143278 0.679621
v -0.274916 0.966397 0.755326
v -0.232444 1.143278 0.638635
v -0.274916 0.966397 0.755326
v -0.516673 0.966397 0.615747
v -0.232444 1.143278 0.638635
v -0.436852 1.143278 0.520620
v -0.696112 0.966397 0.401900
v -0.588569 1.143278 0.339810
v -0.791589 0.966397 0.139579
v -0.669296 1.143278 0.118015
v -0.791589 0.966397 -0.139579
v -0.669296 1.143278 -0.118015
v -0.696112 0.966397 -0.401900
v -0.588569 1.143278 -0.339810
v -0.516673 0.966397 -0.615747
v -0.436852 1.143278 -0.520620
v -0.274916 0.966397 -0.755326
v -0.232444 1.143278 -0.638635
v 0.023426 1.369968 -0.027918
v 0.031561 1.369968 -0.018222
v -0.023426 1.369968 -0.027918
v -0.012465 1.369968 -0.034246
v -0.035890 1.369968 0.006328
v -0.035890 1.369968 -0.006328
v -0.012465 1.369968 0.034246
v -0.023426 1.369968 0.027918
v 0.023426 1.369968 0.027918
v 0.012465 1.369968 0.034246
v 0.035890 1.369968 -0.006328
v 0.012465 1.369968 -0.034246
v -0.031561 1.369968 -0.018222
v -0.031561 1.369968 0.018222
v -0.000000 1.369968 0.036444
v -0.000000 1.369968 -0.036444
v -0.000000 1.173508 -0.643502
v 0.220091 1.173508 -0.604694
v -0.000000 1.198727 -0.612261
v 0.209406 1.198726 -0.575337
v -0.000000 1.236981 -0.549649
v 0.187991 1.236981 -0.516501
v 0.413635 1.173508 -0.492951
v 0.393554 1.198726 -0.469019
v 0.353307 1.236981 -0.421055
v 0.557289 1.173508 -0.321751
v 0.530233 1.198726 -0.306130
v 0.476010 1.236981 -0.274824
v 0.633726 1.173508 -0.111743
v 0.602959 1.198726 -0.106318
v 0.541298 1.236981 -0.095446
v 0.633726 1.173508 0.111743
v 0.602959 1.198726 0.106318
v 0.541298 1.236981 0.095446
v 0.557289 1.173508 0.321751
v 0.530233 1.198726 0.306130
v 0.476010 1.236981 0.274824
v 0.413635 1.173508 0.492951
v 0.393554 1.198726 0.469019
v 0.353307 1.236981 0.421055
v 0.220091 1.173508 0.604694
v 0.209406 1.198726 0.575337
v 0.187991 1.236981 0.516501
v -0.000000 1.173508 0.643502
v -0.000000 1.198726 0.612261
v -0.000000 1.236981 0.549649
v -0.220091 1.173508 0.604694
v -0.209406 1.198726 0.575337
v -0.187991 1.236981 0.516501
v -0.220091 1.173508 0.604694
v -0.413635 1.173508 0.492951
v -0.209406 1.198726 0.575337
v -0.393554 1.198726 0.469019
v -0.187991 1.236981 0.516501
v -0.353308 1.236981 0.421055
v -0.557289 1.173508 0.321751
v -0.530233 1.198726 0.306130
v -0.476010 1.236981 0.274824
v -0.633726 1.173508 0.111743
v -0.602959 1.198726 0.106318
v -0.541299 1.236981 0.095446
v -0.633726 1.173508 -0.111743
v -0.602959 1.198726 -0.106318
v -0.541299 1.236981 -0.095446
v -0.557289 1.173508 -0.321751
v -0.530233 1.198726 -0.306130
v -0.476010 1.236981 -0.274824
v -0.413635 1.173508 -0.492951
v -0.393554 1.198726 -0.469019
v -0.353308 1.236981 -0.421055
v -0.220091 1.173508 -0.604694
v -0.209406 1.198726 -0.575337
v -0.187991 1.236981 -0.516501
vn -0.0613 -0.9838 -0.1685
vn -0.2833 -0.5605 -0.7782
vn -0.0000 -0.5605 -0.8281
vn -0.0000 -0.9838 -0.1793
vn -0.2542 0.6689 -0.6985
vn 0.0043 0.9999 0.0119
vn -0.0000 0.9999 0.0126
vn -0.0000 0.6689 -0.7434
vn -0.3390 0.1323 -0.9314
vn -0.3397 0.1159 -0.9334
vn -0.0000 0.1159 -0.9933
vn -0.0000 0.1323 -0.9912
vn -0.3419 0.0244 -0.9394
vn -0.0000 0.0244 -0.9997
vn -0.3412 -0.0696 -0.9374
vn -0.0000 -0.0696 -0.9976
vn -0.2501 -0.6819 -0.6873
vn -0.3000 0.4800 -0.8244
vn -0.0000 0.4800 -0.8772
vn -0.0000 -0.6819 -0.7314
vn -0.1152 -0.9838 -0.1373
vn -0.5323 -0.5605 -0.6344
vn -0.4778 0.6689 -0.5695
vn 0.0081 0.9999 0.0097
vn -0.6371 0.1323 -0.7593
vn -0.6384 0.1159 -0.7609
vn -0.6426 0.0244 -0.7658
vn -0.6412 -0.0696 -0.7642
vn -0.4701 -0.6819 -0.5603
vn -0.5639 0.4800 -0.6720
vn -0.1553 -0.9838 -0.0896
vn -0.7172 -0.5605 -0.4141
vn -0.6438 0.6689 -0.3717
vn 0.0109 0.9999 0.0063
vn -0.8584 0.1323 -0.4956
vn -0.8602 0.1159 -0.4966
vn -0.6385 0.1159 -0.7608
vn -0.6372 0.1323 -0.7593
vn -0.8658 0.0244 -0.4999
vn -0.8639 -0.0696 -0.4988
vn -0.6334 -0.6819 -0.3657
vn -0.7597 0.4800 -0.4387
vn -0.1766 -0.9838 -0.0311
vn -0.8156 -0.5605 -0.1438
vn -0.7321 0.6689 -0.1291
vn 0.0124 0.9999 0.0022
vn -0.9762 0.1323 -0.1721
vn -0.9782 0.1159 -0.1725
vn -0.9845 0.0244 -0.1736
vn -0.9824 -0.0696 -0.1732
vn -0.7203 -0.6819 -0.1270
vn -0.8639 0.4801 -0.1523
vn -0.1766 -0.9838 0.0311
vn -0.8156 -0.5605 0.1438
vn -0.7321 0.6689 0.1291
vn 0.0124 0.9999 -0.0022
vn -0.9762 0.1323 0.1721
vn -0.9782 0.1159 0.1725
vn -0.9845 0.0244 0.1736
vn -0.9824 -0.0696 0.1732
vn -0.7203 -0.6819 0.1270
vn -0.8639 0.4800 0.1523
vn -0.1553 -0.9838 0.0896
vn -0.7172 -0.5605 0.4141
vn -0.6438 0.6689 0.3717
vn 0.0109 0.9999 -0.0063
vn -0.8584 0.1323 0.4956
vn -0.8602 0.1159 0.4966
vn -0.8658 0.0244 0.4999
vn -0.8639 -0.0696 0.4988
vn -0.6335 -0.6819 0.3657
vn -0.7597 0.4800 0.4386
vn -0.1152 -0.9838 0.1373
vn -0.5323 -0.5605 0.6344
vn -0.4778 0.6689 0.5694
vn 0.0081 0.9999 -0.0097
vn -0.6372 0.1323 0.7593
vn -0.6385 0.1159 0.7609
vn -0.6426 0.0244 0.7658
vn -0.6412 -0.0696 0.7642
vn -0.4702 -0.6819 0.5603
vn -0.5639 0.4800 0.6720
vn -0.0613 -0.9838 0.1685
vn -0.2832 -0.5605 0.7782
vn -0.2543 0.6689 0.6985
vn 0.0043 0.9999 -0.0119
vn -0.3390 0.1323 0.9314
vn -0.3397 0.1159 0.9334
vn -0.6384 0.1159 0.7609
vn -0.6371 0.1323 0.7593
vn -0.3419 0.0244 0.9394
vn -0.3412 -0.0696 0.9374
vn -0.2502 -0.6819 0.6873
vn -0.3001 0.4800 0.8243
vn -0.0000 -0.9838 0.1793
vn -0.0000 -0.5605 0.8281
vn -0.0000 0.6689 0.7434
vn -0.0000 0.9999 -0.0126
vn -0.0000 0.1323 0.9912
vn -0.0000 0.1159 0.9933
vn -0.0000 0.0244 0.9997
vn -0.0000 -0.0696 0.9976
vn -0.0000 -0.6819 0.7314
vn -0.0000 0.4800 0.8772
vn 0.0613 -0.9838 0.1685
vn 0.2833 -0.5605 0.7782
vn 0.2542 0.6689 0.6985
vn -0.0043 0.9999 -0.0119
vn 0.3390 0.1323 0.9314
vn 0.3397 0.1159 0.9334
vn 0.3419 0.0244 0.9394
vn 0.3412 -0.0696 0.9374
vn 0.2501 -0.6819 0.6873
vn 0.3000 0.4801 0.8243
vn 0.1152 -0.9838 0.1373
vn 0.5323 -0.5605 0.6344
vn 0.4778 0.6689 0.5695
vn -0.0081 0.9999 -0.0097
vn 0.6371 0.1323 0.7593
vn 0.6384 0.1159 0.7609
vn 0.6426 0.0244 0.7658
vn 0.6412 -0.0696 0.7642
vn 0.4701 -0.6819 0.5603
vn 0.5639 0.4800 0.6720
vn 0.2502 -0.6819 0.6873
vn 0.1553 -0.9838 0.0896
vn 0.7172 -0.5605 0.4141
vn 0.6438 0.6689 0.3717
vn -0.0109 0.9999 -0.0063
vn 0.8584 0.1323 0.4956
vn 0.8602 0.1159 0.4966
vn 0.6385 0.1159 0.7608
vn 0.6372 0.1323 0.7593
vn 0.8658 0.0244 0.4999
vn 0.8639 -0.0696 0.4988
vn 0.6334 -0.6819 0.3657
vn 0.7597 0.4800 0.4387
vn 0.1765 -0.9838 0.0311
vn 0.8156 -0.5605 0.1438
vn 0.7321 0.6689 0.1291
vn -0.0124 0.9999 -0.0022
vn 0.9762 0.1323 0.1721
vn 0.9782 0.1159 0.1725
vn 0.9845 0.0244 0.1736
vn 0.9824 -0.0696 0.1732
vn 0.7203 -0.6819 0.1270
vn 0.8639 0.4800 0.1524
vn 0.1766 -0.9838 -0.0311
vn 0.8156 -0.5605 -0.1438
vn 0.7321 0.6689 -0.1291
vn -0.0124 0.9999 0.0022
vn 0.9762 0.1323 -0.1721
vn 0.9782 0.1159 -0.1725
vn 0.9845 0.0244 -0.1736
vn 0.9824 -0.0696 -0.1732
vn 0.7203 -0.6819 -0.1270
vn 0.8639 0.4800 -0.1523
vn 0.1553 -0.9838 -0.0896
vn 0.7172 -0.5605 -0.4141
vn 0.6438 0.6689 -0.3717
vn -0.0109 0.9999 0.0063
vn 0.8584 0.1323 -0.4956
vn 0.8602 0.1159 -0.4966
vn 0.8658 0.0244 -0.4999
vn 0.8639 -0.0696 -0.4988
vn 0.6335 -0.6819 -0.3657
vn 0.7597 0.4800 -0.4386
vn 0.1152 -0.9838 -0.1373
vn 0.5323 -0.5605 -0.6344
vn 0.4778 0.6689 -0.5694
vn -0.0081 0.9999 0.0097
vn 0.6372 0.1323 -0.7593
vn 0.6385 0.1159 -0.7609
vn 0.6426 0.0244 -0.7658
vn 0.6412 -0.0696 -0.7642
vn 0.4702 -0.6819 -0.5603
vn 0.5639 0.4800 -0.6720
vn 0.0613 -0.9838 -0.1685
vn 0.2832 -0.5605 -0.7782
vn 0.2543 0.6689 -0.6985
vn -0.0043 0.9999 0.0119
vn 0.3390 0.1323 -0.9314
vn 0.3397 0.1159 -0.9334
vn 0.6384 0.1159 -0.7609
vn 0.6371 0.1323 -0.7593
vn 0.3419 0.0244 -0.9394
vn 0.3412 -0.0696 -0.9374
vn 0.2502 -0.6819 -0.6873
vn 0.3000 0.4801 -0.8243
vn -0.0000 -0.5606 -0.8281
vn -0.0000 0.6690 -0.7433
vn 0.2542 0.6690 -0.6985
vn 0.2833 -0.5606 -0.7782
vn 0.4777 0.6690 -0.5694
vn 0.5323 -0.5606 -0.6344
vn 0.5323 -0.5606 -0.6343
vn 0.6437 0.6690 -0.3716
vn 0.7172 -0.5606 -0.4140
vn 0.7320 0.6690 -0.1291
vn 0.8155 -0.5606 -0.1438
vn 0.7320 0.6690 0.1291
vn 0.8155 -0.5606 0.1438
vn 0.6437 0.6690 0.3716
vn 0.7172 -0.5606 0.4141
vn 0.4778 0.6690 0.5694
vn 0.5323 -0.5606 0.6344
vn 0.2542 0.6690 0.6985
vn 0.2833 -0.5606 0.7782
vn -0.0000 0.6690 0.7433
vn -0.0000 -0.5606 0.8281
vn -0.2542 0.6690 0.6985
vn -0.2833 -0.5606 0.7782
vn -0.4777 0.6690 0.5694
vn -0.5323 -0.5606 0.6344
vn -0.5323 -0.5606 0.6343
vn -0.6437 0.6690 0.3716
vn -0.7172 -0.5606 0.4140
vn -0.7320 0.6690 0.1291
vn -0.8155 -0.5606 0.1438
vn -0.7320 0.6690 -0.1291
vn -0.8155 -0.5606 -0.1438
vn -0.6437 0.6690 -0.3717
vn -0.7172 -0.5606 -0.4141
vn -0.4778 0.6690 -0.5694
vn -0.5323 -0.5606 -0.6344
vn -0.2543 0.6690 -0.6985
vn -0.2833 -0.5606 -0.7782
vn -0.0000 0.1138 -0.9935
vn 0.3398 0.1138 -0.9336
vn 0.6386 0.1138 -0.7611
vn 0.8604 0.1138 -0.4968
vn 0.9784 0.1138 -0.1725
vn 0.9784 0.1138 0.1725
vn 0.8604 0.1138 0.4968
vn 0.6386 0.1138 0.7611
vn 0.3398 0.1138 0.9336
vn -0.0000 0.1138 0.9935
vn -0.3398 0.1138 0.9336
vn -0.6386 0.1138 0.7611
vn -0.8604 0.1138 0.4968
vn -0.9784 0.1138 0.1725
vn -0.9784 0.1138 -0.1725
vn -0.8604 0.1138 -0.4968
vn -0.6386 0.1138 -0.7611
vn -0.3398 0.1138 -0.9336
vn -0.0000 -0.1783 -0.9840
vn 0.3365 -0.1783 -0.9246
vn -0.0000 -0.7783 -0.6279
vn 0.2147 -0.7783 -0.5901
vn -0.0000 -0.7782 -0.6280
vn -0.0000 -0.6819 -0.7315
vn 0.2502 -0.6819 -0.6874
vn 0.2148 -0.7782 -0.5901
vn 0.6325 -0.1783 -0.7538
vn 0.4036 -0.7783 -0.4810
vn 0.4037 -0.7782 -0.4810
vn 0.6325 -0.1783 -0.7537
vn 0.8521 -0.1783 -0.4920
vn 0.5438 -0.7783 -0.3140
vn 0.6335 -0.6819 -0.3658
vn 0.5438 -0.7782 -0.3140
vn 0.9690 -0.1783 -0.1709
vn 0.6184 -0.7783 -0.1091
vn 0.6184 -0.7782 -0.1090
vn 0.9690 -0.1783 0.1709
vn 0.6184 -0.7783 0.1090
vn 0.7204 -0.6819 0.1270
vn 0.6184 -0.7782 0.1091
vn 0.8521 -0.1783 0.4920
vn 0.5438 -0.7783 0.3139
vn 0.6335 -0.6819 0.3657
vn 0.5438 -0.7782 0.3140
vn 0.6325 -0.1783 0.7537
vn 0.4036 -0.7783 0.4810
vn 0.4702 -0.6819 0.5603
vn 0.4036 -0.7782 0.4811
vn 0.6325 -0.1783 0.7538
vn 0.3365 -0.1783 0.9246
vn 0.2148 -0.7783 0.5900
vn 0.2148 -0.7782 0.5901
vn -0.0000 -0.1783 0.9840
vn -0.0000 -0.7783 0.6279
vn -0.0000 -0.6819 0.7315
vn -0.0000 -0.7782 0.6280
vn -0.3365 -0.1783 0.9246
vn -0.2147 -0.7783 0.5901
vn -0.2502 -0.6819 0.6874
vn -0.2148 -0.7782 0.5901
vn -0.6325 -0.1783 0.7538
vn -0.4036 -0.7783 0.4810
vn -0.4037 -0.7782 0.4810
vn -0.6325 -0.1783 0.7537
vn -0.8521 -0.1783 0.4920
vn -0.5438 -0.7783 0.3140
vn -0.6335 -0.6819 0.3658
vn -0.5438 -0.7782 0.3140
vn -0.9690 -0.1783 0.1709
vn -0.6184 -0.7783 0.1091
vn -0.6184 -0.7782 0.1090
vn -0.9690 -0.1783 -0.1709
vn -0.6184 -0.7783 -0.1090
vn -0.7204 -0.6819 -0.1270
vn -0.6184 -0.7782 -0.1091
vn -0.8521 -0.1783 -0.4920
vn -0.5438 -0.7783 -0.3139
vn -0.6335 -0.6819 -0.3657
vn -0.5438 -0.7782 -0.3140
vn -0.6325 -0.1783 -0.7537
vn -0.4036 -0.7783 -0.4810
vn -0.4702 -0.6819 -0.5603
vn -0.4036 -0.7782 -0.4811
vn -0.6325 -0.1783 -0.7538
vn -0.3365 -0.1783 -0.9246
vn -0.2148 -0.7783 -0.5900
vn -0.2502 -0.6819 -0.6873
vn -0.2148 -0.7782 -0.5901
vn -0.0000 0.4800 -0.8773
vn -0.0000 0.9387 -0.3447
vn 0.1179 0.9387 -0.3239
vn 0.3000 0.4800 -0.8244
vn 0.2216 0.9387 -0.2641
vn 0.5639 0.4800 -0.6721
vn 0.2985 0.9387 -0.1724
vn 0.7597 0.4800 -0.4387
vn 0.3395 0.9387 -0.0599
vn 0.8639 0.4800 -0.1524
vn 0.3395 0.9387 0.0599
vn 0.8640 0.4800 0.1523
vn 0.2985 0.9387 0.1724
vn 0.7598 0.4800 0.4386
vn 0.2216 0.9387 0.2641
vn 0.1179 0.9387 0.3239
vn 0.3001 0.4800 0.8244
vn -0.0000 0.9387 0.3447
vn -0.0000 0.4800 0.8773
vn -0.1179 0.9387 0.3239
vn -0.3000 0.4800 0.8244
vn -0.2216 0.9387 0.2641
vn -0.5639 0.4800 0.6721
vn -0.2985 0.9387 0.1724
vn -0.7597 0.4800 0.4387
vn -0.3395 0.9387 0.0599
vn -0.8639 0.4800 0.1524
vn -0.3395 0.9387 -0.0599
vn -0.8640 0.4800 -0.1523
vn -0.2985 0.9387 -0.1724
vn -0.7598 0.4800 -0.4386
vn -0.2216 0.9387 -0.2641
vn -0.1179 0.9387 -0.3239
vn -0.3001 0.4800 -0.8244
vn -0.3904 0.7944 -0.4653
vn -0.2078 0.7944 -0.5708
vn -0.2227 0.7590 -0.6118
vn -0.4185 0.7590 -0.4987
vn 0.2941 0.5107 0.8079
vn -0.0000 0.5107 0.8598
vn -0.0000 0.2137 0.9769
vn 0.3341 0.2137 0.9180
vn -0.5260 0.7944 -0.3037
vn -0.5638 0.7590 -0.3255
vn 0.5583 0.4955 0.6654
vn 0.2971 0.4955 0.8162
vn 0.2497 0.6832 0.6862
vn 0.4694 0.6832 0.5594
vn -0.5982 0.7944 -0.1055
vn -0.6412 0.7590 -0.1131
vn 0.5527 0.5107 0.6586
vn 0.6279 0.2137 0.7484
vn -0.5982 0.7944 0.1055
vn -0.6412 0.7590 0.1131
vn 0.7522 0.4955 0.4343
vn 0.6324 0.6832 0.3651
vn -0.5261 0.7944 0.3037
vn -0.5638 0.7590 0.3255
vn 0.7446 0.5107 0.4299
vn 0.8460 0.2137 0.4885
vn -0.3904 0.7944 0.4653
vn -0.5260 0.7944 0.3037
vn -0.5638 0.7590 0.3256
vn -0.4185 0.7590 0.4987
vn 0.8554 0.4955 0.1508
vn 0.7191 0.6832 0.1268
vn -0.2078 0.7944 0.5708
vn -0.2227 0.7590 0.6118
vn 0.8467 0.5107 0.1493
vn 0.9621 0.2137 0.1696
vn -0.0000 0.7944 0.6074
vn -0.0000 0.7590 0.6510
vn 0.8554 0.4955 -0.1508
vn 0.7191 0.6832 -0.1268
vn 0.2078 0.7944 0.5708
vn 0.2227 0.7590 0.6118
vn 0.8467 0.5107 -0.1493
vn 0.9621 0.2137 -0.1696
vn 0.3904 0.7944 0.4653
vn 0.4185 0.7590 0.4987
vn 0.7522 0.4955 -0.4343
vn 0.6324 0.6832 -0.3651
vn 0.5260 0.7944 0.3037
vn 0.5638 0.7590 0.3255
vn 0.7446 0.5107 -0.4299
vn 0.8460 0.2137 -0.4885
vn 0.5982 0.7944 0.1055
vn 0.6412 0.7590 0.1131
vn 0.5583 0.4955 -0.6654
vn 0.4694 0.6832 -0.5594
vn 0.5982 0.7944 -0.1055
vn 0.6412 0.7590 -0.1131
vn 0.5527 0.5107 -0.6586
vn 0.6279 0.2137 -0.7483
vn 0.5260 0.7944 -0.3037
vn 0.5638 0.7590 -0.3255
vn 0.2971 0.4955 -0.8162
vn 0.2497 0.6832 -0.6862
vn 0.3904 0.7944 -0.4653
vn 0.4185 0.7590 -0.4987
vn 0.2941 0.5107 -0.8079
vn 0.3341 0.2137 -0.9180
vn 0.2078 0.7944 -0.5708
vn 0.2227 0.7590 -0.6118
vn -0.0000 0.4955 -0.8686
vn -0.0000 0.2137 -0.9769
vn -0.0000 0.5107 -0.8598
vn -0.0000 0.7944 -0.6074
vn -0.0000 0.6832 -0.7302
vn -0.2941 0.5107 -0.8079
vn -0.3341 0.2137 -0.9180
vn -0.2971 0.4955 -0.8162
vn -0.2497 0.6832 -0.6862
vn 0.1764 -0.8568 -0.4846
vn 0.2428 -0.7044 -0.6670
vn 0.4562 -0.7044 -0.5437
vn 0.3315 -0.8568 -0.3950
vn -0.0000 -0.7044 -0.7098
vn -0.0000 -0.3708 -0.9287
vn 0.3176 -0.3708 -0.8727
vn -0.0000 -0.0464 -0.9989
vn 0.3417 -0.0464 -0.9387
vn -0.0000 0.4172 -0.9088
vn 0.3108 0.4172 -0.8540
vn -0.0000 0.7590 -0.6510
vn 0.6147 -0.7044 -0.3549
vn 0.4466 -0.8568 -0.2578
vn -0.5583 0.4955 -0.6654
vn -0.4694 0.6832 -0.5594
vn 0.5970 -0.3708 -0.7114
vn 0.6421 -0.0464 -0.7652
vn 0.5842 0.4172 -0.6962
vn 0.6990 -0.7044 -0.1233
vn 0.5079 -0.8568 -0.0895
vn -0.5527 0.5107 -0.6586
vn -0.6279 0.2137 -0.7484
vn 0.8043 -0.3708 -0.4644
vn 0.8651 -0.0464 -0.4995
vn 0.7871 0.4172 -0.4544
vn 0.6990 -0.7044 0.1233
vn 0.5079 -0.8568 0.0895
vn -0.7522 0.4955 -0.4343
vn -0.6324 0.6832 -0.3651
vn 0.9146 -0.3708 -0.1613
vn 0.9837 -0.0464 -0.1735
vn 0.8950 0.4172 -0.1578
vn 0.6147 -0.7044 0.3549
vn 0.4466 -0.8568 0.2578
vn -0.7446 0.5107 -0.4299
vn -0.8460 0.2137 -0.4885
vn 0.9146 -0.3708 0.1613
vn 0.9837 -0.0464 0.1735
vn 0.8950 0.4172 0.1578
vn 0.4562 -0.7044 0.5437
vn 0.3315 -0.8568 0.3950
vn -0.8554 0.4955 -0.1508
vn -0.7191 0.6832 -0.1268
vn 0.8043 -0.3708 0.4644
vn 0.8651 -0.0464 0.4995
vn 0.7871 0.4172 0.4544
vn 0.2428 -0.7044 0.6670
vn 0.1764 -0.8568 0.4846
vn -0.8467 0.5107 -0.1493
vn -0.9621 0.2137 -0.1696
vn 0.5970 -0.3708 0.7114
vn 0.6421 -0.0464 0.7652
vn 0.5842 0.4172 0.6962
vn -0.0000 -0.7044 0.7098
vn -0.0000 -0.8568 0.5157
vn -0.8554 0.4955 0.1508
vn -0.7191 0.6832 0.1268
vn 0.3176 -0.3708 0.8727
vn 0.3417 -0.0464 0.9387
vn 0.3108 0.4172 0.8540
vn -0.2428 -0.7044 0.6670
vn -0.1764 -0.8568 0.4846
vn -0.8467 0.5107 0.1493
vn -0.9621 0.2137 0.1696
vn -0.0000 -0.3708 0.9287
vn -0.0000 -0.0464 0.9989
vn -0.0000 0.4172 0.9088
vn -0.4562 -0.7044 0.5437
vn -0.3315 -0.8568 0.3950
vn -0.7523 0.4955 0.4343
vn -0.6324 0.6832 0.3651
vn -0.3176 -0.3708 0.8727
vn -0.3417 -0.0464 0.9387
vn -0.3108 0.4172 0.8540
vn -0.6147 -0.7044 0.3549
vn -0.4466 -0.8568 0.2579
vn -0.7446 0.5107 0.4299
vn -0.8460 0.2137 0.4884
vn -0.5970 -0.3708 0.7114
vn -0.6421 -0.0464 0.7652
vn -0.5842 0.4172 0.6962
vn -0.4466 -0.8568 0.2578
vn -0.6990 -0.7044 0.1233
vn -0.5079 -0.8568 0.0895
vn -0.5583 0.4955 0.6654
vn -0.7522 0.4955 0.4344
vn -0.4694 0.6832 0.5594
vn -0.8043 -0.3708 0.4644
vn -0.8651 -0.0465 0.4995
vn -0.7871 0.4172 0.4544
vn -0.6990 -0.7044 -0.1233
vn -0.5079 -0.8568 -0.0895
vn -0.5527 0.5107 0.6586
vn -0.8460 0.2137 0.4885
vn -0.6279 0.2137 0.7483
vn -0.8043 -0.3708 0.4643
vn -0.9146 -0.3708 0.1613
vn -0.8651 -0.0464 0.4994
vn -0.9837 -0.0464 0.1735
vn -0.8950 0.4172 0.1578
vn -0.6147 -0.7044 -0.3549
vn -0.4466 -0.8568 -0.2578
vn -0.2971 0.4955 0.8162
vn -0.2497 0.6832 0.6862
vn -0.9146 -0.3708 -0.1613
vn -0.9837 -0.0464 -0.1735
vn -0.8950 0.4172 -0.1578
vn -0.4562 -0.7044 -0.5437
vn -0.3315 -0.8568 -0.3950
vn -0.2941 0.5107 0.8079
vn -0.3341 0.2137 0.9180
vn -0.8043 -0.3708 -0.4644
vn -0.8651 -0.0464 -0.4995
vn -0.7871 0.4172 -0.4544
vn -0.2428 -0.7044 -0.6670
vn -0.1764 -0.8568 -0.4846
vn -0.0000 0.4955 0.8686
vn -0.0000 0.6832 0.7302
vn -0.5970 -0.3708 -0.7114
vn -0.6421 -0.0464 -0.7652
vn -0.5842 0.4172 -0.6962
vn -0.0000 -0.8568 -0.5157
vn -0.3176 -0.3708 -0.8727
vn -0.3417 -0.0464 -0.9387
vn -0.3108 0.4172 -0.8540
vn -0.0000 0.8996 -0.4367
vn 0.1494 0.8996 -0.4103
vn 0.2807 0.8996 -0.3345
vn 0.3782 0.8996 -0.2183
vn 0.4300 0.8996 -0.0758
vn 0.4300 0.8996 0.0758
vn 0.3782 0.8996 0.2183
vn 0.2807 0.8996 0.3345
vn 0.1494 0.8996 0.4103
vn -0.0000 0.8996 0.4367
vn -0.1494 0.8996 0.4103
vn -0.2807 0.8996 0.3345
vn -0.3782 0.8996 0.2183
vn -0.4300 0.8996 0.0758
vn -0.4300 0.8996 -0.0758
vn -0.3782 0.8996 -0.2183
vn -0.2807 0.8996 -0.3345
vn -0.1494 0.8996 -0.4103
vn -0.3411 -0.0723 -0.9372
vn -0.3345 0.2090 -0.9189
vn -0.0000 0.2090 -0.9779
vn -0.0000 -0.0723 -0.9974
vn -0.1201 0.9363 -0.3300
vn -0.0747 0.9759 -0.2052
vn -0.0000 0.9759 -0.2183
vn -0.0000 0.9363 -0.3512
vn -0.6411 -0.0723 -0.7640
vn -0.6286 0.2090 -0.7491
vn -0.2257 0.9363 -0.2690
vn -0.1403 0.9759 -0.1672
vn -0.8638 -0.0723 -0.4987
vn -0.8469 0.2090 -0.4890
vn -0.3041 0.9363 -0.1756
vn -0.1891 0.9759 -0.1092
vn -0.9822 -0.0723 -0.1732
vn -0.9631 0.2090 -0.1698
vn -0.3458 0.9363 -0.0610
vn -0.2150 0.9759 -0.0379
vn -0.9822 -0.0723 0.1732
vn -0.9631 0.2090 0.1698
vn -0.3458 0.9363 0.0610
vn -0.2150 0.9759 0.0379
vn -0.8638 -0.0723 0.4987
vn -0.8469 0.2090 0.4890
vn -0.3041 0.9363 0.1756
vn -0.1891 0.9759 0.1092
vn -0.6411 -0.0723 0.7640
vn -0.6286 0.2090 0.7491
vn -0.2257 0.9363 0.2690
vn -0.1403 0.9759 0.1673
vn -0.3412 -0.0723 0.9372
vn -0.3345 0.2090 0.9189
vn -0.1201 0.9363 0.3300
vn -0.0747 0.9759 0.2052
vn -0.0000 -0.0723 0.9974
vn -0.0000 0.2090 0.9779
vn -0.3344 0.2090 0.9190
vn -0.3411 -0.0723 0.9372
vn -0.0000 0.9363 0.3512
vn -0.0000 0.9759 0.2183
vn -0.0746 0.9759 0.2052
vn 0.3411 -0.0723 0.9372
vn 0.3345 0.2090 0.9189
vn 0.1201 0.9363 0.3300
vn 0.0747 0.9759 0.2052
vn 0.6411 -0.0723 0.7640
vn 0.6286 0.2090 0.7491
vn 0.2257 0.9363 0.2690
vn 0.1403 0.9759 0.1672
vn 0.8638 -0.0723 0.4987
vn 0.8469 0.2090 0.4890
vn 0.3041 0.9363 0.1756
vn 0.1891 0.9759 0.1092
vn 0.9822 -0.0723 0.1732
vn 0.9631 0.2090 0.1698
vn 0.3458 0.9363 0.0610
vn 0.2150 0.9759 0.0379
vn 0.9822 -0.0723 -0.1732
vn 0.9631 0.2090 -0.1698
vn 0.3458 0.9363 -0.0610
vn 0.2150 0.9759 -0.0379
vn 0.8638 -0.0723 -0.4987
vn 0.8469 0.2090 -0.4890
vn 0.3041 0.9363 -0.1756
vn 0.1891 0.9759 -0.1092
vn 0.6411 -0.0723 -0.7640
vn 0.6286 0.2090 -0.7491
vn 0.2257 0.9363 -0.2690
vn 0.1403 0.9759 -0.1673
vn 0.3411 -0.0723 -0.9372
vn 0.3345 0.2090 -0.9189
vn 0.1201 0.9363 -0.3300
vn 0.0747 0.9759 -0.2052
vn 0.0555 0.9984 0.0098
vn 0.0488 0.9984 0.0282
vn -0.0000 -0.7072 -0.7070
vn -0.0000 -0.5765 -0.8171
vn 0.2795 -0.5765 -0.7678
vn 0.2418 -0.7072 -0.6643
vn -0.0000 -0.3580 -0.9337
vn 0.3194 -0.3580 -0.8774
vn 0.5252 -0.5765 -0.6259
vn 0.4544 -0.7072 -0.5416
vn 0.6002 -0.3580 -0.7153
vn 0.7076 -0.5765 -0.4085
vn 0.6123 -0.7072 -0.3535
vn 0.8086 -0.3580 -0.4669
vn 0.8047 -0.5765 -0.1419
vn 0.6962 -0.7072 -0.1228
vn 0.9196 -0.3580 -0.1621
vn 0.8047 -0.5765 0.1419
vn 0.6962 -0.7072 0.1228
vn 0.9195 -0.3580 0.1621
vn 0.7076 -0.5765 0.4085
vn 0.6123 -0.7072 0.3535
vn 0.8086 -0.3580 0.4669
vn 0.5252 -0.5765 0.6259
vn 0.4544 -0.7072 0.5416
vn 0.6002 -0.3580 0.7153
vn 0.2795 -0.5765 0.7678
vn 0.2418 -0.7072 0.6643
vn 0.3194 -0.3580 0.8774
vn -0.0000 -0.5765 0.8171
vn -0.0000 -0.7072 0.7070
vn -0.0000 -0.3580 0.9337
vn -0.2794 -0.5765 0.7678
vn -0.2418 -0.7072 0.6644
vn -0.3193 -0.3580 0.8774
vn -0.2418 -0.7072 0.6643
vn -0.2795 -0.5765 0.7678
vn -0.5252 -0.5765 0.6259
vn -0.4544 -0.7072 0.5416
vn -0.3194 -0.3580 0.8774
vn -0.6002 -0.3580 0.7153
vn -0.7076 -0.5765 0.4085
vn -0.6123 -0.7072 0.3535
vn -0.8086 -0.3580 0.4669
vn -0.8047 -0.5765 0.1419
vn -0.6962 -0.7072 0.1228
vn -0.9196 -0.3580 0.1621
vn -0.8047 -0.5765 -0.1419
vn -0.6962 -0.7072 -0.1228
vn -0.9196 -0.3580 -0.1621
vn -0.7076 -0.5765 -0.4085
vn -0.6123 -0.7072 -0.3535
vn -0.8086 -0.3580 -0.4669
vn -0.5252 -0.5765 -0.6259
vn -0.4544 -0.7072 -0.5416
vn -0.6002 -0.3580 -0.7153
vn -0.2795 -0.5765 -0.7678
vn -0.2418 -0.7072 -0.6643
vn -0.3194 -0.3580 -0.8774
vn -0.0000 0.4324 -0.9017
vn 0.3084 0.4324 -0.8473
vn -0.0000 0.6694 -0.7429
vn 0.2541 0.6694 -0.6981
vn 0.5796 0.4324 -0.6907
vn 0.4775 0.6694 -0.5691
vn 0.7809 0.4324 -0.4508
vn 0.6434 0.6694 -0.3715
vn 0.8880 0.4324 -0.1566
vn 0.7316 0.6694 -0.1290
vn 0.8880 0.4324 0.1566
vn 0.7316 0.6694 0.1290
vn 0.7809 0.4324 0.4508
vn 0.6434 0.6694 0.3715
vn 0.5796 0.4324 0.6907
vn 0.4775 0.6694 0.5691
vn 0.3084 0.4324 0.8473
vn 0.2541 0.6694 0.6981
vn -0.0000 0.4324 0.9017
vn -0.0000 0.6694 0.7429
vn -0.3084 0.4324 0.8473
vn -0.2540 0.6694 0.6981
vn -0.5796 0.4324 0.6907
vn -0.2541 0.6694 0.6981
vn -0.4775 0.6694 0.5691
vn -0.7809 0.4324 0.4508
vn -0.6434 0.6694 0.3715
vn -0.8880 0.4324 0.1566
vn -0.7316 0.6694 0.1290
vn -0.8880 0.4324 -0.1566
vn -0.7316 0.6694 -0.1290
vn -0.7809 0.4324 -0.4508
vn -0.6434 0.6694 -0.3715
vn -0.5796 0.4324 -0.6907
vn -0.4775 0.6694 -0.5691
vn -0.3084 0.4324 -0.8473
vn -0.2541 0.6694 -0.6981
vn 0.0362 0.9984 -0.0432
vn 0.0488 0.9984 -0.0282
vn -0.0362 0.9984 -0.0432
vn -0.0193 0.9984 -0.0530
vn -0.0555 0.9984 0.0098
vn -0.0555 0.9984 -0.0098
vn -0.0193 0.9984 0.0530
vn -0.0362 0.9984 0.0432
vn 0.0362 0.9984 0.0432
vn 0.0193 0.9984 0.0530
vn 0.0555 0.9984 -0.0098
vn 0.0193 0.9984 -0.0530
vn -0.0488 0.9984 -0.0282
vn -0.0488 0.9984 0.0282
vn -0.0000 0.9984 0.0564
vn -0.0000 0.9984 -0.0564
vn -0.0000 0.7720 -0.6356
vn 0.2174 0.7720 -0.5972
vn -0.0000 0.8141 -0.5808
vn 0.1986 0.8141 -0.5457
vn -0.0000 0.8876 -0.4607
vn 0.1576 0.8876 -0.4329
vn 0.4085 0.7720 -0.4869
vn 0.3733 0.8141 -0.4449
vn 0.2961 0.8876 -0.3529
vn 0.5504 0.7720 -0.3178
vn 0.5030 0.8141 -0.2904
vn 0.3990 0.8876 -0.2303
vn 0.6259 0.7720 -0.1104
vn 0.5719 0.8141 -0.1009
vn 0.4537 0.8876 -0.0800
vn 0.6259 0.7720 0.1104
vn 0.5719 0.8141 0.1008
vn 0.4537 0.8876 0.0800
vn 0.5504 0.7720 0.3178
vn 0.5030 0.8141 0.2904
vn 0.3990 0.8876 0.2303
vn 0.4085 0.7720 0.4869
vn 0.3733 0.8141 0.4449
vn 0.2961 0.8876 0.3529
vn 0.2174 0.7720 0.5972
vn 0.1986 0.8141 0.5457
vn 0.1576 0.8876 0.4329
vn -0.0000 0.7720 0.6356
vn -0.0000 0.8141 0.5808
vn -0.0000 0.8876 0.4607
vn -0.2173 0.7720 0.5973
vn -0.1986 0.8141 0.5457
vn -0.1576 0.8876 0.4329
vn -0.2174 0.7720 0.5972
vn -0.4085 0.7720 0.4869
vn -0.1987 0.8141 0.5457
vn -0.3733 0.8141 0.4449
vn -0.2961 0.8876 0.3529
vn -0.5504 0.7720 0.3178
vn -0.5030 0.8141 0.2904
vn -0.3990 0.8876 0.2303
vn -0.6259 0.7720 0.1104
vn -0.5719 0.8141 0.1009
vn -0.4537 0.8876 0.0800
vn -0.6259 0.7720 -0.1104
vn -0.5719 0.8141 -0.1008
vn -0.4537 0.8876 -0.0800
vn -0.5504 0.7720 -0.3178
vn -0.5030 0.8141 -0.2904
vn -0.3990 0.8876 -0.2303
vn -0.4085 0.7720 -0.4869
vn -0.3733 0.8141 -0.4449
vn -0.2961 0.8876 -0.3529
vn -0.2174 0.7720 -0.5972
vn -0.1986 0.8141 -0.5457
vn -0.1576 0.8876 -0.4329
vt 0.307634 -0.107791
vt 0.281462 -0.179698
vt 0.500000 -0.218233
vt 0.500000 -0.141710
vt 0.278902 -0.186731
vt 0.334637 -0.033601
vt 0.500000 -0.062759
vt 0.500000 -0.225717
vt 0.398752 0.683520
vt 0.406004 0.544996
vt 0.500000 0.544996
vt 0.500000 0.683520
vt 0.410580 0.377057
vt 0.500000 0.377057
vt 0.408713 0.200789
vt 0.500000 0.200789
vt 0.639660 0.339543
vt 0.608520 0.340362
vt 0.613282 0.424591
vt 0.644335 0.422231
vt 0.138470 -0.010124
vt 0.089283 -0.068744
vt 0.084472 -0.074477
vt 0.189219 0.050356
vt 0.309717 0.683520
vt 0.323345 0.544996
vt 0.331945 0.377057
vt 0.328438 0.200789
vt 0.639660 0.251547
vt 0.608520 0.250728
vt 0.012913 0.139510
vt -0.053358 0.101249
vt -0.059840 0.097507
vt 0.081286 0.178985
vt 0.648014 0.683520
vt 0.637413 0.544996
vt 0.710529 0.544996
vt 0.726771 0.683520
vt 0.630723 0.377057
vt 0.700280 0.377057
vt 0.633452 0.200789
vt 0.704460 0.200789
vt 0.644335 0.168859
vt 0.613282 0.166499
vt -0.053895 0.323063
vt -0.129255 0.309776
vt -0.136626 0.308476
vt 0.023856 0.336773
vt 0.551405 0.683520
vt 0.547723 0.544996
vt 0.545400 0.377057
vt 0.546347 0.200789
vt 0.653122 0.101450
vt 0.622232 0.097835
vt -0.053895 0.518397
vt -0.129255 0.531685
vt -0.136626 0.532985
vt 0.023856 0.504687
vt 0.448595 0.683520
vt 0.452277 0.544996
vt 0.454600 0.377057
vt 0.453653 0.200789
vt 0.568022 0.100751
vt 0.598999 0.097983
vt 0.588172 0.052853
vt 0.557393 0.056446
vt 0.012913 0.701950
vt -0.053358 0.740212
vt -0.059840 0.743954
vt 0.081286 0.662475
vt 0.351986 0.683520
vt 0.362587 0.544996
vt 0.369277 0.377057
vt 0.366548 0.200789
vt 0.574959 0.168375
vt 0.606066 0.166867
vt 0.138470 0.851584
vt 0.089283 0.910204
vt 0.084472 0.915937
vt 0.189219 0.791105
vt 0.273229 0.683520
vt 0.289471 0.544996
vt 0.299720 0.377057
vt 0.295540 0.200789
vt 0.577369 0.251161
vt 0.608520 0.251194
vt 0.307634 0.949251
vt 0.281462 1.021159
vt 0.278902 1.028192
vt 0.334637 0.875062
vt 0.574959 0.339123
vt 0.606066 0.340795
vt 0.500000 0.983171
vt 0.500000 1.059693
vt 0.500000 1.067177
vt 0.500000 0.904220
vt 0.500000 0.683520
vt 0.500000 0.544996
vt 0.568022 0.421653
vt 0.598999 0.424862
vt 0.692366 0.949251
vt 0.718538 1.021159
vt 0.721098 1.028192
vt 0.665363 0.875062
vt 0.601248 0.683520
vt 0.593996 0.544996
vt 0.589420 0.377057
vt 0.591287 0.200789
vt 0.557393 0.488795
vt 0.588172 0.493255
vt 0.861530 0.851584
vt 0.910717 0.910204
vt 0.915528 0.915937
vt 0.810781 0.791105
vt 0.690283 0.683520
vt 0.676655 0.544996
vt 0.668055 0.377057
vt 0.671562 0.200789
vt 0.545555 0.444822
vt 0.514665 0.448438
vt 0.526724 0.493255
vt 0.557393 0.488820
vt 0.987088 0.701950
vt 1.053358 0.740212
vt 1.059840 0.743954
vt 0.918714 0.662475
vt 0.536769 0.377414
vt 0.505715 0.379774
vt 1.053895 0.518397
vt 1.129256 0.531685
vt 1.136626 0.532985
vt 0.976144 0.504687
vt 0.532094 0.294725
vt 0.500953 0.295545
vt 1.053895 0.323063
vt 1.129256 0.309776
vt 1.136626 0.308476
vt 0.976144 0.336773
vt 0.532094 0.206730
vt 0.500953 0.205911
vt 0.987088 0.139510
vt 1.053358 0.101249
vt 1.059840 0.097507
vt 0.918714 0.178985
vt 0.536769 0.124041
vt 0.505715 0.121682
vt 0.861530 -0.010124
vt 0.910717 -0.068744
vt 0.915528 -0.074477
vt 0.810781 0.050356
vt 0.545555 0.056633
vt 0.514665 0.053018
vt 0.692366 -0.107791
vt 0.718538 -0.179698
vt 0.721098 -0.186731
vt 0.665363 -0.033601
vt 0.557393 0.012635
vt 0.526724 0.008201
vt 0.622232 0.493255
vt 0.653122 0.489640
vt 0.500000 1.631191
vt 0.500000 1.501020
vt 0.721098 1.501020
vt 0.718538 1.631191
vt 0.915528 1.501020
vt 0.910717 1.631191
vt 0.989474 1.631191
vt 0.995207 1.501020
vt 0.823224 1.501020
vt 0.819481 1.631191
vt 0.612254 1.501020
vt 0.610955 1.631191
vt 0.387746 1.501020
vt 0.389045 1.631191
vt 0.176776 1.501020
vt 0.180519 1.631191
vt 0.004793 1.501020
vt 0.010526 1.631191
vt 0.500000 1.501020
vt 0.278902 1.501020
vt 0.281462 1.631191
vt 0.084472 1.501020
vt 0.089283 1.631191
vt 0.500000 0.808150
vt 0.606130 0.808151
vt 0.699458 0.808151
vt 0.737705 0.808151
vt 0.655151 0.808151
vt 0.553883 0.808151
vt 0.446117 0.808151
vt 0.344849 0.808151
vt 0.262295 0.808151
vt 0.500000 0.808151
vt 0.393871 0.808151
vt 0.300542 0.808151
vt 0.500000 0.141188
vt 0.593492 0.141188
vt 0.500000 0.086162
vt 0.598258 0.086162
vt 0.603712 0.661893
vt 0.531049 0.619941
vt 0.500953 0.702630
vt 0.583582 0.717199
vt 0.675707 0.141188
vt 0.684665 0.086162
vt 0.500953 0.790625
vt 0.583582 0.776055
vt 0.709399 0.141188
vt 0.636676 0.141188
vt 0.720075 0.086162
vt 0.643644 0.086162
vt 0.531049 0.873314
vt 0.603712 0.831362
vt 0.547467 0.141188
vt 0.549887 0.086162
vt 0.587612 0.940722
vt 0.641544 0.876448
vt 0.452533 0.141188
vt 0.450113 0.086162
vt 0.663818 0.984720
vt 0.692515 0.905877
vt 0.363324 0.141188
vt 0.356356 0.086162
vt 0.750477 1.000000
vt 0.750477 0.916097
vt 0.290601 0.141188
vt 0.279925 0.086162
vt 0.837135 0.984720
vt 0.808438 0.905877
vt 0.913341 0.940722
vt 0.859409 0.876448
vt 0.500000 0.086162
vt 0.969904 0.873314
vt 0.897241 0.831362
vt 0.406508 0.141188
vt 0.401742 0.086162
vt 1.000000 0.790625
vt 0.917371 0.776055
vt 0.324293 0.141188
vt 0.315335 0.086162
vt 1.000000 0.702630
vt 0.917371 0.717199
vt 0.969904 0.619941
vt 0.897241 0.661893
vt 0.913341 0.552533
vt 0.859409 0.616806
vt 0.837135 0.508535
vt 0.808439 0.587378
vt 0.750477 0.493255
vt 0.750477 0.577158
vt 0.663818 0.508535
vt 0.692515 0.587378
vt 0.587612 0.552533
vt 0.641544 0.616806
vt 0.500953 0.700333
vt 0.411440 0.716394
vt 0.411440 0.775817
vt 0.500953 0.789796
vt 0.391373 0.831442
vt 0.470742 0.873543
vt 0.353660 0.876562
vt 0.413964 0.941472
vt 0.302850 0.905733
vt 0.337466 0.985390
vt 0.245070 0.915437
vt 0.250477 1.000000
vt 0.187291 0.904503
vt 0.163487 0.983539
vt 0.136480 0.874251
vt 0.086990 0.937994
vt 0.098767 0.828330
vt 0.030211 0.868857
vt 0.078701 0.772277
vt -0.000000 0.784467
vt 0.078701 0.712854
vt -0.000000 0.695004
vt 0.098767 0.657229
vt 0.030211 0.611257
vt 0.136480 0.612109
vt 0.086990 0.543328
vt 0.187291 0.582939
vt 0.163487 0.499410
vt 0.245070 0.573235
vt 0.250477 0.484800
vt 0.302850 0.584168
vt 0.337466 0.501261
vt 0.353660 0.614420
vt 0.413963 0.546806
vt 0.391373 0.660341
vt 0.470742 0.615943
vt 0.821705 0.390383
vt 0.766933 0.429720
vt 0.770918 0.487535
vt 0.825328 0.442298
vt 0.296957 0.200934
vt 0.243952 0.169394
vt 0.236784 0.248631
vt 0.290388 0.280235
vt 0.877633 0.357686
vt 0.880453 0.404696
vt 0.337055 0.375879
vt 0.284279 0.343846
vt 0.278591 0.406689
vt 0.332139 0.441724
vt 0.934858 0.335572
vt 0.936484 0.379266
vt 0.347646 0.231024
vt 0.342219 0.310385
vt 0.992998 0.326710
vt 0.993178 0.369074
vt 0.389315 0.402505
vt 0.385647 0.470845
vt 1.051246 0.332168
vt 1.049951 0.375351
vt 0.397012 0.256034
vt 0.393101 0.335447
vt 0.108745 0.351288
vt 0.051246 0.332168
vt 0.049951 0.375351
vt 0.106180 0.397338
vt 0.441491 0.420512
vt 0.439436 0.490539
vt 0.164991 0.381763
vt 0.161521 0.432385
vt 0.445727 0.272949
vt 0.443587 0.352396
vt 0.220004 0.419918
vt 0.216064 0.476263
vt 0.493729 0.427729
vt 0.493503 0.498432
vt 0.274230 0.461151
vt 0.270266 0.523681
vt 0.494190 0.279728
vt 0.493957 0.359188
vt 0.328294 0.500488
vt 0.324739 0.568919
vt 0.545978 0.423284
vt 0.547606 0.493571
vt 0.382731 0.533185
vt 0.379998 0.606520
vt 0.542629 0.275553
vt 0.544320 0.355005
vt 0.437786 0.555299
vt 0.436223 0.631950
vt 0.598165 0.407715
vt 0.601474 0.476543
vt 0.493322 0.564161
vt 0.493149 0.642142
vt 0.591256 0.260928
vt 0.594761 0.340350
vt 0.548916 0.558703
vt 0.550159 0.635865
vt 0.650376 0.382899
vt 0.655033 0.449401
vt 0.604113 0.539583
vt 0.606594 0.613878
vt 0.640416 0.237617
vt 0.645508 0.316992
vt 0.658690 0.509108
vt 0.662084 0.578831
vt 0.702974 0.351828
vt 0.697045 0.287748
vt 0.690709 0.208432
vt 0.712803 0.470952
vt 0.708525 0.415419
vt 0.743052 0.176892
vt 0.750138 0.256144
vt 0.756593 0.318252
vt 0.762488 0.378696
vt 0.689613 0.975128
vt 0.679121 0.908829
vt 0.619588 0.944863
vt 0.628109 1.003949
vt 0.735390 0.863715
vt 0.729943 0.788945
vt 0.674009 0.837352
vt 0.724825 0.698026
vt 0.669317 0.747708
vt 0.720739 0.617209
vt 0.665645 0.666295
vt 0.716708 0.534953
vt 0.556861 0.967470
vt 0.561462 1.022031
vt 0.812012 0.286219
vt 0.817591 0.343661
vt 0.615588 0.876016
vt 0.611996 0.787389
vt 0.609233 0.705501
vt 0.492209 0.973924
vt 0.491555 1.027192
vt 0.798626 0.146802
vt 0.805733 0.225993
vt 0.554761 0.900272
vt 0.552904 0.812284
vt 0.551493 0.730097
vt 0.427839 0.963445
vt 0.422134 1.018811
vt 0.869875 0.259593
vt 0.874380 0.314541
vt 0.492505 0.907197
vt 0.492766 0.819391
vt 0.492963 0.737119
vt 0.365811 0.937299
vt 0.356640 0.997899
vt 0.858589 0.121792
vt 0.864669 0.200932
vt 0.430458 0.895954
vt 0.432780 0.807852
vt 0.434548 0.725718
vt 0.307095 0.898637
vt 0.296400 0.966977
vt 0.930292 0.241586
vt 0.932961 0.294846
vt 0.370154 0.867899
vt 0.374073 0.779058
vt 0.377098 0.697270
vt 0.251522 0.852125
vt 0.240878 0.929775
vt 0.923367 0.104877
vt 0.927142 0.183983
vt 0.312353 0.826416
vt 0.317206 0.736484
vt 0.321024 0.655206
vt 0.198304 0.803371
vt 0.188799 0.890781
vt 0.992487 0.234370
vt 0.992786 0.286953
vt 0.256949 0.776510
vt 0.262076 0.685263
vt 0.266191 0.604599
vt 0.146533 0.758256
vt 0.138903 0.854697
vt 0.991697 0.098098
vt 0.992130 0.177191
vt 0.203305 0.724198
vt 0.208134 0.631575
vt 0.212083 0.551555
vt 0.095473 0.722222
vt 0.090225 0.825876
vt 1.054894 0.238814
vt 1.052760 0.291814
vt 0.150651 0.675792
vt 0.154701 0.581894
vt 0.158071 0.502469
vt 0.044665 0.699615
vt 0.042134 0.807795
vt 1.060464 0.102273
vt 1.057421 0.181374
vt 0.098359 0.637128
vt 0.101237 0.542212
vt 0.103663 0.463264
vt 1.042134 0.807795
vt 1.044665 0.699615
vt 0.993910 0.693162
vt 0.994258 0.802633
vt 0.115844 0.254384
vt 0.054894 0.238814
vt 0.052760 0.291814
vt 0.111715 0.308842
vt 0.046073 0.612871
vt 0.047489 0.517317
vt 0.048692 0.438667
vt 0.943150 0.703640
vt 0.946354 0.811014
vt 0.126290 0.116898
vt 0.060464 0.102273
vt 0.057421 0.181374
vt 0.120644 0.196028
vt 1.046073 0.612871
vt 0.993715 0.605947
vt 1.047489 0.517317
vt 0.993520 0.510211
vt 1.048692 0.438667
vt 0.993353 0.431646
vt 0.892308 0.729787
vt 0.898165 0.831927
vt 0.174340 0.279200
vt 0.168947 0.335984
vt 0.941371 0.617190
vt 0.939584 0.521750
vt 0.938068 0.443047
vt 0.841130 0.768448
vt 0.849264 0.862849
vt 0.187418 0.140209
vt 0.180449 0.219387
vt 0.889100 0.645245
vt 0.885910 0.550543
vt 0.883227 0.471495
vt 0.789088 0.814961
vt 0.798944 0.900051
vt 0.230299 0.310270
vt 0.224416 0.369966
vt 0.836764 0.686727
vt 0.832488 0.593117
vt 0.828944 0.513559
vt 0.746162 0.939045
vt 0.783939 0.736634
vt 0.778991 0.644338
vt 0.774962 0.564165
vt 0.679631 0.157984
vt 0.631762 0.180812
vt 0.585417 0.199045
vt 0.539844 0.210484
vt 0.494571 0.213749
vt 0.449260 0.208447
vt 0.403553 0.195217
vt 0.356924 0.175654
vt 0.308534 0.152119
vt 0.257093 0.127450
vt 0.200816 0.104622
vt 0.137721 0.086389
vt 0.066892 0.074950
vt 1.066892 0.074950
vt 0.990771 0.071685
vt 0.915459 0.076987
vt 0.846427 0.090217
vt 0.785126 0.109780
vt 0.730195 0.133315
vt 0.650517 0.706149
vt 0.638147 0.649695
vt 0.577332 0.679255
vt 0.585563 0.738039
vt 0.593380 0.377712
vt 0.572155 0.279448
vt 0.539274 0.295656
vt 0.550807 0.398367
vt 0.707558 0.663619
vt 0.693627 0.608987
vt 0.635532 0.346635
vt 0.604484 0.254553
vt 0.759082 0.616765
vt 0.745233 0.562737
vt 0.678008 0.307344
vt 0.636369 0.222125
vt 0.807947 0.570689
vt 0.795222 0.516004
vt 0.722555 0.262497
vt 0.668364 0.183515
vt 0.856454 0.529703
vt 0.845750 0.473423
vt 0.772524 0.215390
vt 0.701937 0.140188
vt 0.906068 0.497694
vt 0.898365 0.439469
vt 0.834061 0.170858
vt 0.741452 0.093790
vt 0.957246 0.478050
vt 0.953518 0.418296
vt 0.916232 0.137379
vt 0.808058 0.047184
vt 1.009411 0.473115
vt 1.010244 0.412933
vt 1.019089 0.127724
vt 1.065909 0.024295
vt 0.061342 0.483519
vt 0.066598 0.424218
vt 0.010244 0.412933
vt 0.009411 0.473115
vt 0.116229 0.147395
vt 0.222852 0.063613
vt 0.065909 0.024295
vt 0.019089 0.127724
vt 0.111972 0.507954
vt 0.120874 0.450423
vt 0.189968 0.186169
vt 0.274035 0.110723
vt 0.161080 0.543619
vt 0.172618 0.487989
vt 0.246400 0.232354
vt 0.310496 0.156232
vt 0.209499 0.586903
vt 0.222732 0.532586
vt 0.293886 0.279093
vt 0.343230 0.198036
vt 0.259018 0.633786
vt 0.273036 0.579694
vt 0.337404 0.322276
vt 0.375081 0.234584
vt 0.312187 0.679730
vt 0.325793 0.624562
vt 0.379623 0.358894
vt 0.407090 0.264448
vt 0.371888 0.719220
vt 0.383110 0.661922
vt 0.421883 0.386447
vt 0.439622 0.286335
vt 0.439790 0.745568
vt 0.445809 0.686092
vt 0.464646 0.402920
vt 0.472673 0.299193
vt 0.513375 0.752506
vt 0.511989 0.692339
vt 0.507770 0.407006
vt 0.506006 0.302356
vt 0.472454 0.147870
vt 0.470204 0.139317
vt 0.667374 0.914054
vt 0.619530 0.859415
vt 0.519775 0.879654
vt 0.532555 0.942774
vt 0.599995 0.806831
vt 0.515937 0.823734
vt 0.413562 0.869689
vt 0.370745 0.927746
vt 0.428956 0.815550
vt 0.330362 0.835535
vt 0.283789 0.885785
vt 0.353296 0.785650
vt 0.269098 0.790670
vt 0.231048 0.838722
vt 0.291571 0.743292
vt 0.219665 0.743587
vt 0.189606 0.793043
vt 0.239321 0.696400
vt 0.175662 0.698982
vt 0.152200 0.751579
vt 0.192020 0.650373
vt 0.133716 0.660032
vt 0.116041 0.716350
vt 0.146609 0.609164
vt 0.092105 0.629299
vt 0.079935 0.689082
vt 0.101278 0.576038
vt 0.050103 0.608907
vt 0.043459 0.671227
vt 0.055219 0.553764
vt 0.007662 0.600387
vt 0.006643 0.663823
vt 0.008453 0.544386
vt 1.006643 0.663823
vt 1.007662 0.600387
vt 0.965138 0.604417
vt 0.969767 0.667321
vt 1.008453 0.544386
vt 0.961557 0.548826
vt 0.922956 0.620672
vt 0.933147 0.681505
vt 0.915205 0.566644
vt 0.881247 0.647901
vt 0.896929 0.705533
vt 0.869658 0.596152
vt 0.839559 0.684166
vt 0.860877 0.738084
vt 0.824427 0.634803
vt 0.796578 0.727059
vt 0.824129 0.777518
vt 0.778087 0.679504
vt 0.749640 0.773680
vt 0.784635 0.821941
vt 0.728065 0.726608
vt 0.693640 0.820056
vt 0.737362 0.868943
vt 0.670346 0.771361
vt 0.570923 0.620984
vt 0.510940 0.632993
vt 0.562836 0.533645
vt 0.509647 0.544299
vt 0.450429 0.627276
vt 0.456189 0.539243
vt 0.392139 0.604875
vt 0.403864 0.519160
vt 0.337401 0.569459
vt 0.353350 0.486580
vt 0.285699 0.525814
vt 0.304197 0.445104
vt 0.235327 0.478805
vt 0.254927 0.398799
vt 0.184145 0.433187
vt 0.203292 0.352090
vt 0.130163 0.393842
vt 0.146642 0.310094
vt 0.072273 0.365819
vt 0.082929 0.278926
vt 0.011159 0.353583
vt 0.012926 0.264903
vt 1.011159 0.353583
vt 0.949460 0.359411
vt 1.012926 0.264903
vt 0.941728 0.271618
vt 0.890216 0.382191
vt 0.875432 0.297281
vt 0.834880 0.418038
vt 0.816387 0.336131
vt 0.782892 0.461973
vt 0.763253 0.381783
vt 0.732479 0.509030
vt 0.713423 0.428770
vt 0.681489 0.554438
vt 0.664444 0.472468
vt 0.627984 0.593384
vt 0.614531 0.508698
vt 0.492775 0.164410
vt 0.484503 0.161014
vt 0.524598 0.152824
vt 0.518206 0.159213
vt 0.527090 0.127639
vt 0.529778 0.136144
vt 0.497752 0.114766
vt 0.510020 0.115941
vt 0.471479 0.130604
vt 0.476773 0.122846
vt 0.477482 0.155338
vt 0.501599 0.165251
vt 0.528717 0.144872
vt 0.520338 0.120519
vt 0.485933 0.117231
vt 0.510303 0.163472
vt 0.561160 0.514390
vt 0.509382 0.524764
vt 0.559667 0.497138
vt 0.509147 0.507262
vt 0.556925 0.465574
vt 0.508718 0.475238
vt 0.457374 0.519844
vt 0.458428 0.502462
vt 0.460359 0.470660
vt 0.406336 0.500253
vt 0.408550 0.483313
vt 0.412642 0.452329
vt 0.356834 0.468314
vt 0.359988 0.451963
vt 0.365902 0.422098
vt 0.308409 0.427390
vt 0.312275 0.411562
vt 0.319654 0.382742
vt 0.259598 0.381345
vt 0.263956 0.365789
vt 0.272458 0.337579
vt 0.208094 0.334474
vt 0.212659 0.318803
vt 0.221817 0.290475
vt 0.151010 0.291879
vt 0.155259 0.275666
vt 0.164082 0.246336
vt 0.085901 0.259897
vt 0.088863 0.242901
vt 0.095248 0.211973
vt 0.013433 0.245374
vt 0.013944 0.227879
vt 0.015073 0.195873
vt 1.013433 0.245374
vt 0.939541 0.252340
vt 1.013944 0.227879
vt 0.937347 0.235097
vt 1.015073 0.195873
vt 0.932563 0.203642
vt 0.871436 0.278776
vt 0.867514 0.262288
vt 0.859255 0.232412
vt 0.811658 0.318345
vt 0.807125 0.302525
vt 0.797928 0.273937
vt 0.758490 0.364323
vt 0.754017 0.348776
vt 0.745209 0.320620
vt 0.709014 0.411191
vt 0.704945 0.395498
vt 0.697121 0.366965
vt 0.660667 0.454423
vt 0.657231 0.438278
vt 0.650750 0.408818
vt 0.611661 0.490017
vt 0.609081 0.473283
vt 0.604291 0.442687
s 1
usemtl Material_001
f 1/1/1 2/2/2 3/3/3
f 1/1/1 3/3/3 4/4/4
f 5/5/5 6/6/6 7/7/7
f 5/5/5 7/7/7 8/8/8
f 9/9/9 10/10/10 11/11/11
f 9/9/9 11/11/11 12/12/12
f 10/10/10 13/13/13 14/14/14
f 10/10/10 14/14/14 11/11/11
f 13/13/13 15/15/15 16/16/16
f 13/13/13 16/16/16 14/14/14
f 17/17/17 18/18/18 19/19/19
f 17/17/17 19/19/19 20/20/20
f 21/21/21 22/22/22 2/2/2
f 21/21/21 2/2/2 1/1/1
f 23/23/23 24/24/24 6/6/6
f 23/23/23 6/6/6 5/5/5
f 25/25/25 26/26/26 10/10/10
f 25/25/25 10/10/10 9/9/9
f 26/26/26 27/27/27 13/13/13
f 26/26/26 13/13/13 10/10/10
f 27/27/27 28/28/28 15/15/15
f 27/27/27 15/15/15 13/13/13
f 29/29/29 30/30/30 18/18/18
f 29/29/29 18/18/18 17/17/17
f 31/31/31 32/32/32 22/22/22
f 31/31/31 22/22/22 21/21/21
f 33/33/33 34/34/34 24/24/24
f 33/33/33 24/24/24 23/23/23
f 35/35/35 36/36/36 37/37/37
f 35/35/35 37/37/37 38/38/38
f 36/36/36 39/39/39 40/40/27
f 36/36/36 40/40/27 37/37/37
f 39/39/39 41/41/40 42/42/28
f 39/39/39 42/42/28 40/40/27
f 43/43/41 44/44/42 30/30/30
f 43/43/41 30/30/30 29/29/29
f 45/45/43 46/46/44 32/32/32
f 45/45/43 32/32/32 31/31/31
f 47/47/45 48/48/46 34/34/34
f 47/47/45 34/34/34 33/33/33
f 49/49/47 50/50/48 36/36/36
f 49/49/47 36/36/36 35/35/35
f 50/50/48 51/51/49 39/39/39
f 50/50/48 39/39/39 36/36/36
f 51/51/49 52/52/50 41/41/40
f 51/51/49 41/41/40 39/39/39
f 53/53/51 54/54/52 44/44/42
f 53/53/51 44/44/42 43/43/41
f 55/55/53 56/56/54 46/46/44
f 55/55/53 46/46/44 45/45/43
f 57/57/55 58/58/56 48/48/46
f 57/57/55 48/48/46 47/47/45
f 59/59/57 60/60/58 50/50/48
f 59/59/57 50/50/48 49/49/47
f 60/60/58 61/61/59 51/51/49
f 60/60/58 51/51/49 50/50/48
f 61/61/59 62/62/60 52/52/50
f 61/61/59 52/52/50 51/51/49
f 63/63/61 64/64/62 65/65/52
f 63/63/61 65/65/52 66/66/51
f 67/67/63 68/68/64 56/56/54
f 67/67/63 56/56/54 55/55/53
f 69/69/65 70/70/66 58/58/56
f 69/69/65 58/58/56 57/57/55
f 71/71/67 72/72/68 60/60/58
f 71/71/67 60/60/58 59/59/57
f 72/72/68 73/73/69 61/61/59
f 72/72/68 61/61/59 60/60/58
f 73/73/69 74/74/70 62/62/60
f 73/73/69 62/62/60 61/61/59
f 75/75/71 76/76/72 64/64/62
f 75/75/71 64/64/62 63/63/61
f 77/77/73 78/78/74 68/68/64
f 77/77/73 68/68/64 67/67/63
f 79/79/75 80/80/76 70/70/66
f 79/79/75 70/70/66 69/69/65
f 81/81/77 82/82/78 72/72/68
f 81/81/77 72/72/68 71/71/67
f 82/82/78 83/83/79 73/73/69
f 82/82/78 73/73/69 72/72/68
f 83/83/79 84/84/80 74/74/70
f 83/83/79 74/74/70 73/73/69
f 85/85/81 86/86/82 76/76/72
f 85/85/81 76/76/72 75/75/71
f 87/87/83 88/88/84 78/78/74
f 87/87/83 78/78/74 77/77/73
f 89/89/85 90/90/86 80/80/76
f 89/89/85 80/80/76 79/79/75
f 91/9/87 92/10/88 93/26/89
f 91/9/87 93/26/89 94/25/90
f 92/10/88 95/13/91 96/27/79
f 92/10/88 96/27/79 93/26/89
f 95/13/91 97/15/92 98/28/80
f 95/13/91 98/28/80 96/27/79
f 99/91/93 100/92/94 86/86/82
f 99/91/93 86/86/82 85/85/81
f 101/93/95 102/94/96 88/88/84
f 101/93/95 88/88/84 87/87/83
f 103/95/97 104/96/98 90/90/86
f 103/95/97 90/90/86 89/89/85
f 105/97/99 106/98/100 92/10/88
f 105/97/99 92/10/88 91/9/87
f 106/98/100 107/14/101 95/13/91
f 106/98/100 95/13/91 92/10/88
f 107/14/101 108/16/102 97/15/92
f 107/14/101 97/15/92 95/13/91
f 109/99/103 110/100/104 100/92/94
f 109/99/103 100/92/94 99/91/93
f 111/101/105 112/102/106 102/94/96
f 111/101/105 102/94/96 101/93/95
f 113/103/107 114/104/108 104/96/98
f 113/103/107 104/96/98 103/95/97
f 115/105/109 116/106/110 106/98/100
f 115/105/109 106/98/100 105/97/99
f 116/106/110 117/107/111 107/14/101
f 116/106/110 107/14/101 106/98/100
f 117/107/111 118/108/112 108/16/102
f 117/107/111 108/16/102 107/14/101
f 119/109/113 120/110/114 110/100/104
f 119/109/113 110/100/104 109/99/103
f 121/111/115 122/112/116 112/102/106
f 121/111/115 112/102/106 111/101/105
f 123/113/117 124/114/118 114/104/108
f 123/113/117 114/104/108 113/103/107
f 125/115/119 126/116/120 116/106/110
f 125/115/119 116/106/110 115/105/109
f 126/116/120 127/117/121 117/107/111
f 126/116/120 117/107/111 116/106/110
f 127/117/121 128/118/122 118/108/112
f 127/117/121 118/108/112 117/107/111
f 129/119/123 130/120/124 131/121/114
f 129/119/123 131/121/114 132/122/125
f 133/123/126 134/124/127 122/112/116
f 133/123/126 122/112/116 121/111/115
f 135/125/128 136/126/129 124/114/118
f 135/125/128 124/114/118 123/113/117
f 137/71/130 138/72/131 139/82/132
f 137/71/130 139/82/132 140/81/133
f 138/72/131 141/73/134 142/83/121
f 138/72/131 142/83/121 139/82/132
f 141/73/134 143/74/135 144/84/122
f 141/73/134 144/84/122 142/83/121
f 145/127/136 146/128/137 130/120/124
f 145/127/136 130/120/124 129/119/123
f 147/129/138 148/130/139 134/124/127
f 147/129/138 134/124/127 133/123/126
f 149/131/140 150/132/141 136/126/129
f 149/131/140 136/126/129 135/125/128
f 151/59/142 152/60/143 138/72/131
f 151/59/142 138/72/131 137/71/130
f 152/60/143 153/61/144 141/73/134
f 152/60/143 141/73/134 138/72/131
f 153/61/144 154/62/145 143/74/135
f 153/61/144 143/74/135 141/73/134
f 155/133/146 156/134/147 146/128/137
f 155/133/146 146/128/137 145/127/136
f 157/135/148 158/136/149 148/130/139
f 157/135/148 148/130/139 147/129/138
f 159/137/150 160/138/151 150/132/141
f 159/137/150 150/132/141 149/131/140
f 161/49/152 162/50/153 152/60/143
f 161/49/152 152/60/143 151/59/142
f 162/50/153 163/51/154 153/61/144
f 162/50/153 153/61/144 152/60/143
f 163/51/154 164/52/155 154/62/145
f 163/51/154 154/62/145 153/61/144
f 165/139/156 166/140/157 156/134/147
f 165/139/156 156/134/147 155/133/146
f 167/141/158 168/142/159 158/136/149
f 167/141/158 158/136/149 157/135/148
f 169/143/160 170/144/161 160/138/151
f 169/143/160 160/138/151 159/137/150
f 171/35/162 172/36/163 162/50/153
f 171/35/162 162/50/153 161/49/152
f 172/36/163 173/39/164 163/51/154
f 172/36/163 163/51/154 162/50/153
f 173/39/164 174/41/165 164/52/155
f 173/39/164 164/52/155 163/51/154
f 175/145/166 176/146/167 166/140/157
f 175/145/166 166/140/157 165/139/156
f 177/147/168 178/148/169 168/142/159
f 177/147/168 168/142/159 167/141/158
f 179/149/170 180/150/171 170/144/161
f 179/149/170 170/144/161 169/143/160
f 181/38/172 182/37/173 172/36/163
f 181/38/172 172/36/163 171/35/162
f 182/37/173 183/40/174 173/39/164
f 182/37/173 173/39/164 172/36/163
f 183/40/174 184/42/175 174/41/165
f 183/40/174 174/41/165 173/39/164
f 185/151/176 186/152/177 176/146/167
f 185/151/176 176/146/167 175/145/166
f 187/153/178 188/154/179 178/148/169
f 187/153/178 178/148/169 177/147/168
f 189/155/180 190/156/181 180/150/171
f 189/155/180 180/150/171 179/149/170
f 191/105/182 192/106/183 193/116/184
f 191/105/182 193/116/184 194/115/185
f 192/106/183 195/107/186 196/117/174
f 192/106/183 196/117/174 193/116/184
f 195/107/186 197/108/187 198/118/175
f 195/107/186 198/118/175 196/117/174
f 199/157/188 200/158/189 186/152/177
f 199/157/188 186/152/177 185/151/176
f 4/4/4 3/3/3 188/154/179
f 4/4/4 188/154/179 187/153/178
f 8/8/8 7/7/7 190/156/181
f 8/8/8 190/156/181 189/155/180
f 12/12/12 11/11/11 192/106/183
f 12/12/12 192/106/183 191/105/182
f 11/11/11 14/14/14 195/107/186
f 11/11/11 195/107/186 192/106/183
f 14/14/14 16/16/16 197/108/187
f 14/14/14 197/108/187 195/107/186
f 20/20/20 19/19/19 201/159/189
f 20/20/20 201/159/189 202/160/188
f 203/161/190 204/162/191 205/163/192
f 203/161/190 205/163/192 206/164/193
f 206/164/193 205/163/192 207/165/194
f 206/164/193 207/165/194 208/166/195
f 209/167/196 210/168/194 211/169/197
f 209/167/196 211/169/197 212/170/198
f 212/170/198 211/169/197 213/171/199
f 212/170/198 213/171/199 214/172/200
f 214/172/200 213/171/199 215/173/201
f 214/172/200 215/173/201 216/174/202
f 216/174/202 215/173/201 217/175/203
f 216/174/202 217/175/203 218/176/204
f 218/176/204 217/175/203 219/177/205
f 218/176/204 219/177/205 220/178/206
f 221/166/206 222/165/205 223/163/207
f 221/166/206 223/163/207 224/164/208
f 224/164/208 223/163/207 225/179/209
f 224/164/208 225/179/209 226/161/210
f 226/161/210 225/179/209 227/180/211
f 226/161/210 227/180/211 228/181/212
f 228/181/212 227/180/211 229/182/213
f 228/181/212 229/182/213 230/183/214
f 231/178/215 232/177/213 233/175/216
f 231/178/215 233/175/216 234/176/217
f 234/176/217 233/175/216 235/173/218
f 234/176/217 235/173/218 236/174/219
f 236/174/219 235/173/218 237/171/220
f 236/174/219 237/171/220 238/172/221
f 238/172/221 237/171/220 239/169/222
f 238/172/221 239/169/222 240/170/223
f 240/170/223 239/169/222 241/168/224
f 240/170/223 241/168/224 242/167/225
f 243/183/225 244/182/224 245/180/226
f 243/183/225 245/180/226 246/181/227
f 246/181/227 245/180/226 204/162/191
f 246/181/227 204/162/191 203/161/190
f 247/184/228 12/12/12 191/105/182
f 247/184/228 191/105/182 248/185/229
f 248/185/229 191/105/182 194/115/185
f 248/185/229 194/115/185 249/186/230
f 250/187/230 181/38/172 171/35/162
f 250/187/230 171/35/162 251/188/231
f 251/188/231 171/35/162 161/49/152
f 251/188/231 161/49/152 252/189/232
f 252/189/232 161/49/152 151/59/142
f 252/189/232 151/59/142 253/190/233
f 253/190/233 151/59/142 137/71/130
f 253/190/233 137/71/130 254/191/234
f 254/191/234 137/71/130 140/81/133
f 254/191/234 140/81/133 255/192/235
f 256/186/235 125/115/119 115/105/109
f 256/186/235 115/105/109 257/185/236
f 257/185/236 115/105/109 105/97/99
f 257/185/236 105/97/99 258/193/237
f 258/193/237 105/97/99 91/9/87
f 258/193/237 91/9/87 259/194/238
f 259/194/238 91/9/87 94/25/90
f 259/194/238 94/25/90 260/195/239
f 261/192/239 81/81/77 71/71/67
f 261/192/239 71/71/67 262/191/240
f 262/191/240 71/71/67 59/59/57
f 262/191/240 59/59/57 263/190/241
f 263/190/241 59/59/57 49/49/47
f 263/190/241 49/49/47 264/189/242
f 264/189/242 49/49/47 35/35/35
f 264/189/242 35/35/35 265/188/243
f 265/188/243 35/35/35 38/38/38
f 265/188/243 38/38/38 266/187/244
f 267/195/244 25/25/25 9/9/9
f 267/195/244 9/9/9 268/194/245
f 268/194/245 9/9/9 12/12/12
f 268/194/245 12/12/12 247/184/228
f 16/16/16 269/196/246 270/197/247
f 16/16/16 270/197/247 197/108/187
f 269/196/246 271/198/248 272/199/249
f 269/196/246 272/199/249 270/197/247
f 273/200/250 274/201/251 275/202/252
f 273/200/250 275/202/252 276/203/253
f 197/108/187 270/197/247 277/204/254
f 197/108/187 277/204/254 198/118/175
f 270/197/247 272/199/249 278/205/255
f 270/197/247 278/205/255 277/204/254
f 276/203/253 275/202/252 279/206/176
f 276/203/253 279/206/176 280/207/256
f 184/42/175 281/208/257 282/209/258
f 184/42/175 282/209/258 174/41/165
f 281/208/257 283/210/255 284/211/259
f 281/208/257 284/211/259 282/209/258
f 280/207/256 279/206/176 285/212/260
f 280/207/256 285/212/260 286/213/261
f 174/41/165 282/209/258 287/214/262
f 174/41/165 287/214/262 164/52/155
f 282/209/258 284/211/259 288/215/263
f 282/209/258 288/215/263 287/214/262
f 286/213/261 285/212/260 289/216/156
f 286/213/261 289/216/156 290/217/264
f 164/52/155 287/214/262 291/218/265
f 164/52/155 291/218/265 154/62/145
f 287/214/262 288/215/263 292/219/266
f 287/214/262 292/219/266 291/218/265
f 290/217/264 289/216/156 293/220/267
f 290/217/264 293/220/267 294/221/268
f 154/62/145 291/218/265 295/222/269
f 154/62/145 295/222/269 143/74/135
f 291/218/265 292/219/266 296/223/270
f 291/218/265 296/223/270 295/222/269
f 294/221/268 293/220/267 297/224/271
f 294/221/268 297/224/271 298/225/272
f 143/74/135 295/222/269 299/226/273
f 143/74/135 299/226/273 144/84/122
f 295/222/269 296/223/270 300/227/274
f 295/222/269 300/227/274 299/226/273
f 298/225/272 297/224/271 301/228/275
f 298/225/272 301/228/275 302/229/276
f 128/118/122 303/204/277 304/197/278
f 128/118/122 304/197/278 118/108/112
f 303/204/277 305/205/274 306/199/279
f 303/204/277 306/199/279 304/197/278
f 302/229/276 301/228/275 307/230/125
f 302/229/276 307/230/125 308/231/280
f 118/108/112 304/197/278 309/196/281
f 118/108/112 309/196/281 108/16/102
f 304/197/278 306/199/279 310/232/282
f 304/197/278 310/232/282 309/196/281
f 308/231/280 307/230/125 311/233/283
f 308/231/280 311/233/283 312/234/284
f 108/16/102 309/196/281 313/235/285
f 108/16/102 313/235/285 97/15/92
f 309/196/281 310/232/282 314/236/286
f 309/196/281 314/236/286 313/235/285
f 312/234/284 311/233/283 315/237/287
f 312/234/284 315/237/287 316/238/288
f 97/15/92 313/235/285 317/239/289
f 97/15/92 317/239/289 98/28/80
f 313/235/285 314/236/286 318/240/290
f 313/235/285 318/240/290 317/239/289
f 316/238/288 315/237/287 319/241/81
f 316/238/288 319/241/81 320/242/291
f 84/84/80 321/226/292 322/222/293
f 84/84/80 322/222/293 74/74/70
f 321/226/292 323/227/290 324/223/294
f 321/226/292 324/223/294 322/222/293
f 320/242/291 319/241/81 325/243/295
f 320/242/291 325/243/295 326/244/296
f 74/74/70 322/222/293 327/218/297
f 74/74/70 327/218/297 62/62/60
f 322/222/293 324/223/294 328/219/298
f 322/222/293 328/219/298 327/218/297
f 326/244/296 325/243/295 329/245/61
f 326/244/296 329/245/61 330/246/299
f 62/62/60 327/218/297 331/214/300
f 62/62/60 331/214/300 52/52/50
f 327/218/297 328/219/298 332/215/301
f 327/218/297 332/215/301 331/214/300
f 330/246/299 329/245/61 333/247/302
f 330/246/299 333/247/302 334/248/303
f 52/52/50 331/214/300 335/209/304
f 52/52/50 335/209/304 41/41/40
f 331/214/300 332/215/301 336/211/305
f 331/214/300 336/211/305 335/209/304
f 334/248/303 333/247/302 337/249/306
f 334/248/303 337/249/306 338/250/307
f 41/41/40 335/209/304 339/208/308
f 41/41/40 339/208/308 42/42/28
f 335/209/304 336/211/305 340/210/309
f 335/209/304 340/210/309 339/208/308
f 338/250/307 337/249/306 341/251/310
f 338/250/307 341/251/310 342/252/311
f 28/28/28 343/239/312 344/235/313
f 28/28/28 344/235/313 15/15/15
f 343/239/312 345/240/309 346/236/314
f 343/239/312 346/236/314 344/235/313
f 342/252/311 341/251/310 347/253/315
f 342/252/311 347/253/315 348/254/316
f 15/15/15 344/235/313 269/196/246
f 15/15/15 269/196/246 16/16/16
f 344/235/313 346/236/314 271/198/248
f 344/235/313 271/198/248 269/196/246
f 348/254/316 347/253/315 274/201/251
f 348/254/316 274/201/251 273/200/250
f 349/255/317 350/256/318 351/257/319
f 349/255/317 351/257/319 352/258/320
f 352/258/320 351/257/319 353/259/321
f 352/258/320 353/259/321 354/260/322
f 354/260/322 353/259/321 355/261/323
f 354/260/322 355/261/323 356/262/324
f 356/262/324 355/261/323 357/263/325
f 356/262/324 357/263/325 358/264/326
f 358/264/326 357/263/325 359/265/327
f 358/264/326 359/265/327 360/266/328
f 360/266/328 359/265/327 361/267/329
f 360/266/328 361/267/329 362/268/330
f 362/268/330 361/267/329 363/269/331
f 362/268/330 363/269/331 364/270/124
f 364/270/124 363/269/331 365/271/332
f 364/270/124 365/271/332 366/272/333
f 366/272/333 365/271/332 367/273/334
f 366/272/333 367/273/334 368/274/335
f 368/274/335 367/273/334 369/275/336
f 368/274/335 369/275/336 370/276/337
f 370/276/337 369/275/336 371/277/338
f 370/276/337 371/277/338 372/278/339
f 372/278/339 371/277/338 373/279/340
f 372/278/339 373/279/340 374/280/341
f 374/280/341 373/279/340 375/281/342
f 374/280/341 375/281/342 376/282/343
f 376/282/343 375/281/342 377/283/344
f 376/282/343 377/283/344 378/284/345
f 378/284/345 377/283/344 379/285/346
f 378/284/345 379/285/346 380/286/347
f 380/286/347 379/285/346 381/287/348
f 380/286/347 381/287/348 382/288/30
f 382/288/30 381/287/348 383/289/349
f 382/288/30 383/289/349 384/290/350
f 384/290/350 383/289/349 350/256/318
f 384/290/350 350/256/318 349/255/317
f 385/291/351 386/292/352 387/293/353
f 385/291/351 387/293/353 388/294/354
f 389/295/355 390/296/356 391/297/357
f 389/295/355 391/297/357 392/298/358
f 393/299/359 385/291/351 388/294/354
f 393/299/359 388/294/354 394/300/360
f 395/301/361 396/302/362 397/303/363
f 395/301/361 397/303/363 398/304/364
f 399/305/365 393/299/359 394/300/360
f 399/305/365 394/300/360 400/306/366
f 401/307/367 389/295/355 392/298/358
f 401/307/367 392/298/358 402/308/368
f 403/309/369 399/305/365 400/306/366
f 403/309/369 400/306/366 404/310/370
f 405/311/371 395/301/361 398/304/364
f 405/311/371 398/304/364 406/312/372
f 407/313/373 403/309/369 404/310/370
f 407/313/373 404/310/370 408/314/374
f 409/315/375 401/307/367 402/308/368
f 409/315/375 402/308/368 410/316/376
f 411/317/377 412/318/378 413/319/379
f 411/317/377 413/319/379 414/320/380
f 415/321/381 405/311/371 406/312/372
f 415/321/381 406/312/372 416/322/382
f 417/323/383 411/317/377 414/320/380
f 417/323/383 414/320/380 418/324/384
f 419/325/385 409/315/375 410/316/376
f 419/325/385 410/316/376 420/326/386
f 421/327/387 417/323/383 418/324/384
f 421/327/387 418/324/384 422/328/388
f 423/329/389 415/321/381 416/322/382
f 423/329/389 416/322/382 424/330/390
f 425/331/391 421/327/387 422/328/388
f 425/331/391 422/328/388 426/332/392
f 427/333/393 419/325/385 420/326/386
f 427/333/393 420/326/386 428/334/394
f 429/335/395 425/331/391 426/332/392
f 429/335/395 426/332/392 430/336/396
f 431/337/397 423/329/389 424/330/390
f 431/337/397 424/330/390 432/338/398
f 433/339/399 429/335/395 430/336/396
f 433/339/399 430/336/396 434/340/400
f 435/341/401 427/333/393 428/334/394
f 435/341/401 428/334/394 436/342/402
f 437/343/403 433/339/399 434/340/400
f 437/343/403 434/340/400 438/344/404
f 439/345/405 431/337/397 432/338/398
f 439/345/405 432/338/398 440/346/406
f 441/347/407 437/343/403 438/344/404
f 441/347/407 438/344/404 442/348/408
f 443/349/409 435/341/401 436/342/402
f 443/349/409 436/342/402 444/350/410
f 445/351/411 441/347/407 442/348/408
f 445/351/411 442/348/408 446/352/412
f 447/353/413 439/345/405 440/346/406
f 447/353/413 440/346/406 448/354/414
f 449/355/415 445/351/411 446/352/412
f 449/355/415 446/352/412 450/356/416
f 451/357/417 443/349/409 444/350/410
f 451/357/417 444/350/410 452/358/418
f 453/359/419 449/355/415 450/356/416
f 453/359/419 450/356/416 454/360/420
f 455/361/421 456/362/422 452/358/418
f 455/361/421 452/358/418 447/353/413
f 456/362/422 457/363/423 451/357/417
f 456/362/422 451/357/417 452/358/418
f 458/364/424 459/365/425 448/354/414
f 458/364/424 448/354/414 453/359/419
f 460/366/426 457/363/423 456/362/422
f 460/366/426 456/362/422 461/367/427
f 462/368/428 455/361/421 459/365/425
f 462/368/428 459/365/425 463/369/429
f 464/370/430 465/371/431 466/372/432
f 464/370/430 466/372/432 467/373/433
f 468/374/434 469/375/435 470/376/436
f 468/374/434 470/376/436 465/371/431
f 469/375/435 471/377/437 472/378/438
f 469/375/435 472/378/438 470/376/436
f 471/377/437 473/379/439 474/380/440
f 471/377/437 474/380/440 472/378/438
f 473/379/439 475/381/441 454/360/420
f 473/379/439 454/360/420 474/380/440
f 467/373/433 466/372/432 476/382/442
f 467/373/433 476/382/442 477/383/443
f 478/384/444 462/368/428 463/369/429
f 478/384/444 463/369/429 479/385/445
f 465/371/431 470/376/436 480/386/446
f 465/371/431 480/386/446 466/372/432
f 470/376/436 472/378/438 481/387/447
f 470/376/436 481/387/447 480/386/446
f 472/378/438 474/380/440 482/388/448
f 472/378/438 482/388/448 481/387/447
f 474/380/440 454/360/420 450/356/416
f 474/380/440 450/356/416 482/388/448
f 477/383/443 476/382/442 483/389/449
f 477/383/443 483/389/449 484/390/450
f 485/391/451 460/366/426 461/367/427
f 485/391/451 461/367/427 486/392/452
f 466/372/432 480/386/446 487/393/453
f 466/372/432 487/393/453 476/382/442
f 480/386/446 481/387/447 488/394/454
f 480/386/446 488/394/454 487/393/453
f 481/387/447 482/388/448 489/395/455
f 481/387/447 489/395/455 488/394/454
f 482/388/448 450/356/416 446/352/412
f 482/388/448 446/352/412 489/395/455
f 484/390/450 483/389/449 490/396/456
f 484/390/450 490/396/456 491/397/457
f 492/398/458 478/384/444 479/385/445
f 492/398/458 479/385/445 493/399/459
f 476/382/442 487/393/453 494/400/460
f 476/382/442 494/400/460 483/389/449
f 487/393/453 488/394/454 495/401/461
f 487/393/453 495/401/461 494/400/460
f 488/394/454 489/395/455 496/402/462
f 488/394/454 496/402/462 495/401/461
f 489/395/455 446/352/412 442/348/408
f 489/395/455 442/348/408 496/402/462
f 491/397/457 490/396/456 497/403/463
f 491/397/457 497/403/463 498/404/464
f 499/405/465 485/391/451 486/392/452
f 499/405/465 486/392/452 500/406/466
f 483/389/449 494/400/460 501/407/467
f 483/389/449 501/407/467 490/396/456
f 494/400/460 495/401/461 502/408/468
f 494/400/460 502/408/468 501/407/467
f 495/401/461 496/402/462 503/409/469
f 495/401/461 503/409/469 502/408/468
f 496/402/462 442/348/408 438/344/404
f 496/402/462 438/344/404 503/409/469
f 498/404/464 497/403/463 504/410/470
f 498/404/464 504/410/470 505/411/471
f 506/412/472 492/398/458 493/399/459
f 506/412/472 493/399/459 507/413/473
f 490/396/456 501/407/467 508/414/474
f 490/396/456 508/414/474 497/403/463
f 501/407/467 502/408/468 509/415/475
f 501/407/467 509/415/475 508/414/474
f 502/408/468 503/409/469 510/416/476
f 502/408/468 510/416/476 509/415/475
f 503/409/469 438/344/404 434/340/400
f 503/409/469 434/340/400 510/416/476
f 505/411/471 504/410/470 511/417/477
f 505/411/471 511/417/477 512/418/478
f 513/419/479 499/405/465 500/406/466
f 513/419/479 500/406/466 514/420/480
f 497/403/463 508/414/474 515/421/481
f 497/403/463 515/421/481 504/410/470
f 508/414/474 509/415/475 516/422/482
f 508/414/474 516/422/482 515/421/481
f 509/415/475 510/416/476 517/423/483
f 509/415/475 517/423/483 516/422/482
f 510/416/476 434/340/400 430/336/396
f 510/416/476 430/336/396 517/423/483
f 512/418/478 511/417/477 518/424/484
f 512/418/478 518/424/484 519/425/485
f 520/426/486 506/412/472 507/413/473
f 520/426/486 507/413/473 521/427/487
f 504/410/470 515/421/481 522/428/488
f 504/410/470 522/428/488 511/417/477
f 515/421/481 516/422/482 523/429/489
f 515/421/481 523/429/489 522/428/488
f 516/422/482 517/423/483 524/430/490
f 516/422/482 524/430/490 523/429/489
f 517/423/483 430/336/396 426/332/392
f 517/423/483 426/332/392 524/430/490
f 519/425/485 518/424/484 525/431/491
f 519/425/485 525/431/491 526/432/492
f 527/433/493 513/419/479 514/420/480
f 527/433/493 514/420/480 528/434/494
f 511/417/477 522/428/488 529/435/495
f 511/417/477 529/435/495 518/424/484
f 522/428/488 523/429/489 530/436/496
f 522/428/488 530/436/496 529/435/495
f 523/429/489 524/430/490 531/437/497
f 523/429/489 531/437/497 530/436/496
f 524/430/490 426/332/392 422/328/388
f 524/430/490 422/328/388 531/437/497
f 526/432/492 525/431/491 532/438/498
f 526/432/492 532/438/498 533/439/499
f 534/440/500 520/426/486 521/427/487
f 534/440/500 521/427/487 535/441/501
f 518/424/484 529/435/495 536/442/502
f 518/424/484 536/442/502 525/431/491
f 529/435/495 530/436/496 537/443/503
f 529/435/495 537/443/503 536/442/502
f 530/436/496 531/437/497 538/444/504
f 530/436/496 538/444/504 537/443/503
f 531/437/497 422/328/388 418/324/384
f 531/437/497 418/324/384 538/444/504
f 533/439/499 532/438/498 539/445/505
f 533/439/499 539/445/505 540/446/506
f 541/447/507 527/433/493 528/434/494
f 541/447/507 528/434/494 542/448/508
f 525/431/491 536/442/502 543/449/509
f 525/431/491 543/449/509 532/438/498
f 536/442/502 537/443/503 544/450/510
f 536/442/502 544/450/510 543/449/509
f 537/443/503 538/444/504 545/451/511
f 537/443/503 545/451/511 544/450/510
f 538/444/504 418/324/384 414/320/380
f 538/444/504 414/320/380 545/451/511
f 546/452/512 547/453/505 548/454/513
f 546/452/512 548/454/513 549/455/514
f 550/456/515 551/457/516 552/458/501
f 550/456/515 552/458/501 553/459/517
f 532/438/498 543/449/509 554/460/518
f 532/438/498 554/460/518 539/445/505
f 543/449/509 544/450/510 555/461/519
f 543/449/509 555/461/519 554/460/518
f 544/450/510 545/451/511 556/462/520
f 544/450/510 556/462/520 555/461/519
f 545/451/511 414/320/380 413/319/379
f 545/451/511 413/319/379 556/462/520
f 549/455/514 548/454/513 557/463/521
f 549/455/514 557/463/521 558/464/522
f 559/465/523 560/466/507 561/467/524
f 559/465/523 561/467/524 562/468/525
f 547/453/505 563/469/526 564/470/527
f 547/453/505 564/470/527 548/454/513
f 563/469/526 565/471/528 566/472/529
f 563/469/526 566/472/529 564/470/527
f 565/471/528 567/473/520 568/474/530
f 565/471/528 568/474/530 566/472/529
f 567/473/520 408/314/374 404/310/370
f 567/473/520 404/310/370 568/474/530
f 558/464/522 557/463/521 569/475/531
f 558/464/522 569/475/531 570/476/532
f 571/477/533 550/456/515 553/459/517
f 571/477/533 553/459/517 572/478/534
f 548/454/513 564/470/527 573/479/535
f 548/454/513 573/479/535 557/463/521
f 564/470/527 566/472/529 574/480/536
f 564/470/527 574/480/536 573/479/535
f 566/472/529 568/474/530 575/481/537
f 566/472/529 575/481/537 574/480/536
f 568/474/530 404/310/370 400/306/366
f 568/474/530 400/306/366 575/481/537
f 570/476/532 569/475/531 576/482/538
f 570/476/532 576/482/538 577/483/539
f 578/484/540 559/465/523 562/468/525
f 578/484/540 562/468/525 579/485/541
f 557/463/521 573/479/535 580/486/542
f 557/463/521 580/486/542 569/475/531
f 573/479/535 574/480/536 581/487/543
f 573/479/535 581/487/543 580/486/542
f 574/480/536 575/481/537 582/488/544
f 574/480/536 582/488/544 581/487/543
f 575/481/537 400/306/366 394/300/360
f 575/481/537 394/300/360 582/488/544
f 577/483/539 576/482/538 583/489/545
f 577/483/539 583/489/545 584/490/546
f 585/491/547 571/477/533 572/478/534
f 585/491/547 572/478/534 586/492/548
f 569/475/531 580/486/542 587/493/549
f 569/475/531 587/493/549 576/482/538
f 580/486/542 581/487/543 588/494/550
f 580/486/542 588/494/550 587/493/549
f 581/487/543 582/488/544 589/495/551
f 581/487/543 589/495/551 588/494/550
f 582/488/544 394/300/360 388/294/354
f 582/488/544 388/294/354 589/495/551
f 584/490/546 583/489/545 468/374/434
f 584/490/546 468/374/434 590/496/552
f 390/296/356 578/484/540 579/485/541
f 390/296/356 579/485/541 391/297/357
f 576/482/538 587/493/549 591/497/553
f 576/482/538 591/497/553 583/489/545
f 587/493/549 588/494/550 592/498/554
f 587/493/549 592/498/554 591/497/553
f 588/494/550 589/495/551 593/499/555
f 588/494/550 593/499/555 592/498/554
f 589/495/551 388/294/354 387/293/353
f 589/495/551 387/293/353 593/499/555
f 386/292/352 458/364/424 475/381/441
f 386/292/352 475/381/441 387/293/353
f 396/302/362 585/491/547 586/492/548
f 396/302/362 586/492/548 397/303/363
f 583/489/545 591/497/553 469/375/435
f 583/489/545 469/375/435 468/374/434
f 591/497/553 592/498/554 471/377/437
f 591/497/553 471/377/437 469/375/435
f 592/498/554 593/499/555 473/379/439
f 592/498/554 473/379/439 471/377/437
f 593/499/555 387/293/353 475/381/441
f 593/499/555 475/381/441 473/379/439
f 590/496/552 468/374/434 465/371/431
f 590/496/552 465/371/431 464/370/430
f 457/363/423 594/500/556 595/501/557
f 457/363/423 595/501/557 451/357/417
f 451/357/417 595/501/557 596/502/558
f 451/357/417 596/502/558 443/349/409
f 443/349/409 596/502/558 597/503/559
f 443/349/409 597/503/559 435/341/401
f 435/341/401 597/503/559 598/504/560
f 435/341/401 598/504/560 427/333/393
f 427/333/393 598/504/560 599/505/561
f 427/333/393 599/505/561 419/325/385
f 419/325/385 599/505/561 600/506/562
f 419/325/385 600/506/562 409/315/375
f 409/315/375 600/506/562 601/507/563
f 409/315/375 601/507/563 401/307/367
f 401/307/367 601/507/563 602/508/564
f 401/307/367 602/508/564 389/295/355
f 389/295/355 602/508/564 603/509/565
f 389/295/355 603/509/565 390/296/356
f 390/296/356 603/509/565 604/510/566
f 390/296/356 604/510/566 578/484/540
f 578/484/540 604/510/566 605/511/567
f 578/484/540 605/511/567 559/465/523
f 559/465/523 605/511/567 606/512/568
f 559/465/523 606/512/568 560/466/507
f 541/447/507 607/513/568 608/514/569
f 541/447/507 608/514/569 527/433/493
f 527/433/493 608/514/569 609/515/570
f 527/433/493 609/515/570 513/419/479
f 513/419/479 609/515/570 610/516/571
f 513/419/479 610/516/571 499/405/465
f 499/405/465 610/516/571 611/517/572
f 499/405/465 611/517/572 485/391/451
f 485/391/451 611/517/572 612/518/573
f 485/391/451 612/518/573 460/366/426
f 460/366/426 612/518/573 594/500/556
f 460/366/426 594/500/556 457/363/423
f 463/369/429 459/365/425 458/364/424
f 463/369/429 458/364/424 386/292/352
f 475/381/441 458/364/424 453/359/419
f 475/381/441 453/359/419 454/360/420
f 448/354/414 440/346/406 449/355/415
f 448/354/414 449/355/415 453/359/419
f 440/346/406 432/338/398 445/351/411
f 440/346/406 445/351/411 449/355/415
f 432/338/398 424/330/390 441/347/407
f 432/338/398 441/347/407 445/351/411
f 424/330/390 416/322/382 437/343/403
f 424/330/390 437/343/403 441/347/407
f 416/322/382 406/312/372 433/339/399
f 416/322/382 433/339/399 437/343/403
f 406/312/372 398/304/364 429/335/395
f 406/312/372 429/335/395 433/339/399
f 398/304/364 397/303/363 425/331/391
f 398/304/364 425/331/391 429/335/395
f 397/303/363 586/492/548 421/327/387
f 397/303/363 421/327/387 425/331/391
f 586/492/548 572/478/534 417/323/383
f 586/492/548 417/323/383 421/327/387
f 572/478/534 553/459/517 411/317/377
f 572/478/534 411/317/377 417/323/383
f 553/459/517 552/458/501 412/318/378
f 553/459/517 412/318/378 411/317/377
f 535/441/501 521/427/487 403/309/369
f 535/441/501 403/309/369 407/313/373
f 521/427/487 507/413/473 399/305/365
f 521/427/487 399/305/365 403/309/369
f 507/413/473 493/399/459 393/299/359
f 507/413/473 393/299/359 399/305/365
f 493/399/459 479/385/445 385/291/351
f 493/399/459 385/291/351 393/299/359
f 479/385/445 463/369/429 386/292/352
f 479/385/445 386/292/352 385/291/351
f 392/298/358 391/297/357 585/491/547
f 392/298/358 585/491/547 396/302/362
f 391/297/357 579/485/541 571/477/533
f 391/297/357 571/477/533 585/491/547
f 579/485/541 562/468/525 550/456/515
f 579/485/541 550/456/515 571/477/533
f 562/468/525 561/467/524 551/457/516
f 562/468/525 551/457/516 550/456/515
f 542/448/508 528/434/494 520/426/486
f 542/448/508 520/426/486 534/440/500
f 528/434/494 514/420/480 506/412/472
f 528/434/494 506/412/472 520/426/486
f 514/420/480 500/406/466 492/398/458
f 514/420/480 492/398/458 506/412/472
f 500/406/466 486/392/452 478/384/444
f 500/406/466 478/384/444 492/398/458
f 486/392/452 461/367/427 462/368/428
f 486/392/452 462/368/428 478/384/444
f 461/367/427 456/362/422 455/361/421
f 461/367/427 455/361/421 462/368/428
f 459/365/425 455/361/421 447/353/413
f 459/365/425 447/353/413 448/354/414
f 452/358/418 444/350/410 439/345/405
f 452/358/418 439/345/405 447/353/413
f 444/350/410 436/342/402 431/337/397
f 444/350/410 431/337/397 439/345/405
f 436/342/402 428/334/394 423/329/389
f 436/342/402 423/329/389 431/337/397
f 428/334/394 420/326/386 415/321/381
f 428/334/394 415/321/381 423/329/389
f 420/326/386 410/316/376 405/311/371
f 420/326/386 405/311/371 415/321/381
f 410/316/376 402/308/368 395/301/361
f 410/316/376 395/301/361 405/311/371
f 402/308/368 392/298/358 396/302/362
f 402/308/368 396/302/362 395/301/361
f 613/519/574 614/520/575 615/521/576
f 613/519/574 615/521/576 616/522/577
f 617/523/578 618/524/579 619/525/580
f 617/523/578 619/525/580 620/526/581
f 621/527/582 622/528/583 614/520/575
f 621/527/582 614/520/575 613/519/574
f 623/529/584 624/530/585 618/524/579
f 623/529/584 618/524/579 617/523/578
f 625/531/586 626/532/587 622/528/583
f 625/531/586 622/528/583 621/527/582
f 627/533/588 628/534/589 624/530/585
f 627/533/588 624/530/585 623/529/584
f 629/535/590 630/536/591 626/532/587
f 629/535/590 626/532/587 625/531/586
f 631/537/592 632/538/593 628/534/589
f 631/537/592 628/534/589 627/533/588
f 633/539/594 634/540/595 630/536/591
f 633/539/594 630/536/591 629/535/590
f 635/541/596 636/542/597 632/538/593
f 635/541/596 632/538/593 631/537/592
f 637/543/598 638/544/599 634/540/595
f 637/543/598 634/540/595 633/539/594
f 639/545/600 640/546/601 636/542/597
f 639/545/600 636/542/597 635/541/596
f 641/547/602 642/548/603 638/544/599
f 641/547/602 638/544/599 637/543/598
f 643/549/604 644/550/605 640/546/601
f 643/549/604 640/546/601 639/545/600
f 645/551/606 646/552/607 642/548/603
f 645/551/606 642/548/603 641/547/602
f 647/553/608 648/554/609 644/550/605
f 647/553/608 644/550/605 643/549/604
f 649/555/610 650/556/611 651/557/612
f 649/555/610 651/557/612 652/558/613
f 653/559/614 654/560/615 655/561/616
f 653/559/614 655/561/616 656/562/608
f 657/563/617 658/564/618 650/556/611
f 657/563/617 650/556/611 649/555/610
f 659/565/619 660/566/620 654/560/615
f 659/565/619 654/560/615 653/559/614
f 661/567/621 662/568/622 658/564/618
f 661/567/621 658/564/618 657/563/617
f 663/569/623 664/570/624 660/566/620
f 663/569/623 660/566/620 659/565/619
f 665/571/625 666/572/626 662/568/622
f 665/571/625 662/568/622 661/567/621
f 667/573/627 668/574/628 664/570/624
f 667/573/627 664/570/624 663/569/623
f 669/575/629 670/576/630 666/572/626
f 669/575/629 666/572/626 665/571/625
f 671/577/631 672/578/632 668/574/628
f 671/577/631 668/574/628 667/573/627
f 673/579/633 674/580/634 670/576/630
f 673/579/633 670/576/630 669/575/629
f 675/581/635 676/582/636 672/578/632
f 675/581/635 672/578/632 671/577/631
f 677/583/637 678/584/638 674/580/634
f 677/583/637 674/580/634 673/579/633
f 679/585/639 680/586/640 676/582/636
f 679/585/639 676/582/636 675/581/635
f 681/587/641 682/588/642 678/584/638
f 681/587/641 678/584/638 677/583/637
f 683/589/643 684/590/644 680/586/640
f 683/589/643 680/586/640 679/585/639
f 685/591/645 686/592/646 682/588/642
f 685/591/645 682/588/642 681/587/641
f 687/593/647 688/594/648 684/590/644
f 687/593/647 684/590/644 683/589/643
f 668/574/628 672/578/632 689/595/649
f 668/574/628 689/595/649 690/596/650
f 616/522/577 615/521/576 686/592/646
f 616/522/577 686/592/646 685/591/645
f 620/526/581 619/525/580 688/594/648
f 620/526/581 688/594/648 687/593/647
f 691/597/651 692/598/652 693/599/653
f 691/597/651 693/599/653 694/600/654
f 692/598/652 695/601/655 696/602/656
f 692/598/652 696/602/656 693/599/653
f 695/601/655 616/522/577 685/591/645
f 695/601/655 685/591/645 696/602/656
f 694/600/654 693/599/653 697/603/657
f 694/600/654 697/603/657 698/604/658
f 693/599/653 696/602/656 699/605/659
f 693/599/653 699/605/659 697/603/657
f 696/602/656 685/591/645 681/587/641
f 696/602/656 681/587/641 699/605/659
f 698/604/658 697/603/657 700/606/660
f 698/604/658 700/606/660 701/607/661
f 697/603/657 699/605/659 702/608/662
f 697/603/657 702/608/662 700/606/660
f 699/605/659 681/587/641 677/583/637
f 699/605/659 677/583/637 702/608/662
f 701/607/661 700/606/660 703/609/663
f 701/607/661 703/609/663 704/610/664
f 700/606/660 702/608/662 705/611/665
f 700/606/660 705/611/665 703/609/663
f 702/608/662 677/583/637 673/579/633
f 702/608/662 673/579/633 705/611/665
f 704/610/664 703/609/663 706/612/666
f 704/610/664 706/612/666 707/613/667
f 703/609/663 705/611/665 708/614/668
f 703/609/663 708/614/668 706/612/666
f 705/611/665 673/579/633 669/575/629
f 705/611/665 669/575/629 708/614/668
f 707/613/667 706/612/666 709/615/669
f 707/613/667 709/615/669 710/616/670
f 706/612/666 708/614/668 711/617/671
f 706/612/666 711/617/671 709/615/669
f 708/614/668 669/575/629 665/571/625
f 708/614/668 665/571/625 711/617/671
f 710/616/670 709/615/669 712/618/672
f 710/616/670 712/618/672 713/619/673
f 709/615/669 711/617/671 714/620/674
f 709/615/669 714/620/674 712/618/672
f 711/617/671 665/571/625 661/567/621
f 711/617/671 661/567/621 714/620/674
f 713/619/673 712/618/672 715/621/675
f 713/619/673 715/621/675 716/622/676
f 712/618/672 714/620/674 717/623/677
f 712/618/672 717/623/677 715/621/675
f 714/620/674 661/567/621 657/563/617
f 714/620/674 657/563/617 717/623/677
f 716/622/676 715/621/675 718/624/678
f 716/622/676 718/624/678 719/625/679
f 715/621/675 717/623/677 720/626/680
f 715/621/675 720/626/680 718/624/678
f 717/623/677 657/563/617 649/555/610
f 717/623/677 649/555/610 720/626/680
f 719/625/679 718/624/678 721/627/681
f 719/625/679 721/627/681 722/628/682
f 718/624/678 720/626/680 723/629/683
f 718/624/678 723/629/683 721/627/681
f 720/626/680 649/555/610 652/558/613
f 720/626/680 652/558/613 723/629/683
f 724/630/684 725/631/685 726/632/686
f 724/630/684 726/632/686 727/633/687
f 725/631/685 728/634/688 729/635/689
f 725/631/685 729/635/689 726/632/686
f 728/634/688 645/551/606 641/547/602
f 728/634/688 641/547/602 729/635/689
f 727/633/687 726/632/686 730/636/690
f 727/633/687 730/636/690 731/637/691
f 726/632/686 729/635/689 732/638/692
f 726/632/686 732/638/692 730/636/690
f 729/635/689 641/547/602 637/543/598
f 729/635/689 637/543/598 732/638/692
f 731/637/691 730/636/690 733/639/693
f 731/637/691 733/639/693 734/640/694
f 730/636/690 732/638/692 735/641/695
f 730/636/690 735/641/695 733/639/693
f 732/638/692 637/543/598 633/539/594
f 732/638/692 633/539/594 735/641/695
f 734/640/694 733/639/693 736/642/696
f 734/640/694 736/642/696 737/643/697
f 733/639/693 735/641/695 738/644/698
f 733/639/693 738/644/698 736/642/696
f 735/641/695 633/539/594 629/535/590
f 735/641/695 629/535/590 738/644/698
f 737/643/697 736/642/696 739/645/699
f 737/643/697 739/645/699 740/646/700
f 736/642/696 738/644/698 741/647/701
f 736/642/696 741/647/701 739/645/699
f 738/644/698 629/535/590 625/531/586
f 738/644/698 625/531/586 741/647/701
f 740/646/700 739/645/699 742/648/702
f 740/646/700 742/648/702 743/649/703
f 739/645/699 741/647/701 744/650/704
f 739/645/699 744/650/704 742/648/702
f 741/647/701 625/531/586 621/527/582
f 741/647/701 621/527/582 744/650/704
f 743/649/703 742/648/702 745/651/705
f 743/649/703 745/651/705 746/652/706
f 742/648/702 744/650/704 747/653/707
f 742/648/702 747/653/707 745/651/705
f 744/650/704 621/527/582 613/519/574
f 744/650/704 613/519/574 747/653/707
f 746/652/706 745/651/705 692/598/652
f 746/652/706 692/598/652 691/597/651
f 745/651/705 747/653/707 695/601/655
f 745/651/705 695/601/655 692/598/652
f 747/653/707 613/519/574 616/522/577
f 747/653/707 616/522/577 695/601/655
f 615/521/576 748/654/708 749/655/709
f 615/521/576 749/655/709 686/592/646
f 748/654/708 750/656/710 751/657/711
f 748/654/708 751/657/711 749/655/709
f 686/592/646 749/655/709 752/658/712
f 686/592/646 752/658/712 682/588/642
f 749/655/709 751/657/711 753/659/713
f 749/655/709 753/659/713 752/658/712
f 682/588/642 752/658/712 754/660/714
f 682/588/642 754/660/714 678/584/638
f 752/658/712 753/659/713 755/661/715
f 752/658/712 755/661/715 754/660/714
f 678/584/638 754/660/714 756/662/716
f 678/584/638 756/662/716 674/580/634
f 754/660/714 755/661/715 757/663/717
f 754/660/714 757/663/717 756/662/716
f 674/580/634 756/662/716 758/664/718
f 674/580/634 758/664/718 670/576/630
f 756/662/716 757/663/717 759/665/719
f 756/662/716 759/665/719 758/664/718
f 670/576/630 758/664/718 760/666/720
f 670/576/630 760/666/720 666/572/626
f 758/664/718 759/665/719 761/667/721
f 758/664/718 761/667/721 760/666/720
f 666/572/626 760/666/720 762/668/722
f 666/572/626 762/668/722 662/568/622
f 760/666/720 761/667/721 763/669/723
f 760/666/720 763/669/723 762/668/722
f 662/568/622 762/668/722 764/670/724
f 662/568/622 764/670/724 658/564/618
f 762/668/722 763/669/723 765/671/725
f 762/668/722 765/671/725 764/670/724
f 658/564/618 764/670/724 766/672/726
f 658/564/618 766/672/726 650/556/611
f 764/670/724 765/671/725 767/673/727
f 764/670/724 767/673/727 766/672/726
f 650/556/611 766/672/726 768/674/728
f 650/556/611 768/674/728 651/557/612
f 766/672/726 767/673/727 769/675/729
f 766/672/726 769/675/729 768/674/728
f 646/552/607 770/676/728 771/677/730
f 646/552/607 771/677/730 642/548/603
f 770/676/728 772/678/731 773/679/732
f 770/676/728 773/679/732 771/677/730
f 642/548/603 771/677/730 774/680/733
f 642/548/603 774/680/733 638/544/599
f 771/677/730 773/679/732 775/681/734
f 771/677/730 775/681/734 774/680/733
f 638/544/599 774/680/733 776/682/735
f 638/544/599 776/682/735 634/540/595
f 774/680/733 775/681/734 777/683/736
f 774/680/733 777/683/736 776/682/735
f 634/540/595 776/682/735 778/684/737
f 634/540/595 778/684/737 630/536/591
f 776/682/735 777/683/736 779/685/738
f 776/682/735 779/685/738 778/684/737
f 630/536/591 778/684/737 780/686/739
f 630/536/591 780/686/739 626/532/587
f 778/684/737 779/685/738 781/687/740
f 778/684/737 781/687/740 780/686/739
f 626/532/587 780/686/739 782/688/741
f 626/532/587 782/688/741 622/528/583
f 780/686/739 781/687/740 783/689/742
f 780/686/739 783/689/742 782/688/741
f 622/528/583 782/688/741 784/690/743
f 622/528/583 784/690/743 614/520/575
f 782/688/741 783/689/742 785/691/744
f 782/688/741 785/691/744 784/690/743
f 614/520/575 784/690/743 748/654/708
f 614/520/575 748/654/708 615/521/576
f 784/690/743 785/691/744 750/656/710
f 784/690/743 750/656/710 748/654/708
f 680/586/640 684/590/644 786/692/745
f 680/586/640 786/692/745 787/693/746
f 618/524/579 624/530/585 788/694/747
f 618/524/579 788/694/747 789/695/748
f 632/538/593 636/542/597 790/696/749
f 632/538/593 790/696/749 791/697/750
f 644/550/605 648/554/609 792/698/751
f 644/550/605 792/698/751 793/699/752
f 660/566/620 664/570/624 794/700/753
f 660/566/620 794/700/753 795/701/754
f 672/578/632 676/582/636 796/702/755
f 672/578/632 796/702/755 689/595/649
f 684/590/644 688/594/648 797/703/756
f 684/590/644 797/703/756 786/692/745
f 624/530/585 628/534/589 798/704/757
f 624/530/585 798/704/757 788/694/747
f 636/542/597 640/546/601 799/705/758
f 636/542/597 799/705/758 790/696/749
f 655/561/616 654/560/615 800/706/759
f 655/561/616 800/706/759 792/698/751
f 664/570/624 668/574/628 690/596/650
f 664/570/624 690/596/650 794/700/753
f 676/582/636 680/586/640 787/693/746
f 676/582/636 787/693/746 796/702/755
f 688/594/648 619/525/580 801/707/760
f 688/594/648 801/707/760 797/703/756
f 619/525/580 618/524/579 789/695/748
f 619/525/580 789/695/748 801/707/760
f 628/534/589 632/538/593 791/697/750
f 628/534/589 791/697/750 798/704/757
f 640/546/601 644/550/605 793/699/752
f 640/546/601 793/699/752 799/705/758
f 654/560/615 660/566/620 795/701/754
f 654/560/615 795/701/754 800/706/759
f 750/656/710 802/708/761 803/709/762
f 750/656/710 803/709/762 751/657/711
f 802/708/761 804/710/763 805/711/764
f 802/708/761 805/711/764 803/709/762
f 804/710/763 806/712/765 807/713/766
f 804/710/763 807/713/766 805/711/764
f 806/712/765 620/526/581 687/593/647
f 806/712/765 687/593/647 807/713/766
f 751/657/711 803/709/762 808/714/767
f 751/657/711 808/714/767 753/659/713
f 803/709/762 805/711/764 809/715/768
f 803/709/762 809/715/768 808/714/767
f 805/711/764 807/713/766 810/716/769
f 805/711/764 810/716/769 809/715/768
f 807/713/766 687/593/647 683/589/643
f 807/713/766 683/589/643 810/716/769
f 753/659/713 808/714/767 811/717/770
f 753/659/713 811/717/770 755/661/715
f 808/714/767 809/715/768 812/718/771
f 808/714/767 812/718/771 811/717/770
f 809/715/768 810/716/769 813/719/772
f 809/715/768 813/719/772 812/718/771
f 810/716/769 683/589/643 679/585/639
f 810/716/769 679/585/639 813/719/772
f 755/661/715 811/717/770 814/720/773
f 755/661/715 814/720/773 757/663/717
f 811/717/770 812/718/771 815/721/774
f 811/717/770 815/721/774 814/720/773
f 812/718/771 813/719/772 816/722/775
f 812/718/771 816/722/775 815/721/774
f 813/719/772 679/585/639 675/581/635
f 813/719/772 675/581/635 816/722/775
f 757/663/717 814/720/773 817/723/776
f 757/663/717 817/723/776 759/665/719
f 814/720/773 815/721/774 818/724/777
f 814/720/773 818/724/777 817/723/776
f 815/721/774 816/722/775 819/725/778
f 815/721/774 819/725/778 818/724/777
f 816/722/775 675/581/635 671/577/631
f 816/722/775 671/577/631 819/725/778
f 759/665/719 817/723/776 820/726/779
f 759/665/719 820/726/779 761/667/721
f 817/723/776 818/724/777 821/727/780
f 817/723/776 821/727/780 820/726/779
f 818/724/777 819/725/778 822/728/781
f 818/724/777 822/728/781 821/727/780
f 819/725/778 671/577/631 667/573/627
f 819/725/778 667/573/627 822/728/781
f 761/667/721 820/726/779 823/729/782
f 761/667/721 823/729/782 763/669/723
f 820/726/779 821/727/780 824/730/783
f 820/726/779 824/730/783 823/729/782
f 821/727/780 822/728/781 825/731/784
f 821/727/780 825/731/784 824/730/783
f 822/728/781 667/573/627 663/569/623
f 822/728/781 663/569/623 825/731/784
f 763/669/723 823/729/782 826/732/785
f 763/669/723 826/732/785 765/671/725
f 823/729/782 824/730/783 827/733/786
f 823/729/782 827/733/786 826/732/785
f 824/730/783 825/731/784 828/734/787
f 824/730/783 828/734/787 827/733/786
f 825/731/784 663/569/623 659/565/619
f 825/731/784 659/565/619 828/734/787
f 765/671/725 826/732/785 829/735/788
f 765/671/725 829/735/788 767/673/727
f 826/732/785 827/733/786 830/736/789
f 826/732/785 830/736/789 829/735/788
f 827/733/786 828/734/787 831/737/790
f 827/733/786 831/737/790 830/736/789
f 828/734/787 659/565/619 653/559/614
f 828/734/787 653/559/614 831/737/790
f 767/673/727 829/735/788 832/738/791
f 767/673/727 832/738/791 769/675/729
f 829/735/788 830/736/789 833/739/792
f 829/735/788 833/739/792 832/738/791
f 830/736/789 831/737/790 834/740/793
f 830/736/789 834/740/793 833/739/792
f 831/737/790 653/559/614 656/562/608
f 831/737/790 656/562/608 834/740/793
f 772/678/731 835/741/794 836/742/795
f 772/678/731 836/742/795 773/679/732
f 835/741/794 837/743/796 838/744/797
f 835/741/794 838/744/797 836/742/795
f 837/743/796 839/745/793 840/746/798
f 837/743/796 840/746/798 838/744/797
f 839/745/793 647/553/608 643/549/604
f 839/745/793 643/549/604 840/746/798
f 773/679/732 836/742/795 841/747/799
f 773/679/732 841/747/799 775/681/734
f 836/742/795 838/744/797 842/748/800
f 836/742/795 842/748/800 841/747/799
f 838/744/797 840/746/798 843/749/801
f 838/744/797 843/749/801 842/748/800
f 840/746/798 643/549/604 639/545/600
f 840/746/798 639/545/600 843/749/801
f 775/681/734 841/747/799 844/750/802
f 775/681/734 844/750/802 777/683/736
f 841/747/799 842/748/800 845/751/803
f 841/747/799 845/751/803 844/750/802
f 842/748/800 843/749/801 846/752/804
f 842/748/800 846/752/804 845/751/803
f 843/749/801 639/545/600 635/541/596
f 843/749/801 635/541/596 846/752/804
f 777/683/736 844/750/802 847/753/805
f 777/683/736 847/753/805 779/685/738
f 844/750/802 845/751/803 848/754/806
f 844/750/802 848/754/806 847/753/805
f 845/751/803 846/752/804 849/755/807
f 845/751/803 849/755/807 848/754/806
f 846/752/804 635/541/596 631/537/592
f 846/752/804 631/537/592 849/755/807
f 779/685/738 847/753/805 850/756/808
f 779/685/738 850/756/808 781/687/740
f 847/753/805 848/754/806 851/757/809
f 847/753/805 851/757/809 850/756/808
f 848/754/806 849/755/807 852/758/810
f 848/754/806 852/758/810 851/757/809
f 849/755/807 631/537/592 627/533/588
f 849/755/807 627/533/588 852/758/810
f 781/687/740 850/756/808 853/759/811
f 781/687/740 853/759/811 783/689/742
f 850/756/808 851/757/809 854/760/812
f 850/756/808 854/760/812 853/759/811
f 851/757/809 852/758/810 855/761/813
f 851/757/809 855/761/813 854/760/812
f 852/758/810 627/533/588 623/529/584
f 852/758/810 623/529/584 855/761/813
f 783/689/742 853/759/811 856/762/814
f 783/689/742 856/762/814 785/691/744
f 853/759/811 854/760/812 857/763/815
f 853/759/811 857/763/815 856/762/814
f 854/760/812 855/761/813 858/764/816
f 854/760/812 858/764/816 857/763/815
f 855/761/813 623/529/584 617/523/578
f 855/761/813 617/523/578 858/764/816
f 785/691/744 856/762/814 802/708/761
f 785/691/744 802/708/761 750/656/710
f 856/762/814 857/763/815 804/710/763
f 856/762/814 804/710/763 802/708/761
f 857/763/815 858/764/816 806/712/765
f 857/763/815 806/712/765 804/710/763
f 858/764/816 617/523/578 620/526/581
f 858/764/816 620/526/581 806/712/765
f 31/31/31 55/55/53 45/45/43
f 55/55/53 31/31/31 67/67/63
f 67/67/63 31/31/31 21/21/21
f 67/67/63 21/21/21 77/77/73
f 77/77/73 21/21/21 1/1/1
f 77/77/73 1/1/1 87/87/83
f 87/87/83 1/1/1 4/4/4
f 87/87/83 4/4/4 101/93/95
f 101/93/95 4/4/4 187/153/178
f 101/93/95 187/153/178 111/101/105
f 111/101/105 187/153/178 177/147/168
f 111/101/105 177/147/168 121/111/115
f 121/111/115 177/147/168 167/141/158
f 121/111/115 167/141/158 133/123/126
f 133/123/126 167/141/158 157/135/148
f 133/123/126 157/135/148 147/129/138
f 799/705/758 791/697/750 790/696/749
f 791/697/750 799/705/758 798/704/757
f 798/704/757 799/705/758 793/699/752
f 798/704/757 793/699/752 788/694/747
f 788/694/747 793/699/752 792/698/751
f 788/694/747 792/698/751 789/695/748
f 789/695/748 792/698/751 800/706/759
f 789/695/748 800/706/759 801/707/760
f 801/707/760 800/706/759 795/701/754
f 801/707/760 795/701/754 797/703/756
f 797/703/756 795/701/754 794/700/753
f 797/703/756 794/700/753 786/692/745
f 786/692/745 794/700/753 690/596/650
f 786/692/745 690/596/650 787/693/746
f 787/693/746 690/596/650 689/595/649
f 787/693/746 689/595/649 796/702/755
