# Blender 5.2.0 LTS
# www.blender.org
mtllib Bishop_W1_Material_002_0.mtl
o Bishop_W1_Material_002_0.001
v -0.737380 1.020336 -0.130020
v -0.729134 1.020336 -0.152675
v -0.742958 0.983719 -0.131004
v 0.737380 1.020336 -0.130020
v 0.742958 0.983719 -0.131004
v 0.729134 1.020336 -0.152675
v 0.520081 1.373437 -0.300269
v 0.558387 1.307072 -0.322385
v 0.468565 1.373437 -0.361664
v 0.491630 1.272725 -0.437015
v 0.429165 1.272725 -0.511458
v 0.400236 1.340251 -0.476982
v 0.648441 1.020336 -0.374378
v 0.629475 1.148392 -0.363427
v 0.680012 1.020336 -0.287635
v -0.648441 1.020336 -0.374378
v -0.680012 1.020336 -0.287635
v -0.629475 1.148392 -0.363427
v -0.520081 1.373437 -0.300269
v -0.468565 1.373437 -0.361664
v -0.558387 1.307072 -0.322385
v -0.429165 1.272725 -0.511458
v -0.491630 1.272725 -0.437015
v -0.400236 1.340251 -0.476982
v 0.191651 1.409902 -0.526556
v 0.189734 1.415114 -0.521291
v 0.206113 1.409902 -0.518206
v 0.191203 1.483165 -0.426608
v 0.303543 1.483165 -0.361748
v 0.337557 1.442070 -0.402285
v -0.189734 1.415114 -0.521291
v -0.191651 1.409902 -0.526556
v -0.206113 1.409902 -0.518206
v -0.303543 1.483165 -0.361748
v -0.191203 1.483165 -0.426608
v -0.337557 1.442070 -0.402285
v -0.397870 -3.346834 -1.093139
v -0.465746 -3.279927 -1.279628
v 0.000000 -3.279927 -1.361751
v 0.000000 -3.346834 -1.163294
v -0.467012 -3.023520 -1.283105
v -0.346973 -3.027947 -0.953300
v -0.000000 -3.027947 -1.014480
v 0.000000 -3.023519 -1.365452
v -0.689532 -2.146191 -0.821752
v -0.366892 -2.146191 -1.008028
v -0.421925 -2.259205 -1.159229
v -0.792959 -2.259205 -0.945012
v 0.300102 -1.664399 0.824524
v 0.000000 -1.664399 0.877440
v -0.000000 -1.813293 0.803737
v 0.274894 -1.813293 0.755266
v -0.222041 -1.319863 -0.610054
v -0.192552 -1.033354 -0.529032
v -0.000000 -1.033354 -0.562984
v -0.000000 -1.319862 -0.649205
v -0.182291 -0.686005 -0.500841
v -0.000000 -0.686005 -0.532984
v -0.188808 -0.321431 -0.518745
v -0.000000 -0.321431 -0.552037
v -0.275829 0.064914 -0.757835
v -0.275174 0.087885 -0.756035
v -0.000000 0.087885 -0.804555
v -0.000000 0.064914 -0.806471
v -0.263545 0.879410 -0.724084
v -0.256089 1.020336 -0.703600
v 0.000000 1.020336 -0.748755
v -0.000000 0.879410 -0.770554
v -0.123570 1.543617 -0.339507
v -0.087124 1.585868 -0.239371
v -0.000000 1.585868 -0.254734
v -0.000000 1.543617 -0.361295
v -0.747751 -3.346834 -0.891135
v -0.875317 -3.279927 -1.043162
v -0.877695 -3.023520 -1.045997
v -0.652095 -3.027947 -0.777137
v -0.929003 -2.146191 -0.536360
v -1.068351 -2.259205 -0.616813
v 0.561494 -1.931355 0.669162
v 0.298765 -1.931355 0.820849
v 0.326762 -2.047131 0.897771
v 0.614112 -2.047131 0.731870
v -0.417301 -1.319863 -0.497320
v -0.361879 -1.033354 -0.431271
v -0.342596 -0.686005 -0.408289
v -0.354842 -0.321431 -0.422885
v -0.518389 0.064914 -0.617792
v -0.517158 0.087885 -0.616325
v -0.495303 0.879410 -0.590279
v -0.481290 1.020336 -0.573580
v -0.232236 1.543617 -0.276768
v -0.163740 1.585868 -0.195137
v -1.007442 -3.346834 -0.581647
v -1.179311 -3.279927 -0.680876
v -1.182516 -3.023520 -0.682726
v -0.878566 -3.027947 -0.507240
v -1.056424 -2.146191 -0.186276
v -1.214884 -2.259205 -0.214217
v 0.564008 -1.664399 0.672158
v 0.516632 -1.813293 0.615698
v -0.562228 -1.319863 -0.324603
v -0.487558 -1.033354 -0.281492
v -0.461578 -0.686005 -0.266492
v -0.478078 -0.321431 -0.276018
v -0.698424 0.064914 -0.403235
v -0.696765 0.087885 -0.402278
v -0.517158 0.087885 -0.616325
v -0.518389 0.064914 -0.617792
v -0.667319 0.879410 -0.385277
v -0.312891 1.543617 -0.180648
v -0.220606 1.585868 -0.127367
v -1.145621 -3.346834 -0.202004
v -1.341063 -3.279927 -0.236466
v -1.344707 -3.023520 -0.237108
v -0.999068 -3.027947 -0.176163
v -1.056424 -2.146191 0.186276
v -1.214884 -2.259205 0.214217
v 0.756499 -1.931355 0.436765
v 0.827391 -2.047131 0.477694
v -0.639343 -1.319863 -0.112733
v -0.554431 -1.033354 -0.097761
v -0.524887 -0.686005 -0.092552
v -0.543650 -0.321431 -0.095860
v -0.794219 0.064914 -0.140042
v -0.792332 0.087885 -0.139710
v -0.355806 1.543617 -0.062738
v -0.250864 1.585868 -0.044234
v -1.145621 -3.346834 0.202004
v -1.341063 -3.279927 0.236466
v -1.344707 -3.023520 0.237108
v -0.999068 -3.027947 0.176163
v -0.929003 -2.146191 0.536360
v -1.068351 -2.259205 0.616813
v 0.759886 -1.664399 0.438720
v 0.696057 -1.813293 0.401869
v -0.639343 -1.319863 0.112733
v -0.554431 -1.033354 0.097761
v -0.524887 -0.686005 0.092552
v -0.543650 -0.321431 0.095860
v -0.794219 0.064914 0.140042
v -0.792332 0.087885 0.139710
v -0.355806 1.543617 0.062738
v -0.250864 1.585868 0.044234
v -1.007442 -3.346834 0.581647
v -1.179311 -3.279927 0.680876
v -1.182516 -3.023520 0.682726
v -0.878566 -3.027947 0.507240
v -0.689532 -2.146191 0.821752
v -0.792959 -2.259205 0.945012
v 0.860258 -1.931355 0.151687
v 0.940874 -2.047131 0.165901
v -0.562228 -1.319863 0.324603
v -0.487558 -1.033354 0.281492
v -0.461578 -0.686005 0.266492
v -0.478078 -0.321431 0.276018
v -0.698424 0.064914 0.403235
v -0.696765 0.087885 0.402278
v -0.667319 0.879410 0.385277
v -0.648441 1.020336 0.374378
v -0.737380 1.020336 0.130020
v -0.758848 0.879410 0.133805
v -0.312891 1.543617 0.180648
v -0.220606 1.585868 0.127367
v -0.747751 -3.346834 0.891135
v -0.875317 -3.279927 1.043162
v -0.877695 -3.023520 1.045997
v -0.652095 -3.027947 0.777137
v -0.366892 -2.146191 1.008028
v -0.421925 -2.259205 1.159229
v 0.864110 -1.664399 0.152366
v 0.791527 -1.813293 0.139568
v -0.417301 -1.319863 0.497320
v -0.361879 -1.033354 0.431271
v -0.342596 -0.686005 0.408289
v -0.354842 -0.321431 0.422885
v -0.518389 0.064914 0.617792
v -0.517158 0.087885 0.616325
v -0.495303 0.879410 0.590279
v -0.481290 1.020336 0.573580
v -0.232236 1.543617 0.276768
v -0.163740 1.585868 0.195137
v -0.397870 -3.346834 1.093139
v -0.465746 -3.279927 1.279628
v -0.467012 -3.023520 1.283105
v -0.346973 -3.027947 0.953300
v 0.000000 -2.146191 1.072721
v 0.000000 -2.259205 1.233626
v 0.860258 -1.931355 -0.151687
v 0.940874 -2.047131 -0.165901
v -0.222041 -1.319863 0.610054
v -0.192552 -1.033354 0.529032
v -0.182291 -0.686005 0.500841
v -0.188808 -0.321431 0.518745
v -0.275829 0.064914 0.757835
v -0.275174 0.087885 0.756035
v -0.517158 0.087885 0.616325
v -0.518389 0.064914 0.617792
v -0.263545 0.879410 0.724084
v -0.256089 1.020336 0.703600
v -0.123570 1.543617 0.339507
v -0.087124 1.585868 0.239371
v 0.000000 -3.346834 1.163294
v 0.000000 -3.279927 1.361751
v 0.000000 -3.023520 1.365452
v -0.000000 -3.027947 1.014480
v 0.366892 -2.146191 1.008028
v 0.000000 -2.146191 1.072721
v 0.000000 -2.259205 1.233626
v 0.421925 -2.259205 1.159229
v 0.864110 -1.664399 -0.152366
v 0.791527 -1.813293 -0.139568
v -0.000000 -1.319863 0.649205
v -0.000000 -1.033354 0.562984
v -0.000000 -0.686005 0.532984
v -0.000000 -0.321431 0.552037
v -0.000000 0.064914 0.806471
v -0.000000 0.087885 0.804555
v -0.000000 0.879410 0.770554
v 0.000000 1.020336 0.748755
v -0.000000 1.543617 0.361295
v -0.000000 1.585868 0.254734
v 0.397870 -3.346834 1.093139
v 0.465746 -3.279927 1.279628
v 0.467012 -3.023520 1.283105
v 0.346973 -3.027947 0.953300
v -0.000000 -3.027947 1.014480
v 0.000000 -3.023520 1.365452
v 0.689532 -2.146191 0.821752
v 0.792959 -2.259205 0.945012
v 0.756499 -1.931355 -0.436765
v 0.827391 -2.047131 -0.477694
v 0.222041 -1.319863 0.610054
v 0.192552 -1.033354 0.529032
v -0.000000 -1.033354 0.562984
v -0.000000 -1.319863 0.649205
v 0.182291 -0.686005 0.500841
v -0.000000 -0.686005 0.532984
v 0.188808 -0.321431 0.518745
v -0.000000 -0.321431 0.552037
v 0.275829 0.064914 0.757835
v 0.275174 0.087885 0.756035
v 0.263545 0.879410 0.724084
v 0.256089 1.020336 0.703600
v 0.123570 1.543617 0.339507
v 0.087124 1.585868 0.239371
v 0.747751 -3.346834 0.891135
v 0.875317 -3.279927 1.043162
v 0.877695 -3.023520 1.045997
v 0.652095 -3.027947 0.777137
v 0.929003 -2.146191 0.536360
v 1.068351 -2.259205 0.616813
v 0.759886 -1.664399 -0.438720
v 0.696057 -1.813293 -0.401869
v 0.417301 -1.319863 0.497320
v 0.361879 -1.033354 0.431271
v 0.342596 -0.686005 0.408289
v 0.354842 -0.321431 0.422885
v 0.518389 0.064914 0.617792
v 0.517158 0.087885 0.616325
v 0.495303 0.879410 0.590279
v 0.481290 1.020336 0.573580
v 0.232236 1.543617 0.276768
v 0.163740 1.585868 0.195137
v 1.007442 -3.346834 0.581647
v 1.179311 -3.279927 0.680876
v 1.182516 -3.023520 0.682726
v 0.878566 -3.027947 0.507240
v 1.056424 -2.146191 0.186276
v 1.214884 -2.259205 0.214217
v 0.561494 -1.931355 -0.669162
v 0.614112 -2.047131 -0.731870
v 0.562228 -1.319863 0.324603
v 0.487558 -1.033354 0.281492
v 0.461578 -0.686005 0.266492
v 0.478078 -0.321431 0.276018
v 0.698424 0.064914 0.403235
v 0.696765 0.087885 0.402278
v 0.517158 0.087885 0.616325
v 0.518389 0.064914 0.617792
v 0.667319 0.879410 0.385277
v 0.648441 1.020336 0.374378
v 0.312891 1.543617 0.180648
v 0.220606 1.585868 0.127367
v 1.145621 -3.346834 0.202004
v 1.341063 -3.279927 0.236466
v 1.344707 -3.023520 0.237108
v 0.999068 -3.027947 0.176163
v 1.056424 -2.146191 -0.186276
v 1.214884 -2.259205 -0.214217
v 0.564008 -1.664399 -0.672158
v 0.516632 -1.813293 -0.615698
v 0.639343 -1.319863 0.112733
v 0.554431 -1.033354 0.097761
v 0.524887 -0.686005 0.092552
v 0.543650 -0.321431 0.095860
v 0.794219 0.064914 0.140042
v 0.792332 0.087885 0.139710
v 0.758848 0.879410 0.133805
v 0.737380 1.020336 0.130020
v 0.648441 1.020336 0.374378
v 0.667319 0.879410 0.385277
v 0.355806 1.543617 0.062738
v 0.250863 1.585868 0.044234
v 0.220606 1.585868 0.127367
v 0.312891 1.543617 0.180648
v 1.145621 -3.346834 -0.202004
v 1.341063 -3.279927 -0.236466
v 1.344707 -3.023520 -0.237108
v 0.999068 -3.027947 -0.176163
v 0.929003 -2.146191 -0.536360
v 1.068351 -2.259205 -0.616813
v 0.298765 -1.931355 -0.820849
v 0.326762 -2.047131 -0.897771
v 0.639343 -1.319863 -0.112733
v 0.554431 -1.033354 -0.097761
v 0.524887 -0.686005 -0.092552
v 0.543650 -0.321431 -0.095860
v 0.794219 0.064914 -0.140042
v 0.792332 0.087885 -0.139710
v 0.355806 1.543617 -0.062738
v 0.250863 1.585868 -0.044234
v 1.007442 -3.346834 -0.581647
v 1.179311 -3.279927 -0.680876
v 1.182516 -3.023520 -0.682726
v 0.878566 -3.027947 -0.507240
v 0.689532 -2.146191 -0.821752
v 0.792959 -2.259205 -0.945012
v 0.300102 -1.664399 -0.824524
v 0.274894 -1.813293 -0.755266
v 0.562228 -1.319863 -0.324603
v 0.487558 -1.033354 -0.281492
v 0.461578 -0.686005 -0.266492
v 0.478078 -0.321431 -0.276018
v 0.698424 0.064914 -0.403235
v 0.696765 0.087885 -0.402278
v 0.312891 1.543617 -0.180648
v 0.220606 1.585868 -0.127367
v 0.747751 -3.346834 -0.891135
v 0.875317 -3.279927 -1.043162
v 0.877695 -3.023520 -1.045997
v 0.652095 -3.027947 -0.777137
v 0.366892 -2.146191 -1.008028
v 0.421925 -2.259205 -1.159229
v 0.000000 -1.931354 -0.873529
v -0.000000 -1.813293 -0.803737
v 0.274894 -1.813293 -0.755266
v 0.417301 -1.319863 -0.497320
v 0.361879 -1.033354 -0.431271
v 0.342596 -0.686005 -0.408289
v 0.354842 -0.321431 -0.422885
v 0.518389 0.064914 -0.617792
v 0.517158 0.087885 -0.616325
v 0.495303 0.879410 -0.590279
v 0.481290 1.020336 -0.573580
v 0.667319 0.879410 -0.385277
v 0.232236 1.543617 -0.276768
v 0.163740 1.585868 -0.195137
v 0.397870 -3.346834 -1.093139
v 0.465746 -3.279927 -1.279628
v 0.467012 -3.023520 -1.283105
v 0.346973 -3.027947 -0.953300
v -0.000000 -1.813293 -0.803737
v 0.000000 -1.664399 -0.877440
v 0.000000 -2.146190 -1.072721
v 0.000000 -2.047130 -0.955388
v 0.222041 -1.319863 -0.610054
v 0.192552 -1.033354 -0.529032
v 0.182291 -0.686005 -0.500841
v 0.188808 -0.321431 -0.518745
v 0.275829 0.064914 -0.757835
v 0.275174 0.087885 -0.756035
v 0.517158 0.087885 -0.616325
v 0.518389 0.064914 -0.617792
v 0.263545 0.879410 -0.724084
v 0.256089 1.020336 -0.703600
v 0.123570 1.543617 -0.339507
v 0.087124 1.585868 -0.239371
v 0.125085 1.869827 0.072218
v 0.142242 1.869827 0.025081
v 0.067549 1.883454 0.011911
v 0.059402 1.883454 0.034296
v -0.300102 -1.664399 -0.824524
v -0.274894 -1.813293 -0.755266
v -0.298765 -1.931355 -0.820849
v -0.326762 -2.047131 -0.897771
v 0.000000 -3.279927 -1.361751
v 0.000000 -3.023519 -1.365452
v 0.467012 -3.023520 -1.283105
v 0.465746 -3.279927 -1.279628
v 0.877695 -3.023520 -1.045997
v 0.875317 -3.279927 -1.043162
v 1.182516 -3.023520 -0.682726
v 1.179311 -3.279927 -0.680876
v 1.344707 -3.023520 -0.237108
v 1.341063 -3.279927 -0.236466
v 1.344707 -3.023520 0.237108
v 1.341063 -3.279927 0.236466
v 1.182516 -3.023520 0.682726
v 1.179311 -3.279927 0.680876
v 0.877695 -3.023520 1.045997
v 0.875317 -3.279927 1.043162
v 0.467012 -3.023520 1.283105
v 0.465746 -3.279927 1.279628
v 0.000000 -3.023520 1.365452
v 0.000000 -3.279927 1.361751
v 0.000000 -3.279927 1.361751
v 0.000000 -3.023520 1.365452
v -0.467012 -3.023520 1.283105
v -0.465746 -3.279927 1.279628
v -0.877695 -3.023520 1.045997
v -0.875317 -3.279927 1.043162
v -1.182516 -3.023520 0.682726
v -1.179311 -3.279927 0.680876
v -1.344707 -3.023520 0.237108
v -1.341063 -3.279927 0.236466
v -1.344707 -3.023520 -0.237108
v -1.341063 -3.279927 -0.236466
v -1.182516 -3.023520 -0.682726
v -1.179311 -3.279927 -0.680876
v -0.877695 -3.023520 -1.045997
v -0.875317 -3.279927 -1.043162
v -0.467012 -3.023520 -1.283105
v -0.465746 -3.279927 -1.279628
v 0.346973 -3.027947 -0.953300
v 0.433814 -2.875121 -1.191894
v 0.815303 -2.875121 -0.971641
v 0.652095 -3.027947 -0.777137
v 0.000000 -2.875121 -1.268387
v 0.000000 -2.730556 -1.360944
v 0.465470 -2.730557 -1.278869
v 0.000000 -2.558195 -1.396771
v 0.477724 -2.558195 -1.312536
v 0.000000 -2.407156 -1.380023
v 0.471996 -2.407156 -1.296798
v 0.000000 -2.407156 -1.380023
v 0.000000 -2.259205 -1.233626
v 0.471996 -2.407156 -1.296798
v 1.098455 -2.875121 -0.634193
v 0.878566 -3.027947 -0.507240
v -0.561494 -1.931355 -0.669162
v -0.614112 -2.047131 -0.731870
v 0.874798 -2.730557 -1.042543
v 0.897827 -2.558195 -1.069989
v 0.887062 -2.407156 -1.057159
v 0.887062 -2.407156 -1.057159
v 1.249117 -2.875121 -0.220253
v 0.999068 -3.027947 -0.176163
v -0.564008 -1.664399 -0.672158
v -0.516632 -1.813293 -0.615698
v 1.178612 -2.730557 -0.680472
v 1.209639 -2.558195 -0.698386
v 1.195135 -2.407156 -0.690012
v 1.195135 -2.407156 -0.690012
v 1.249117 -2.875121 0.220253
v 0.999068 -3.027947 0.176163
v -0.756499 -1.931355 -0.436765
v -0.827391 -2.047131 -0.477694
v 1.340268 -2.730557 -0.236325
v 1.375551 -2.558195 -0.242547
v 1.359057 -2.407156 -0.239639
v 1.359057 -2.407156 -0.239639
v 1.098455 -2.875121 0.634193
v 0.878566 -3.027947 0.507240
v -0.759886 -1.664399 -0.438720
v -0.696057 -1.813293 -0.401869
v 1.340268 -2.730557 0.236325
v 1.375551 -2.558195 0.242547
v 1.359057 -2.407156 0.239639
v 1.359057 -2.407156 0.239639
v 0.815303 -2.875121 0.971641
v 0.652095 -3.027947 0.777137
v -0.860258 -1.931355 -0.151687
v -0.940874 -2.047131 -0.165901
v 1.178612 -2.730557 0.680472
v 1.209639 -2.558195 0.698386
v 1.195135 -2.407156 0.690012
v 1.195135 -2.407156 0.690012
v 0.433814 -2.875121 1.191894
v 0.346973 -3.027947 0.953300
v -0.864110 -1.664399 -0.152366
v -0.791527 -1.813293 -0.139568
v 0.874798 -2.730557 1.042543
v 0.897827 -2.558195 1.069989
v 0.887062 -2.407156 1.057159
v 0.887062 -2.407156 1.057159
v 0.000000 -2.875121 1.268387
v -0.000000 -3.027947 1.014480
v -0.860258 -1.931355 0.151687
v -0.940874 -2.047131 0.165901
v 0.465470 -2.730557 1.278869
v 0.477724 -2.558195 1.312536
v 0.471996 -2.407156 1.296798
v 0.471996 -2.407156 1.296798
v -0.000000 -3.027947 1.014480
v 0.000000 -2.875121 1.268387
v -0.433814 -2.875121 1.191894
v -0.346973 -3.027947 0.953300
v -0.864110 -1.664399 0.152366
v -0.791527 -1.813293 0.139568
v 0.000000 -2.730557 1.360944
v 0.000000 -2.558195 1.396771
v 0.000000 -2.407156 1.380023
v 0.000000 -2.407156 1.380023
v -0.815303 -2.875121 0.971641
v -0.652095 -3.027947 0.777137
v -0.756499 -1.931355 0.436765
v -0.827391 -2.047131 0.477694
v 0.000000 -2.730557 1.360944
v -0.465470 -2.730557 1.278869
v 0.000000 -2.558195 1.396771
v -0.477724 -2.558195 1.312536
v 0.000000 -2.407156 1.380023
v -0.471996 -2.407156 1.296798
v 0.000000 -2.407156 1.380023
v -0.471996 -2.407156 1.296798
v -1.098455 -2.875121 0.634193
v -0.878566 -3.027947 0.507240
v -0.759886 -1.664399 0.438720
v -0.696057 -1.813293 0.401869
v -0.874798 -2.730557 1.042543
v -0.897827 -2.558195 1.069989
v -0.887062 -2.407156 1.057159
v -0.887062 -2.407156 1.057159
v -1.249117 -2.875121 0.220253
v -0.999068 -3.027947 0.176163
v -0.561494 -1.931355 0.669162
v -0.614112 -2.047131 0.731870
v -1.178612 -2.730557 0.680472
v -1.209639 -2.558195 0.698386
v -1.195135 -2.407156 0.690012
v -1.195135 -2.407156 0.690012
v -1.249117 -2.875121 -0.220253
v -0.999068 -3.027947 -0.176163
v -0.564008 -1.664399 0.672158
v -0.516632 -1.813293 0.615698
v -1.340268 -2.730557 0.236325
v -1.375551 -2.558195 0.242547
v -1.359057 -2.407156 0.239639
v -1.359057 -2.407156 0.239639
v -1.098455 -2.875121 -0.634193
v -0.878566 -3.027947 -0.507240
v -0.298765 -1.931355 0.820849
v -0.326762 -2.047131 0.897771
v -1.340268 -2.730557 -0.236325
v -1.375551 -2.558195 -0.242547
v -1.359057 -2.407156 -0.239639
v -1.359057 -2.407156 -0.239639
v -0.815303 -2.875121 -0.971641
v -0.652095 -3.027947 -0.777137
v -0.300102 -1.664399 0.824524
v -0.274894 -1.813293 0.755266
v -1.178612 -2.730557 -0.680472
v -1.209639 -2.558195 -0.698386
v -1.195135 -2.407156 -0.690012
v -1.195135 -2.407156 -0.690012
v -0.433814 -2.875121 -1.191894
v -0.346973 -3.027947 -0.953300
v 0.000000 -1.931355 0.873529
v 0.000000 -2.047131 0.955388
v -0.874798 -2.730557 -1.042543
v -0.897827 -2.558195 -1.069989
v -0.887062 -2.407156 -1.057159
v -0.887062 -2.407156 -1.057159
v -0.000000 -3.027947 -1.014480
v 0.000000 -1.664399 0.877440
v -0.000000 -1.813293 0.803737
v -0.465470 -2.730557 -1.278869
v -0.477724 -2.558195 -1.312536
v -0.471996 -2.407156 -1.296798
v -0.471996 -2.407156 -1.296798
v 0.000000 -1.931355 0.873529
v 0.000000 -2.047131 0.955388
v 0.000000 -1.664399 -0.877440
v -0.000000 -1.577635 -0.787779
v 0.269436 -1.577636 -0.740270
v 0.300102 -1.664399 -0.824524
v 0.506375 -1.577636 -0.603474
v 0.564008 -1.664399 -0.672158
v 0.682237 -1.577636 -0.393890
v 0.759886 -1.664399 -0.438720
v 0.775811 -1.577636 -0.136796
v 0.864110 -1.664399 -0.152366
v 0.775811 -1.577636 0.136796
v 0.864110 -1.664399 0.152366
v 0.682237 -1.577636 0.393890
v 0.759886 -1.664399 0.438720
v 0.506375 -1.577636 0.603474
v 0.564008 -1.664399 0.672158
v 0.269436 -1.577636 0.740270
v 0.300102 -1.664399 0.824524
v -0.000000 -1.577636 0.787779
v 0.000000 -1.664399 0.877440
v 0.000000 -1.664399 0.877440
v -0.000000 -1.577636 0.787779
v -0.269436 -1.577636 0.740270
v -0.300102 -1.664399 0.824524
v -0.506375 -1.577636 0.603474
v -0.564008 -1.664399 0.672158
v -0.682237 -1.577636 0.393890
v -0.759886 -1.664399 0.438720
v -0.775811 -1.577636 0.136796
v -0.864110 -1.664399 0.152366
v -0.775811 -1.577636 -0.136796
v -0.864110 -1.664399 -0.152366
v -0.682237 -1.577636 -0.393890
v -0.759886 -1.664399 -0.438720
v -0.506375 -1.577636 -0.603474
v -0.564008 -1.664399 -0.672158
v -0.269436 -1.577636 -0.740270
v -0.300102 -1.664399 -0.824524
v 0.274894 -1.813293 0.755266
v -0.000000 -1.813293 0.803737
v -0.000000 -1.813293 0.803737
v -0.274894 -1.813293 0.755266
v -0.516632 -1.813293 0.615698
v -0.696057 -1.813293 0.401869
v -0.791527 -1.813293 0.139568
v -0.791527 -1.813293 -0.139568
v -0.696057 -1.813293 -0.401869
v -0.516632 -1.813293 -0.615698
v -0.274894 -1.813293 -0.755266
v 0.516632 -1.813293 -0.615698
v 0.696057 -1.813293 -0.401869
v 0.791527 -1.813293 -0.139568
v 0.791527 -1.813293 0.139568
v 0.696057 -1.813293 0.401869
v 0.516632 -1.813293 0.615698
v -0.000000 -0.198159 -0.598819
v 0.204808 -0.198159 -0.562706
v -0.000000 -0.084348 -0.644860
v 0.220555 -0.084348 -0.605970
v -0.000000 -0.029169 -0.703015
v -0.000000 -0.008753 -0.748465
v 0.255990 -0.008753 -0.703327
v 0.240445 -0.029169 -0.660618
v 0.384914 -0.198159 -0.458722
v 0.414508 -0.084348 -0.493991
v 0.481104 -0.008753 -0.573358
v 0.451889 -0.029169 -0.538540
v 0.518593 -0.198159 -0.299410
v 0.558465 -0.084348 -0.322430
v 0.648190 -0.008753 -0.374233
v 0.608829 -0.029169 -0.351507
v 0.589722 -0.198159 -0.103984
v 0.635063 -0.084348 -0.111979
v 0.737094 -0.008753 -0.129970
v 0.692334 -0.029169 -0.122077
v 0.589722 -0.198159 0.103984
v 0.635063 -0.084348 0.111979
v 0.737094 -0.008753 0.129970
v 0.692334 -0.029169 0.122077
v 0.518593 -0.198159 0.299410
v 0.558465 -0.084348 0.322430
v 0.648190 -0.008753 0.374233
v 0.608829 -0.029169 0.351507
v 0.384914 -0.198159 0.458722
v 0.414508 -0.084348 0.493991
v 0.481104 -0.008753 0.573358
v 0.451889 -0.029169 0.538540
v 0.204808 -0.198159 0.562706
v 0.220555 -0.084348 0.605970
v 0.255990 -0.008753 0.703327
v 0.240445 -0.029169 0.660618
v -0.000000 -0.198159 0.598819
v -0.000000 -0.084348 0.644860
v -0.000000 -0.008753 0.748465
v -0.000000 -0.029169 0.703015
v -0.000000 -0.198159 0.598819
v -0.204808 -0.198159 0.562706
v -0.000000 -0.084348 0.644860
v -0.220555 -0.084348 0.605970
v -0.000000 -0.029169 0.703015
v -0.000000 -0.008753 0.748465
v -0.255990 -0.008753 0.703327
v -0.240445 -0.029169 0.660618
v -0.384914 -0.198159 0.458722
v -0.414508 -0.084348 0.493991
v -0.481104 -0.008753 0.573358
v -0.451889 -0.029169 0.538540
v -0.518593 -0.198159 0.299410
v -0.558465 -0.084348 0.322430
v -0.648190 -0.008753 0.374233
v -0.608829 -0.029169 0.351507
v -0.589722 -0.198159 0.103984
v -0.635063 -0.084348 0.111979
v -0.737094 -0.008753 0.129970
v -0.692334 -0.029169 0.122077
v -0.589722 -0.198159 -0.103984
v -0.635063 -0.084348 -0.111979
v -0.737094 -0.008753 -0.129970
v -0.692334 -0.029169 -0.122077
v -0.518593 -0.198159 -0.299410
v -0.558465 -0.084348 -0.322430
v -0.648190 -0.008753 -0.374233
v -0.608829 -0.029169 -0.351507
v -0.384914 -0.198159 -0.458722
v -0.414508 -0.084348 -0.493991
v -0.481104 -0.008753 -0.573358
v -0.451889 -0.029169 -0.538540
v -0.204808 -0.198159 -0.562706
v -0.220555 -0.084348 -0.605970
v -0.255990 -0.008753 -0.703327
v -0.240445 -0.029169 -0.660618
v -0.000000 0.147864 -0.722150
v -0.000000 0.176131 -0.599769
v 0.205133 0.176131 -0.563599
v 0.246990 0.147864 -0.678599
v -0.000000 0.412286 -0.672930
v -0.000000 0.464675 -0.687638
v 0.235186 0.464675 -0.646168
v 0.230156 0.412286 -0.632347
v -0.000000 0.621714 -0.741206
v 0.253507 0.621714 -0.696506
v -0.000000 0.832059 -0.770798
v 0.263628 0.832058 -0.724313
v 0.385524 0.176131 -0.459450
v 0.464189 0.147864 -0.553199
v 0.442005 0.464675 -0.526761
v 0.432551 0.412286 -0.515494
v 0.476438 0.621714 -0.567796
v 0.495459 0.832058 -0.590466
v 0.519415 0.176131 -0.299885
v 0.625401 0.147864 -0.361075
v 0.595512 0.464675 -0.343819
v 0.582774 0.412286 -0.336465
v 0.641903 0.621714 -0.370603
v 0.667531 0.832058 -0.385399
v 0.590657 0.176131 -0.104149
v 0.711179 0.147864 -0.125400
v 0.677191 0.464675 -0.119407
v 0.662706 0.412286 -0.116853
v 0.729945 0.621714 -0.128709
v 0.759088 0.832058 -0.133848
v 0.590657 0.176131 0.104149
v 0.711179 0.147864 0.125400
v 0.677191 0.464675 0.119407
v 0.662706 0.412286 0.116853
v 0.729945 0.621714 0.128709
v 0.759088 0.832058 0.133848
v 0.519415 0.176131 0.299885
v 0.625401 0.147864 0.361075
v 0.595512 0.464675 0.343819
v 0.582774 0.412286 0.336465
v 0.641903 0.621714 0.370603
v 0.667531 0.832058 0.385399
v 0.385524 0.176131 0.459450
v 0.464189 0.147864 0.553199
v 0.582774 0.412286 0.336465
v 0.595512 0.464675 0.343819
v 0.442005 0.464675 0.526761
v 0.432551 0.412286 0.515494
v 0.641903 0.621714 0.370603
v 0.476438 0.621714 0.567796
v 0.667531 0.832058 0.385399
v 0.495459 0.832058 0.590466
v 0.205133 0.176131 0.563599
v 0.246990 0.147864 0.678599
v 0.235186 0.464675 0.646168
v 0.230156 0.412286 0.632347
v 0.253507 0.621714 0.696506
v 0.263628 0.832058 0.724313
v -0.000000 0.176131 0.599769
v -0.000000 0.147864 0.722150
v -0.000000 0.464675 0.687638
v -0.000000 0.412286 0.672930
v -0.000000 0.621714 0.741206
v -0.000000 0.832058 0.770798
v -0.205133 0.176131 0.563599
v -0.246990 0.147864 0.678599
v -0.235186 0.464675 0.646168
v -0.230156 0.412286 0.632347
v -0.253507 0.621714 0.696506
v -0.263628 0.832058 0.724313
v -0.385524 0.176131 0.459450
v -0.464189 0.147864 0.553199
v -0.442005 0.464675 0.526761
v -0.432551 0.412286 0.515494
v -0.476438 0.621714 0.567796
v -0.495459 0.832058 0.590466
v -0.519415 0.176131 0.299885
v -0.625401 0.147864 0.361075
v -0.595512 0.464675 0.343819
v -0.582774 0.412286 0.336465
v -0.641903 0.621714 0.370603
v -0.667531 0.832058 0.385399
v -0.590657 0.176131 0.104149
v -0.711179 0.147864 0.125400
v -0.677191 0.464675 0.119407
v -0.662706 0.412286 0.116853
v -0.729945 0.621714 0.128709
v -0.759088 0.832058 0.133848
v -0.590657 0.176131 -0.104149
v -0.711179 0.147864 -0.125400
v -0.677191 0.464675 -0.119407
v -0.662706 0.412286 -0.116853
v -0.729945 0.621714 -0.128709
v -0.759088 0.832058 -0.133848
v -0.519415 0.176131 -0.299885
v -0.625401 0.147864 -0.361075
v -0.595512 0.464675 -0.343819
v -0.582774 0.412286 -0.336465
v -0.641903 0.621714 -0.370603
v -0.667531 0.832058 -0.385399
v -0.385524 0.176131 -0.459450
v -0.464189 0.147864 -0.553199
v -0.442005 0.464675 -0.526761
v -0.432551 0.412286 -0.515494
v -0.476438 0.621714 -0.567796
v -0.495459 0.832058 -0.590466
v -0.205133 0.176131 -0.563599
v -0.246990 0.147864 -0.678599
v -0.235186 0.464675 -0.646168
v -0.230156 0.412286 -0.632347
v -0.253507 0.621714 -0.696506
v -0.263628 0.832058 -0.724313
v -0.000000 1.172013 -0.722815
v 0.247217 1.172013 -0.679224
v -0.000000 1.272725 -0.667662
v -0.000000 1.373437 -0.600538
v 0.205396 1.373437 -0.564321
v 0.228354 1.272725 -0.627397
v 0.464617 1.172013 -0.553708
v 0.711834 1.172013 -0.125516
v 0.669274 1.172013 -0.242448
v 0.711834 1.172013 0.125515
v 0.657518 1.272725 -0.115938
v 0.591415 1.373437 -0.104282
v 0.591415 1.373437 0.104282
v 0.657518 1.272725 0.115938
v 0.625976 1.172013 0.361407
v 0.520081 1.373437 0.300269
v 0.578212 1.272725 0.333831
v 0.625976 1.172013 0.361407
v 0.464617 1.172013 0.553708
v 0.578212 1.272725 0.333831
v 0.520081 1.373437 0.300269
v 0.386019 1.373437 0.460039
v 0.429165 1.272725 0.511458
v 0.247217 1.172013 0.679224
v 0.205396 1.373437 0.564321
v 0.228354 1.272725 0.627397
v -0.000000 1.172013 0.722815
v -0.000000 1.373437 0.600538
v -0.000000 1.272725 0.667661
v -0.247217 1.172013 0.679224
v -0.205396 1.373437 0.564321
v -0.228354 1.272725 0.627397
v -0.464616 1.172013 0.553708
v -0.386018 1.373437 0.460039
v -0.429165 1.272725 0.511458
v -0.625976 1.172013 0.361407
v -0.520081 1.373437 0.300269
v -0.578212 1.272725 0.333831
v -0.711834 1.172013 0.125515
v -0.591415 1.373437 0.104282
v -0.657518 1.272725 0.115938
v -0.711834 1.172013 -0.125516
v -0.591415 1.373437 -0.104282
v -0.657518 1.272725 -0.115938
v -0.669274 1.172013 -0.242448
v -0.464616 1.172013 -0.553708
v -0.247217 1.172013 -0.679224
v -0.228354 1.272725 -0.627397
v -0.205396 1.373437 -0.564321
v 0.125085 1.869827 -0.072218
v 0.092842 1.869827 -0.110644
v 0.044089 1.883454 -0.052544
v 0.059402 1.883454 -0.034296
v -0.049400 1.869827 -0.135726
v -0.092842 1.869827 -0.110644
v -0.044089 1.883454 -0.052544
v -0.023460 1.883454 -0.064455
v -0.142242 1.869827 -0.025081
v -0.142242 1.869827 0.025081
v -0.067549 1.883454 0.011911
v -0.067549 1.883454 -0.011911
v -0.092842 1.869827 0.110644
v -0.049400 1.869827 0.135725
v -0.023460 1.883454 0.064454
v -0.044089 1.883454 0.052544
v 0.049400 1.869827 0.135725
v 0.092842 1.869827 0.110644
v 0.044089 1.883454 0.052544
v 0.023460 1.883454 0.064454
v 0.142242 1.869827 -0.025081
v 0.067549 1.883454 -0.011911
v 0.049400 1.869827 -0.135726
v 0.023460 1.883454 -0.064455
v -0.125085 1.869827 -0.072218
v -0.059402 1.883454 -0.034296
v -0.125085 1.869827 0.072218
v -0.059402 1.883454 0.034296
v -0.000000 1.869827 0.144436
v -0.000000 1.883454 0.068591
v 0.092842 1.869827 0.110644
v 0.044089 1.883454 0.052544
v -0.000000 1.869827 -0.144436
v -0.000000 1.883454 -0.068591
v -0.000000 1.409903 -0.560349
v -0.000000 1.435184 -0.533169
v -0.000000 1.501963 -0.437734
v 0.156867 1.490566 -0.430988
v 0.322652 1.373437 -0.496623
v 0.398789 1.409902 -0.383246
v 0.485277 1.409902 -0.280174
v 0.458042 1.439152 -0.264451
v 0.343835 1.439152 -0.400558
v 0.408962 1.483165 -0.236115
v 0.551836 1.409902 -0.097304
v 0.520867 1.439152 -0.091843
v 0.465055 1.483165 -0.082002
v 0.551836 1.409902 0.097304
v 0.520867 1.439152 0.091843
v 0.465055 1.483165 0.082002
v 0.485277 1.409902 0.280174
v 0.458042 1.439152 0.264451
v 0.408962 1.483165 0.236115
v 0.485277 1.409902 0.280174
v 0.360185 1.409902 0.429252
v 0.458042 1.439152 0.264451
v 0.339971 1.439152 0.405162
v 0.408962 1.483165 0.236115
v 0.303543 1.483165 0.361748
v 0.191651 1.409902 0.526556
v 0.180895 1.439152 0.497005
v 0.161512 1.483165 0.443750
v -0.000000 1.409902 0.560349
v -0.000000 1.439152 0.528902
v -0.000000 1.483165 0.472229
v -0.191651 1.409902 0.526556
v -0.180895 1.439152 0.497005
v -0.161512 1.483165 0.443750
v -0.360185 1.409902 0.429252
v -0.339971 1.439152 0.405162
v -0.303543 1.483165 0.361748
v -0.485277 1.409902 0.280174
v -0.458042 1.439152 0.264451
v -0.408962 1.483165 0.236115
v -0.551836 1.409902 0.097304
v -0.520867 1.439152 0.091843
v -0.465055 1.483165 0.082002
v -0.551836 1.409902 -0.097304
v -0.520867 1.439152 -0.091843
v -0.465055 1.483165 -0.082002
v -0.485277 1.409902 -0.280174
v -0.458042 1.439152 -0.264451
v -0.408962 1.483165 -0.236115
v -0.398789 1.409902 -0.383246
v -0.343835 1.439152 -0.400558
v -0.322652 1.373437 -0.496623
v -0.156867 1.490566 -0.430988
v -0.000000 1.618315 0.203185
v 0.069493 1.618315 0.190931
v 0.072181 1.628615 0.198316
v -0.000000 1.628615 0.211043
v 0.078141 1.671768 0.214689
v -0.000000 1.671768 0.228468
v 0.083578 1.717511 0.229628
v -0.000000 1.717511 0.244365
v 0.084372 1.767634 0.231811
v -0.000000 1.767634 0.246688
v -0.000000 1.804824 0.237147
v 0.081109 1.804824 0.222845
v 0.076898 1.824723 0.211274
v -0.000000 1.824723 0.224833
v -0.175963 1.618315 0.101593
v -0.130605 1.618315 0.155649
v -0.135656 1.628615 0.161668
v -0.182769 1.628615 0.105522
v -0.146856 1.671768 0.175016
v -0.197859 1.671768 0.114234
v -0.157075 1.717511 0.187195
v -0.211626 1.717511 0.122183
v -0.158568 1.767634 0.188974
v -0.213638 1.767634 0.123344
v -0.205375 1.804824 0.118573
v -0.152435 1.804824 0.181665
v -0.144520 1.824723 0.172232
v -0.194711 1.824723 0.112417
v -0.175963 1.618315 -0.101593
v -0.200098 1.618315 -0.035283
v -0.207837 1.628615 -0.036647
v -0.182769 1.628615 -0.105522
v -0.224997 1.671768 -0.039673
v -0.197859 1.671768 -0.114234
v -0.240653 1.717511 -0.042434
v -0.211626 1.717511 -0.122183
v -0.242941 1.767634 -0.042837
v -0.213638 1.767634 -0.123344
v -0.205375 1.804824 -0.118573
v -0.233544 1.804824 -0.041180
v -0.221418 1.824723 -0.039042
v -0.194711 1.824723 -0.112417
v -0.000000 1.618315 -0.203185
v -0.069493 1.618315 -0.190931
v -0.072181 1.628615 -0.198316
v -0.000000 1.628615 -0.211043
v -0.078141 1.671768 -0.214689
v -0.000000 1.671768 -0.228468
v -0.083578 1.717511 -0.229628
v -0.000000 1.717511 -0.244365
v -0.084372 1.767634 -0.231811
v -0.000000 1.767634 -0.246688
v -0.000000 1.804824 -0.237147
v -0.081109 1.804824 -0.222845
v -0.076898 1.824723 -0.211274
v -0.000000 1.824723 -0.224833
v 0.069493 1.618315 -0.190931
v 0.072181 1.628615 -0.198316
v 0.078141 1.671768 -0.214689
v 0.083578 1.717511 -0.229628
v 0.084372 1.767634 -0.231811
v 0.081109 1.804824 -0.222845
v 0.076898 1.824723 -0.211274
v 0.200098 1.618315 -0.035283
v 0.175963 1.618315 -0.101593
v 0.182769 1.628615 -0.105522
v 0.207837 1.628615 -0.036647
v 0.197859 1.671768 -0.114234
v 0.224997 1.671767 -0.039673
v 0.211626 1.717511 -0.122183
v 0.240653 1.717511 -0.042434
v 0.213638 1.767634 -0.123344
v 0.242940 1.767634 -0.042837
v 0.233544 1.804824 -0.041180
v 0.205375 1.804824 -0.118573
v 0.194711 1.824723 -0.112417
v 0.221417 1.824723 -0.039042
v 0.130605 1.618315 0.155649
v 0.175963 1.618315 0.101593
v 0.182769 1.628615 0.105522
v 0.135656 1.628615 0.161668
v 0.197859 1.671768 0.114234
v 0.146856 1.671768 0.175016
v 0.211626 1.717511 0.122183
v 0.157075 1.717511 0.187195
v 0.213638 1.767634 0.123344
v 0.158568 1.767634 0.188974
v 0.152435 1.804824 0.181665
v 0.205375 1.804824 0.118573
v 0.194711 1.824723 0.112417
v 0.144520 1.824723 0.172232
v -0.069493 1.618315 0.190931
v -0.072181 1.628615 0.198316
v -0.078141 1.671768 0.214689
v -0.083578 1.717511 0.229628
v -0.084372 1.767634 0.231811
v -0.081109 1.804824 0.222845
v -0.076898 1.824723 0.211274
v -0.200098 1.618315 0.035283
v -0.207837 1.628615 0.036647
v -0.224997 1.671768 0.039673
v -0.240653 1.717511 0.042434
v -0.242941 1.767634 0.042837
v -0.233544 1.804824 0.041180
v -0.221418 1.824723 0.039042
v -0.130605 1.618315 -0.155649
v -0.135656 1.628615 -0.161668
v -0.146856 1.671768 -0.175016
v -0.157075 1.717511 -0.187195
v -0.158568 1.767634 -0.188974
v -0.152435 1.804824 -0.181665
v -0.144520 1.824723 -0.172232
v 0.130605 1.618315 -0.155649
v 0.135656 1.628615 -0.161668
v 0.146856 1.671768 -0.175016
v 0.157075 1.717511 -0.187195
v 0.158568 1.767634 -0.188974
v 0.152435 1.804824 -0.181665
v 0.144520 1.824723 -0.172232
v 0.200098 1.618315 0.035283
v 0.207837 1.628615 0.036647
v 0.224997 1.671767 0.039673
v 0.240653 1.717511 0.042434
v 0.242940 1.767634 0.042837
v 0.233544 1.804824 0.041180
v 0.221417 1.824723 0.039042
v 0.130605 1.618315 0.155649
v 0.135656 1.628615 0.161668
v 0.146856 1.671768 0.175016
v 0.157075 1.717511 0.187195
v 0.158568 1.767634 0.188974
v 0.152435 1.804824 0.181665
v 0.144520 1.824723 0.172232
v 0.189554 1.608144 0.033424
v 0.166691 1.608144 0.096239
v 0.123723 1.608144 -0.147447
v 0.166691 1.608144 -0.096239
v -0.123723 1.608144 -0.147447
v -0.065832 1.608144 -0.180871
v -0.189554 1.608144 0.033424
v -0.189554 1.608144 -0.033424
v -0.065832 1.608144 0.180871
v -0.123723 1.608144 0.147447
v 0.123723 1.608144 0.147447
v 0.065831 1.608144 0.180871
v 0.189554 1.608144 -0.033424
v 0.065831 1.608144 -0.180871
v -0.166691 1.608144 -0.096239
v -0.166691 1.608144 0.096239
v -0.000000 1.608144 0.192478
v 0.166691 1.608144 0.096239
v -0.000000 1.608144 -0.192478
v 0.072115 1.842766 0.198136
v -0.000000 1.842766 0.210852
v 0.062523 1.856448 0.171779
v -0.000000 1.856448 0.182804
v -0.135533 1.842766 0.161522
v -0.182603 1.842766 0.105426
v -0.117504 1.856448 0.140036
v -0.158312 1.856448 0.091402
v -0.207648 1.842766 -0.036614
v -0.182603 1.842766 -0.105426
v -0.180026 1.856448 -0.031744
v -0.158312 1.856448 -0.091402
v -0.072115 1.842766 -0.198136
v -0.000000 1.842766 -0.210852
v -0.062523 1.856448 -0.171779
v -0.000000 1.856448 -0.182804
v 0.072115 1.842766 -0.198136
v 0.062523 1.856448 -0.171779
v 0.182603 1.842766 -0.105426
v 0.207648 1.842766 -0.036614
v 0.158313 1.856448 -0.091402
v 0.180026 1.856448 -0.031744
v 0.182603 1.842766 0.105426
v 0.135533 1.842766 0.161522
v 0.158313 1.856448 0.091402
v 0.117504 1.856448 0.140036
v -0.072115 1.842766 0.198136
v -0.062523 1.856448 0.171779
v -0.207648 1.842766 0.036614
v -0.180026 1.856448 0.031743
v -0.135533 1.842766 -0.161522
v -0.117504 1.856448 -0.140036
v 0.135533 1.842766 -0.161522
v 0.117504 1.856448 -0.140036
v 0.207648 1.842766 0.036614
v 0.180026 1.856448 0.031743
v 0.135533 1.842766 0.161522
v 0.117504 1.856448 0.140036
v 0.166691 1.608144 0.096239
v 0.189554 1.608144 0.033424
v 0.166691 1.608144 -0.096239
v 0.123723 1.608144 -0.147447
v -0.065832 1.608144 -0.180871
v -0.123723 1.608144 -0.147447
v -0.189554 1.608144 -0.033424
v -0.189554 1.608144 0.033424
v -0.123723 1.608144 0.147447
v -0.065832 1.608144 0.180871
v 0.065831 1.608144 0.180871
v 0.123723 1.608144 0.147447
v 0.189554 1.608144 -0.033424
v 0.065831 1.608144 -0.180871
v -0.166691 1.608144 -0.096239
v -0.166691 1.608144 0.096239
v -0.000000 1.608144 0.192478
v 0.123723 1.608144 0.147447
v -0.000000 1.608144 -0.192478
v 0.240200 1.785149 0.042354
v 0.211229 1.785149 0.121953
v 0.156780 1.785149 -0.186843
v 0.211229 1.785149 -0.121953
v -0.156780 1.785149 -0.186843
v -0.083421 1.785149 -0.229197
v -0.240201 1.785149 0.042354
v -0.240201 1.785149 -0.042354
v -0.083421 1.785149 0.229197
v -0.156780 1.785149 0.186843
v 0.156780 1.785149 0.186843
v 0.083421 1.785149 0.229197
v 0.240200 1.785149 -0.042354
v 0.083421 1.785149 -0.229197
v -0.211229 1.785149 -0.121953
v -0.211229 1.785149 0.121953
v -0.000000 1.785149 0.243906
v 0.156780 1.785149 0.186843
v -0.000000 1.785149 -0.243906
v -0.275174 0.087885 -0.756035
v -0.272828 0.116152 -0.749589
v -0.000000 0.116152 -0.797696
v -0.000000 0.087885 -0.804555
v -0.263269 0.132008 -0.723326
v -0.000000 0.132008 -0.769747
v -0.517158 0.087885 -0.616325
v -0.512749 0.116152 -0.611071
v -0.494784 0.132008 -0.589661
v -0.696765 0.087885 -0.402278
v -0.690825 0.116152 -0.398848
v -0.666621 0.132008 -0.384874
v -0.792332 0.087885 -0.139710
v -0.785577 0.116152 -0.138519
v -0.758053 0.132008 -0.133665
v -0.792332 0.087885 0.139710
v -0.785577 0.116152 0.138519
v -0.758053 0.132008 0.133665
v -0.696765 0.087885 0.402278
v -0.690825 0.116152 0.398848
v -0.666621 0.132008 0.384874
v -0.517158 0.087885 0.616325
v -0.512749 0.116152 0.611071
v -0.494784 0.132008 0.589661
v -0.275174 0.087885 0.756035
v -0.272828 0.116152 0.749589
v -0.263269 0.132008 0.723326
v -0.000000 0.087885 0.804555
v -0.000000 0.116152 0.797696
v -0.000000 0.132008 0.769747
v 0.275174 0.087885 0.756035
v 0.272828 0.116152 0.749589
v 0.263269 0.132008 0.723326
v 0.517158 0.087885 0.616325
v 0.512749 0.116152 0.611071
v 0.494784 0.132008 0.589661
v 0.696765 0.087885 0.402278
v 0.690825 0.116152 0.398848
v 0.666621 0.132008 0.384874
v 0.792332 0.087885 0.139710
v 0.785577 0.116152 0.138519
v 0.758053 0.132008 0.133665
v 0.792332 0.087885 -0.139710
v 0.785577 0.116152 -0.138519
v 0.758053 0.132008 -0.133665
v 0.696765 0.087885 -0.402278
v 0.690825 0.116152 -0.398848
v 0.666621 0.132008 -0.384874
v 0.517158 0.087885 -0.616325
v 0.512749 0.116152 -0.611071
v 0.494784 0.132008 -0.589661
v 0.275174 0.087885 -0.756035
v 0.272828 0.116152 -0.749589
v 0.263269 0.132008 -0.723326
v -0.000000 0.116152 -0.797696
v 0.272828 0.116152 -0.749589
v 0.512749 0.116152 -0.611071
v 0.690825 0.116152 -0.398848
v 0.785577 0.116152 -0.138519
v 0.785577 0.116152 0.138519
v 0.690825 0.116152 0.398848
v 0.512749 0.116152 0.611071
v 0.272828 0.116152 0.749589
v -0.000000 0.116152 0.797696
v -0.272828 0.116152 0.749589
v -0.512749 0.116152 0.611071
v -0.690825 0.116152 0.398848
v -0.785577 0.116152 0.138519
v -0.785577 0.116152 -0.138519
v -0.690825 0.116152 -0.398848
v -0.512749 0.116152 -0.611071
v -0.272828 0.116152 -0.749589
v -0.000000 0.019900 -0.799572
v 0.273470 0.019899 -0.751352
v 0.513955 0.019899 -0.612508
v 0.513955 0.019899 -0.612508
v 0.692450 0.019899 -0.399786
v 0.787425 0.019899 -0.138844
v 0.787425 0.019899 0.138844
v 0.692450 0.019899 0.399786
v 0.513955 0.019899 0.612508
v 0.513955 0.019899 0.612508
v 0.273470 0.019899 0.751352
v -0.000000 0.019899 0.799572
v -0.273470 0.019899 0.751352
v -0.513955 0.019899 0.612508
v -0.513955 0.019899 0.612508
v -0.692450 0.019899 0.399786
v -0.787425 0.019899 0.138844
v -0.787425 0.019899 -0.138844
v -0.692450 0.019899 -0.399786
v -0.513955 0.019899 -0.612508
v -0.513955 0.019899 -0.612508
v -0.273470 0.019899 -0.751352
v -0.255990 -0.008753 -0.703327
v -0.273470 0.019899 -0.751352
v -0.000000 0.019900 -0.799572
v -0.000000 -0.008753 -0.748465
v -0.481104 -0.008753 -0.573358
v -0.513955 0.019899 -0.612508
v -0.648190 -0.008753 -0.374233
v -0.692450 0.019899 -0.399786
v -0.513955 0.019899 -0.612508
v -0.481104 -0.008753 -0.573358
v -0.737094 -0.008753 -0.129970
v -0.787425 0.019899 -0.138844
v -0.737094 -0.008753 0.129970
v -0.787425 0.019899 0.138844
v -0.648190 -0.008753 0.374233
v -0.692450 0.019899 0.399786
v -0.481104 -0.008753 0.573358
v -0.513955 0.019899 0.612508
v -0.255990 -0.008753 0.703327
v -0.273470 0.019899 0.751352
v -0.513955 0.019899 0.612508
v -0.481104 -0.008753 0.573358
v -0.000000 -0.008753 0.748465
v -0.000000 0.019899 0.799572
v 0.255990 -0.008753 0.703327
v 0.273470 0.019899 0.751352
v 0.481104 -0.008753 0.573358
v 0.513955 0.019899 0.612508
v 0.648190 -0.008753 0.374233
v 0.692450 0.019899 0.399786
v 0.513955 0.019899 0.612508
v 0.481104 -0.008753 0.573358
v 0.737094 -0.008753 0.129970
v 0.787425 0.019899 0.138844
v 0.737094 -0.008753 -0.129970
v 0.787425 0.019899 -0.138844
v 0.648190 -0.008753 -0.374233
v 0.692450 0.019899 -0.399786
v 0.481104 -0.008753 -0.573358
v 0.513955 0.019899 -0.612508
v 0.255990 -0.008753 -0.703327
v 0.273470 0.019899 -0.751352
v 0.513955 0.019899 -0.612508
v 0.481104 -0.008753 -0.573358
v -0.612551 1.172013 -0.377408
v -0.589777 1.272725 -0.302056
v 0.589777 1.272725 -0.302056
v 0.612551 1.172013 -0.377408
v -0.223723 0.359894 -0.614673
v -0.000000 0.359894 -0.654121
v -0.420461 0.359894 -0.501086
v -0.566486 0.359894 -0.327061
v -0.644184 0.359894 -0.113587
v -0.644184 0.359894 0.113587
v -0.566486 0.359894 0.327061
v -0.420461 0.359894 0.501086
v -0.223723 0.359894 0.614673
v -0.000000 0.359894 0.654121
v 0.223723 0.359894 0.614673
v 0.420461 0.359894 0.501086
v 0.566486 0.359894 0.327061
v 0.644184 0.359894 0.113587
v 0.566486 0.359894 0.327061
v 0.644184 0.359894 -0.113587
v 0.566486 0.359894 -0.327061
v 0.420461 0.359894 -0.501086
v 0.223723 0.359894 -0.614673
v 0.758848 0.879410 -0.133805
v -0.758848 0.879410 -0.133805
v -0.247892 0.214634 -0.681077
v -0.250457 0.246580 -0.688125
v -0.000000 0.246581 -0.732288
v -0.000000 0.214635 -0.724787
v -0.465884 0.214634 -0.555219
v -0.470705 0.246580 -0.560965
v -0.627684 0.214634 -0.362394
v -0.634180 0.246580 -0.366144
v -0.713776 0.214634 -0.125858
v -0.721162 0.246580 -0.127160
v -0.713776 0.214634 0.125858
v -0.721162 0.246580 0.127160
v -0.627684 0.214634 0.362394
v -0.634180 0.246580 0.366144
v -0.465884 0.214634 0.555219
v -0.470705 0.246580 0.560965
v -0.247892 0.214634 0.681077
v -0.250457 0.246580 0.688125
v -0.000000 0.214634 0.724787
v -0.000000 0.246580 0.732288
v 0.247892 0.214634 0.681077
v 0.250457 0.246580 0.688125
v 0.465884 0.214634 0.555219
v 0.470705 0.246580 0.560965
v 0.627684 0.214634 0.362394
v 0.634180 0.246580 0.366144
v 0.713776 0.214634 0.125858
v 0.721162 0.246580 0.127160
v 0.634180 0.246580 0.366144
v 0.627684 0.214634 0.362394
v 0.713776 0.214634 -0.125858
v 0.721162 0.246580 -0.127160
v 0.627684 0.214634 -0.362394
v 0.634180 0.246580 -0.366144
v 0.465884 0.214634 -0.555219
v 0.470705 0.246580 -0.560965
v 0.247892 0.214634 -0.681077
v 0.250457 0.246580 -0.688125
v -0.251675 0.274825 -0.691470
v -0.223477 0.307216 -0.613997
v -0.000000 0.307216 -0.653402
v -0.000000 0.274825 -0.735847
v -0.472993 0.274825 -0.563692
v -0.419999 0.307216 -0.500535
v -0.637262 0.274825 -0.367924
v -0.565863 0.307216 -0.326701
v -0.724668 0.274825 -0.127779
v -0.643476 0.307216 -0.113462
v -0.724668 0.274825 0.127779
v -0.643476 0.307216 0.113462
v -0.637262 0.274825 0.367924
v -0.565863 0.307216 0.326701
v -0.472993 0.274825 0.563692
v -0.419999 0.307216 0.500535
v -0.251675 0.274825 0.691470
v -0.223477 0.307216 0.613997
v -0.000000 0.274825 0.735847
v -0.000000 0.307216 0.653403
v 0.251675 0.274825 0.691470
v 0.223477 0.307216 0.613997
v 0.472993 0.274825 0.563692
v 0.419999 0.307216 0.500535
v 0.637262 0.274825 0.367924
v 0.565863 0.307216 0.326701
v 0.724668 0.274825 0.127779
v 0.643476 0.307216 0.113462
v 0.565863 0.307216 0.326701
v 0.637262 0.274825 0.367924
v 0.724668 0.274825 -0.127779
v 0.643476 0.307216 -0.113462
v 0.637262 0.274825 -0.367924
v 0.565863 0.307216 -0.326701
v 0.472993 0.274825 -0.563692
v 0.419999 0.307216 -0.500535
v 0.251675 0.274825 -0.691470
v 0.223477 0.307216 -0.613997
v -0.000000 0.274825 -0.735847
v 0.251675 0.274825 -0.691470
v 0.472993 0.274825 -0.563692
v 0.637262 0.274825 -0.367924
v 0.724668 0.274825 -0.127779
v 0.724668 0.274825 0.127779
v 0.637262 0.274825 0.367924
v 0.637262 0.274825 0.367924
v 0.472993 0.274825 0.563692
v 0.251675 0.274825 0.691470
v -0.000000 0.274825 0.735847
v -0.251675 0.274825 0.691470
v -0.472993 0.274825 0.563692
v -0.637262 0.274825 0.367924
v -0.724668 0.274825 0.127779
v -0.724668 0.274825 -0.127779
v -0.637262 0.274825 -0.367924
v -0.472993 0.274825 -0.563692
v -0.251675 0.274825 -0.691470
v -0.000000 0.176131 -0.599769
v -0.000000 0.214635 -0.724787
v 0.247892 0.214634 -0.681077
v 0.205133 0.176131 -0.563599
v 0.465884 0.214634 -0.555219
v 0.385524 0.176131 -0.459450
v 0.627684 0.214634 -0.362394
v 0.519415 0.176131 -0.299885
v 0.713776 0.214634 -0.125858
v 0.590657 0.176131 -0.104149
v 0.713776 0.214634 0.125858
v 0.590657 0.176131 0.104149
v 0.627684 0.214634 0.362394
v 0.519415 0.176131 0.299885
v 0.465884 0.214634 0.555219
v 0.385524 0.176131 0.459450
v 0.247892 0.214634 0.681077
v 0.205133 0.176131 0.563599
v -0.000000 0.214634 0.724787
v -0.000000 0.176131 0.599769
v -0.247892 0.214634 0.681077
v -0.205133 0.176131 0.563599
v -0.465884 0.214634 0.555219
v -0.385524 0.176131 0.459450
v -0.627684 0.214634 0.362394
v -0.519415 0.176131 0.299885
v -0.713776 0.214634 0.125858
v -0.590657 0.176131 0.104149
v -0.713776 0.214634 -0.125858
v -0.590657 0.176131 -0.104149
v -0.627684 0.214634 -0.362394
v -0.519415 0.176131 -0.299885
v -0.465884 0.214634 -0.555219
v -0.385524 0.176131 -0.459450
v -0.247892 0.214634 -0.681077
v -0.205133 0.176131 -0.563599
v -0.220635 0.316646 -0.606190
v -0.223723 0.359894 -0.614673
v -0.000000 0.359894 -0.654121
v -0.000000 0.316646 -0.645093
v -0.414658 0.316646 -0.494170
v -0.420461 0.359894 -0.501086
v -0.558667 0.316646 -0.322547
v -0.566486 0.359894 -0.327061
v -0.635293 0.316646 -0.112019
v -0.644184 0.359894 -0.113587
v -0.635293 0.316646 0.112019
v -0.644184 0.359894 0.113587
v -0.558667 0.316646 0.322547
v -0.566486 0.359894 0.327061
v -0.414658 0.316646 0.494170
v -0.420461 0.359894 0.501086
v -0.220635 0.316646 0.606190
v -0.223723 0.359894 0.614673
v -0.000000 0.316646 0.645094
v -0.000000 0.359894 0.654121
v 0.220635 0.316646 0.606190
v 0.223723 0.359894 0.614673
v 0.414658 0.316646 0.494170
v 0.420461 0.359894 0.501086
v 0.558667 0.316646 0.322547
v 0.566486 0.359894 0.327061
v 0.635293 0.316646 0.112019
v 0.644184 0.359894 0.113587
v 0.566486 0.359894 0.327061
v 0.558667 0.316646 0.322547
v 0.635293 0.316646 -0.112019
v 0.644184 0.359894 -0.113587
v 0.558667 0.316646 -0.322547
v 0.566486 0.359894 -0.327061
v 0.414658 0.316646 -0.494170
v 0.420461 0.359894 -0.501086
v 0.220635 0.316646 -0.606190
v 0.223723 0.359894 -0.614673
v -0.000000 0.316646 -0.645093
v 0.220635 0.316646 -0.606190
v 0.414658 0.316646 -0.494170
v 0.558667 0.316646 -0.322547
v 0.635293 0.316646 -0.112019
v 0.635293 0.316646 0.112019
v 0.558667 0.316646 0.322547
v 0.558667 0.316646 0.322547
v 0.414658 0.316646 0.494170
v 0.220635 0.316646 0.606190
v -0.000000 0.316646 0.645094
v -0.220635 0.316646 0.606190
v -0.414658 0.316646 0.494170
v -0.558667 0.316646 0.322547
v -0.635293 0.316646 0.112019
v -0.635293 0.316646 -0.112019
v -0.558667 0.316646 -0.322547
v -0.414658 0.316646 -0.494170
v -0.220635 0.316646 -0.606190
v -0.745927 0.964230 -0.131527
v -0.717631 0.920692 -0.228660
v -0.745276 0.968502 -0.121997
v 0.745927 0.964230 -0.131527
v 0.745276 0.968502 -0.121997
v 0.717631 0.920692 -0.228660
v 0.717631 0.920692 -0.228660
v -0.717631 0.920692 -0.228660
v -0.745927 0.964230 -0.131527
v -0.745276 0.968502 -0.121997
v 0.745276 0.968502 -0.121997
v 0.745927 0.964230 -0.131527
v -0.612551 1.172013 -0.377408
v -0.629475 1.148392 -0.363427
v -0.680012 1.020336 -0.287635
v -0.717631 0.920692 -0.228660
v 0.717631 0.920692 -0.228660
v 0.680012 1.020336 -0.287635
v 0.629475 1.148392 -0.363427
v 0.612551 1.172013 -0.377408
v 0.491630 1.272725 -0.437015
v 0.400236 1.340251 -0.476982
v 0.322652 1.373437 -0.496623
v 0.206113 1.409902 -0.518206
v 0.189734 1.415114 -0.521291
v -0.000000 1.435184 -0.533169
v -0.189734 1.415114 -0.521291
v -0.206113 1.409902 -0.518206
v -0.322652 1.373437 -0.496623
v -0.400236 1.340251 -0.476982
v -0.491630 1.272725 -0.437015
v 0.742958 0.983719 -0.131004
v 0.745276 0.968502 -0.121997
v -0.745276 0.968502 -0.121997
v -0.742958 0.983719 -0.131004
v -0.729134 1.020336 -0.152675
v -0.669274 1.172013 -0.242448
v -0.589777 1.272725 -0.302056
v -0.558387 1.307072 -0.322385
v -0.468565 1.373437 -0.361664
v -0.398789 1.409902 -0.383246
v -0.343835 1.439152 -0.400558
v -0.337557 1.442070 -0.402285
v -0.191203 1.483165 -0.426608
v -0.156867 1.490566 -0.430988
v -0.000000 1.501963 -0.437734
v 0.156867 1.490566 -0.430988
v 0.191203 1.483165 -0.426608
v 0.337557 1.442070 -0.402285
v 0.343835 1.439152 -0.400558
v 0.398789 1.409902 -0.383246
v 0.468565 1.373437 -0.361664
v 0.558387 1.307072 -0.322385
v 0.589777 1.272725 -0.302056
v 0.669274 1.172013 -0.242448
v 0.729134 1.020336 -0.152675
vn -0.9720 0.1606 -0.1714
vn -0.9274 0.1613 -0.3375
vn -0.9865 0.1519 -0.0615
vn 0.9720 0.1606 -0.1714
vn 0.9865 0.1519 -0.0615
vn 0.9274 0.1613 -0.3375
vn 0.6612 0.6459 -0.3817
vn 0.7573 0.5529 -0.3475
vn 0.5503 0.6957 -0.4617
vn 0.6667 0.4924 -0.5595
vn 0.5507 0.5158 -0.6563
vn 0.4898 0.5537 -0.6734
vn 0.8548 0.1606 -0.4935
vn 0.7981 0.1677 -0.5787
vn 0.9283 0.1554 -0.3379
vn -0.8548 0.1606 -0.4935
vn -0.9283 0.1554 -0.3379
vn -0.7981 0.1677 -0.5787
vn -0.6612 0.6459 -0.3817
vn -0.5503 0.6957 -0.4617
vn -0.7573 0.5529 -0.3475
vn -0.5507 0.5158 -0.6563
vn -0.6667 0.4924 -0.5595
vn -0.4898 0.5537 -0.6734
vn 0.2313 0.7368 -0.6354
vn 0.2109 0.7320 -0.6478
vn 0.3394 0.7342 -0.5879
vn 0.2521 0.8636 -0.4366
vn 0.3561 0.8326 -0.4243
vn 0.4247 0.7892 -0.4437
vn -0.2109 0.7320 -0.6478
vn -0.2313 0.7368 -0.6354
vn -0.3394 0.7342 -0.5879
vn -0.3560 0.8326 -0.4243
vn -0.2521 0.8636 -0.4366
vn -0.4247 0.7892 -0.4437
vn -0.0613 -0.9838 -0.1685
vn -0.1093 -0.9476 -0.3002
vn -0.0000 -0.9476 -0.3195
vn -0.0000 -0.9838 -0.1793
vn 0.0043 0.9999 0.0119
vn -0.0000 0.9999 0.0126
vn -0.3904 0.7944 -0.4653
vn -0.2078 0.7944 -0.5708
vn -0.2227 0.7590 -0.6118
vn -0.4185 0.7590 -0.4987
vn 0.3065 -0.4436 0.8422
vn -0.0000 -0.4436 0.8962
vn -0.3154 0.3867 -0.8666
vn -0.3358 0.1902 -0.9225
vn -0.0000 0.1902 -0.9817
vn -0.0000 0.3867 -0.9222
vn -0.3420 0.0171 -0.9396
vn -0.0000 0.0171 -0.9999
vn -0.3344 -0.2095 -0.9188
vn -0.0000 -0.2095 -0.9778
vn -0.3418 -0.0340 -0.9392
vn -0.3377 0.1586 -0.9278
vn -0.0000 0.1586 -0.9873
vn -0.0000 -0.0340 -0.9994
vn -0.3410 0.0786 -0.9368
vn -0.3376 0.1606 -0.9275
vn -0.0000 0.1606 -0.9870
vn -0.0000 0.0786 -0.9969
vn -0.1470 0.9029 -0.4039
vn -0.1212 0.9351 -0.3331
vn -0.0000 0.9351 -0.3544
vn -0.0000 0.9029 -0.4298
vn -0.1152 -0.9838 -0.1373
vn -0.2053 -0.9476 -0.2447
vn 0.0081 0.9999 0.0097
vn -0.5260 0.7944 -0.3037
vn -0.5638 0.7590 -0.3255
vn 0.5387 0.5456 0.6420
vn 0.2866 0.5456 0.7875
vn 0.2497 0.6832 0.6862
vn 0.4694 0.6832 0.5594
vn -0.5928 0.3867 -0.7064
vn -0.6311 0.1902 -0.7521
vn -0.6427 0.0171 -0.7659
vn -0.6285 -0.2095 -0.7490
vn -0.6424 -0.0340 -0.7656
vn -0.6346 0.1586 -0.7564
vn -0.6408 0.0786 -0.7637
vn -0.6344 0.1606 -0.7561
vn -0.2763 0.9029 -0.3293
vn -0.2278 0.9351 -0.2715
vn -0.1553 -0.9838 -0.0896
vn -0.2767 -0.9476 -0.1597
vn 0.0109 0.9999 0.0063
vn -0.5982 0.7944 -0.1055
vn -0.6412 0.7590 -0.1131
vn 0.5761 -0.4436 0.6865
vn -0.7986 0.3867 -0.4611
vn -0.8502 0.1902 -0.4909
vn -0.8659 0.0171 -0.4999
vn -0.8468 -0.2095 -0.4889
vn -0.8655 -0.0340 -0.4997
vn -0.8551 0.1586 -0.4937
vn -0.6347 0.1586 -0.7563
vn -0.8633 0.0786 -0.4985
vn -0.3722 0.9029 -0.2149
vn -0.3069 0.9351 -0.1772
vn -0.1766 -0.9838 -0.0311
vn -0.3146 -0.9476 -0.0555
vn 0.0124 0.9999 0.0022
vn -0.5982 0.7944 0.1055
vn -0.6412 0.7590 0.1131
vn 0.7258 0.5456 0.4190
vn 0.6324 0.6832 0.3651
vn -0.9082 0.3867 -0.1601
vn -0.9668 0.1902 -0.1705
vn -0.9847 0.0171 -0.1736
vn -0.9630 -0.2095 -0.1698
vn -0.9842 -0.0340 -0.1735
vn -0.9723 0.1586 -0.1715
vn -0.4233 0.9029 -0.0746
vn -0.3490 0.9351 -0.0615
vn -0.1766 -0.9838 0.0311
vn -0.3146 -0.9476 0.0555
vn 0.0124 0.9999 -0.0022
vn -0.5260 0.7944 0.3037
vn -0.5638 0.7590 0.3255
vn 0.7761 -0.4436 0.4481
vn -0.9082 0.3867 0.1601
vn -0.9668 0.1902 0.1705
vn -0.9847 0.0171 0.1736
vn -0.9630 -0.2095 0.1698
vn -0.9842 -0.0340 0.1735
vn -0.9723 0.1586 0.1714
vn -0.4233 0.9029 0.0746
vn -0.3490 0.9351 0.0615
vn -0.1553 -0.9838 0.0896
vn -0.2767 -0.9476 0.1597
vn 0.0109 0.9999 -0.0063
vn -0.3904 0.7944 0.4653
vn -0.4185 0.7590 0.4987
vn 0.8253 0.5456 0.1455
vn 0.7191 0.6832 0.1268
vn -0.7986 0.3867 0.4611
vn -0.8502 0.1902 0.4909
vn -0.8659 0.0171 0.4999
vn -0.8468 -0.2095 0.4889
vn -0.8655 -0.0340 0.4997
vn -0.8551 0.1586 0.4937
vn -0.8633 0.0786 0.4985
vn -0.8548 0.1606 0.4935
vn -0.9720 0.1606 0.1714
vn -0.9818 0.0786 0.1731
vn -0.3722 0.9029 0.2149
vn -0.3069 0.9351 0.1772
vn -0.1152 -0.9838 0.1373
vn -0.2053 -0.9476 0.2447
vn 0.0081 0.9999 -0.0097
vn -0.2078 0.7944 0.5708
vn -0.2227 0.7590 0.6118
vn 0.8826 -0.4436 0.1556
vn -0.5928 0.3867 0.7064
vn -0.6310 0.1902 0.7521
vn -0.6427 0.0171 0.7659
vn -0.6285 -0.2095 0.7490
vn -0.6425 -0.0340 0.7656
vn -0.6347 0.1586 0.7563
vn -0.6408 0.0786 0.7637
vn -0.6344 0.1606 0.7561
vn -0.2763 0.9029 0.3293
vn -0.2278 0.9351 0.2715
vn -0.0613 -0.9838 0.1685
vn -0.1093 -0.9476 0.3002
vn 0.0043 0.9999 -0.0119
vn -0.0000 0.7944 0.6074
vn -0.0000 0.7590 0.6510
vn 0.8253 0.5456 -0.1455
vn 0.7191 0.6832 -0.1268
vn -0.3154 0.3867 0.8666
vn -0.3358 0.1902 0.9225
vn -0.3420 0.0171 0.9396
vn -0.3344 -0.2095 0.9188
vn -0.3418 -0.0340 0.9391
vn -0.3377 0.1586 0.9278
vn -0.6346 0.1586 0.7564
vn -0.6424 -0.0340 0.7656
vn -0.3410 0.0786 0.9368
vn -0.3376 0.1606 0.9275
vn -0.1470 0.9029 0.4039
vn -0.1212 0.9351 0.3331
vn -0.0000 -0.9838 0.1793
vn -0.0000 -0.9476 0.3195
vn -0.0000 0.9999 -0.0126
vn 0.2078 0.7944 0.5708
vn 0.2227 0.7590 0.6118
vn 0.8826 -0.4436 -0.1556
vn -0.0000 0.3867 0.9222
vn -0.0001 0.1902 0.9817
vn -0.0000 0.0171 0.9999
vn -0.0000 -0.2095 0.9778
vn -0.0000 -0.0340 0.9994
vn -0.0000 0.1586 0.9873
vn -0.0000 0.0786 0.9969
vn -0.0000 0.1606 0.9870
vn -0.0000 0.9029 0.4298
vn -0.0000 0.9351 0.3544
vn 0.0613 -0.9838 0.1685
vn 0.1093 -0.9476 0.3002
vn -0.0043 0.9999 -0.0119
vn 0.3904 0.7944 0.4653
vn 0.4185 0.7590 0.4987
vn 0.7258 0.5456 -0.4190
vn 0.6324 0.6832 -0.3651
vn 0.3154 0.3867 0.8666
vn 0.3358 0.1902 0.9225
vn -0.0000 0.1902 0.9817
vn 0.3420 0.0171 0.9396
vn 0.0001 0.0171 0.9999
vn 0.3344 -0.2095 0.9188
vn 0.3418 -0.0340 0.9392
vn 0.3377 0.1586 0.9278
vn 0.3410 0.0786 0.9368
vn 0.3376 0.1606 0.9275
vn 0.1470 0.9029 0.4039
vn 0.1212 0.9351 0.3331
vn 0.1152 -0.9838 0.1373
vn 0.2053 -0.9476 0.2447
vn -0.0081 0.9999 -0.0097
vn 0.5260 0.7944 0.3037
vn 0.5638 0.7590 0.3255
vn 0.7761 -0.4436 -0.4481
vn 0.5928 0.3867 0.7064
vn 0.6311 0.1902 0.7521
vn 0.6427 0.0171 0.7659
vn 0.6285 -0.2095 0.7490
vn 0.6424 -0.0340 0.7656
vn 0.6346 0.1586 0.7564
vn 0.6408 0.0786 0.7637
vn 0.6344 0.1606 0.7561
vn 0.2763 0.9029 0.3293
vn 0.2278 0.9351 0.2715
vn 0.1553 -0.9838 0.0896
vn 0.2767 -0.9476 0.1597
vn -0.0109 0.9999 -0.0063
vn 0.5982 0.7944 0.1055
vn 0.6412 0.7590 0.1131
vn 0.5387 0.5456 -0.6420
vn 0.4694 0.6832 -0.5594
vn 0.7986 0.3867 0.4611
vn 0.8502 0.1902 0.4909
vn 0.8659 0.0171 0.4999
vn 0.8468 -0.2095 0.4889
vn 0.8655 -0.0340 0.4997
vn 0.8551 0.1586 0.4937
vn 0.6347 0.1586 0.7563
vn 0.8633 0.0786 0.4985
vn 0.8548 0.1606 0.4936
vn 0.3722 0.9029 0.2149
vn 0.3069 0.9351 0.1772
vn 0.1765 -0.9838 0.0311
vn 0.3146 -0.9476 0.0555
vn -0.0124 0.9999 -0.0022
vn 0.5982 0.7944 -0.1055
vn 0.6412 0.7590 -0.1131
vn 0.5761 -0.4436 -0.6865
vn 0.9082 0.3867 0.1601
vn 0.9668 0.1902 0.1705
vn 0.9847 0.0171 0.1736
vn 0.9630 -0.2095 0.1698
vn 0.9842 -0.0340 0.1735
vn 0.9723 0.1586 0.1715
vn 0.9818 0.0786 0.1731
vn 0.9720 0.1606 0.1714
vn 0.8548 0.1606 0.4935
vn 0.8634 0.0786 0.4984
vn 0.4233 0.9029 0.0746
vn 0.3490 0.9351 0.0615
vn 0.3070 0.9351 0.1772
vn 0.1766 -0.9838 -0.0311
vn 0.3146 -0.9476 -0.0555
vn -0.0124 0.9999 0.0022
vn 0.5260 0.7944 -0.3037
vn 0.5638 0.7590 -0.3255
vn 0.2866 0.5456 -0.7875
vn 0.2497 0.6832 -0.6862
vn 0.9082 0.3867 -0.1601
vn 0.9668 0.1902 -0.1705
vn 0.9847 0.0171 -0.1736
vn 0.9630 -0.2095 -0.1698
vn 0.9842 -0.0340 -0.1735
vn 0.9723 0.1586 -0.1714
vn 0.4233 0.9029 -0.0746
vn 0.3490 0.9351 -0.0615
vn 0.1553 -0.9838 -0.0896
vn 0.2767 -0.9476 -0.1597
vn -0.0109 0.9999 0.0063
vn 0.3904 0.7944 -0.4653
vn 0.4185 0.7590 -0.4987
vn 0.3065 -0.4436 -0.8422
vn 0.7986 0.3867 -0.4611
vn 0.8502 0.1902 -0.4909
vn 0.8659 0.0171 -0.4999
vn 0.8468 -0.2095 -0.4889
vn 0.8655 -0.0340 -0.4997
vn 0.8551 0.1586 -0.4937
vn 0.3722 0.9029 -0.2149
vn 0.3069 0.9351 -0.1772
vn 0.1152 -0.9838 -0.1373
vn 0.2053 -0.9476 -0.2447
vn -0.0081 0.9999 0.0097
vn 0.2078 0.7944 -0.5708
vn 0.2227 0.7590 -0.6118
vn -0.0000 0.5456 -0.8380
vn -0.0000 0.5089 -0.8608
vn 0.2944 0.5089 -0.8089
vn 0.5928 0.3867 -0.7064
vn 0.6310 0.1902 -0.7521
vn 0.6427 0.0171 -0.7659
vn 0.6285 -0.2095 -0.7490
vn 0.6424 -0.0340 -0.7656
vn 0.6347 0.1586 -0.7563
vn 0.6408 0.0786 -0.7637
vn 0.6344 0.1606 -0.7561
vn 0.8633 0.0786 -0.4985
vn 0.2763 0.9029 -0.3293
vn 0.2278 0.9351 -0.2715
vn 0.0613 -0.9838 -0.1685
vn 0.1093 -0.9476 -0.3002
vn -0.0043 0.9999 0.0119
vn -0.0000 -0.4436 -0.8962
vn -0.0000 0.7944 -0.6074
vn -0.0000 0.6832 -0.7302
vn 0.3154 0.3867 -0.8666
vn 0.3358 0.1902 -0.9225
vn 0.3420 0.0171 -0.9396
vn 0.3344 -0.2095 -0.9188
vn 0.3418 -0.0340 -0.9391
vn 0.3377 0.1586 -0.9278
vn 0.6346 0.1586 -0.7564
vn 0.3410 0.0786 -0.9368
vn 0.3376 0.1606 -0.9275
vn 0.1470 0.9029 -0.4039
vn 0.1212 0.9351 -0.3331
vn 0.2269 0.9651 0.1310
vn 0.2580 0.9651 0.0455
vn 0.0970 0.9951 0.0171
vn 0.0853 0.9951 0.0493
vn -0.3065 -0.4436 -0.8422
vn -0.2866 0.5456 -0.7875
vn -0.2497 0.6832 -0.6862
vn -0.0000 -0.0144 -0.9999
vn 0.3420 -0.0144 -0.9396
vn 0.6427 -0.0144 -0.7660
vn 0.8659 -0.0144 -0.4999
vn 0.9847 -0.0144 -0.1736
vn 0.9847 -0.0144 0.1736
vn 0.8659 -0.0144 0.5000
vn 0.8659 -0.0144 0.4999
vn 0.6427 -0.0144 0.7660
vn 0.3420 -0.0144 0.9396
vn -0.0000 -0.0144 0.9999
vn -0.3420 -0.0144 0.9396
vn -0.6427 -0.0144 0.7660
vn -0.8659 -0.0144 0.4999
vn -0.9847 -0.0144 0.1736
vn -0.9847 -0.0144 -0.1736
vn -0.8659 -0.0144 -0.5000
vn -0.8659 -0.0144 -0.4999
vn -0.6427 -0.0144 -0.7660
vn -0.3420 -0.0144 -0.9396
vn 0.1764 -0.8568 -0.4846
vn 0.2428 -0.7044 -0.6670
vn 0.4562 -0.7044 -0.5437
vn 0.3315 -0.8568 -0.3950
vn -0.0000 -0.7044 -0.7098
vn -0.0000 -0.3708 -0.9287
vn 0.3176 -0.3708 -0.8727
vn -0.0000 -0.0464 -0.9989
vn 0.3417 -0.0464 -0.9387
vn -0.0000 0.1102 -0.9939
vn 0.3399 0.1102 -0.9340
vn -0.0000 0.7034 -0.7108
vn -0.0000 0.7590 -0.6510
vn 0.2431 0.7034 -0.6680
vn 0.6147 -0.7044 -0.3549
vn 0.4466 -0.8568 -0.2578
vn -0.5387 0.5456 -0.6420
vn -0.4694 0.6832 -0.5594
vn 0.5970 -0.3708 -0.7114
vn 0.6421 -0.0464 -0.7652
vn 0.6389 0.1102 -0.7614
vn 0.4569 0.7034 -0.5445
vn 0.6990 -0.7044 -0.1233
vn 0.5079 -0.8568 -0.0895
vn -0.5761 -0.4436 -0.6865
vn 0.8043 -0.3708 -0.4644
vn 0.8651 -0.0464 -0.4995
vn 0.8608 0.1102 -0.4970
vn 0.6156 0.7034 -0.3554
vn 0.6990 -0.7044 0.1233
vn 0.5079 -0.8568 0.0895
vn -0.7258 0.5456 -0.4190
vn -0.6324 0.6832 -0.3651
vn 0.9146 -0.3708 -0.1613
vn 0.9837 -0.0464 -0.1735
vn 0.9788 0.1102 -0.1726
vn 0.7000 0.7034 -0.1234
vn 0.6147 -0.7044 0.3549
vn 0.4466 -0.8568 0.2578
vn -0.7761 -0.4436 -0.4481
vn 0.9146 -0.3708 0.1613
vn 0.9837 -0.0464 0.1735
vn 0.9788 0.1102 0.1726
vn 0.7000 0.7034 0.1234
vn 0.4562 -0.7044 0.5437
vn 0.3315 -0.8568 0.3950
vn -0.8253 0.5456 -0.1455
vn -0.7191 0.6832 -0.1268
vn 0.8043 -0.3708 0.4644
vn 0.8651 -0.0464 0.4995
vn 0.8607 0.1102 0.4970
vn 0.6156 0.7034 0.3554
vn 0.2428 -0.7044 0.6670
vn 0.1764 -0.8568 0.4846
vn -0.8826 -0.4436 -0.1556
vn 0.5970 -0.3708 0.7114
vn 0.6421 -0.0464 0.7652
vn 0.6389 0.1102 0.7614
vn 0.4569 0.7034 0.5445
vn 0.0001 -0.7044 0.7098
vn -0.0000 -0.8568 0.5157
vn -0.8253 0.5456 0.1455
vn -0.7191 0.6832 0.1268
vn 0.3176 -0.3708 0.8727
vn 0.3417 -0.0464 0.9387
vn 0.3399 0.1102 0.9340
vn 0.2431 0.7034 0.6680
vn -0.0000 -0.7044 0.7098
vn -0.2428 -0.7044 0.6670
vn -0.1764 -0.8568 0.4846
vn -0.8826 -0.4436 0.1556
vn -0.0000 -0.3708 0.9287
vn -0.0000 -0.0465 0.9989
vn -0.0000 0.1102 0.9939
vn -0.0000 0.7034 0.7108
vn -0.4562 -0.7044 0.5437
vn -0.3315 -0.8568 0.3950
vn -0.7258 0.5456 0.4190
vn -0.6324 0.6832 0.3651
vn -0.3176 -0.3708 0.8727
vn -0.0000 -0.0464 0.9989
vn -0.3417 -0.0464 0.9387
vn -0.0001 0.1102 0.9939
vn -0.3399 0.1102 0.9340
vn -0.2431 0.7034 0.6680
vn -0.6147 -0.7044 0.3549
vn -0.4466 -0.8568 0.2578
vn -0.7761 -0.4436 0.4481
vn -0.5970 -0.3708 0.7114
vn -0.6421 -0.0464 0.7652
vn -0.6389 0.1102 0.7614
vn -0.4569 0.7034 0.5445
vn -0.6990 -0.7044 0.1233
vn -0.5079 -0.8568 0.0895
vn -0.5387 0.5456 0.6420
vn -0.4694 0.6832 0.5594
vn -0.8043 -0.3708 0.4644
vn -0.8651 -0.0464 0.4995
vn -0.8608 0.1102 0.4970
vn -0.6156 0.7034 0.3554
vn -0.6990 -0.7044 -0.1233
vn -0.5079 -0.8568 -0.0895
vn -0.5761 -0.4436 0.6865
vn -0.9146 -0.3708 0.1613
vn -0.9837 -0.0464 0.1735
vn -0.9788 0.1102 0.1726
vn -0.7000 0.7034 0.1234
vn -0.6147 -0.7044 -0.3549
vn -0.4466 -0.8568 -0.2578
vn -0.2866 0.5456 0.7875
vn -0.2497 0.6832 0.6862
vn -0.9146 -0.3708 -0.1613
vn -0.9837 -0.0464 -0.1735
vn -0.9788 0.1102 -0.1726
vn -0.7000 0.7034 -0.1234
vn -0.4562 -0.7044 -0.5437
vn -0.3315 -0.8568 -0.3950
vn -0.3065 -0.4436 0.8422
vn -0.8043 -0.3708 -0.4644
vn -0.8651 -0.0464 -0.4995
vn -0.8607 0.1102 -0.4970
vn -0.6156 0.7034 -0.3554
vn -0.2428 -0.7044 -0.6670
vn -0.1764 -0.8568 -0.4846
vn -0.0000 0.5456 0.8380
vn -0.0000 0.6832 0.7302
vn -0.5970 -0.3708 -0.7114
vn -0.6421 -0.0464 -0.7652
vn -0.6389 0.1102 -0.7614
vn -0.4569 0.7034 -0.5445
vn -0.0000 -0.8568 -0.5157
vn -0.3176 -0.3708 -0.8727
vn -0.3417 -0.0464 -0.9387
vn -0.3399 0.1102 -0.9340
vn -0.2431 0.7034 -0.6680
vn 0.0001 0.5456 0.8380
vn -0.0000 0.7186 -0.6954
vn -0.0000 0.6115 -0.7912
vn 0.2706 0.6115 -0.7435
vn 0.2378 0.7186 -0.6535
vn 0.5086 0.6115 -0.6061
vn 0.4470 0.7186 -0.5327
vn 0.6852 0.6115 -0.3956
vn 0.6022 0.7186 -0.3477
vn 0.7792 0.6115 -0.1374
vn 0.6848 0.7186 -0.1208
vn 0.7792 0.6115 0.1374
vn 0.6848 0.7186 0.1208
vn 0.6852 0.6115 0.3956
vn 0.6022 0.7186 0.3477
vn 0.5086 0.6115 0.6061
vn 0.4470 0.7186 0.5327
vn 0.2706 0.6115 0.7435
vn 0.2378 0.7186 0.6535
vn -0.0000 0.6115 0.7912
vn 0.0001 0.7186 0.6954
vn -0.0001 0.7186 0.6954
vn -0.2706 0.6115 0.7435
vn -0.2378 0.7186 0.6535
vn -0.5086 0.6115 0.6061
vn -0.4470 0.7186 0.5327
vn -0.6852 0.6115 0.3956
vn -0.6022 0.7186 0.3477
vn -0.7792 0.6115 0.1374
vn -0.6848 0.7186 0.1208
vn -0.7792 0.6115 -0.1374
vn -0.6848 0.7186 -0.1208
vn -0.6852 0.6115 -0.3956
vn -0.6022 0.7186 -0.3477
vn -0.5086 0.6115 -0.6061
vn -0.4470 0.7186 -0.5327
vn -0.2706 0.6115 -0.7435
vn -0.2378 0.7186 -0.6535
vn 0.2944 0.5089 0.8089
vn -0.0000 0.5089 0.8608
vn -0.2944 0.5089 0.8089
vn -0.5533 0.5089 0.6594
vn -0.7455 0.5089 0.4304
vn -0.8478 0.5089 0.1495
vn -0.8478 0.5089 -0.1495
vn -0.7455 0.5089 -0.4304
vn -0.5533 0.5089 -0.6594
vn -0.2944 0.5089 -0.8089
vn 0.5533 0.5089 -0.6594
vn 0.7455 0.5089 -0.4304
vn 0.8478 0.5089 -0.1495
vn 0.8478 0.5089 0.1495
vn 0.7455 0.5089 0.4304
vn 0.5533 0.5089 0.6594
vn -0.0000 -0.3653 -0.9309
vn 0.3184 -0.3653 -0.8747
vn -0.0000 -0.5742 -0.8187
vn 0.2800 -0.5742 -0.7693
vn -0.0000 -0.8392 -0.5438
vn -0.0000 -0.8911 -0.4537
vn 0.1552 -0.8911 -0.4264
vn 0.1860 -0.8392 -0.5110
vn 0.5984 -0.3653 -0.7131
vn 0.5263 -0.5742 -0.6272
vn 0.2916 -0.8911 -0.3476
vn 0.3496 -0.8392 -0.4166
vn 0.8062 -0.3653 -0.4654
vn 0.7090 -0.5742 -0.4094
vn 0.3929 -0.8911 -0.2269
vn 0.4710 -0.8392 -0.2719
vn 0.9167 -0.3653 -0.1616
vn 0.8063 -0.5742 -0.1422
vn 0.4468 -0.8911 -0.0788
vn 0.5356 -0.8392 -0.0944
vn 0.9167 -0.3653 0.1616
vn 0.8063 -0.5742 0.1422
vn 0.4468 -0.8911 0.0788
vn 0.5356 -0.8392 0.0944
vn 0.8062 -0.3653 0.4654
vn 0.7090 -0.5742 0.4094
vn 0.3929 -0.8911 0.2269
vn 0.4710 -0.8392 0.2719
vn 0.5984 -0.3653 0.7131
vn 0.5263 -0.5742 0.6272
vn 0.2916 -0.8911 0.3476
vn 0.3496 -0.8392 0.4166
vn 0.3184 -0.3653 0.8747
vn 0.2800 -0.5742 0.7693
vn 0.1552 -0.8911 0.4264
vn 0.1860 -0.8392 0.5110
vn -0.0000 -0.3653 0.9309
vn -0.0000 -0.5742 0.8187
vn -0.0000 -0.8911 0.4537
vn -0.0000 -0.8392 0.5438
vn -0.3184 -0.3653 0.8747
vn -0.2800 -0.5742 0.7693
vn -0.1552 -0.8911 0.4264
vn -0.1860 -0.8392 0.5110
vn -0.5984 -0.3653 0.7131
vn -0.5263 -0.5742 0.6272
vn -0.2916 -0.8911 0.3476
vn -0.3496 -0.8392 0.4166
vn -0.8062 -0.3653 0.4654
vn -0.7090 -0.5742 0.4094
vn -0.3929 -0.8911 0.2269
vn -0.4710 -0.8392 0.2719
vn -0.9167 -0.3653 0.1616
vn -0.8063 -0.5742 0.1422
vn -0.4468 -0.8911 0.0788
vn -0.5356 -0.8392 0.0944
vn -0.9167 -0.3653 -0.1616
vn -0.8063 -0.5742 -0.1422
vn -0.4468 -0.8911 -0.0788
vn -0.5356 -0.8392 -0.0944
vn -0.8062 -0.3653 -0.4654
vn -0.7090 -0.5742 -0.4094
vn -0.3929 -0.8911 -0.2269
vn -0.4710 -0.8392 -0.2719
vn -0.5984 -0.3653 -0.7131
vn -0.5263 -0.5742 -0.6272
vn -0.2916 -0.8911 -0.3476
vn -0.3496 -0.8392 -0.4166
vn -0.3184 -0.3653 -0.8747
vn -0.2800 -0.5742 -0.7693
vn -0.1552 -0.8911 -0.4264
vn -0.1860 -0.8392 -0.5110
vn -0.0000 0.9612 -0.2757
vn -0.0000 0.9743 -0.2250
vn 0.0770 0.9743 -0.2115
vn 0.0943 0.9612 -0.2591
vn -0.0000 -0.3031 -0.9529
vn -0.0000 -0.2975 -0.9547
vn 0.3265 -0.2975 -0.8971
vn 0.3259 -0.3031 -0.8955
vn -0.0000 -0.2298 -0.9732
vn 0.3329 -0.2298 -0.9145
vn -0.0000 -0.0667 -0.9978
vn 0.3413 -0.0667 -0.9376
vn 0.1447 0.9743 -0.1724
vn 0.1772 0.9612 -0.2112
vn 0.6137 -0.2975 -0.7313
vn 0.6125 -0.3031 -0.7300
vn 0.6256 -0.2298 -0.7455
vn 0.6414 -0.0667 -0.7643
vn 0.1949 0.9743 -0.1125
vn 0.2388 0.9612 -0.1379
vn 0.8268 -0.2975 -0.4773
vn 0.8253 -0.3031 -0.4765
vn 0.8429 -0.2298 -0.4866
vn 0.8641 -0.0667 -0.4989
vn 0.2216 0.9743 -0.0391
vn 0.2715 0.9612 -0.0479
vn 0.9402 -0.2975 -0.1658
vn 0.9385 -0.3031 -0.1655
vn 0.9585 -0.2298 -0.1690
vn 0.9826 -0.0667 -0.1733
vn 0.2216 0.9743 0.0391
vn 0.2715 0.9612 0.0479
vn 0.9402 -0.2975 0.1658
vn 0.9385 -0.3031 0.1655
vn 0.9585 -0.2298 0.1690
vn 0.9826 -0.0667 0.1733
vn 0.1949 0.9743 0.1125
vn 0.2388 0.9612 0.1379
vn 0.8268 -0.2975 0.4773
vn 0.8253 -0.3032 0.4764
vn 0.8429 -0.2298 0.4866
vn 0.8641 -0.0667 0.4989
vn 0.1447 0.9743 0.1724
vn 0.1772 0.9612 0.2112
vn 0.8253 -0.3031 0.4765
vn 0.8268 -0.2975 0.4774
vn 0.6137 -0.2975 0.7314
vn 0.6125 -0.3031 0.7300
vn 0.8428 -0.2298 0.4867
vn 0.6256 -0.2298 0.7455
vn 0.6414 -0.0667 0.7643
vn 0.0770 0.9743 0.2115
vn 0.0943 0.9612 0.2591
vn 0.3265 -0.2975 0.8971
vn 0.3259 -0.3031 0.8955
vn 0.3329 -0.2298 0.9145
vn 0.3413 -0.0667 0.9376
vn -0.0000 0.9743 0.2250
vn -0.0000 0.9612 0.2757
vn -0.0000 -0.2975 0.9547
vn -0.0000 -0.3031 0.9529
vn -0.0000 -0.2298 0.9732
vn -0.0000 -0.0667 0.9978
vn -0.0770 0.9743 0.2115
vn -0.0943 0.9612 0.2591
vn -0.3265 -0.2975 0.8971
vn -0.3259 -0.3031 0.8955
vn -0.3329 -0.2298 0.9145
vn -0.3413 -0.0667 0.9376
vn -0.1447 0.9743 0.1724
vn -0.1772 0.9612 0.2112
vn -0.6137 -0.2975 0.7313
vn -0.6125 -0.3031 0.7300
vn -0.6256 -0.2298 0.7455
vn -0.6414 -0.0667 0.7643
vn -0.1949 0.9743 0.1125
vn -0.2388 0.9612 0.1379
vn -0.8268 -0.2975 0.4773
vn -0.8253 -0.3031 0.4765
vn -0.8429 -0.2298 0.4866
vn -0.8641 -0.0667 0.4989
vn -0.2216 0.9743 0.0391
vn -0.2715 0.9612 0.0479
vn -0.9402 -0.2975 0.1658
vn -0.9385 -0.3031 0.1655
vn -0.9585 -0.2298 0.1690
vn -0.9826 -0.0667 0.1733
vn -0.2216 0.9743 -0.0391
vn -0.2715 0.9612 -0.0479
vn -0.9402 -0.2975 -0.1658
vn -0.9385 -0.3031 -0.1655
vn -0.9585 -0.2298 -0.1690
vn -0.9826 -0.0667 -0.1733
vn -0.1949 0.9743 -0.1125
vn -0.2388 0.9612 -0.1379
vn -0.8268 -0.2975 -0.4774
vn -0.8253 -0.3031 -0.4765
vn -0.8428 -0.2298 -0.4866
vn -0.8641 -0.0667 -0.4989
vn -0.1447 0.9743 -0.1724
vn -0.1772 0.9612 -0.2112
vn -0.6137 -0.2975 -0.7314
vn -0.6125 -0.3031 -0.7300
vn -0.6256 -0.2298 -0.7455
vn -0.6414 -0.0667 -0.7643
vn -0.0770 0.9743 -0.2115
vn -0.0943 0.9612 -0.2591
vn -0.3265 -0.2975 -0.8971
vn -0.3259 -0.3031 -0.8955
vn -0.3329 -0.2298 -0.9145
vn -0.3413 -0.0667 -0.9376
vn -0.0000 0.3234 -0.9463
vn 0.3236 0.3234 -0.8892
vn -0.0000 0.5158 -0.8567
vn -0.0000 0.6459 -0.7634
vn 0.2611 0.6459 -0.7174
vn 0.2930 0.5158 -0.8050
vn 0.6082 0.3234 -0.7249
vn 0.9319 0.3234 -0.1643
vn 0.8675 0.3844 -0.3157
vn 0.9319 0.3234 0.1643
vn 0.8437 0.5158 -0.1488
vn 0.7518 0.6459 -0.1326
vn 0.7518 0.6459 0.1326
vn 0.8437 0.5158 0.1488
vn 0.8195 0.3234 0.4731
vn 0.6612 0.6459 0.3817
vn 0.7419 0.5158 0.4283
vn 0.8195 0.3234 0.4732
vn 0.6082 0.3234 0.7249
vn 0.7419 0.5158 0.4284
vn 0.4907 0.6459 0.5848
vn 0.5507 0.5158 0.6563
vn 0.3236 0.3234 0.8892
vn 0.2611 0.6459 0.7174
vn 0.2930 0.5158 0.8050
vn -0.0000 0.3234 0.9463
vn -0.0000 0.6459 0.7634
vn -0.0000 0.5158 0.8567
vn -0.3236 0.3234 0.8892
vn -0.2611 0.6459 0.7174
vn -0.2930 0.5158 0.8050
vn -0.6082 0.3234 0.7249
vn -0.4907 0.6459 0.5848
vn -0.5507 0.5158 0.6563
vn -0.8195 0.3234 0.4731
vn -0.6612 0.6459 0.3817
vn -0.7419 0.5158 0.4283
vn -0.9319 0.3234 0.1643
vn -0.7518 0.6459 0.1326
vn -0.8437 0.5158 0.1488
vn -0.9319 0.3234 -0.1643
vn -0.7518 0.6459 -0.1326
vn -0.8437 0.5158 -0.1488
vn -0.8675 0.3844 -0.3157
vn -0.6082 0.3234 -0.7249
vn -0.3236 0.3234 -0.8892
vn -0.2930 0.5158 -0.8050
vn -0.2611 0.6459 -0.7174
vn 0.2269 0.9651 -0.1310
vn 0.1684 0.9651 -0.2007
vn 0.0633 0.9951 -0.0755
vn 0.0853 0.9951 -0.0493
vn -0.0896 0.9651 -0.2462
vn -0.1684 0.9651 -0.2007
vn -0.0633 0.9951 -0.0755
vn -0.0337 0.9951 -0.0926
vn -0.2580 0.9651 -0.0455
vn -0.2580 0.9651 0.0455
vn -0.0970 0.9951 0.0171
vn -0.0970 0.9951 -0.0171
vn -0.1684 0.9651 0.2007
vn -0.0896 0.9651 0.2462
vn -0.0337 0.9951 0.0926
vn -0.0633 0.9951 0.0755
vn 0.0896 0.9651 0.2462
vn 0.1684 0.9651 0.2007
vn 0.0634 0.9951 0.0755
vn 0.0337 0.9951 0.0926
vn 0.2580 0.9651 -0.0455
vn 0.0970 0.9951 -0.0171
vn 0.0896 0.9651 -0.2462
vn 0.0337 0.9951 -0.0926
vn -0.2269 0.9651 -0.1310
vn -0.0853 0.9951 -0.0493
vn -0.2269 0.9651 0.1310
vn -0.0853 0.9951 0.0493
vn -0.0000 0.9651 0.2620
vn -0.0000 0.9951 0.0985
vn 0.0633 0.9951 0.0755
vn -0.0000 0.9651 -0.2620
vn -0.0000 0.9951 -0.0985
vn -0.0000 0.7368 -0.6762
vn -0.0000 0.7322 -0.6811
vn -0.0000 0.8781 -0.4785
vn 0.1787 0.8780 -0.4441
vn 0.4081 0.5778 -0.7068
vn 0.5244 0.7289 -0.4400
vn 0.5856 0.7368 -0.3381
vn 0.5635 0.7593 -0.3253
vn 0.4865 0.7724 -0.4082
vn 0.4797 0.8326 -0.2770
vn 0.6659 0.7368 -0.1174
vn 0.6408 0.7593 -0.1130
vn 0.5455 0.8326 -0.0962
vn 0.6659 0.7368 0.1174
vn 0.6408 0.7593 0.1130
vn 0.5455 0.8326 0.0962
vn 0.5856 0.7368 0.3380
vn 0.5635 0.7593 0.3253
vn 0.4797 0.8326 0.2769
vn 0.5856 0.7368 0.3381
vn 0.4346 0.7368 0.5180
vn 0.5635 0.7593 0.3254
vn 0.4183 0.7593 0.4985
vn 0.4797 0.8326 0.2770
vn 0.3560 0.8326 0.4243
vn 0.2313 0.7368 0.6354
vn 0.2226 0.7593 0.6115
vn 0.1894 0.8326 0.5205
vn -0.0000 0.7368 0.6762
vn -0.0000 0.7593 0.6507
vn -0.0000 0.8326 0.5539
vn -0.2313 0.7368 0.6354
vn -0.2225 0.7593 0.6115
vn -0.1895 0.8326 0.5205
vn -0.4346 0.7368 0.5180
vn -0.4183 0.7593 0.4985
vn -0.3561 0.8326 0.4243
vn -0.5856 0.7368 0.3381
vn -0.5635 0.7593 0.3253
vn -0.4797 0.8326 0.2770
vn -0.6659 0.7368 0.1174
vn -0.6408 0.7593 0.1130
vn -0.5455 0.8326 0.0962
vn -0.6659 0.7368 -0.1174
vn -0.6408 0.7593 -0.1130
vn -0.5455 0.8326 -0.0962
vn -0.5856 0.7368 -0.3381
vn -0.5635 0.7593 -0.3253
vn -0.4797 0.8326 -0.2770
vn -0.5244 0.7289 -0.4400
vn -0.4865 0.7724 -0.4082
vn -0.4081 0.5778 -0.7068
vn -0.1787 0.8780 -0.4441
vn -0.0000 -0.6635 0.7481
vn 0.2559 -0.6635 0.7030
vn 0.2984 -0.4887 0.8199
vn -0.0000 -0.4887 0.8725
vn 0.3203 -0.3506 0.8801
vn -0.0000 -0.3506 0.9365
vn 0.3360 -0.1864 0.9232
vn -0.0000 -0.1864 0.9825
vn 0.3415 0.0550 0.9383
vn -0.0000 0.0550 0.9985
vn -0.0000 0.4235 0.9059
vn 0.3098 0.4235 0.8513
vn 0.2816 0.5674 0.7738
vn -0.0000 0.5674 0.8234
vn -0.6479 -0.6635 0.3741
vn -0.4809 -0.6635 0.5731
vn -0.5608 -0.4887 0.6684
vn -0.7556 -0.4887 0.4362
vn -0.6020 -0.3506 0.7174
vn -0.8111 -0.3506 0.4683
vn -0.6315 -0.1864 0.7526
vn -0.8509 -0.1864 0.4912
vn -0.6418 0.0550 0.7649
vn -0.8647 0.0550 0.4992
vn -0.7845 0.4235 0.4529
vn -0.5823 0.4235 0.6939
vn -0.5293 0.5674 0.6308
vn -0.7131 0.5674 0.4117
vn -0.6479 -0.6635 -0.3741
vn -0.7368 -0.6635 -0.1299
vn -0.8592 -0.4887 -0.1515
vn -0.7556 -0.4887 -0.4362
vn -0.9223 -0.3506 -0.1626
vn -0.8111 -0.3506 -0.4683
vn -0.9676 -0.1864 -0.1706
vn -0.8509 -0.1864 -0.4912
vn -0.9833 0.0550 -0.1734
vn -0.8647 0.0550 -0.4992
vn -0.7845 0.4235 -0.4529
vn -0.8921 0.4235 -0.1573
vn -0.8109 0.5674 -0.1430
vn -0.7131 0.5674 -0.4117
vn -0.0000 -0.6635 -0.7481
vn -0.2559 -0.6635 -0.7030
vn -0.2984 -0.4887 -0.8199
vn -0.0000 -0.4887 -0.8725
vn -0.3203 -0.3506 -0.8801
vn -0.0000 -0.3506 -0.9365
vn -0.3360 -0.1864 -0.9232
vn -0.0000 -0.1864 -0.9825
vn -0.3415 0.0550 -0.9383
vn -0.0000 0.0550 -0.9985
vn -0.0000 0.4235 -0.9059
vn -0.3098 0.4235 -0.8513
vn -0.2816 0.5674 -0.7738
vn -0.0000 0.5674 -0.8234
vn 0.2559 -0.6635 -0.7030
vn 0.2984 -0.4887 -0.8199
vn 0.3203 -0.3506 -0.8801
vn 0.3360 -0.1864 -0.9232
vn 0.3415 0.0550 -0.9383
vn 0.3098 0.4235 -0.8513
vn 0.2816 0.5674 -0.7738
vn 0.7368 -0.6635 -0.1299
vn 0.6479 -0.6635 -0.3741
vn 0.7556 -0.4887 -0.4362
vn 0.8592 -0.4887 -0.1515
vn 0.8111 -0.3506 -0.4683
vn 0.9223 -0.3506 -0.1626
vn 0.8509 -0.1864 -0.4912
vn 0.9676 -0.1864 -0.1706
vn 0.8647 0.0550 -0.4992
vn 0.9833 0.0550 -0.1734
vn 0.8921 0.4235 -0.1573
vn 0.7845 0.4235 -0.4529
vn 0.7131 0.5674 -0.4117
vn 0.8109 0.5674 -0.1430
vn 0.4809 -0.6635 0.5731
vn 0.6479 -0.6635 0.3741
vn 0.7556 -0.4887 0.4362
vn 0.5608 -0.4887 0.6683
vn 0.8111 -0.3506 0.4683
vn 0.6020 -0.3506 0.7174
vn 0.8509 -0.1864 0.4912
vn 0.6315 -0.1864 0.7526
vn 0.8647 0.0550 0.4992
vn 0.6418 0.0550 0.7649
vn 0.5823 0.4235 0.6939
vn 0.7845 0.4235 0.4529
vn 0.7131 0.5674 0.4117
vn 0.5293 0.5674 0.6308
vn -0.2559 -0.6635 0.7030
vn -0.2984 -0.4887 0.8199
vn -0.3203 -0.3506 0.8801
vn -0.3360 -0.1864 0.9232
vn -0.3415 0.0550 0.9383
vn -0.3098 0.4235 0.8513
vn -0.2816 0.5674 0.7738
vn -0.7368 -0.6635 0.1299
vn -0.8592 -0.4887 0.1515
vn -0.9223 -0.3506 0.1626
vn -0.9676 -0.1864 0.1706
vn -0.9833 0.0550 0.1734
vn -0.8921 0.4235 0.1573
vn -0.8109 0.5674 0.1430
vn -0.4809 -0.6635 -0.5731
vn -0.5608 -0.4887 -0.6684
vn -0.6020 -0.3506 -0.7174
vn -0.6315 -0.1864 -0.7526
vn -0.6418 0.0550 -0.7649
vn -0.5823 0.4235 -0.6940
vn -0.5293 0.5674 -0.6308
vn 0.4809 -0.6635 -0.5731
vn 0.5608 -0.4887 -0.6684
vn 0.6020 -0.3506 -0.7174
vn 0.6315 -0.1864 -0.7526
vn 0.6418 0.0550 -0.7649
vn 0.5823 0.4235 -0.6939
vn 0.5293 0.5674 -0.6308
vn 0.7368 -0.6635 0.1299
vn 0.8592 -0.4887 0.1515
vn 0.9223 -0.3506 0.1626
vn 0.9676 -0.1864 0.1706
vn 0.9833 0.0550 0.1734
vn 0.8921 0.4235 0.1573
vn 0.8109 0.5674 0.1430
vn 0.5608 -0.4887 0.6684
vn 0.6020 -0.3506 0.7175
vn 0.5823 0.4235 0.6940
vn 0.3318 0.9415 0.0585
vn 0.2918 0.9415 0.1684
vn 0.2166 0.9415 -0.2581
vn 0.2918 0.9415 -0.1684
vn -0.2166 0.9415 -0.2581
vn -0.1152 0.9415 -0.3166
vn -0.3318 0.9415 0.0585
vn -0.3318 0.9415 -0.0585
vn -0.1152 0.9415 0.3166
vn -0.2166 0.9415 0.2581
vn 0.2166 0.9415 0.2581
vn 0.1152 0.9415 0.3166
vn 0.3318 0.9415 -0.0585
vn 0.1152 0.9415 -0.3166
vn -0.2918 0.9415 -0.1685
vn -0.2918 0.9415 0.1684
vn -0.0000 0.9415 0.3369
vn 0.2917 0.9415 0.1685
vn -0.0000 0.9415 -0.3369
vn 0.2208 0.7637 0.6066
vn -0.0000 0.7637 0.6456
vn 0.1334 0.9208 0.3665
vn -0.0000 0.9208 0.3901
vn -0.4150 0.7637 0.4945
vn -0.5591 0.7637 0.3228
vn -0.2507 0.9208 0.2988
vn -0.3378 0.9208 0.1950
vn -0.6358 0.7637 -0.1121
vn -0.5591 0.7637 -0.3228
vn -0.3841 0.9208 -0.0677
vn -0.3378 0.9208 -0.1950
vn -0.2208 0.7637 -0.6066
vn -0.0000 0.7637 -0.6456
vn -0.1334 0.9208 -0.3665
vn -0.0000 0.9208 -0.3901
vn 0.2208 0.7637 -0.6066
vn 0.1334 0.9208 -0.3666
vn 0.5591 0.7637 -0.3228
vn 0.6358 0.7637 -0.1121
vn 0.3378 0.9208 -0.1950
vn 0.3842 0.9208 -0.0677
vn 0.5591 0.7637 0.3228
vn 0.4150 0.7637 0.4945
vn 0.3378 0.9208 0.1950
vn 0.2507 0.9208 0.2988
vn -0.2208 0.7637 0.6066
vn -0.1334 0.9208 0.3666
vn -0.6358 0.7637 0.1121
vn -0.3841 0.9208 0.0677
vn -0.4150 0.7637 -0.4945
vn -0.2507 0.9208 -0.2988
vn 0.4150 0.7637 -0.4945
vn 0.2507 0.9208 -0.2988
vn 0.6358 0.7637 0.1121
vn 0.3842 0.9208 0.0677
vn 0.4149 0.7637 0.4945
vn 0.5965 -0.7250 0.3444
vn 0.6783 -0.7250 0.1196
vn 0.5964 -0.7250 -0.3444
vn 0.4427 -0.7250 -0.5276
vn -0.2356 -0.7250 -0.6472
vn -0.4427 -0.7250 -0.5276
vn -0.6783 -0.7250 -0.1196
vn -0.6783 -0.7250 0.1196
vn -0.4427 -0.7250 0.5276
vn -0.2356 -0.7250 0.6472
vn 0.2356 -0.7250 0.6472
vn 0.4427 -0.7250 0.5276
vn 0.6783 -0.7250 -0.1196
vn 0.2356 -0.7250 -0.6472
vn -0.5965 -0.7250 -0.3444
vn -0.5965 -0.7250 0.3444
vn -0.0000 -0.7250 0.6887
vn -0.0000 -0.7250 -0.6887
vn 0.9561 0.2396 0.1686
vn 0.8408 0.2396 0.4854
vn 0.6241 0.2396 -0.7437
vn 0.8408 0.2396 -0.4854
vn -0.6241 0.2396 -0.7437
vn -0.3321 0.2396 -0.9123
vn -0.9561 0.2396 0.1686
vn -0.9561 0.2396 -0.1686
vn -0.3321 0.2396 0.9123
vn -0.6241 0.2396 0.7437
vn 0.6240 0.2396 0.7438
vn 0.3321 0.2396 0.9123
vn 0.9561 0.2396 -0.1686
vn 0.3321 0.2396 -0.9123
vn -0.8408 0.2396 -0.4854
vn -0.8408 0.2396 0.4854
vn -0.0000 0.2396 0.9709
vn 0.6241 0.2396 0.7437
vn -0.0000 0.2396 -0.9709
vn -0.3324 0.2358 -0.9132
vn -0.0000 0.2358 -0.9718
vn -0.1421 0.9096 -0.3905
vn -0.0000 0.9096 -0.4156
vn -0.6247 0.2358 -0.7444
vn -0.2671 0.9096 -0.3184
vn -0.8416 0.2358 -0.4859
vn -0.3599 0.9096 -0.2078
vn -0.9723 0.1586 -0.1714
vn -0.9570 0.2358 -0.1687
vn -0.4093 0.9096 -0.0722
vn -0.9570 0.2358 0.1688
vn -0.4093 0.9096 0.0722
vn -0.8416 0.2358 0.4859
vn -0.3599 0.9096 0.2078
vn -0.6346 0.1586 0.7563
vn -0.6247 0.2358 0.7444
vn -0.2671 0.9096 0.3184
vn -0.3324 0.2358 0.9132
vn -0.1421 0.9096 0.3905
vn -0.0000 0.2358 0.9718
vn -0.0000 0.9096 0.4156
vn 0.3324 0.2358 0.9132
vn 0.1421 0.9096 0.3905
vn 0.6346 0.1586 0.7563
vn 0.6247 0.2358 0.7444
vn 0.2671 0.9096 0.3184
vn 0.8416 0.2358 0.4859
vn 0.3599 0.9096 0.2078
vn 0.9723 0.1586 0.1714
vn 0.9570 0.2358 0.1687
vn 0.4093 0.9096 0.0722
vn 0.9570 0.2358 -0.1688
vn 0.4093 0.9096 -0.0722
vn 0.8416 0.2358 -0.4859
vn 0.3599 0.9096 -0.2078
vn 0.6346 0.1586 -0.7563
vn 0.6247 0.2358 -0.7444
vn 0.2671 0.9096 -0.3184
vn 0.3324 0.2358 -0.9132
vn 0.1421 0.9096 -0.3905
vn -0.0000 0.8698 -0.4934
vn 0.1688 0.8698 -0.4637
vn 0.3172 0.8698 -0.3780
vn 0.4273 0.8698 -0.2467
vn 0.4859 0.8698 -0.0857
vn 0.4859 0.8698 0.0857
vn 0.4273 0.8698 0.2467
vn 0.3172 0.8698 0.3780
vn 0.1688 0.8698 0.4637
vn -0.0000 0.8698 0.4934
vn -0.1688 0.8698 0.4637
vn -0.3172 0.8698 0.3780
vn -0.4273 0.8698 0.2467
vn -0.4859 0.8698 0.0857
vn -0.4859 0.8698 -0.0857
vn -0.4273 0.8698 -0.2467
vn -0.3172 0.8698 -0.3780
vn -0.1688 0.8698 -0.4637
vn -0.0000 -0.1515 -0.9885
vn 0.3381 -0.1515 -0.9288
vn 0.6353 -0.1515 -0.7572
vn 0.6354 -0.1515 -0.7572
vn 0.8560 -0.1515 -0.4942
vn 0.9734 -0.1515 -0.1716
vn 0.9734 -0.1515 0.1716
vn 0.8560 -0.1515 0.4942
vn 0.6354 -0.1515 0.7572
vn 0.6353 -0.1515 0.7572
vn 0.3381 -0.1515 0.9288
vn -0.0000 -0.1515 0.9885
vn -0.3381 -0.1515 0.9288
vn -0.6353 -0.1515 0.7572
vn -0.6354 -0.1515 0.7572
vn -0.8560 -0.1515 0.4942
vn -0.9734 -0.1515 0.1716
vn -0.9734 -0.1515 -0.1716
vn -0.8560 -0.1515 -0.4942
vn -0.6354 -0.1515 -0.7572
vn -0.6353 -0.1515 -0.7572
vn -0.3381 -0.1515 -0.9288
vn -0.1673 -0.8723 -0.4595
vn -0.0000 -0.8723 -0.4890
vn -0.3143 -0.8723 -0.3746
vn -0.3930 -0.8911 -0.2269
vn -0.4235 -0.8723 -0.2445
vn -0.2917 -0.8911 -0.3476
vn -0.4816 -0.8723 -0.0849
vn -0.4816 -0.8723 0.0849
vn -0.3930 -0.8911 0.2269
vn -0.4235 -0.8723 0.2445
vn -0.2917 -0.8911 0.3476
vn -0.3144 -0.8723 0.3746
vn -0.1673 -0.8723 0.4595
vn -0.3143 -0.8723 0.3746
vn -0.0000 -0.8723 0.4890
vn 0.1673 -0.8723 0.4595
vn 0.3143 -0.8723 0.3746
vn 0.3930 -0.8911 0.2269
vn 0.4235 -0.8723 0.2445
vn 0.2917 -0.8911 0.3476
vn 0.4816 -0.8723 0.0849
vn 0.4816 -0.8723 -0.0849
vn 0.3930 -0.8911 -0.2269
vn 0.4235 -0.8723 -0.2445
vn 0.2917 -0.8911 -0.3476
vn 0.3144 -0.8723 -0.3746
vn 0.1673 -0.8723 -0.4595
vn 0.3143 -0.8723 -0.3746
vn -0.7429 0.2441 -0.6233
vn -0.7987 0.5269 -0.2907
vn 0.7987 0.5269 -0.2907
vn 0.7429 0.2441 -0.6233
vn -0.3219 -0.3379 -0.8844
vn -0.0000 -0.3379 -0.9412
vn -0.6050 -0.3379 -0.7210
vn -0.8151 -0.3379 -0.4706
vn -0.9269 -0.3379 -0.1634
vn -0.9269 -0.3379 0.1634
vn -0.8151 -0.3379 0.4706
vn -0.6050 -0.3379 0.7210
vn -0.3219 -0.3379 0.8844
vn -0.0000 -0.3379 0.9412
vn 0.3219 -0.3379 0.8844
vn 0.6050 -0.3379 0.7210
vn 0.8151 -0.3379 0.4706
vn 0.9269 -0.3379 0.1634
vn 0.9269 -0.3379 -0.1634
vn 0.8151 -0.3379 -0.4706
vn 0.6050 -0.3379 -0.7210
vn 0.3219 -0.3379 -0.8844
vn 0.9818 0.0786 -0.1731
vn -0.9818 0.0786 -0.1731
vn -0.3330 -0.2286 -0.9148
vn -0.3367 -0.1760 -0.9250
vn -0.0000 -0.1760 -0.9844
vn -0.0000 -0.2286 -0.9735
vn -0.6258 -0.2286 -0.7458
vn -0.6327 -0.1760 -0.7541
vn -0.8431 -0.2286 -0.4868
vn -0.8525 -0.1760 -0.4922
vn -0.9587 -0.2286 -0.1691
vn -0.9694 -0.1760 -0.1709
vn -0.9587 -0.2286 0.1690
vn -0.9694 -0.1760 0.1709
vn -0.8431 -0.2286 0.4868
vn -0.8525 -0.1760 0.4922
vn -0.6258 -0.2286 0.7458
vn -0.6328 -0.1760 0.7541
vn -0.3330 -0.2286 0.9148
vn -0.3367 -0.1760 0.9250
vn -0.0000 -0.2286 0.9735
vn -0.0000 -0.1760 0.9844
vn 0.3330 -0.2286 0.9148
vn 0.3367 -0.1760 0.9250
vn 0.6258 -0.2286 0.7458
vn 0.6327 -0.1760 0.7541
vn 0.8431 -0.2286 0.4868
vn 0.8525 -0.1760 0.4922
vn 0.9587 -0.2286 0.1691
vn 0.9694 -0.1760 0.1709
vn 0.8525 -0.1760 0.4921
vn 0.8431 -0.2286 0.4867
vn 0.9587 -0.2286 -0.1690
vn 0.9694 -0.1760 -0.1709
vn 0.8431 -0.2286 -0.4868
vn 0.8525 -0.1760 -0.4922
vn 0.6258 -0.2286 -0.7458
vn 0.6328 -0.1760 -0.7541
vn 0.3330 -0.2286 -0.9148
vn 0.3367 -0.1760 -0.9250
vn -0.1251 0.9307 -0.3436
vn -0.1902 0.8311 -0.5225
vn -0.0000 0.8311 -0.5561
vn -0.0000 0.9307 -0.3657
vn -0.2351 0.9307 -0.2801
vn -0.3574 0.8311 -0.4260
vn -0.3167 0.9307 -0.1828
vn -0.4816 0.8311 -0.2780
vn -0.3601 0.9307 -0.0635
vn -0.5476 0.8311 -0.0966
vn -0.3601 0.9307 0.0635
vn -0.5476 0.8311 0.0966
vn -0.3167 0.9307 0.1828
vn -0.4816 0.8311 0.2780
vn -0.2350 0.9307 0.2801
vn -0.3574 0.8311 0.4260
vn -0.1251 0.9307 0.3436
vn -0.1902 0.8311 0.5225
vn -0.0000 0.9307 0.3657
vn -0.0000 0.8311 0.5561
vn 0.1251 0.9307 0.3436
vn 0.1902 0.8311 0.5225
vn 0.2351 0.9307 0.2801
vn 0.3574 0.8311 0.4260
vn 0.3167 0.9307 0.1828
vn 0.4815 0.8311 0.2781
vn 0.3601 0.9307 0.0635
vn 0.5476 0.8311 0.0966
vn 0.4816 0.8311 0.2780
vn 0.3601 0.9307 -0.0635
vn 0.5476 0.8311 -0.0966
vn 0.3167 0.9307 -0.1828
vn 0.4816 0.8311 -0.2780
vn 0.2350 0.9307 -0.2801
vn 0.3574 0.8311 -0.4260
vn 0.1251 0.9307 -0.3436
vn 0.1902 0.8311 -0.5225
vn -0.0000 -0.1250 -0.9922
vn 0.3393 -0.1250 -0.9323
vn 0.6377 -0.1250 -0.7600
vn 0.8592 -0.1250 -0.4961
vn 0.9771 -0.1250 -0.1723
vn 0.9771 -0.1250 0.1723
vn 0.8592 -0.1250 0.4960
vn 0.8592 -0.1250 0.4961
vn 0.6377 -0.1250 0.7600
vn 0.3393 -0.1250 0.9323
vn -0.0000 -0.1250 0.9922
vn -0.3393 -0.1250 0.9323
vn -0.6377 -0.1250 0.7600
vn -0.8592 -0.1250 0.4961
vn -0.9771 -0.1250 0.1723
vn -0.9771 -0.1250 -0.1723
vn -0.8592 -0.1250 -0.4961
vn -0.6377 -0.1250 -0.7600
vn -0.3393 -0.1250 -0.9323
vn -0.0000 -0.9557 -0.2943
vn 0.1007 -0.9557 -0.2766
vn 0.1892 -0.9557 -0.2255
vn 0.2549 -0.9557 -0.1472
vn 0.2899 -0.9557 -0.0511
vn 0.2899 -0.9557 0.0511
vn 0.2549 -0.9557 0.1472
vn 0.1892 -0.9557 0.2255
vn 0.1007 -0.9557 0.2766
vn -0.0000 -0.9557 0.2943
vn -0.1007 -0.9557 0.2766
vn -0.1892 -0.9557 0.2255
vn -0.2549 -0.9557 0.1472
vn -0.2899 -0.9557 0.0511
vn -0.2899 -0.9557 -0.0511
vn -0.2549 -0.9557 -0.1472
vn -0.1892 -0.9557 -0.2255
vn -0.1007 -0.9557 -0.2766
vn -0.3348 -0.2043 -0.9199
vn -0.0000 -0.2043 -0.9789
vn -0.6292 -0.2043 -0.7499
vn -0.8478 -0.2043 -0.4895
vn -0.8477 -0.2043 -0.4895
vn -0.9640 -0.2043 -0.1700
vn -0.9640 -0.2043 0.1700
vn -0.8478 -0.2043 0.4894
vn -0.6292 -0.2043 0.7499
vn -0.3348 -0.2043 0.9199
vn -0.0000 -0.2043 0.9789
vn 0.3348 -0.2043 0.9199
vn 0.6292 -0.2043 0.7499
vn 0.8477 -0.2043 0.4895
vn 0.9640 -0.2043 0.1700
vn 0.8478 -0.2043 0.4894
vn 0.9640 -0.2043 -0.1700
vn 0.8478 -0.2043 -0.4894
vn 0.6292 -0.2043 -0.7499
vn 0.3348 -0.2043 -0.9199
vn -0.0000 0.6611 -0.7503
vn 0.2566 0.6611 -0.7051
vn 0.4823 0.6611 -0.5748
vn 0.6498 0.6611 -0.3751
vn 0.7389 0.6611 -0.1303
vn 0.7389 0.6611 0.1303
vn 0.6498 0.6611 0.3751
vn 0.6498 0.6611 0.3752
vn 0.4823 0.6611 0.5748
vn 0.2566 0.6611 0.7051
vn -0.0000 0.6611 0.7503
vn -0.2566 0.6611 0.7051
vn -0.4823 0.6611 0.5748
vn -0.6498 0.6611 0.3751
vn -0.7389 0.6611 0.1303
vn -0.7389 0.6611 -0.1303
vn -0.6498 0.6611 -0.3752
vn -0.4823 0.6611 -0.5748
vn -0.2566 0.6611 -0.7051
vn -0.9290 0.1506 -0.3381
vn -0.9801 0.1527 -0.1267
vn -0.9886 0.1506 -0.0000
vn 0.9886 0.1506 -0.0000
vn 0.9801 0.1527 -0.1267
vn 0.9290 0.1506 -0.3381
vn -0.0000 0.9125 -0.4090
vn -0.0000 0.5093 0.8606
vn -0.0000 -0.5093 -0.8606
vn -0.0000 -0.5094 -0.8606
vt 0.567530 0.510273
vt 0.562547 0.510919
vt 0.568400 0.527959
vt 0.129789 0.388278
vt 0.128180 0.405786
vt 0.135042 0.389743
vt 0.213214 0.239252
vt 0.206213 0.272312
vt 0.235375 0.246843
vt 0.236021 0.302581
vt 0.258445 0.315551
vt 0.264842 0.281347
vt 0.186273 0.409995
vt 0.193753 0.350475
vt 0.166568 0.400950
vt 0.512854 0.516673
vt 0.532225 0.514594
vt 0.512286 0.455566
vt 0.511184 0.340209
vt 0.493193 0.337906
vt 0.511538 0.374760
vt 0.462058 0.390595
vt 0.482884 0.390410
vt 0.463413 0.354962
vt 0.324128 0.268148
vt 0.324789 0.265080
vt 0.320121 0.265436
vt 0.326023 0.216998
vt 0.287033 0.199073
vt 0.278630 0.224658
vt 0.419381 0.302344
vt 0.419048 0.305519
vt 0.423037 0.305841
vt 0.467615 0.267657
vt 0.433692 0.259584
vt 0.466105 0.295162
vt 0.353912 0.098628
vt 0.328990 0.030154
vt 0.500000 0.000000
vt 0.500000 0.072868
vt 0.555556 0.759424
vt 0.555556 0.806077
vt 0.500000 0.806077
vt 0.500000 0.759424
vt 0.611111 0.624066
vt 0.555556 0.624066
vt 0.555556 0.637885
vt 0.611111 0.637885
vt 0.055556 0.459240
vt 0.000000 0.459240
vt 0.000000 0.522977
vt 0.055556 0.522977
vt 0.555556 0.288381
vt 0.555556 0.188279
vt 0.500000 0.188279
vt 0.500000 0.288381
vt 0.555556 0.129474
vt 0.500000 0.129474
vt 0.555556 0.102412
vt 0.500000 0.102412
vt 0.282470 -0.248158
vt 0.281870 -0.266033
vt 0.518339 -0.269032
vt 0.518433 -0.250783
vt 0.398607 0.570722
vt 0.403358 0.503097
vt 0.349188 0.484725
vt 0.342515 0.551720
vt 0.432449 0.208949
vt 0.442746 0.165227
vt 0.409465 0.153251
vt 0.393041 0.195117
vt 0.225445 0.172798
vt 0.178606 0.116978
vt 0.611111 0.759424
vt 0.611111 0.806077
vt 0.666667 0.624066
vt 0.666667 0.637885
vt 0.111111 0.569489
vt 0.055556 0.569489
vt 0.055556 0.604917
vt 0.111111 0.604917
vt 0.611111 0.288381
vt 0.611111 0.188279
vt 0.611111 0.129474
vt 0.611111 0.102412
vt 0.077179 -0.244244
vt 0.076692 -0.260988
vt 0.455784 0.582259
vt 0.457987 0.514191
vt 0.471156 0.217075
vt 0.475733 0.172221
vt 0.130093 0.286434
vt 0.066987 0.250000
vt 0.666667 0.759424
vt 0.666667 0.806077
vt 0.722222 0.624066
vt 0.722222 0.637885
vt 0.111111 0.459240
vt 0.111111 0.522977
vt 0.666667 0.288381
vt 0.666667 0.188279
vt 0.666667 0.129474
vt 0.666667 0.102412
vt 0.866605 -0.255074
vt 0.865374 -0.269559
vt 1.014316 -0.222310
vt 1.017176 -0.210349
vt 0.513505 0.584760
vt 0.509583 0.219086
vt 0.508609 0.173964
vt 0.079358 0.425829
vt 0.007596 0.413176
vt 0.722222 0.759424
vt 0.722222 0.806077
vt 0.777778 0.624066
vt 0.777778 0.637885
vt 0.166667 0.569489
vt 0.166667 0.604917
vt 0.722222 0.288381
vt 0.722222 0.188279
vt 0.722222 0.129474
vt 0.722222 0.102412
vt 0.641379 -0.263211
vt 0.641834 -0.282891
vt 0.548034 0.214892
vt 0.541487 0.170395
vt 0.079358 0.574171
vt 0.007596 0.586824
vt 0.777778 0.759424
vt 0.777778 0.806077
vt 0.833333 0.624066
vt 0.833333 0.637885
vt 0.166667 0.459240
vt 0.166667 0.522977
vt 0.777778 0.288381
vt 0.777778 0.188279
vt 0.777778 0.129474
vt 0.777778 0.102412
vt 0.397188 -0.262647
vt 0.396666 -0.282547
vt 0.586842 0.204719
vt 0.574497 0.161661
vt 0.130093 0.713566
vt 0.066987 0.750000
vt 0.833333 0.759424
vt 0.833333 0.806077
vt 0.888889 0.624066
vt 0.888889 0.637885
vt 0.222222 0.569489
vt 0.222222 0.604917
vt 0.833333 0.288381
vt 0.833333 0.188279
vt 0.833333 0.129474
vt 0.833333 0.102412
vt 0.167618 -0.263218
vt 0.166913 -0.281102
vt 0.682443 0.541243
vt 0.675239 0.475089
vt 0.621667 0.495826
vt 0.627322 0.562716
vt 0.626515 0.189097
vt 0.607873 0.148109
vt 0.225445 0.827202
vt 0.178606 0.883022
vt 0.888889 0.759424
vt 0.888889 0.806077
vt 0.944444 0.624066
vt 0.944444 0.637885
vt 0.222222 0.459240
vt 0.222222 0.522977
vt 0.888889 0.288381
vt 0.888889 0.188279
vt 0.888889 0.129474
vt 0.888889 0.102412
vt 0.001399 -0.230033
vt 0.009649 -0.232639
vt 0.736561 0.516157
vt 0.728615 0.450446
vt 0.667945 0.168852
vt 0.642089 0.130263
vt 0.353912 0.901372
vt 0.328990 0.969846
vt 0.944444 0.759424
vt 0.944444 0.806077
vt 1.000000 0.624066
vt 1.000000 0.637885
vt 0.277778 0.569489
vt 0.277778 0.604917
vt 0.944444 0.288381
vt 0.944444 0.188279
vt 0.944444 0.129474
vt 0.944444 0.102412
vt 0.077179 -0.244243
vt 0.790304 0.490368
vt 0.782459 0.424652
vt 0.712767 0.145135
vt 0.678139 0.108812
vt 0.500000 0.927132
vt 0.500000 1.000000
vt 1.000000 0.759424
vt 1.000000 0.806077
vt 0.055556 0.624066
vt 0.000000 0.624066
vt 0.000000 0.637885
vt 0.055556 0.637885
vt 0.277778 0.459240
vt 0.277778 0.522977
vt 1.000000 0.288381
vt 1.000000 0.188279
vt 1.000000 0.129474
vt 1.000000 0.102412
vt 0.844380 0.466788
vt 0.837511 0.400634
vt 0.764085 0.119593
vt 0.718322 0.084639
vt 0.646088 0.901372
vt 0.671010 0.969846
vt 0.055556 0.759424
vt 0.055556 0.806077
vt 0.000000 0.806077
vt 0.000000 0.759424
vt 0.111111 0.624066
vt 0.111111 0.637885
vt 0.333333 0.569489
vt 0.333333 0.604917
vt 0.055556 0.288381
vt 0.055556 0.188279
vt 0.000000 0.188279
vt 0.000000 0.288381
vt 0.055556 0.129474
vt 0.000000 0.129474
vt 0.055555 0.102412
vt 0.000000 0.102412
vt 0.754518 -0.249391
vt 0.756020 -0.270321
vt 0.899303 0.448146
vt 0.894288 0.381315
vt 0.827839 0.094872
vt 0.769054 0.059033
vt 0.774555 0.827202
vt 0.821394 0.883022
vt 0.111111 0.759424
vt 0.111111 0.806077
vt 0.166667 0.624066
vt 0.166667 0.637885
vt 0.333333 0.459240
vt 0.333333 0.522977
vt 0.111111 0.288381
vt 0.111111 0.188279
vt 0.111111 0.129474
vt 0.111111 0.102412
vt 0.958938 -0.244424
vt 0.957037 -0.258024
vt 0.955182 0.436730
vt 0.952772 0.369293
vt 0.913342 0.075834
vt 0.854183 0.034987
vt 0.869907 0.713566
vt 0.933013 0.750000
vt 0.166667 0.759424
vt 0.166667 0.806077
vt 0.222222 0.624066
vt 0.222222 0.637885
vt 0.388889 0.569489
vt 0.388889 0.604917
vt 0.166667 0.288381
vt 0.166667 0.188279
vt 0.166667 0.129474
vt 0.166667 0.102412
vt 0.001399 -0.230033
vt 1.011660 0.434050
vt 1.012268 0.366361
vt 1.021256 0.070073
vt 1.038641 0.025253
vt 0.920642 0.574171
vt 0.992404 0.586824
vt 0.222222 0.759424
vt 0.222222 0.806077
vt 0.277778 0.624066
vt 0.277778 0.637885
vt 0.388889 0.459240
vt 0.388889 0.522977
vt 0.222222 0.288381
vt 0.222222 0.188279
vt 0.222222 0.129474
vt 0.222222 0.102412
vt 0.397188 -0.262647
vt 0.068089 0.440505
vt 0.071626 0.373014
vt 0.012268 0.366361
vt 0.011660 0.434050
vt 0.123554 0.081085
vt 0.186958 0.042352
vt 0.038641 0.025253
vt 0.021256 0.070073
vt 0.920642 0.425829
vt 0.992404 0.413176
vt 0.277778 0.759424
vt 0.277778 0.806077
vt 0.333333 0.624066
vt 0.333333 0.637885
vt 0.444444 0.569489
vt 0.444444 0.604917
vt 0.277778 0.288381
vt 0.277778 0.188279
vt 0.277778 0.129474
vt 0.277778 0.102412
vt 0.641379 -0.263211
vt 0.200948 0.102803
vt 0.255591 0.067562
vt 0.869907 0.286434
vt 0.933013 0.250000
vt 0.333333 0.759424
vt 0.333333 0.806077
vt 0.388889 0.624066
vt 0.388889 0.637885
vt 0.444444 0.459240
vt 0.444444 0.522977
vt 0.333333 0.288381
vt 0.333333 0.188279
vt 0.333333 0.129474
vt 0.333333 0.102412
vt 0.259811 0.128277
vt 0.301663 0.092941
vt 0.774555 0.172798
vt 0.821394 0.116978
vt 0.388889 0.759424
vt 0.388889 0.806077
vt 0.444444 0.624066
vt 0.444444 0.637885
vt 0.500000 0.569488
vt 0.500000 0.522977
vt 0.388889 0.288381
vt 0.388889 0.188279
vt 0.388889 0.129474
vt 0.388889 0.102412
vt 0.233182 0.501629
vt 0.241252 0.435332
vt 0.178831 0.476506
vt 0.308626 0.153525
vt 0.340159 0.116378
vt 0.646088 0.098628
vt 0.671010 0.030154
vt 0.444444 0.759424
vt 0.444444 0.806077
vt 0.500000 0.459239
vt 0.500000 0.624066
vt 0.500000 0.604917
vt 0.444444 0.288381
vt 0.444444 0.188279
vt 0.444444 0.129474
vt 0.444444 0.102412
vt 0.958938 -0.244424
vt 0.287523 0.527716
vt 0.295324 0.461237
vt 0.352206 0.176295
vt 0.375524 0.136755
vt 0.151222 0.182494
vt 0.214456 0.221642
vt 0.300290 0.124792
vt 0.261194 0.082684
vt 0.555556 0.459240
vt 0.555556 0.522977
vt 0.555556 0.569489
vt 0.555556 0.604917
vt 0.500000 0.788931
vt 0.444444 0.788931
vt 0.388889 0.788931
vt 0.333333 0.788931
vt 0.277778 0.788931
vt 0.222222 0.788931
vt 0.166667 0.788931
vt 0.111111 0.788931
vt 0.055556 0.788931
vt 0.000000 0.788931
vt 1.000000 0.788931
vt 0.944444 0.788931
vt 0.888889 0.788931
vt 0.833333 0.788931
vt 0.777778 0.788931
vt 0.722222 0.788931
vt 0.666667 0.788931
vt 0.611111 0.788931
vt 0.555556 0.788931
vt 0.444444 0.751236
vt 0.388889 0.751236
vt 0.500000 0.751236
vt 0.500000 0.718086
vt 0.444444 0.718086
vt 0.500000 0.684456
vt 0.444444 0.684456
vt 0.500000 0.656769
vt 0.444444 0.656769
vt 0.500000 0.637885
vt 0.333333 0.751236
vt 0.611111 0.569489
vt 0.611111 0.604917
vt 0.388889 0.718086
vt 0.388889 0.684456
vt 0.388889 0.656769
vt 0.277778 0.751236
vt 0.611111 0.459240
vt 0.611111 0.522977
vt 0.333333 0.718086
vt 0.333333 0.684456
vt 0.333333 0.656769
vt 0.222222 0.751236
vt 0.666667 0.569489
vt 0.666667 0.604917
vt 0.277778 0.718086
vt 0.277778 0.684456
vt 0.277778 0.656769
vt 0.166667 0.751236
vt 0.666667 0.459240
vt 0.666667 0.522977
vt 0.222222 0.718086
vt 0.222222 0.684456
vt 0.222222 0.656769
vt 0.111111 0.751236
vt 0.722222 0.569489
vt 0.722222 0.604917
vt 0.166667 0.718086
vt 0.166667 0.684456
vt 0.166667 0.656769
vt 0.055556 0.751236
vt 0.722222 0.459240
vt 0.722222 0.522977
vt 0.111111 0.718086
vt 0.111111 0.684456
vt 0.111111 0.656769
vt 0.000000 0.751236
vt 0.777778 0.569489
vt 0.777778 0.604917
vt 0.055556 0.718086
vt 0.055556 0.684456
vt 0.055556 0.656769
vt 1.000000 0.751236
vt 0.944444 0.751236
vt 0.777778 0.459240
vt 0.777778 0.522977
vt 0.000000 0.718086
vt 0.000000 0.684456
vt 0.000000 0.656769
vt 0.888889 0.751236
vt 0.833333 0.569489
vt 0.833333 0.604917
vt 1.000000 0.718086
vt 0.944444 0.718086
vt 1.000000 0.684456
vt 0.944444 0.684456
vt 1.000000 0.656769
vt 0.944444 0.656769
vt 0.833333 0.751236
vt 0.833333 0.459240
vt 0.833333 0.522977
vt 0.888889 0.718086
vt 0.888889 0.684456
vt 0.888889 0.656769
vt 0.777778 0.751236
vt 0.888889 0.569489
vt 0.888889 0.604917
vt 0.833333 0.718086
vt 0.833333 0.684456
vt 0.833333 0.656769
vt 0.722222 0.751236
vt 0.888889 0.459240
vt 0.888889 0.522977
vt 0.777778 0.718086
vt 0.777778 0.684456
vt 0.777778 0.656769
vt 0.666667 0.751236
vt 0.944444 0.569489
vt 0.944444 0.604917
vt 0.722222 0.718086
vt 0.722222 0.684456
vt 0.722222 0.656769
vt 0.611111 0.751236
vt 0.944444 0.459240
vt 0.944444 0.522977
vt 0.666667 0.718086
vt 0.666667 0.684456
vt 0.666667 0.656769
vt 0.555556 0.751236
vt 1.000000 0.569489
vt 1.000000 0.604917
vt 0.611111 0.718086
vt 0.611111 0.684456
vt 0.611111 0.656769
vt 1.000000 0.459240
vt 1.000000 0.522977
vt 0.555556 0.718086
vt 0.555556 0.684456
vt 0.555556 0.656769
vt 0.000000 0.569489
vt 0.000000 0.604917
vt 0.500000 0.416066
vt 0.444444 0.416067
vt 0.388889 0.416067
vt 0.333333 0.416067
vt 0.277778 0.416067
vt 0.222222 0.416066
vt 0.166667 0.416066
vt 0.111111 0.416066
vt 0.055556 0.416066
vt 0.000000 0.416066
vt 1.000000 0.416066
vt 0.944444 0.416066
vt 0.888889 0.416066
vt 0.833333 0.416067
vt 0.777778 0.416067
vt 0.722222 0.416067
vt 0.666667 0.416067
vt 0.611111 0.416067
vt 0.555556 0.416067
vt 0.500000 0.102343
vt 0.444444 0.102343
vt 0.500000 0.102711
vt 0.444444 0.102711
vt 0.500000 0.107992
vt 0.500000 0.113182
vt 0.444444 0.113182
vt 0.444444 0.107992
vt 0.388889 0.102343
vt 0.388889 0.102711
vt 0.388889 0.113182
vt 0.388889 0.107992
vt 0.333333 0.102343
vt 0.333333 0.102711
vt 0.333333 0.113182
vt 0.333333 0.107992
vt 0.277778 0.102343
vt 0.277778 0.102711
vt 0.277778 0.113182
vt 0.277778 0.107992
vt 0.222222 0.102343
vt 0.222222 0.102711
vt 0.222222 0.113182
vt 0.222222 0.107992
vt 0.166667 0.102343
vt 0.166667 0.102711
vt 0.166667 0.113182
vt 0.166667 0.107992
vt 0.111111 0.102343
vt 0.111111 0.102711
vt 0.111111 0.113182
vt 0.111111 0.107992
vt 0.055556 0.102343
vt 0.055556 0.102711
vt 0.055556 0.113182
vt 0.055556 0.107992
vt 0.000000 0.102343
vt 0.000000 0.102711
vt 0.000000 0.113182
vt 0.000000 0.107992
vt 1.000000 0.102343
vt 0.944444 0.102343
vt 1.000000 0.102711
vt 0.944444 0.102711
vt 1.000000 0.107992
vt 1.000000 0.113182
vt 0.944444 0.113182
vt 0.944444 0.107992
vt 0.888889 0.102343
vt 0.888889 0.102711
vt 0.888889 0.113182
vt 0.888889 0.107992
vt 0.833333 0.102343
vt 0.833333 0.102711
vt 0.833333 0.113182
vt 0.833333 0.107992
vt 0.777778 0.102343
vt 0.777778 0.102711
vt 0.777778 0.113182
vt 0.777778 0.107992
vt 0.722222 0.102343
vt 0.722222 0.102711
vt 0.722222 0.113182
vt 0.722222 0.107992
vt 0.666667 0.102343
vt 0.666667 0.102711
vt 0.666667 0.113182
vt 0.666667 0.107992
vt 0.611111 0.102343
vt 0.611111 0.102711
vt 0.611111 0.113182
vt 0.611111 0.107992
vt 0.555556 0.102343
vt 0.555556 0.102711
vt 0.555556 0.113182
vt 0.555556 0.107992
vt 0.518562 -0.193875
vt 0.518415 -0.127538
vt 0.690106 -0.097558
vt 0.713374 -0.161429
vt 0.314217 0.758538
vt 0.318245 0.738405
vt 0.261106 0.712985
vt 0.257015 0.732955
vt 0.329064 0.669654
vt 0.272507 0.644774
vt 0.340245 0.573769
vt 0.284922 0.549602
vt 0.842228 -0.011990
vt 0.885527 -0.063884
vt 0.207730 0.686794
vt 0.204029 0.706823
vt 0.218375 0.618527
vt 0.230550 0.523468
vt 0.956209 0.120728
vt 1.014430 0.086727
vt 0.156815 0.662751
vt 0.153780 0.682996
vt 0.165771 0.593949
vt 0.176454 0.498426
vt 1.016838 0.285331
vt 1.084700 0.272588
vt 0.107295 0.643200
vt 0.105100 0.663718
vt 0.113898 0.573658
vt 0.122032 0.477358
vt 1.072026 0.455057
vt 1.130188 0.468572
vt 0.058458 0.629915
vt 0.057217 0.650657
vt 0.062242 0.559745
vt 0.066992 0.462740
vt 1.021862 0.641621
vt 1.079287 0.676701
vt 0.009909 0.624058
vt 0.009683 0.644899
vt 0.010610 0.553626
vt 0.011467 0.456345
vt 0.879385 0.785668
vt 0.937239 0.849432
vt 1.009683 0.644899
vt 1.009909 0.624058
vt 0.961454 0.626124
vt 0.962251 0.646904
vt 1.010610 0.553626
vt 0.959033 0.555908
vt 1.011467 0.456345
vt 0.955916 0.458948
vt 0.715844 0.889603
vt 0.742773 0.961847
vt 0.912934 0.635900
vt 0.914708 0.656477
vt 0.907580 0.566317
vt 0.900856 0.470174
vt 0.521825 0.930364
vt 0.521324 0.997481
vt 0.864057 0.652506
vt 0.866713 0.672801
vt 0.856159 0.583754
vt 0.846548 0.488598
vt 0.326652 0.889846
vt 0.301170 0.959098
vt 0.814258 0.674456
vt 0.817652 0.694487
vt 0.804382 0.606428
vt 0.792836 0.512026
vt 0.162801 0.785552
vt 0.111936 0.843947
vt 0.762626 0.699727
vt 0.766542 0.719615
vt 0.751543 0.632014
vt 0.739187 0.537798
vt 0.023188 0.641147
vt -0.040183 0.677933
vt 0.707929 0.725761
vt 0.712022 0.745712
vt 0.696726 0.657754
vt 0.684878 0.563018
vt -0.045985 0.453264
vt -0.112752 0.466549
vt 0.648859 0.749440
vt 0.652566 0.769677
vt 0.639077 0.680553
vt 0.629274 0.584731
vt -0.043486 0.254261
vt -0.106790 0.245523
vt 0.584700 0.767206
vt 0.587218 0.787837
vt 0.578268 0.697210
vt 0.572117 0.600176
vt 0.027919 0.070233
vt -0.033905 0.035043
vt 0.516394 0.775682
vt 0.516943 0.796572
vt 0.515006 0.704975
vt 0.513742 0.607184
vt 0.161104 -0.070466
vt 0.116805 -0.122327
vt 0.446999 0.772949
vt 0.445370 0.793765
vt 0.451097 0.702387
vt 0.455019 0.604675
vt 0.339570 -0.126039
vt 0.323011 -0.164581
vt 0.380231 0.759601
vt 0.376974 0.780079
vt 0.388662 0.689892
vt 0.396965 0.592983
vt 0.356398 0.413997
vt 0.304029 0.391129
vt 0.362117 0.363255
vt 0.368890 0.311668
vt 0.319737 0.290005
vt 0.311118 0.340916
vt 0.250589 0.365496
vt 0.137133 0.317661
vt 0.166510 0.326350
vt 0.076140 0.301755
vt 0.143768 0.267090
vt 0.152826 0.215828
vt 0.086238 0.198472
vt 0.080320 0.250584
vt 0.013052 0.294808
vt 0.014724 0.190753
vt 0.013743 0.243337
vt 1.013052 0.294808
vt 0.949671 0.298029
vt 1.013743 0.243337
vt 1.014724 0.190753
vt 0.942416 0.194550
vt 0.946696 0.246810
vt 0.887975 0.310789
vt 0.874016 0.208859
vt 0.882132 0.260231
vt 0.829139 0.330900
vt 0.811777 0.230478
vt 0.821689 0.281011
vt 0.773240 0.355380
vt 0.755308 0.255654
vt 0.765360 0.305829
vt 0.719613 0.381116
vt 0.703088 0.281075
vt 0.712203 0.331455
vt 0.667349 0.405215
vt 0.653563 0.304075
vt 0.661066 0.355073
vt 0.615647 0.425135
vt 0.605543 0.322561
vt 0.610985 0.374336
vt 0.563989 0.438797
vt 0.558237 0.334955
vt 0.561312 0.387402
vt 0.538288 0.440977
vt 0.460275 0.442285
vt 0.408364 0.431668
vt 0.412265 0.380358
vt 0.416805 0.328082
vt 0.314015 0.305938
vt 0.358489 0.342690
vt 0.396717 0.228087
vt 0.365281 0.198856
vt 0.490264 0.400216
vt 0.534493 0.396879
vt 0.525284 0.269074
vt 0.492863 0.271525
vt 0.622239 0.356643
vt 0.666240 0.322866
vt 0.620899 0.212482
vt 0.589382 0.238864
vt 0.761434 0.240366
vt 0.819251 0.198852
vt 0.720337 0.101460
vt 0.684703 0.142492
vt 0.979272 0.147788
vt 1.071870 0.154715
vt 1.194734 0.040174
vt 0.914374 0.020991
vt 0.267051 0.264442
vt 0.333593 0.163999
vt 0.402240 0.371998
vt 0.428415 0.250539
vt 0.578496 0.381955
vt 0.557514 0.258012
vt 0.711815 0.283087
vt 0.652376 0.179950
vt 0.891047 0.164912
vt 0.768770 0.058611
vt 0.071870 0.154715
vt 0.194734 0.040174
vt 0.446106 0.391688
vt 0.460498 0.265245
vt 0.372277 0.289455
vt 0.374799 0.274372
vt 0.384076 0.228332
vt 0.337026 0.217321
vt 0.287074 0.271872
vt 0.257722 0.233500
vt 0.218728 0.217597
vt 0.223761 0.200695
vt 0.276509 0.225394
vt 0.233828 0.173323
vt 0.157911 0.193853
vt 0.162682 0.176670
vt 0.172617 0.148785
vt 0.089673 0.176019
vt 0.092986 0.158386
vt 0.100188 0.129571
vt 0.015283 0.168017
vt 0.015831 0.150102
vt 0.017040 0.120660
vt 1.015283 0.168017
vt 0.939869 0.171999
vt 1.015831 0.150102
vt 0.937397 0.154256
vt 1.017040 0.120660
vt 0.931934 0.125187
vt 0.869367 0.186807
vt 0.864964 0.169531
vt 0.855639 0.141434
vt 0.806332 0.208861
vt 0.801317 0.191970
vt 0.791149 0.164601
vt 0.749989 0.234188
vt 0.745208 0.217408
vt 0.735841 0.190193
vt 0.698411 0.259466
vt 0.694284 0.242542
vt 0.686399 0.214994
vt 0.649806 0.282131
vt 0.646535 0.264906
vt 0.640396 0.236760
vt 0.602868 0.300224
vt 0.600561 0.282658
vt 0.596287 0.253867
vt 0.556749 0.312291
vt 0.555473 0.294448
vt 0.553130 0.265150
vt 0.510942 0.317378
vt 0.510735 0.299397
vt 0.510362 0.269854
vt 0.479275 0.314486
vt 0.467460 0.297009
vt 0.447766 0.333051
vt 0.425382 0.252567
vt 0.945276 0.599144
vt 0.990113 0.590487
vt 0.989838 0.573213
vt 0.943774 0.582103
vt 0.988861 0.508850
vt 0.938470 0.518566
vt 0.987809 0.438879
vt 0.932830 0.449473
vt 0.986590 0.364903
vt 0.926405 0.376496
vt 0.920628 0.320655
vt 0.985472 0.308162
vt 0.984675 0.274568
vt 0.916584 0.287691
vt 0.811393 0.685833
vt 0.856421 0.648762
vt 0.852722 0.632824
vt 0.806751 0.670445
vt 0.840157 0.572984
vt 0.791447 0.612254
vt 0.827681 0.507487
vt 0.776995 0.548068
vt 0.814600 0.438197
vt 0.762640 0.479816
vt 0.751430 0.427544
vt 0.803845 0.385315
vt 0.796857 0.354235
vt 0.744420 0.396748
vt 0.647797 0.809012
vt 0.710947 0.770256
vt 0.704939 0.755015
vt 0.642095 0.793068
vt 0.686874 0.696687
vt 0.626073 0.732399
vt 0.671979 0.631623
vt 0.613956 0.665187
vt 0.658913 0.561913
vt 0.603997 0.593456
vt 0.597292 0.538216
vt 0.649703 0.508165
vt 0.644320 0.476314
vt 0.593479 0.505469
vt 0.393943 0.826262
vt 0.479923 0.842930
vt 0.480965 0.825678
vt 0.398677 0.809755
vt 0.483644 0.761365
vt 0.411454 0.747442
vt 0.485481 0.691418
vt 0.420675 0.678933
vt 0.486899 0.617448
vt 0.428020 0.606106
vt 0.432865 0.550113
vt 0.487816 0.560701
vt 0.488325 0.527098
vt 0.435588 0.516933
vt 0.322810 0.792868
vt 0.328815 0.777298
vt 0.346225 0.717816
vt 0.359912 0.651630
vt 0.371482 0.580824
vt 0.379422 0.526245
vt 0.383988 0.493889
vt 0.168622 0.668775
vt 0.214730 0.708813
vt 0.219853 0.693634
vt 0.172862 0.653164
vt 0.236395 0.635975
vt 0.187038 0.594334
vt 0.251515 0.572071
vt 0.200740 0.529679
vt 0.266051 0.503894
vt 0.214687 0.461101
vt 0.225829 0.408676
vt 0.277078 0.451545
vt 0.283835 0.420643
vt 0.232912 0.377831
vt 0.035028 0.593876
vt 0.079691 0.609017
vt 0.081850 0.592229
vt 0.035996 0.576694
vt 0.089412 0.529566
vt 0.039431 0.512661
vt 0.097340 0.461376
vt 0.043111 0.443044
vt 0.106208 0.389392
vt 0.047346 0.369474
vt 0.051201 0.313103
vt 0.114019 0.334408
vt 0.119387 0.302023
vt 0.053928 0.279770
vt 0.900768 0.619109
vt 0.898115 0.602561
vt 0.888895 0.540719
vt 0.879365 0.473351
vt 0.868889 0.402236
vt 0.859840 0.347971
vt 0.853723 0.316054
vt 0.763921 0.727517
vt 0.758455 0.712424
vt 0.741133 0.654902
vt 0.725743 0.590938
vt 0.711341 0.522545
vt 0.700660 0.469932
vt 0.694214 0.438828
vt 0.569762 0.836206
vt 0.566361 0.819281
vt 0.557427 0.755827
vt 0.551169 0.686481
vt 0.546277 0.612980
vt 0.543088 0.556539
vt 0.541307 0.523107
vt 0.264804 0.751596
vt 0.270631 0.736486
vt 0.288595 0.678715
vt 0.303929 0.614296
vt 0.317776 0.545292
vt 0.327754 0.492120
vt 0.333666 0.460635
vt 0.124051 0.634654
vt 0.127302 0.618444
vt 0.138470 0.557728
vt 0.149770 0.491437
vt 0.161879 0.421404
vt 0.172059 0.367984
vt 0.178790 0.336592
vt 1.035028 0.593876
vt 1.035996 0.576694
vt 1.039431 0.512661
vt 1.043111 0.443044
vt 1.047346 0.369474
vt 1.051201 0.313103
vt 1.053928 0.279770
vt 0.288458 0.029719
vt 0.285717 0.004301
vt 0.367446 0.098189
vt 0.340282 0.077399
vt 0.479414 0.146900
vt 0.451073 0.140838
vt 0.564481 0.137773
vt 0.536224 0.145335
vt 0.647637 0.091528
vt 0.620253 0.110411
vt 0.724807 0.021368
vt 0.700855 0.046327
vt 0.313688 0.054342
vt 0.395013 0.116062
vt 0.507833 0.148416
vt 0.592515 0.125997
vt 0.674588 0.069948
vt 1.285717 0.004301
vt 0.422912 0.130439
vt 0.983731 0.241365
vt 0.911881 0.255221
vt 0.982333 0.202840
vt 0.905098 0.217757
vt 0.789258 0.323775
vt 0.737029 0.366501
vt 0.779222 0.288893
vt 0.727617 0.331754
vt 0.638921 0.444857
vt 0.589723 0.473096
vt 0.632407 0.408433
vt 0.585277 0.435546
vt 0.488820 0.493882
vt 0.438250 0.484131
vt 0.489398 0.455333
vt 0.441379 0.446069
vt 0.388518 0.461909
vt 0.393922 0.424838
vt 0.290851 0.390238
vt 0.240480 0.347573
vt 0.299630 0.355221
vt 0.250262 0.312873
vt 0.125522 0.270206
vt 0.057134 0.246875
vt 0.134157 0.233641
vt 0.061829 0.208801
vt 0.846838 0.284745
vt 0.837341 0.248847
vt 0.687597 0.408180
vt 0.679418 0.372817
vt 0.539573 0.490057
vt 0.537544 0.451703
vt 0.339654 0.429567
vt 0.346950 0.393641
vt 0.186220 0.305828
vt 0.196214 0.270603
vt 1.057134 0.246875
vt 1.061829 0.208801
vt 0.077182 0.627742
vt 0.120238 0.652693
vt 0.208546 0.725558
vt 0.257604 0.768189
vt 0.478481 0.862186
vt 0.574405 0.855015
vt 0.718473 0.786976
vt 0.770579 0.744130
vt 0.860779 0.666472
vt 0.903862 0.637550
vt 0.990430 0.609777
vt 1.033907 0.613058
vt 0.163590 0.686083
vt 0.315129 0.809958
vt 0.655233 0.826554
vt 0.816941 0.702859
vt 0.947017 0.618163
vt 0.033907 0.613058
vt 0.387604 0.844519
vt 0.166437 0.396677
vt 0.109662 0.363956
vt 0.322411 0.520738
vt 0.271114 0.479699
vt 0.544765 0.586911
vt 0.487334 0.591234
vt 0.706411 0.498239
vt 0.654614 0.537099
vt 0.864867 0.377123
vt 0.809758 0.413721
vt 1.049035 0.343424
vt 0.986102 0.338690
vt 0.219740 0.436845
vt 0.375208 0.555628
vt 0.600838 0.567952
vt 0.757528 0.455641
vt 0.923866 0.350679
vt 0.049035 0.343424
vt 0.430312 0.580248
vt 0.282178 -0.273045
vt 0.303508 -0.215246
vt 0.518414 -0.256125
vt 0.518243 -0.317594
vt 0.314332 -0.185722
vt 0.518430 -0.224211
vt 0.047427 -0.196084
vt 0.079340 -0.163190
vt 0.096972 -0.144501
vt -0.142187 -0.022674
vt -0.093349 0.001806
vt -0.065592 0.016690
vt -0.219500 0.232204
vt -0.172258 0.235418
vt -0.142065 0.239418
vt -0.211582 0.493332
vt -0.166087 0.480135
vt -0.139218 0.473424
vt -0.153493 0.746200
vt -0.101706 0.713867
vt -0.073066 0.696648
vt 0.016998 0.956138
vt 0.059646 0.904601
vt 0.085105 0.874827
vt 0.252583 1.092556
vt 0.276912 1.025737
vt 0.289797 0.990099
vt 0.520547 1.123213
vt 0.521244 1.066777
vt 0.521136 1.031450
vt 0.791769 1.097751
vt 0.769947 1.034645
vt 0.756919 0.999153
vt 1.034269 0.964145
vt 0.982483 0.904215
vt 0.961715 0.878271
vt 1.193251 0.745741
vt 1.144938 0.714076
vt 1.114287 0.696023
vt 1.215083 0.494615
vt 1.180134 0.481767
vt 1.157092 0.475173
vt 1.209548 0.251157
vt 1.147449 0.261786
vt 1.115809 0.267289
vt 1.123040 0.024613
vt 1.068956 0.055534
vt 1.042132 0.070809
vt 0.965983 -0.159382
vt 0.925893 -0.111800
vt 0.906034 -0.088273
vt 0.756125 -0.278944
vt 0.734831 -0.220410
vt 0.723920 -0.190426
vt 0.518500 -0.213129
vt 0.751606 -0.208613
vt 0.960221 -0.213471
vt 1.019891 -0.182486
vt 0.867077 -0.222492
vt 0.640417 -0.224307
vt 0.398296 -0.222761
vt 0.168624 -0.228503
vt -0.014263 -0.222049
vt 0.283218 -0.214566
vt 0.069084 -0.226526
vt -0.014263 -0.222049
vt 0.168624 -0.228503
vt 0.640417 -0.224307
vt 0.867077 -0.222492
vt 1.019891 -0.182486
vt 0.283218 -0.214566
vt 0.284084 -0.191502
vt 0.518564 -0.189401
vt 0.063454 -0.214979
vt 0.866061 -0.199131
vt 1.019658 -0.161974
vt 0.639874 -0.199806
vt 0.398912 -0.198291
vt 0.163637 -0.218374
vt -0.023561 -0.214566
vt 0.749651 -0.182523
vt 0.959379 -0.191079
vt 0.507934 0.444315
vt 0.518845 0.391590
vt 0.194912 0.285276
vt 0.199914 0.341445
vt 0.373223 0.800219
vt 0.309678 0.778298
vt 0.443464 0.814296
vt 0.517597 0.817195
vt 0.590154 0.808162
vt 0.656795 0.789562
vt 0.716591 0.765300
vt 0.770832 0.739157
vt 0.821314 0.714202
vt 0.869545 0.692809
vt 0.916583 0.676787
vt 0.963087 0.667427
vt 1.009441 0.665484
vt 0.055903 0.671133
vt 0.009441 0.665484
vt 0.102766 0.683949
vt 0.150523 0.702927
vt 0.200008 0.726504
vt 0.252496 0.752553
vt 0.123883 0.455277
vt 0.570925 0.577908
vt 0.368494 0.821061
vt 0.370614 0.812119
vt 0.306655 0.789957
vt 0.304182 0.798700
vt 0.440909 0.835654
vt 0.442024 0.826488
vt 0.518261 0.838737
vt 0.517889 0.829512
vt 0.593690 0.829413
vt 0.592014 0.820351
vt 0.661869 0.810352
vt 0.659526 0.801523
vt 0.721989 0.785803
vt 0.719538 0.777116
vt 0.775835 0.759659
vt 0.773594 0.750977
vt 0.825550 0.734932
vt 0.823676 0.726147
vt 0.872817 0.713880
vt 0.871388 0.704940
vt 0.918771 0.698189
vt 0.917833 0.689096
vt 0.964114 0.689048
vt 0.963696 0.679851
vt 1.009267 0.687144
vt 1.009384 0.677921
vt 0.054525 0.692636
vt 0.055175 0.683471
vt 0.009384 0.677921
vt 0.009267 0.687144
vt 0.100222 0.705133
vt 0.101387 0.696097
vt 0.146889 0.723715
vt 0.148536 0.714839
vt 0.195417 0.746940
vt 0.197488 0.738205
vt 0.247199 0.772822
vt 0.249584 0.764148
vt 0.372275 0.804533
vt 0.370054 0.814781
vt 0.305940 0.792555
vt 0.308614 0.782531
vt 0.442891 0.818727
vt 0.441809 0.829193
vt 0.517605 0.821704
vt 0.518132 0.832185
vt 0.590713 0.812668
vt 0.592625 0.822916
vt 0.657685 0.794024
vt 0.660299 0.803969
vt 0.717588 0.769734
vt 0.720305 0.779486
vt 0.771793 0.743604
vt 0.774265 0.753328
vt 0.822158 0.718694
vt 0.824211 0.728525
vt 0.870225 0.697362
vt 0.871770 0.707368
vt 0.917067 0.681395
vt 0.918052 0.691581
vt 0.963353 0.672065
vt 0.963749 0.682382
vt 1.009477 0.670113
vt 1.009270 0.680480
vt 0.055703 0.675712
vt 0.054900 0.686036
vt 0.009270 0.680480
vt 0.009477 0.670113
vt 0.102334 0.688441
vt 0.100963 0.698651
vt 0.149870 0.707313
vt 0.147979 0.717379
vt 0.199157 0.730791
vt 0.196823 0.740740
vt 0.251492 0.756780
vt 0.248854 0.766699
vt 0.461803 0.812366
vt 0.511445 0.822083
vt 0.511445 0.720431
vt 0.461803 0.728249
vt 0.476619 0.624889
vt 0.432985 0.649186
vt 0.411168 0.546979
vt 0.378823 0.584714
vt 0.322986 0.496098
vt 0.305852 0.542611
vt 0.222709 0.478385
vt 0.222872 0.527953
vt 0.122432 0.495975
vt 0.139891 0.542508
vt 0.034250 0.546747
vt 0.066920 0.584522
vt -0.031201 0.624576
vt 0.012758 0.648927
vt -0.066026 0.720076
vt -0.016060 0.727955
vt -0.066026 0.821728
vt -0.016060 0.812073
vt -0.031201 0.917271
vt 0.012758 0.891135
vt 0.034250 0.995181
vt 0.066920 0.955607
vt 0.122432 1.046061
vt 0.139891 0.997711
vt 0.222709 1.063774
vt 0.222872 1.012369
vt 0.322986 1.046184
vt 0.305852 0.997813
vt 0.411168 0.995413
vt 0.378823 0.955799
vt 0.476619 0.917583
vt 0.432985 0.891394
vt 0.370174 0.814294
vt 0.306072 0.792078
vt 0.441881 0.828692
vt 0.518129 0.831674
vt 0.592552 0.822406
vt 0.660186 0.803464
vt 0.720181 0.778985
vt 0.774147 0.752825
vt 0.824109 0.728016
vt 0.871689 0.706852
vt 0.917995 0.691059
vt 0.963717 0.681856
vt 1.009266 0.679954
vt 0.054925 0.685516
vt 0.009266 0.679954
vt 0.101015 0.698142
vt 0.148058 0.716883
vt 0.196927 0.740256
vt 0.248978 0.766223
vt 0.548284 0.561793
vt 0.568867 0.537375
vt 0.570711 0.534855
vt 0.125539 0.412344
vt 0.127345 0.415110
vt 0.146916 0.443269
s 1
usemtl Material_002
f 1/1/1 2/2/2 3/3/3
f 4/4/4 5/5/5 6/6/6
f 7/7/7 8/8/8 9/9/9
f 10/10/10 11/11/11 12/12/12
f 13/13/13 14/14/14 15/15/15
f 16/16/16 17/17/17 18/18/18
f 19/19/19 20/20/20 21/21/21
f 22/22/22 23/23/23 24/24/24
f 25/25/25 26/26/26 27/27/27
f 28/28/28 29/29/29 30/30/30
f 31/31/31 32/32/32 33/33/33
f 34/34/34 35/35/35 36/36/36
f 37/37/37 38/38/38 39/39/39
f 37/37/37 39/39/39 40/40/40
f 41/41/41 42/42/41 43/43/42
f 41/41/41 43/43/42 44/44/42
f 45/45/43 46/46/44 47/47/45
f 45/45/43 47/47/45 48/48/46
f 49/49/47 50/50/48 51/51/48
f 49/49/47 51/51/48 52/52/47
f 53/53/49 54/54/50 55/55/51
f 53/53/49 55/55/51 56/56/52
f 54/54/50 57/57/53 58/58/54
f 54/54/50 58/58/54 55/55/51
f 57/57/53 59/59/55 60/60/56
f 57/57/53 60/60/56 58/58/54
f 61/61/57 62/62/58 63/63/59
f 61/61/57 63/63/59 64/64/60
f 65/65/61 66/66/62 67/67/63
f 65/65/61 67/67/63 68/68/64
f 69/69/65 70/70/66 71/71/67
f 69/69/65 71/71/67 72/72/68
f 73/73/69 74/74/70 38/38/38
f 73/73/69 38/38/38 37/37/37
f 75/75/71 76/76/71 42/42/41
f 75/75/71 42/42/41 41/41/41
f 77/77/72 45/45/43 48/48/46
f 77/77/72 48/48/46 78/78/73
f 79/79/74 80/80/75 81/81/76
f 79/79/74 81/81/76 82/82/77
f 83/83/78 84/84/79 54/54/50
f 83/83/78 54/54/50 53/53/49
f 84/84/79 85/85/80 57/57/53
f 84/84/79 57/57/53 54/54/50
f 85/85/80 86/86/81 59/59/55
f 85/85/80 59/59/55 57/57/53
f 87/87/82 88/88/83 62/62/58
f 87/87/82 62/62/58 61/61/57
f 89/89/84 90/90/85 66/66/62
f 89/89/84 66/66/62 65/65/61
f 91/91/86 92/92/87 70/70/66
f 91/91/86 70/70/66 69/69/65
f 93/93/88 94/94/89 74/74/70
f 93/93/88 74/74/70 73/73/69
f 95/95/90 96/96/90 76/76/71
f 95/95/90 76/76/71 75/75/71
f 97/97/91 77/77/72 78/78/73
f 97/97/91 78/78/73 98/98/92
f 99/99/93 49/49/47 52/52/47
f 99/99/93 52/52/47 100/100/93
f 101/101/94 102/102/95 84/84/79
f 101/101/94 84/84/79 83/83/78
f 102/102/95 103/103/96 85/85/80
f 102/102/95 85/85/80 84/84/79
f 103/103/96 104/104/97 86/86/81
f 103/103/96 86/86/81 85/85/80
f 105/105/98 106/106/99 107/107/100
f 105/105/98 107/107/100 108/108/82
f 109/109/101 16/16/16 90/90/85
f 109/109/101 90/90/85 89/89/84
f 110/110/102 111/111/103 92/92/87
f 110/110/102 92/92/87 91/91/86
f 112/112/104 113/113/105 94/94/89
f 112/112/104 94/94/89 93/93/88
f 114/114/106 115/115/106 96/96/90
f 114/114/106 96/96/90 95/95/90
f 116/116/107 97/97/91 98/98/92
f 116/116/107 98/98/92 117/117/108
f 118/118/109 79/79/74 82/82/77
f 118/118/109 82/82/77 119/119/110
f 120/120/111 121/121/112 102/102/95
f 120/120/111 102/102/95 101/101/94
f 121/121/112 122/122/113 103/103/96
f 121/121/112 103/103/96 102/102/95
f 122/122/113 123/123/114 104/104/97
f 122/122/113 104/104/97 103/103/96
f 124/124/115 125/125/116 106/106/99
f 124/124/115 106/106/99 105/105/98
f 126/126/117 127/127/118 111/111/103
f 126/126/117 111/111/103 110/110/102
f 128/128/119 129/129/120 113/113/105
f 128/128/119 113/113/105 112/112/104
f 130/130/121 131/131/121 115/115/106
f 130/130/121 115/115/106 114/114/106
f 132/132/122 116/116/107 117/117/108
f 132/132/122 117/117/108 133/133/123
f 134/134/124 99/99/93 100/100/93
f 134/134/124 100/100/93 135/135/124
f 136/136/125 137/137/126 121/121/112
f 136/136/125 121/121/112 120/120/111
f 137/137/126 138/138/127 122/122/113
f 137/137/126 122/122/113 121/121/112
f 138/138/127 139/139/128 123/123/114
f 138/138/127 123/123/114 122/122/113
f 140/140/129 141/141/130 125/125/116
f 140/140/129 125/125/116 124/124/115
f 142/142/131 143/143/132 127/127/118
f 142/142/131 127/127/118 126/126/117
f 144/144/133 145/145/134 129/129/120
f 144/144/133 129/129/120 128/128/119
f 146/146/135 147/147/135 131/131/121
f 146/146/135 131/131/121 130/130/121
f 148/148/136 132/132/122 133/133/123
f 148/148/136 133/133/123 149/149/137
f 150/150/138 118/118/109 119/119/110
f 150/150/138 119/119/110 151/151/139
f 152/152/140 153/153/141 137/137/126
f 152/152/140 137/137/126 136/136/125
f 153/153/141 154/154/142 138/138/127
f 153/153/141 138/138/127 137/137/126
f 154/154/142 155/155/143 139/139/128
f 154/154/142 139/139/128 138/138/127
f 156/156/144 157/157/145 141/141/130
f 156/156/144 141/141/130 140/140/129
f 158/158/146 159/159/147 160/160/148
f 158/158/146 160/160/148 161/161/149
f 162/162/150 163/163/151 143/143/132
f 162/162/150 143/143/132 142/142/131
f 164/164/152 165/165/153 145/145/134
f 164/164/152 145/145/134 144/144/133
f 166/166/154 167/167/154 147/147/135
f 166/166/154 147/147/135 146/146/135
f 168/168/155 148/148/136 149/149/137
f 168/168/155 149/149/137 169/169/156
f 170/170/157 134/134/124 135/135/124
f 170/170/157 135/135/124 171/171/157
f 172/172/158 173/173/159 153/153/141
f 172/172/158 153/153/141 152/152/140
f 173/173/159 174/174/160 154/154/142
f 173/173/159 154/154/142 153/153/141
f 174/174/160 175/175/161 155/155/143
f 174/174/160 155/155/143 154/154/142
f 176/176/162 177/177/163 157/157/145
f 176/176/162 157/157/145 156/156/144
f 178/178/164 179/179/165 159/159/147
f 178/178/164 159/159/147 158/158/146
f 180/180/166 181/181/167 163/163/151
f 180/180/166 163/163/151 162/162/150
f 182/182/168 183/183/169 165/165/153
f 182/182/168 165/165/153 164/164/152
f 184/184/170 185/185/170 167/167/154
f 184/184/170 167/167/154 166/166/154
f 186/186/171 168/168/155 169/169/156
f 186/186/171 169/169/156 187/187/172
f 188/188/173 150/150/138 151/151/139
f 188/188/173 151/151/139 189/189/174
f 190/190/175 191/191/176 173/173/159
f 190/190/175 173/173/159 172/172/158
f 191/191/176 192/192/177 174/174/160
f 191/191/176 174/174/160 173/173/159
f 192/192/177 193/193/178 175/175/161
f 192/192/177 175/175/161 174/174/160
f 194/61/179 195/62/180 196/88/181
f 194/61/179 196/88/181 197/194/182
f 198/195/183 199/196/184 179/179/165
f 198/195/183 179/179/165 178/178/164
f 200/197/185 201/198/186 181/181/167
f 200/197/185 181/181/167 180/180/166
f 202/199/187 203/200/188 183/183/169
f 202/199/187 183/183/169 182/182/168
f 204/201/189 205/202/189 185/185/170
f 204/201/189 185/185/170 184/184/170
f 206/203/190 207/204/171 208/205/172
f 206/203/190 208/205/172 209/206/191
f 210/207/192 170/170/157 171/171/157
f 210/207/192 171/171/157 211/208/192
f 212/209/193 213/210/194 191/191/176
f 212/209/193 191/191/176 190/190/175
f 213/210/194 214/211/195 192/192/177
f 213/210/194 192/192/177 191/191/176
f 214/211/195 215/212/196 193/193/178
f 214/211/195 193/193/178 192/192/177
f 216/64/197 217/63/198 195/62/180
f 216/64/197 195/62/180 194/61/179
f 218/213/199 219/214/200 199/196/184
f 218/213/199 199/196/184 198/195/183
f 220/215/201 221/216/202 201/198/186
f 220/215/201 201/198/186 200/197/185
f 222/217/203 223/218/204 203/200/188
f 222/217/203 203/200/188 202/199/187
f 224/219/205 225/220/205 226/221/189
f 224/219/205 226/221/189 227/222/189
f 228/223/206 206/203/190 209/206/191
f 228/223/206 209/206/191 229/224/207
f 230/225/208 188/188/173 189/189/174
f 230/225/208 189/189/174 231/226/209
f 232/227/210 233/228/211 234/229/212
f 232/227/210 234/229/212 235/230/193
f 233/228/211 236/231/213 237/232/214
f 233/228/211 237/232/214 234/229/212
f 236/231/213 238/233/215 239/234/196
f 236/231/213 239/234/196 237/232/214
f 240/235/216 241/236/217 217/63/198
f 240/235/216 217/63/198 216/64/197
f 242/237/218 243/238/219 219/214/200
f 242/237/218 219/214/200 218/213/199
f 244/239/220 245/240/221 221/216/202
f 244/239/220 221/216/202 220/215/201
f 246/241/222 247/242/223 223/218/204
f 246/241/222 223/218/204 222/217/203
f 248/243/224 249/244/224 225/220/205
f 248/243/224 225/220/205 224/219/205
f 250/245/225 228/223/206 229/224/207
f 250/245/225 229/224/207 251/246/226
f 252/247/227 210/207/192 211/208/192
f 252/247/227 211/208/192 253/248/227
f 254/249/228 255/250/229 233/228/211
f 254/249/228 233/228/211 232/227/210
f 255/250/229 256/251/230 236/231/213
f 255/250/229 236/231/213 233/228/211
f 256/251/230 257/252/231 238/233/215
f 256/251/230 238/233/215 236/231/213
f 258/253/232 259/254/233 241/236/217
f 258/253/232 241/236/217 240/235/216
f 260/255/234 261/256/235 243/238/219
f 260/255/234 243/238/219 242/237/218
f 262/257/236 263/258/237 245/240/221
f 262/257/236 245/240/221 244/239/220
f 264/259/238 265/260/239 247/242/223
f 264/259/238 247/242/223 246/241/222
f 266/261/240 267/262/240 249/244/224
f 266/261/240 249/244/224 248/243/224
f 268/263/241 250/245/225 251/246/226
f 268/263/241 251/246/226 269/264/242
f 270/265/243 230/225/208 231/226/209
f 270/265/243 231/226/209 271/266/244
f 272/267/245 273/268/246 255/250/229
f 272/267/245 255/250/229 254/249/228
f 273/268/246 274/269/247 256/251/230
f 273/268/246 256/251/230 255/250/229
f 274/269/247 275/270/248 257/252/231
f 274/269/247 257/252/231 256/251/230
f 276/156/249 277/157/250 278/177/251
f 276/156/249 278/177/251 279/271/232
f 280/272/252 281/273/253 261/256/235
f 280/272/252 261/256/235 260/255/234
f 282/274/254 283/275/255 263/258/237
f 282/274/254 263/258/237 262/257/236
f 284/276/256 285/277/257 265/260/239
f 284/276/256 265/260/239 264/259/238
f 286/278/258 287/279/258 267/262/240
f 286/278/258 267/262/240 266/261/240
f 288/280/259 268/263/241 269/264/242
f 288/280/259 269/264/242 289/281/260
f 290/282/261 252/247/227 253/248/227
f 290/282/261 253/248/227 291/283/261
f 292/284/262 293/285/263 273/268/246
f 292/284/262 273/268/246 272/267/245
f 293/285/263 294/286/264 274/269/247
f 293/285/263 274/269/247 273/268/246
f 294/286/264 295/287/265 275/270/248
f 294/286/264 275/270/248 274/269/247
f 296/288/266 297/141/267 277/157/250
f 296/288/266 277/157/250 276/156/249
f 298/289/268 299/290/269 300/291/270
f 298/289/268 300/291/270 301/292/271
f 302/293/272 303/294/273 304/295/274
f 302/293/272 304/295/274 305/296/254
f 306/297/275 307/298/276 285/277/257
f 306/297/275 285/277/257 284/276/256
f 308/299/277 309/300/277 287/279/258
f 308/299/277 287/279/258 286/278/258
f 310/301/278 288/280/259 289/281/260
f 310/301/278 289/281/260 311/302/279
f 312/303/280 270/265/243 271/266/244
f 312/303/280 271/266/244 313/304/281
f 314/305/282 315/306/283 293/285/263
f 314/305/282 293/285/263 292/284/262
f 315/306/283 316/307/284 294/286/264
f 315/306/283 294/286/264 293/285/263
f 316/307/284 317/308/285 295/287/265
f 316/307/284 295/287/265 294/286/264
f 318/309/286 319/125/287 297/141/267
f 318/309/286 297/141/267 296/288/266
f 320/310/288 321/311/289 303/294/273
f 320/310/288 303/294/273 302/293/272
f 322/312/290 323/313/291 307/298/276
f 322/312/290 307/298/276 306/297/275
f 324/314/292 325/315/292 309/300/277
f 324/314/292 309/300/277 308/299/277
f 326/316/293 310/301/278 311/302/279
f 326/316/293 311/302/279 327/317/294
f 328/318/295 290/282/261 291/283/261
f 328/318/295 291/283/261 329/319/295
f 330/320/296 331/321/297 315/306/283
f 330/320/296 315/306/283 314/305/282
f 331/321/297 332/322/298 316/307/284
f 331/321/297 316/307/284 315/306/283
f 332/322/298 333/323/299 317/308/285
f 332/322/298 317/308/285 316/307/284
f 334/105/300 335/106/301 319/125/287
f 334/105/300 319/125/287 318/309/286
f 336/324/302 337/325/303 321/311/289
f 336/324/302 321/311/289 320/310/288
f 338/326/304 339/327/305 323/313/291
f 338/326/304 323/313/291 322/312/290
f 340/328/306 341/329/306 325/315/292
f 340/328/306 325/315/292 324/314/292
f 342/330/307 326/316/293 327/317/294
f 342/330/307 327/317/294 343/331/308
f 344/332/309 345/333/310 346/319/311
f 344/332/309 346/319/311 312/303/280
f 347/334/312 348/335/313 331/321/297
f 347/334/312 331/321/297 330/320/296
f 348/335/313 349/336/314 332/322/298
f 348/335/313 332/322/298 331/321/297
f 349/336/314 350/337/315 333/323/299
f 349/336/314 333/323/299 332/322/298
f 351/108/316 352/107/317 335/106/301
f 351/108/316 335/106/301 334/105/300
f 353/338/318 354/339/319 13/13/13
f 353/338/318 13/13/13 355/340/320
f 356/341/321 357/342/322 337/325/303
f 356/341/321 337/325/303 336/324/302
f 358/343/323 359/344/324 339/327/305
f 358/343/323 339/327/305 338/326/304
f 360/345/325 361/346/325 341/329/306
f 360/345/325 341/329/306 340/328/306
f 362/333/326 363/347/326 328/318/295
f 362/333/326 328/318/295 329/319/295
f 364/348/327 365/349/328 313/304/281
f 364/348/327 313/304/281 342/330/307
f 366/350/329 367/351/330 348/335/313
f 366/350/329 348/335/313 347/334/312
f 367/351/330 368/352/331 349/336/314
f 367/351/330 349/336/314 348/335/313
f 368/352/331 369/353/332 350/337/315
f 368/352/331 350/337/315 349/336/314
f 370/235/333 371/236/334 372/254/335
f 370/235/333 372/254/335 373/354/316
f 374/355/336 375/356/337 354/339/319
f 374/355/336 354/339/319 353/338/318
f 376/357/338 377/358/339 357/342/322
f 376/357/338 357/342/322 356/341/321
f 378/359/340 379/360/341 380/361/342
f 378/359/340 380/361/342 381/362/343
f 40/40/40 39/39/39 359/344/324
f 40/40/40 359/344/324 358/343/323
f 44/44/42 43/43/42 361/346/325
f 44/44/42 361/346/325 360/345/325
f 382/363/344 363/347/326 362/333/326
f 382/363/344 362/333/326 383/364/344
f 384/365/345 344/332/309 365/349/328
f 384/365/345 365/349/328 385/366/346
f 56/56/52 55/55/51 367/351/330
f 56/56/52 367/351/330 366/350/329
f 55/55/51 58/58/54 368/352/331
f 55/55/51 368/352/331 367/351/330
f 58/58/54 60/60/56 369/353/332
f 58/58/54 369/353/332 368/352/331
f 64/64/60 63/63/59 371/236/334
f 64/64/60 371/236/334 370/235/333
f 68/68/64 67/67/63 375/356/337
f 68/68/64 375/356/337 374/355/336
f 72/72/68 71/71/67 377/358/339
f 72/72/68 377/358/339 376/357/338
f 386/367/347 387/44/347 388/345/348
f 386/367/347 388/345/348 389/368/348
f 389/368/348 388/345/348 390/328/349
f 389/368/348 390/328/349 391/369/349
f 391/369/349 390/328/349 392/314/350
f 391/369/349 392/314/350 393/370/350
f 393/370/350 392/314/350 394/299/351
f 393/370/350 394/299/351 395/371/351
f 395/371/351 394/299/351 396/278/352
f 395/371/351 396/278/352 397/372/352
f 397/372/352 396/278/352 398/261/353
f 397/372/352 398/261/353 399/373/354
f 399/373/354 398/261/353 400/243/355
f 399/373/354 400/243/355 401/374/355
f 401/374/355 400/243/355 402/219/356
f 401/374/355 402/219/356 403/375/356
f 403/375/356 402/219/356 404/222/357
f 403/375/356 404/222/357 405/376/357
f 406/377/357 407/201/357 408/184/358
f 406/377/357 408/184/358 409/378/358
f 409/378/358 408/184/358 410/166/359
f 409/378/358 410/166/359 411/379/359
f 411/379/359 410/166/359 412/146/360
f 411/379/359 412/146/360 413/380/360
f 413/380/360 412/146/360 414/130/361
f 413/380/360 414/130/361 415/381/361
f 415/381/361 414/130/361 416/114/362
f 415/381/361 416/114/362 417/382/362
f 417/382/362 416/114/362 418/95/363
f 417/382/362 418/95/363 419/383/364
f 419/383/364 418/95/363 420/75/365
f 419/383/364 420/75/365 421/384/365
f 421/384/365 420/75/365 422/41/366
f 421/384/365 422/41/366 423/385/366
f 423/385/366 422/41/366 387/44/347
f 423/385/366 387/44/347 386/367/347
f 424/346/367 425/386/368 426/387/369
f 424/346/367 426/387/369 427/329/370
f 428/388/371 429/389/372 430/390/373
f 428/388/371 430/390/373 425/386/368
f 429/389/372 431/391/374 432/392/375
f 429/389/372 432/392/375 430/390/373
f 431/391/374 433/393/376 434/394/377
f 431/391/374 434/394/377 432/392/375
f 435/393/378 436/395/379 343/331/308
f 435/393/378 343/331/308 437/394/380
f 427/329/370 426/387/369 438/396/381
f 427/329/370 438/396/381 439/315/382
f 440/397/383 384/365/345 385/366/346
f 440/397/383 385/366/346 441/398/384
f 425/386/368 430/390/373 442/399/385
f 425/386/368 442/399/385 426/387/369
f 430/390/373 432/392/375 443/400/386
f 430/390/373 443/400/386 442/399/385
f 432/392/375 434/394/377 444/401/387
f 432/392/375 444/401/387 443/400/386
f 437/394/380 343/331/308 327/317/294
f 437/394/380 327/317/294 445/401/388
f 439/315/382 438/396/381 446/402/389
f 439/315/382 446/402/389 447/300/390
f 448/403/391 382/363/344 383/364/344
f 448/403/391 383/364/344 449/404/391
f 426/387/369 442/399/385 450/405/392
f 426/387/369 450/405/392 438/396/381
f 442/399/385 443/400/386 451/406/393
f 442/399/385 451/406/393 450/405/392
f 443/400/386 444/401/387 452/407/394
f 443/400/386 452/407/394 451/406/393
f 445/401/388 327/317/294 311/302/279
f 445/401/388 311/302/279 453/407/395
f 447/300/390 446/402/389 454/408/396
f 447/300/390 454/408/396 455/279/397
f 456/409/398 440/397/383 441/398/384
f 456/409/398 441/398/384 457/410/399
f 438/396/381 450/405/392 458/411/400
f 438/396/381 458/411/400 446/402/389
f 450/405/392 451/406/393 459/412/401
f 450/405/392 459/412/401 458/411/400
f 451/406/393 452/407/394 460/413/402
f 451/406/393 460/413/402 459/412/401
f 453/407/395 311/302/279 289/281/260
f 453/407/395 289/281/260 461/413/403
f 455/279/397 454/408/396 462/414/404
f 455/279/397 462/414/404 463/262/405
f 464/415/406 448/403/391 449/404/391
f 464/415/406 449/404/391 465/416/406
f 446/402/389 458/411/400 466/417/407
f 446/402/389 466/417/407 454/408/396
f 458/411/400 459/412/401 467/418/408
f 458/411/400 467/418/408 466/417/407
f 459/412/401 460/413/402 468/419/409
f 459/412/401 468/419/409 467/418/408
f 461/413/403 289/281/260 269/264/242
f 461/413/403 269/264/242 469/419/410
f 463/262/405 462/414/404 470/420/411
f 463/262/405 470/420/411 471/244/412
f 472/421/413 456/409/398 457/410/399
f 472/421/413 457/410/399 473/422/414
f 454/408/396 466/417/407 474/423/415
f 454/408/396 474/423/415 462/414/404
f 466/417/407 467/418/408 475/424/416
f 466/417/407 475/424/416 474/423/415
f 467/418/408 468/419/409 476/425/417
f 467/418/408 476/425/417 475/424/416
f 469/419/410 269/264/242 251/246/226
f 469/419/410 251/246/226 477/425/418
f 471/244/412 470/420/411 478/426/419
f 471/244/412 478/426/419 479/220/420
f 480/427/421 464/415/406 465/416/406
f 480/427/421 465/416/406 481/428/421
f 462/414/404 474/423/415 482/429/422
f 462/414/404 482/429/422 470/420/411
f 474/423/415 475/424/416 483/430/423
f 474/423/415 483/430/423 482/429/422
f 475/424/416 476/425/417 484/431/424
f 475/424/416 484/431/424 483/430/423
f 477/425/418 251/246/226 229/224/207
f 477/425/418 229/224/207 485/431/425
f 479/220/420 478/426/419 486/432/426
f 479/220/420 486/432/426 487/221/427
f 488/433/428 472/421/413 473/422/414
f 488/433/428 473/422/414 489/434/429
f 470/420/411 482/429/422 490/435/430
f 470/420/411 490/435/430 478/426/419
f 482/429/422 483/430/423 491/436/431
f 482/429/422 491/436/431 490/435/430
f 483/430/423 484/431/424 492/437/432
f 483/430/423 492/437/432 491/436/431
f 485/431/425 229/224/207 209/206/191
f 485/431/425 209/206/191 493/437/433
f 494/202/427 495/438/434 496/439/435
f 494/202/427 496/439/435 497/185/436
f 498/440/437 480/427/421 481/428/421
f 498/440/437 481/428/421 499/441/437
f 478/426/419 490/435/430 500/442/438
f 478/426/419 500/442/438 486/432/426
f 490/435/430 491/436/431 501/443/439
f 490/435/430 501/443/439 500/442/438
f 491/436/431 492/437/432 502/444/440
f 491/436/431 502/444/440 501/443/439
f 493/437/433 209/206/191 208/205/172
f 493/437/433 208/205/172 503/444/441
f 497/185/436 496/439/435 504/445/442
f 497/185/436 504/445/442 505/167/443
f 506/446/444 488/433/428 489/434/429
f 506/446/444 489/434/429 507/447/445
f 495/438/434 508/448/438 509/449/446
f 495/438/434 509/449/446 496/439/435
f 508/448/438 510/450/447 511/451/448
f 508/448/438 511/451/448 509/449/446
f 510/450/447 512/452/449 513/453/450
f 510/450/447 513/453/450 511/451/448
f 514/452/441 187/187/172 169/169/156
f 514/452/441 169/169/156 515/453/451
f 505/167/443 504/445/442 516/454/452
f 505/167/443 516/454/452 517/147/453
f 518/455/454 498/440/437 499/441/437
f 518/455/454 499/441/437 519/456/454
f 496/439/435 509/449/446 520/457/455
f 496/439/435 520/457/455 504/445/442
f 509/449/446 511/451/448 521/458/456
f 509/449/446 521/458/456 520/457/455
f 511/451/448 513/453/450 522/459/457
f 511/451/448 522/459/457 521/458/456
f 515/453/451 169/169/156 149/149/137
f 515/453/451 149/149/137 523/459/458
f 517/147/453 516/454/452 524/460/459
f 517/147/453 524/460/459 525/131/460
f 526/461/461 506/446/444 507/447/445
f 526/461/461 507/447/445 527/462/462
f 504/445/442 520/457/455 528/463/463
f 504/445/442 528/463/463 516/454/452
f 520/457/455 521/458/456 529/464/464
f 520/457/455 529/464/464 528/463/463
f 521/458/456 522/459/457 530/465/465
f 521/458/456 530/465/465 529/464/464
f 523/459/458 149/149/137 133/133/123
f 523/459/458 133/133/123 531/465/466
f 525/131/460 524/460/459 532/466/467
f 525/131/460 532/466/467 533/115/468
f 534/467/469 518/455/454 519/456/454
f 534/467/469 519/456/454 535/468/469
f 516/454/452 528/463/463 536/469/470
f 516/454/452 536/469/470 524/460/459
f 528/463/463 529/464/464 537/470/471
f 528/463/463 537/470/471 536/469/470
f 529/464/464 530/465/465 538/471/472
f 529/464/464 538/471/472 537/470/471
f 531/465/466 133/133/123 117/117/108
f 531/465/466 117/117/108 539/471/473
f 533/115/468 532/466/467 540/472/474
f 533/115/468 540/472/474 541/96/475
f 542/473/476 526/461/461 527/462/462
f 542/473/476 527/462/462 543/474/477
f 524/460/459 536/469/470 544/475/478
f 524/460/459 544/475/478 532/466/467
f 536/469/470 537/470/471 545/476/479
f 536/469/470 545/476/479 544/475/478
f 537/470/471 538/471/472 546/477/480
f 537/470/471 546/477/480 545/476/479
f 539/471/473 117/117/108 98/98/92
f 539/471/473 98/98/92 547/477/481
f 541/96/475 540/472/474 548/478/482
f 541/96/475 548/478/482 549/76/483
f 550/479/484 534/467/469 535/468/469
f 550/479/484 535/468/469 551/480/484
f 532/466/467 544/475/478 552/481/485
f 532/466/467 552/481/485 540/472/474
f 544/475/478 545/476/479 553/482/486
f 544/475/478 553/482/486 552/481/485
f 545/476/479 546/477/480 554/483/487
f 545/476/479 554/483/487 553/482/486
f 547/477/481 98/98/92 78/78/73
f 547/477/481 78/78/73 555/483/488
f 549/76/483 548/478/482 556/484/489
f 549/76/483 556/484/489 557/42/490
f 558/485/491 542/473/476 543/474/477
f 558/485/491 543/474/477 559/486/492
f 540/472/474 552/481/485 560/487/493
f 540/472/474 560/487/493 548/478/482
f 552/481/485 553/482/486 561/488/494
f 552/481/485 561/488/494 560/487/493
f 553/482/486 554/483/487 562/489/495
f 553/482/486 562/489/495 561/488/494
f 555/483/488 78/78/73 48/48/46
f 555/483/488 48/48/46 563/489/496
f 557/42/490 556/484/489 428/388/371
f 557/42/490 428/388/371 564/43/497
f 565/490/48 550/479/484 551/480/484
f 565/490/48 551/480/484 566/491/48
f 548/478/482 560/487/493 567/492/498
f 548/478/482 567/492/498 556/484/489
f 560/487/493 561/488/494 568/493/499
f 560/487/493 568/493/499 567/492/498
f 561/488/494 562/489/495 569/494/500
f 561/488/494 569/494/500 568/493/499
f 563/489/496 48/48/46 47/47/45
f 563/489/496 47/47/45 570/494/501
f 46/46/44 364/348/327 436/395/379
f 46/46/44 436/395/379 47/47/45
f 80/80/75 571/495/502 572/496/492
f 80/80/75 572/496/492 81/81/76
f 556/484/489 567/492/498 429/389/372
f 556/484/489 429/389/372 428/388/371
f 567/492/498 568/493/499 431/391/374
f 567/492/498 431/391/374 429/389/372
f 568/493/499 569/494/500 433/393/376
f 568/493/499 433/393/376 431/391/374
f 570/494/501 47/47/45 436/395/379
f 570/494/501 436/395/379 435/393/378
f 564/43/497 428/388/371 425/386/368
f 564/43/497 425/386/368 424/346/367
f 573/347/503 574/497/504 575/498/505
f 573/347/503 575/498/505 576/318/506
f 574/497/504 56/56/52 366/350/329
f 574/497/504 366/350/329 575/498/505
f 576/318/506 575/498/505 577/499/507
f 576/318/506 577/499/507 578/282/508
f 575/498/505 366/350/329 347/334/312
f 575/498/505 347/334/312 577/499/507
f 578/282/508 577/499/507 579/500/509
f 578/282/508 579/500/509 580/247/510
f 577/499/507 347/334/312 330/320/296
f 577/499/507 330/320/296 579/500/509
f 580/247/510 579/500/509 581/501/511
f 580/247/510 581/501/511 582/207/512
f 579/500/509 330/320/296 314/305/282
f 579/500/509 314/305/282 581/501/511
f 582/207/512 581/501/511 583/502/513
f 582/207/512 583/502/513 584/170/514
f 581/501/511 314/305/282 292/284/262
f 581/501/511 292/284/262 583/502/513
f 584/170/514 583/502/513 585/503/515
f 584/170/514 585/503/515 586/134/516
f 583/502/513 292/284/262 272/267/245
f 583/502/513 272/267/245 585/503/515
f 586/134/516 585/503/515 587/504/517
f 586/134/516 587/504/517 588/99/518
f 585/503/515 272/267/245 254/249/228
f 585/503/515 254/249/228 587/504/517
f 588/99/518 587/504/517 589/505/519
f 588/99/518 589/505/519 590/49/520
f 587/504/517 254/249/228 232/227/210
f 587/504/517 232/227/210 589/505/519
f 590/49/520 589/505/519 591/506/521
f 590/49/520 591/506/521 592/50/522
f 589/505/519 232/227/210 235/230/193
f 589/505/519 235/230/193 591/506/521
f 593/490/523 594/507/521 595/508/524
f 593/490/523 595/508/524 596/479/525
f 594/507/521 212/209/193 190/190/175
f 594/507/521 190/190/175 595/508/524
f 596/479/525 595/508/524 597/509/526
f 596/479/525 597/509/526 598/467/527
f 595/508/524 190/190/175 172/172/158
f 595/508/524 172/172/158 597/509/526
f 598/467/527 597/509/526 599/510/528
f 598/467/527 599/510/528 600/455/529
f 597/509/526 172/172/158 152/152/140
f 597/509/526 152/152/140 599/510/528
f 600/455/529 599/510/528 601/511/530
f 600/455/529 601/511/530 602/440/531
f 599/510/528 152/152/140 136/136/125
f 599/510/528 136/136/125 601/511/530
f 602/440/531 601/511/530 603/512/532
f 602/440/531 603/512/532 604/427/533
f 601/511/530 136/136/125 120/120/111
f 601/511/530 120/120/111 603/512/532
f 604/427/533 603/512/532 605/513/534
f 604/427/533 605/513/534 606/415/535
f 603/512/532 120/120/111 101/101/94
f 603/512/532 101/101/94 605/513/534
f 606/415/535 605/513/534 607/514/536
f 606/415/535 607/514/536 608/403/537
f 605/513/534 101/101/94 83/83/78
f 605/513/534 83/83/78 607/514/536
f 608/403/537 607/514/536 609/515/538
f 608/403/537 609/515/538 610/363/539
f 607/514/536 83/83/78 53/53/49
f 607/514/536 53/53/49 609/515/538
f 610/363/539 609/515/538 574/497/504
f 610/363/539 574/497/504 573/347/503
f 609/515/538 53/53/49 56/56/52
f 609/515/538 56/56/52 574/497/504
f 385/366/346 365/349/328 364/348/327
f 385/366/346 364/348/327 46/46/44
f 436/395/379 364/348/327 342/330/307
f 436/395/379 342/330/307 343/331/308
f 313/304/281 271/266/244 326/316/293
f 313/304/281 326/316/293 342/330/307
f 271/266/244 231/226/209 310/301/278
f 271/266/244 310/301/278 326/316/293
f 231/226/209 189/189/174 288/280/259
f 231/226/209 288/280/259 310/301/278
f 189/189/174 151/151/139 268/263/241
f 189/189/174 268/263/241 288/280/259
f 151/151/139 119/119/110 250/245/225
f 151/151/139 250/245/225 268/263/241
f 119/119/110 82/82/77 228/223/206
f 119/119/110 228/223/206 250/245/225
f 82/82/77 81/81/76 206/203/190
f 82/82/77 206/203/190 228/223/206
f 81/81/76 572/496/492 207/204/171
f 81/81/76 207/204/171 206/203/190
f 559/486/492 543/474/477 168/168/155
f 559/486/492 168/168/155 186/186/171
f 543/474/477 527/462/462 148/148/136
f 543/474/477 148/148/136 168/168/155
f 527/462/462 507/447/445 132/132/122
f 527/462/462 132/132/122 148/148/136
f 507/447/445 489/434/429 116/116/107
f 507/447/445 116/116/107 132/132/122
f 489/434/429 473/422/414 97/97/91
f 489/434/429 97/97/91 116/116/107
f 473/422/414 457/410/399 77/77/72
f 473/422/414 77/77/72 97/97/91
f 457/410/399 441/398/384 45/45/43
f 457/410/399 45/45/43 77/77/72
f 441/398/384 385/366/346 46/46/44
f 441/398/384 46/46/44 45/45/43
f 611/52/540 612/51/541 571/495/502
f 611/52/540 571/495/502 80/80/75
f 613/491/541 614/480/542 542/473/476
f 613/491/541 542/473/476 558/485/491
f 614/480/542 615/468/543 526/461/461
f 614/480/542 526/461/461 542/473/476
f 615/468/543 616/456/544 506/446/444
f 615/468/543 506/446/444 526/461/461
f 616/456/544 617/441/545 488/433/428
f 616/456/544 488/433/428 506/446/444
f 617/441/545 618/428/546 472/421/413
f 617/441/545 472/421/413 488/433/428
f 618/428/546 619/416/547 456/409/398
f 618/428/546 456/409/398 472/421/413
f 619/416/547 620/404/548 440/397/383
f 619/416/547 440/397/383 456/409/398
f 620/404/548 621/364/549 384/365/345
f 620/404/548 384/365/345 440/397/383
f 621/364/549 345/333/310 344/332/309
f 621/364/549 344/332/309 384/365/345
f 365/349/328 344/332/309 312/303/280
f 365/349/328 312/303/280 313/304/281
f 346/319/311 622/283/550 270/265/243
f 346/319/311 270/265/243 312/303/280
f 622/283/550 623/248/551 230/225/208
f 622/283/550 230/225/208 270/265/243
f 623/248/551 624/208/552 188/188/173
f 623/248/551 188/188/173 230/225/208
f 624/208/552 625/171/553 150/150/138
f 624/208/552 150/150/138 188/188/173
f 625/171/553 626/135/554 118/118/109
f 625/171/553 118/118/109 150/150/138
f 626/135/554 627/100/555 79/79/74
f 626/135/554 79/79/74 118/118/109
f 627/100/555 611/52/540 80/80/75
f 627/100/555 80/80/75 79/79/74
f 60/60/56 628/516/556 629/517/557
f 60/60/56 629/517/557 369/353/332
f 628/516/556 630/518/558 631/519/559
f 628/516/556 631/519/559 629/517/557
f 632/520/560 633/521/561 634/522/562
f 632/520/560 634/522/562 635/523/563
f 369/353/332 629/517/557 636/524/564
f 369/353/332 636/524/564 350/337/315
f 629/517/557 631/519/559 637/525/565
f 629/517/557 637/525/565 636/524/564
f 635/523/563 634/522/562 638/526/566
f 635/523/563 638/526/566 639/527/567
f 350/337/315 636/524/564 640/528/568
f 350/337/315 640/528/568 333/323/299
f 636/524/564 637/525/565 641/529/569
f 636/524/564 641/529/569 640/528/568
f 639/527/567 638/526/566 642/530/570
f 639/527/567 642/530/570 643/531/571
f 333/323/299 640/528/568 644/532/572
f 333/323/299 644/532/572 317/308/285
f 640/528/568 641/529/569 645/533/573
f 640/528/568 645/533/573 644/532/572
f 643/531/571 642/530/570 646/534/574
f 643/531/571 646/534/574 647/535/575
f 317/308/285 644/532/572 648/536/576
f 317/308/285 648/536/576 295/287/265
f 644/532/572 645/533/573 649/537/577
f 644/532/572 649/537/577 648/536/576
f 647/535/575 646/534/574 650/538/578
f 647/535/575 650/538/578 651/539/579
f 295/287/265 648/536/576 652/540/580
f 295/287/265 652/540/580 275/270/248
f 648/536/576 649/537/577 653/541/581
f 648/536/576 653/541/581 652/540/580
f 651/539/579 650/538/578 654/542/582
f 651/539/579 654/542/582 655/543/583
f 275/270/248 652/540/580 656/544/584
f 275/270/248 656/544/584 257/252/231
f 652/540/580 653/541/581 657/545/585
f 652/540/580 657/545/585 656/544/584
f 655/543/583 654/542/582 658/546/586
f 655/543/583 658/546/586 659/547/587
f 257/252/231 656/544/584 660/548/588
f 257/252/231 660/548/588 238/233/215
f 656/544/584 657/545/585 661/549/589
f 656/544/584 661/549/589 660/548/588
f 659/547/587 658/546/586 662/550/590
f 659/547/587 662/550/590 663/551/591
f 238/233/215 660/548/588 664/552/592
f 238/233/215 664/552/592 239/234/196
f 660/548/588 661/549/589 665/553/593
f 660/548/588 665/553/593 664/552/592
f 663/551/591 662/550/590 666/554/594
f 663/551/591 666/554/594 667/555/595
f 215/212/196 668/556/592 669/557/596
f 215/212/196 669/557/596 193/193/178
f 668/556/592 670/558/593 671/559/597
f 668/556/592 671/559/597 669/557/596
f 672/560/595 673/561/594 674/562/598
f 672/560/595 674/562/598 675/563/599
f 193/193/178 669/557/596 676/564/600
f 193/193/178 676/564/600 175/175/161
f 669/557/596 671/559/597 677/565/601
f 669/557/596 677/565/601 676/564/600
f 675/563/599 674/562/598 678/566/602
f 675/563/599 678/566/602 679/567/603
f 175/175/161 676/564/600 680/568/604
f 175/175/161 680/568/604 155/155/143
f 676/564/600 677/565/601 681/569/605
f 676/564/600 681/569/605 680/568/604
f 679/567/603 678/566/602 682/570/606
f 679/567/603 682/570/606 683/571/607
f 155/155/143 680/568/604 684/572/608
f 155/155/143 684/572/608 139/139/128
f 680/568/604 681/569/605 685/573/609
f 680/568/604 685/573/609 684/572/608
f 683/571/607 682/570/606 686/574/610
f 683/571/607 686/574/610 687/575/611
f 139/139/128 684/572/608 688/576/612
f 139/139/128 688/576/612 123/123/114
f 684/572/608 685/573/609 689/577/613
f 684/572/608 689/577/613 688/576/612
f 687/575/611 686/574/610 690/578/614
f 687/575/611 690/578/614 691/579/615
f 123/123/114 688/576/612 692/580/616
f 123/123/114 692/580/616 104/104/97
f 688/576/612 689/577/613 693/581/617
f 688/576/612 693/581/617 692/580/616
f 691/579/615 690/578/614 694/582/618
f 691/579/615 694/582/618 695/583/619
f 104/104/97 692/580/616 696/584/620
f 104/104/97 696/584/620 86/86/81
f 692/580/616 693/581/617 697/585/621
f 692/580/616 697/585/621 696/584/620
f 695/583/619 694/582/618 698/586/622
f 695/583/619 698/586/622 699/587/623
f 86/86/81 696/584/620 700/588/624
f 86/86/81 700/588/624 59/59/55
f 696/584/620 697/585/621 701/589/625
f 696/584/620 701/589/625 700/588/624
f 699/587/623 698/586/622 702/590/626
f 699/587/623 702/590/626 703/591/627
f 59/59/55 700/588/624 628/516/556
f 59/59/55 628/516/556 60/60/56
f 700/588/624 701/589/625 630/518/558
f 700/588/624 630/518/558 628/516/556
f 703/591/627 702/590/626 633/521/561
f 703/591/627 633/521/561 632/520/560
f 704/592/628 705/593/629 706/594/630
f 704/592/628 706/594/630 707/595/631
f 708/596/632 709/597/633 710/598/634
f 708/596/632 710/598/634 711/599/635
f 709/597/633 712/600/636 713/601/637
f 709/597/633 713/601/637 710/598/634
f 712/600/636 714/602/638 715/603/639
f 712/600/636 715/603/639 713/601/637
f 707/595/631 706/594/630 716/604/640
f 707/595/631 716/604/640 717/605/641
f 711/599/635 710/598/634 718/606/642
f 711/599/635 718/606/642 719/607/643
f 710/598/634 713/601/637 720/608/644
f 710/598/634 720/608/644 718/606/642
f 713/601/637 715/603/639 721/609/645
f 713/601/637 721/609/645 720/608/644
f 717/605/641 716/604/640 722/610/646
f 717/605/641 722/610/646 723/611/647
f 719/607/643 718/606/642 724/612/648
f 719/607/643 724/612/648 725/613/649
f 718/606/642 720/608/644 726/614/650
f 718/606/642 726/614/650 724/612/648
f 720/608/644 721/609/645 727/615/651
f 720/608/644 727/615/651 726/614/650
f 723/611/647 722/610/646 728/616/652
f 723/611/647 728/616/652 729/617/653
f 725/613/649 724/612/648 730/618/654
f 725/613/649 730/618/654 731/619/655
f 724/612/648 726/614/650 732/620/656
f 724/612/648 732/620/656 730/618/654
f 726/614/650 727/615/651 733/621/657
f 726/614/650 733/621/657 732/620/656
f 729/617/653 728/616/652 734/622/658
f 729/617/653 734/622/658 735/623/659
f 731/619/655 730/618/654 736/624/660
f 731/619/655 736/624/660 737/625/661
f 730/618/654 732/620/656 738/626/662
f 730/618/654 738/626/662 736/624/660
f 732/620/656 733/621/657 739/627/663
f 732/620/656 739/627/663 738/626/662
f 735/623/659 734/622/658 740/628/664
f 735/623/659 740/628/664 741/629/665
f 737/625/661 736/624/660 742/630/666
f 737/625/661 742/630/666 743/631/667
f 736/624/660 738/626/662 744/632/668
f 736/624/660 744/632/668 742/630/666
f 738/626/662 739/627/663 745/633/669
f 738/626/662 745/633/669 744/632/668
f 741/629/665 740/628/664 746/634/670
f 741/629/665 746/634/670 747/635/671
f 748/636/672 749/637/673 750/638/674
f 748/636/672 750/638/674 751/639/675
f 749/637/673 752/640/676 753/641/677
f 749/637/673 753/641/677 750/638/674
f 752/640/676 754/642/669 755/643/678
f 752/640/676 755/643/678 753/641/677
f 747/635/671 746/634/670 756/644/679
f 747/635/671 756/644/679 757/645/680
f 751/639/675 750/638/674 758/646/681
f 751/639/675 758/646/681 759/647/682
f 750/638/674 753/641/677 760/648/683
f 750/638/674 760/648/683 758/646/681
f 753/641/677 755/643/678 761/649/684
f 753/641/677 761/649/684 760/648/683
f 757/645/680 756/644/679 762/650/685
f 757/645/680 762/650/685 763/651/686
f 759/647/682 758/646/681 764/652/687
f 759/647/682 764/652/687 765/653/688
f 758/646/681 760/648/683 766/654/689
f 758/646/681 766/654/689 764/652/687
f 760/648/683 761/649/684 767/655/690
f 760/648/683 767/655/690 766/654/689
f 763/651/686 762/650/685 768/656/691
f 763/651/686 768/656/691 769/657/692
f 765/653/688 764/652/687 770/658/693
f 765/653/688 770/658/693 771/659/694
f 764/652/687 766/654/689 772/660/695
f 764/652/687 772/660/695 770/658/693
f 766/654/689 767/655/690 773/661/696
f 766/654/689 773/661/696 772/660/695
f 769/657/692 768/656/691 774/662/697
f 769/657/692 774/662/697 775/663/698
f 771/659/694 770/658/693 776/664/699
f 771/659/694 776/664/699 777/665/700
f 770/658/693 772/660/695 778/666/701
f 770/658/693 778/666/701 776/664/699
f 772/660/695 773/661/696 779/667/702
f 772/660/695 779/667/702 778/666/701
f 775/663/698 774/662/697 780/668/703
f 775/663/698 780/668/703 781/669/704
f 777/665/700 776/664/699 782/670/705
f 777/665/700 782/670/705 783/671/706
f 776/664/699 778/666/701 784/672/707
f 776/664/699 784/672/707 782/670/705
f 778/666/701 779/667/702 785/673/708
f 778/666/701 785/673/708 784/672/707
f 781/669/704 780/668/703 786/674/709
f 781/669/704 786/674/709 787/675/710
f 783/671/706 782/670/705 788/676/711
f 783/671/706 788/676/711 789/677/712
f 782/670/705 784/672/707 790/678/713
f 782/670/705 790/678/713 788/676/711
f 784/672/707 785/673/708 791/679/714
f 784/672/707 791/679/714 790/678/713
f 787/675/710 786/674/709 792/680/715
f 787/675/710 792/680/715 793/681/716
f 789/677/712 788/676/711 794/682/717
f 789/677/712 794/682/717 795/683/718
f 788/676/711 790/678/713 796/684/719
f 788/676/711 796/684/719 794/682/717
f 790/678/713 791/679/714 797/685/720
f 790/678/713 797/685/720 796/684/719
f 793/681/716 792/680/715 798/686/721
f 793/681/716 798/686/721 799/687/722
f 795/683/718 794/682/717 800/688/723
f 795/683/718 800/688/723 801/689/724
f 794/682/717 796/684/719 802/690/725
f 794/682/717 802/690/725 800/688/723
f 796/684/719 797/685/720 803/691/726
f 796/684/719 803/691/726 802/690/725
f 799/687/722 798/686/721 804/692/727
f 799/687/722 804/692/727 805/693/728
f 801/689/724 800/688/723 806/694/729
f 801/689/724 806/694/729 807/695/730
f 800/688/723 802/690/725 808/696/731
f 800/688/723 808/696/731 806/694/729
f 802/690/725 803/691/726 809/697/732
f 802/690/725 809/697/732 808/696/731
f 805/693/728 804/692/727 810/698/733
f 805/693/728 810/698/733 811/699/734
f 807/695/730 806/694/729 812/700/735
f 807/695/730 812/700/735 813/701/736
f 806/694/729 808/696/731 814/702/737
f 806/694/729 814/702/737 812/700/735
f 808/696/731 809/697/732 815/703/738
f 808/696/731 815/703/738 814/702/737
f 811/699/734 810/698/733 705/593/629
f 811/699/734 705/593/629 704/592/628
f 813/701/736 812/700/735 709/597/633
f 813/701/736 709/597/633 708/596/632
f 812/700/735 814/702/737 712/600/636
f 812/700/735 712/600/636 709/597/633
f 814/702/737 815/703/738 714/602/638
f 814/702/737 714/602/638 712/600/636
f 67/67/63 816/704/739 817/705/740
f 67/67/63 817/705/740 375/356/337
f 818/706/741 819/707/742 820/708/743
f 818/706/741 820/708/743 821/709/744
f 375/356/337 817/705/740 822/710/745
f 375/356/337 822/710/745 354/339/319
f 823/711/746 4/4/4 6/6/6
f 823/711/746 6/6/6 824/712/747
f 4/4/4 823/711/746 825/713/748
f 4/4/4 825/713/748 299/290/269
f 826/714/749 827/715/750 828/716/751
f 826/714/749 828/716/751 829/717/752
f 299/290/269 825/713/748 830/718/753
f 299/290/269 830/718/753 300/291/270
f 829/717/752 828/716/751 831/719/754
f 829/717/752 831/719/754 832/720/755
f 281/273/253 833/721/756 834/722/757
f 281/273/253 834/722/757 261/256/235
f 835/723/758 836/724/754 837/725/759
f 835/723/758 837/725/759 838/726/760
f 261/256/235 834/722/757 839/727/761
f 261/256/235 839/727/761 243/238/219
f 838/726/760 837/725/759 840/728/762
f 838/726/760 840/728/762 841/729/763
f 243/238/219 839/727/761 842/730/764
f 243/238/219 842/730/764 219/214/200
f 841/729/763 840/728/762 843/731/765
f 841/729/763 843/731/765 844/732/766
f 219/214/200 842/730/764 845/733/767
f 219/214/200 845/733/767 199/196/184
f 844/732/766 843/731/765 846/734/768
f 844/732/766 846/734/768 847/735/769
f 199/196/184 845/733/767 848/736/770
f 199/196/184 848/736/770 179/179/165
f 847/735/769 846/734/768 849/737/771
f 847/735/769 849/737/771 850/738/772
f 179/179/165 848/736/770 851/739/773
f 179/179/165 851/739/773 159/159/147
f 850/738/772 849/737/771 852/740/774
f 850/738/772 852/740/774 853/741/775
f 159/159/147 851/739/773 854/742/776
f 159/159/147 854/742/776 160/160/148
f 853/741/775 852/740/774 855/743/777
f 853/741/775 855/743/777 856/744/778
f 160/160/148 854/742/776 857/745/779
f 160/160/148 857/745/779 1/1/1
f 856/744/778 855/743/777 858/746/780
f 856/744/778 858/746/780 859/747/781
f 1/1/1 857/745/779 860/748/782
f 1/1/1 860/748/782 2/2/2
f 90/90/85 861/749/783 862/750/784
f 90/90/85 862/750/784 66/66/62
f 66/66/62 862/750/784 816/704/739
f 66/66/62 816/704/739 67/67/63
f 863/751/785 864/752/786 819/707/742
f 863/751/785 819/707/742 818/706/741
f 865/753/787 866/754/788 867/755/789
f 865/753/787 867/755/789 868/756/790
f 869/757/791 870/758/792 871/759/793
f 869/757/791 871/759/793 872/760/794
f 873/761/795 874/762/796 875/763/797
f 873/761/795 875/763/797 876/764/798
f 877/765/799 878/766/800 879/767/801
f 877/765/799 879/767/801 880/768/802
f 881/769/803 882/770/804 883/771/805
f 881/769/803 883/771/805 884/772/806
f 379/360/341 885/773/807 886/774/808
f 379/360/341 886/774/808 380/361/342
f 866/754/788 887/775/809 888/776/810
f 866/754/788 888/776/810 867/755/789
f 870/758/792 889/777/811 890/778/812
f 870/758/792 890/778/812 871/759/793
f 874/762/796 891/779/813 892/780/814
f 874/762/796 892/780/814 875/763/797
f 878/766/800 893/781/815 894/782/816
f 878/766/800 894/782/816 879/767/801
f 895/783/804 378/359/340 381/362/343
f 895/783/804 381/362/343 896/784/817
f 885/773/807 865/753/787 868/756/790
f 885/773/807 868/756/790 886/774/808
f 887/775/809 897/785/818 898/786/819
f 887/775/809 898/786/819 888/776/810
f 897/785/818 869/757/791 872/760/794
f 897/785/818 872/760/794 898/786/819
f 889/777/811 873/761/795 876/764/798
f 889/777/811 876/764/798 890/778/812
f 891/779/813 877/765/799 880/768/802
f 891/779/813 880/768/802 892/780/814
f 893/781/815 881/769/803 884/772/806
f 893/781/815 884/772/806 894/782/816
f 819/707/742 899/787/820 25/25/25
f 819/707/742 25/25/25 820/708/743
f 26/26/26 25/25/25 899/787/820
f 26/26/26 899/787/820 900/788/821
f 901/789/822 72/72/68 376/357/338
f 901/789/822 376/357/338 902/790/823
f 820/708/743 25/25/25 27/27/27
f 820/708/743 27/27/27 903/791/824
f 904/792/825 905/793/826 7/7/7
f 904/792/825 7/7/7 9/9/9
f 906/794/827 905/793/826 904/792/825
f 906/794/827 904/792/825 907/795/828
f 29/29/29 356/341/321 336/324/302
f 29/29/29 336/324/302 908/796/829
f 7/7/7 905/793/826 909/797/830
f 7/7/7 909/797/830 827/715/750
f 905/793/826 906/794/827 910/798/831
f 905/793/826 910/798/831 909/797/830
f 906/794/827 908/796/829 911/799/832
f 906/794/827 911/799/832 910/798/831
f 908/796/829 336/324/302 320/310/288
f 908/796/829 320/310/288 911/799/832
f 827/715/750 909/797/830 912/800/833
f 827/715/750 912/800/833 828/716/751
f 909/797/830 910/798/831 913/801/834
f 909/797/830 913/801/834 912/800/833
f 910/798/831 911/799/832 914/802/835
f 910/798/831 914/802/835 913/801/834
f 911/799/832 320/310/288 302/293/272
f 911/799/832 302/293/272 914/802/835
f 828/716/751 912/800/833 915/803/836
f 828/716/751 915/803/836 831/719/754
f 912/800/833 913/801/834 916/804/837
f 912/800/833 916/804/837 915/803/836
f 913/801/834 914/802/835 917/805/838
f 913/801/834 917/805/838 916/804/837
f 914/802/835 302/293/272 305/296/254
f 914/802/835 305/296/254 917/805/838
f 836/724/754 918/806/839 919/807/840
f 836/724/754 919/807/840 837/725/759
f 918/806/839 920/808/841 921/809/842
f 918/806/839 921/809/842 919/807/840
f 920/808/841 922/810/843 923/811/844
f 920/808/841 923/811/844 921/809/842
f 922/810/843 282/274/254 262/257/236
f 922/810/843 262/257/236 923/811/844
f 837/725/759 919/807/840 924/812/845
f 837/725/759 924/812/845 840/728/762
f 919/807/840 921/809/842 925/813/846
f 919/807/840 925/813/846 924/812/845
f 921/809/842 923/811/844 926/814/847
f 921/809/842 926/814/847 925/813/846
f 923/811/844 262/257/236 244/239/220
f 923/811/844 244/239/220 926/814/847
f 840/728/762 924/812/845 927/815/848
f 840/728/762 927/815/848 843/731/765
f 924/812/845 925/813/846 928/816/849
f 924/812/845 928/816/849 927/815/848
f 925/813/846 926/814/847 929/817/850
f 925/813/846 929/817/850 928/816/849
f 926/814/847 244/239/220 220/215/201
f 926/814/847 220/215/201 929/817/850
f 843/731/765 927/815/848 930/818/851
f 843/731/765 930/818/851 846/734/768
f 927/815/848 928/816/849 931/819/852
f 927/815/848 931/819/852 930/818/851
f 928/816/849 929/817/850 932/820/853
f 928/816/849 932/820/853 931/819/852
f 929/817/850 220/215/201 200/197/185
f 929/817/850 200/197/185 932/820/853
f 846/734/768 930/818/851 933/821/854
f 846/734/768 933/821/854 849/737/771
f 930/818/851 931/819/852 934/822/855
f 930/818/851 934/822/855 933/821/854
f 931/819/852 932/820/853 935/823/856
f 931/819/852 935/823/856 934/822/855
f 932/820/853 200/197/185 180/180/166
f 932/820/853 180/180/166 935/823/856
f 849/737/771 933/821/854 936/824/857
f 849/737/771 936/824/857 852/740/774
f 933/821/854 934/822/855 937/825/858
f 933/821/854 937/825/858 936/824/857
f 934/822/855 935/823/856 938/826/859
f 934/822/855 938/826/859 937/825/858
f 935/823/856 180/180/166 162/162/150
f 935/823/856 162/162/150 938/826/859
f 852/740/774 936/824/857 939/827/860
f 852/740/774 939/827/860 855/743/777
f 936/824/857 937/825/858 940/828/861
f 936/824/857 940/828/861 939/827/860
f 937/825/858 938/826/859 941/829/862
f 937/825/858 941/829/862 940/828/861
f 938/826/859 162/162/150 142/142/131
f 938/826/859 142/142/131 941/829/862
f 855/743/777 939/827/860 942/830/863
f 855/743/777 942/830/863 858/746/780
f 939/827/860 940/828/861 943/831/864
f 939/827/860 943/831/864 942/830/863
f 940/828/861 941/829/862 944/832/865
f 940/828/861 944/832/865 943/831/864
f 941/829/862 142/142/131 126/126/117
f 941/829/862 126/126/117 944/832/865
f 858/746/780 942/830/863 945/833/866
f 858/746/780 945/833/866 19/19/19
f 942/830/863 943/831/864 946/834/867
f 942/830/863 946/834/867 945/833/866
f 943/831/864 944/832/865 947/835/868
f 943/831/864 947/835/868 946/834/867
f 944/832/865 126/126/117 110/110/102
f 944/832/865 110/110/102 947/835/868
f 20/20/20 19/19/19 945/833/866
f 20/20/20 945/833/866 948/836/869
f 948/836/869 945/833/866 946/834/867
f 948/836/869 946/834/867 949/837/870
f 947/835/868 110/110/102 91/91/86
f 947/835/868 91/91/86 34/34/34
f 33/33/33 32/32/32 864/752/786
f 33/33/33 864/752/786 950/838/871
f 864/752/786 32/32/32 899/787/820
f 864/752/786 899/787/820 819/707/742
f 900/788/821 899/787/820 32/32/32
f 900/788/821 32/32/32 31/31/31
f 951/839/872 69/69/65 72/72/68
f 951/839/872 72/72/68 901/789/822
f 952/840/873 953/841/874 954/842/875
f 952/840/873 954/842/875 955/843/876
f 955/843/876 954/842/875 956/844/877
f 955/843/876 956/844/877 957/845/878
f 957/845/878 956/844/877 958/846/879
f 957/845/878 958/846/879 959/847/880
f 959/847/880 958/846/879 960/848/881
f 959/847/880 960/848/881 961/849/882
f 962/850/883 963/851/884 964/852/885
f 962/850/883 964/852/885 965/853/886
f 966/854/887 967/855/888 968/856/889
f 966/854/887 968/856/889 969/857/890
f 969/857/890 968/856/889 970/858/891
f 969/857/890 970/858/891 971/859/892
f 971/859/892 970/858/891 972/860/893
f 971/859/892 972/860/893 973/861/894
f 973/861/894 972/860/893 974/862/895
f 973/861/894 974/862/895 975/863/896
f 976/864/897 977/865/898 978/866/899
f 976/864/897 978/866/899 979/867/900
f 980/868/901 981/869/902 982/870/903
f 980/868/901 982/870/903 983/871/904
f 983/871/904 982/870/903 984/872/905
f 983/871/904 984/872/905 985/873/906
f 985/873/906 984/872/905 986/874/907
f 985/873/906 986/874/907 987/875/908
f 987/875/908 986/874/907 988/876/909
f 987/875/908 988/876/909 989/877/910
f 990/878/911 991/879/912 992/880/913
f 990/878/911 992/880/913 993/881/914
f 994/882/915 995/883/916 996/884/917
f 994/882/915 996/884/917 997/885/918
f 997/885/918 996/884/917 998/886/919
f 997/885/918 998/886/919 999/887/920
f 999/887/920 998/886/919 1000/888/921
f 999/887/920 1000/888/921 1001/889/922
f 1001/889/922 1000/888/921 1002/890/923
f 1001/889/922 1002/890/923 1003/891/924
f 1004/892/925 1005/893/926 1006/894/927
f 1004/892/925 1006/894/927 1007/895/928
f 1008/896/929 994/882/915 997/885/918
f 1008/896/929 997/885/918 1009/897/930
f 1009/897/930 997/885/918 999/887/920
f 1009/897/930 999/887/920 1010/898/931
f 1010/898/931 999/887/920 1001/889/922
f 1010/898/931 1001/889/922 1011/899/932
f 1011/899/932 1001/889/922 1003/891/924
f 1011/899/932 1003/891/924 1012/900/933
f 1013/901/934 1004/892/925 1007/895/928
f 1013/901/934 1007/895/928 1014/902/935
f 1015/903/936 1016/904/937 1017/905/938
f 1015/903/936 1017/905/938 1018/906/939
f 1018/906/939 1017/905/938 1019/907/940
f 1018/906/939 1019/907/940 1020/908/941
f 1020/908/941 1019/907/940 1021/909/942
f 1020/908/941 1021/909/942 1022/910/943
f 1022/910/943 1021/909/942 1023/911/944
f 1022/910/943 1023/911/944 1024/912/945
f 1025/913/946 1026/914/947 1027/915/948
f 1025/913/946 1027/915/948 1028/916/949
f 1029/917/950 1030/918/951 1031/919/952
f 1029/917/950 1031/919/952 1032/920/953
f 1032/920/953 1031/919/952 1033/921/954
f 1032/920/953 1033/921/954 1034/922/955
f 1034/922/955 1033/921/954 1035/923/956
f 1034/922/955 1035/923/956 1036/924/957
f 1036/924/957 1035/923/956 1037/925/958
f 1036/924/957 1037/925/958 1038/926/959
f 1039/927/960 1040/928/961 1041/929/962
f 1039/927/960 1041/929/962 1042/930/963
f 1043/931/964 952/840/873 955/843/876
f 1043/931/964 955/843/876 1044/932/965
f 1044/932/965 955/843/876 957/845/878
f 1044/932/965 957/845/878 1045/933/966
f 1045/933/966 957/845/878 959/847/880
f 1045/933/966 959/847/880 1046/934/967
f 1046/934/967 959/847/880 961/849/882
f 1046/934/967 961/849/882 1047/935/968
f 1048/936/969 962/850/883 965/853/886
f 1048/936/969 965/853/886 1049/937/970
f 1050/938/971 966/854/887 969/857/890
f 1050/938/971 969/857/890 1051/939/972
f 1051/939/972 969/857/890 971/859/892
f 1051/939/972 971/859/892 1052/940/973
f 1052/940/973 971/859/892 973/861/894
f 1052/940/973 973/861/894 1053/941/974
f 1053/941/974 973/861/894 975/863/896
f 1053/941/974 975/863/896 1054/942/975
f 1055/943/976 976/864/897 979/867/900
f 1055/943/976 979/867/900 1056/944/977
f 1057/945/978 980/868/901 983/871/904
f 1057/945/978 983/871/904 1058/946/979
f 1058/946/979 983/871/904 985/873/906
f 1058/946/979 985/873/906 1059/947/980
f 1059/947/980 985/873/906 987/875/908
f 1059/947/980 987/875/908 1060/948/981
f 1060/948/981 987/875/908 989/877/910
f 1060/948/981 989/877/910 1061/949/982
f 1062/950/983 990/878/911 993/881/914
f 1062/950/983 993/881/914 1063/951/984
f 1064/952/985 1008/896/929 1009/897/930
f 1064/952/985 1009/897/930 1065/953/986
f 1065/953/986 1009/897/930 1010/898/931
f 1065/953/986 1010/898/931 1066/954/987
f 1066/954/987 1010/898/931 1011/899/932
f 1066/954/987 1011/899/932 1067/955/988
f 1067/955/988 1011/899/932 1012/900/933
f 1067/955/988 1012/900/933 1068/956/989
f 1069/957/990 1013/901/934 1014/902/935
f 1069/957/990 1014/902/935 1070/958/991
f 1071/959/992 1015/903/936 1018/906/939
f 1071/959/992 1018/906/939 1072/960/993
f 1072/960/993 1018/906/939 1020/908/941
f 1072/960/993 1020/908/941 1073/961/994
f 1073/961/994 1020/908/941 1022/910/943
f 1073/961/994 1022/910/943 1074/962/995
f 1074/962/995 1022/910/943 1024/912/945
f 1074/962/995 1024/912/945 1075/963/996
f 1076/964/997 1025/913/946 1028/916/949
f 1076/964/997 1028/916/949 1077/965/998
f 953/841/874 1078/966/950 1079/967/999
f 953/841/874 1079/967/999 954/842/875
f 954/842/875 1079/967/999 1080/968/1000
f 954/842/875 1080/968/1000 956/844/877
f 956/844/877 1080/968/1000 1081/969/957
f 956/844/877 1081/969/957 958/846/879
f 958/846/879 1081/969/957 1082/970/959
f 958/846/879 1082/970/959 960/848/881
f 963/851/884 1083/971/1001 1084/972/963
f 963/851/884 1084/972/963 964/852/885
f 967/855/888 1043/931/964 1044/932/965
f 967/855/888 1044/932/965 968/856/889
f 968/856/889 1044/932/965 1045/933/966
f 968/856/889 1045/933/966 970/858/891
f 970/858/891 1045/933/966 1046/934/967
f 970/858/891 1046/934/967 972/860/893
f 972/860/893 1046/934/967 1047/935/968
f 972/860/893 1047/935/968 974/862/895
f 977/865/898 1048/936/969 1049/937/970
f 977/865/898 1049/937/970 978/866/899
f 981/869/902 1050/938/971 1051/939/972
f 981/869/902 1051/939/972 982/870/903
f 982/870/903 1051/939/972 1052/940/973
f 982/870/903 1052/940/973 984/872/905
f 984/872/905 1052/940/973 1053/941/974
f 984/872/905 1053/941/974 986/874/907
f 986/874/907 1053/941/974 1054/942/975
f 986/874/907 1054/942/975 988/876/909
f 991/879/912 1055/943/976 1056/944/977
f 991/879/912 1056/944/977 992/880/913
f 995/883/916 1057/945/978 1058/946/979
f 995/883/916 1058/946/979 996/884/917
f 996/884/917 1058/946/979 1059/947/980
f 996/884/917 1059/947/980 998/886/919
f 998/886/919 1059/947/980 1060/948/981
f 998/886/919 1060/948/981 1000/888/921
f 1000/888/921 1060/948/981 1061/949/982
f 1000/888/921 1061/949/982 1002/890/923
f 1005/893/926 1062/950/983 1063/951/984
f 1005/893/926 1063/951/984 1006/894/927
f 1016/904/937 1064/952/985 1065/953/986
f 1016/904/937 1065/953/986 1017/905/938
f 1017/905/938 1065/953/986 1066/954/987
f 1017/905/938 1066/954/987 1019/907/940
f 1019/907/940 1066/954/987 1067/955/988
f 1019/907/940 1067/955/988 1021/909/942
f 1021/909/942 1067/955/988 1068/956/989
f 1021/909/942 1068/956/989 1023/911/944
f 1026/914/947 1069/957/990 1070/958/991
f 1026/914/947 1070/958/991 1027/915/948
f 1030/918/951 1071/959/992 1072/960/993
f 1030/918/951 1072/960/993 1031/919/952
f 1031/919/952 1072/960/993 1073/961/994
f 1031/919/952 1073/961/994 1033/921/954
f 1033/921/954 1073/961/994 1074/962/995
f 1033/921/954 1074/962/995 1035/923/956
f 1035/923/956 1074/962/995 1075/963/996
f 1035/923/956 1075/963/996 1037/925/958
f 1040/928/961 1076/964/997 1077/965/998
f 1040/928/961 1077/965/998 1041/929/962
f 304/295/274 303/294/273 1085/973/1002
f 304/295/274 1085/973/1002 1086/974/1003
f 337/325/303 357/342/322 1087/975/1004
f 337/325/303 1087/975/1004 1088/976/1005
f 70/70/66 92/92/87 1089/977/1006
f 70/70/66 1089/977/1006 1090/978/1007
f 127/127/118 143/143/132 1091/979/1008
f 127/127/118 1091/979/1008 1092/980/1009
f 181/181/167 201/198/186 1093/981/1010
f 181/181/167 1093/981/1010 1094/982/1011
f 245/240/221 263/258/237 1095/983/1012
f 245/240/221 1095/983/1012 1096/984/1013
f 303/294/273 321/311/289 1097/985/1014
f 303/294/273 1097/985/1014 1085/973/1002
f 357/342/322 377/358/339 1098/986/1015
f 357/342/322 1098/986/1015 1087/975/1004
f 92/92/87 111/111/103 1099/987/1016
f 92/92/87 1099/987/1016 1089/977/1006
f 143/143/132 163/163/151 1100/988/1017
f 143/143/132 1100/988/1017 1091/979/1008
f 201/198/186 221/216/202 1101/989/1018
f 201/198/186 1101/989/1018 1093/981/1010
f 263/258/237 283/275/255 1102/990/1019
f 263/258/237 1102/990/1019 1095/983/1012
f 321/311/289 337/325/303 1088/976/1005
f 321/311/289 1088/976/1005 1097/985/1014
f 377/358/339 71/71/67 1103/991/1020
f 377/358/339 1103/991/1020 1098/986/1015
f 71/71/67 70/70/66 1090/978/1007
f 71/71/67 1090/978/1007 1103/991/1020
f 111/111/103 127/127/118 1092/980/1009
f 111/111/103 1092/980/1009 1099/987/1016
f 163/163/151 181/181/167 1094/982/1011
f 163/163/151 1094/982/1011 1100/988/1017
f 221/216/202 245/240/221 1096/984/1013
f 221/216/202 1096/984/1013 1101/989/1018
f 965/853/886 964/852/885 1104/992/1021
f 965/853/886 1104/992/1021 1105/993/1022
f 1105/993/1022 1104/992/1021 1106/994/1023
f 1105/993/1022 1106/994/1023 1107/995/1024
f 1107/995/1024 1106/994/1023 881/769/803
f 1107/995/1024 881/769/803 893/781/815
f 979/867/900 978/866/899 1108/996/1025
f 979/867/900 1108/996/1025 1109/997/1026
f 1109/997/1026 1108/996/1025 1110/998/1027
f 1109/997/1026 1110/998/1027 1111/999/1028
f 1111/999/1028 1110/998/1027 877/765/799
f 1111/999/1028 877/765/799 891/779/813
f 993/881/914 992/880/913 1112/1000/1029
f 993/881/914 1112/1000/1029 1113/1001/1030
f 1113/1001/1030 1112/1000/1029 1114/1002/1031
f 1113/1001/1030 1114/1002/1031 1115/1003/1032
f 1115/1003/1032 1114/1002/1031 873/761/795
f 1115/1003/1032 873/761/795 889/777/811
f 1007/895/928 1006/894/927 1116/1004/1033
f 1007/895/928 1116/1004/1033 1117/1005/1034
f 1117/1005/1034 1116/1004/1033 1118/1006/1035
f 1117/1005/1034 1118/1006/1035 1119/1007/1036
f 1119/1007/1036 1118/1006/1035 869/757/791
f 1119/1007/1036 869/757/791 897/785/818
f 1014/902/935 1007/895/928 1117/1005/1034
f 1014/902/935 1117/1005/1034 1120/1008/1037
f 1120/1008/1037 1117/1005/1034 1119/1007/1036
f 1120/1008/1037 1119/1007/1036 1121/1009/1038
f 1121/1009/1038 1119/1007/1036 897/785/818
f 1121/1009/1038 897/785/818 887/775/809
f 1028/916/949 1027/915/948 1122/1010/1039
f 1028/916/949 1122/1010/1039 1123/1011/1040
f 1123/1011/1040 1122/1010/1039 1124/1012/1041
f 1123/1011/1040 1124/1012/1041 1125/1013/1042
f 1125/1013/1042 1124/1012/1041 865/753/787
f 1125/1013/1042 865/753/787 885/773/807
f 1042/930/963 1041/929/962 1126/1014/1043
f 1042/930/963 1126/1014/1043 1127/1015/1044
f 1127/1015/1044 1126/1014/1043 1128/1016/1045
f 1127/1015/1044 1128/1016/1045 1129/1017/1046
f 1129/1017/1046 1128/1016/1045 378/359/340
f 1129/1017/1046 378/359/340 895/783/804
f 1049/937/970 965/853/886 1105/993/1022
f 1049/937/970 1105/993/1022 1130/1018/1047
f 1130/1018/1047 1105/993/1022 1107/995/1024
f 1130/1018/1047 1107/995/1024 1131/1019/1048
f 1131/1019/1048 1107/995/1024 893/781/815
f 1131/1019/1048 893/781/815 878/766/800
f 1056/944/977 979/867/900 1109/997/1026
f 1056/944/977 1109/997/1026 1132/1020/1049
f 1132/1020/1049 1109/997/1026 1111/999/1028
f 1132/1020/1049 1111/999/1028 1133/1021/1050
f 1133/1021/1050 1111/999/1028 891/779/813
f 1133/1021/1050 891/779/813 874/762/796
f 1063/951/984 993/881/914 1113/1001/1030
f 1063/951/984 1113/1001/1030 1134/1022/1051
f 1134/1022/1051 1113/1001/1030 1115/1003/1032
f 1134/1022/1051 1115/1003/1032 1135/1023/1052
f 1135/1023/1052 1115/1003/1032 889/777/811
f 1135/1023/1052 889/777/811 870/758/792
f 1070/958/991 1014/902/935 1120/1008/1037
f 1070/958/991 1120/1008/1037 1136/1024/1053
f 1136/1024/1053 1120/1008/1037 1121/1009/1038
f 1136/1024/1053 1121/1009/1038 1137/1025/1054
f 1137/1025/1054 1121/1009/1038 887/775/809
f 1137/1025/1054 887/775/809 866/754/788
f 1077/965/998 1028/916/949 1123/1011/1040
f 1077/965/998 1123/1011/1040 1138/1026/1055
f 1138/1026/1055 1123/1011/1040 1125/1013/1042
f 1138/1026/1055 1125/1013/1042 1139/1027/1056
f 1139/1027/1056 1125/1013/1042 885/773/807
f 1139/1027/1056 885/773/807 379/360/341
f 964/852/885 1084/972/963 1140/1028/1057
f 964/852/885 1140/1028/1057 1104/992/1021
f 1104/992/1021 1140/1028/1057 1141/1029/1046
f 1104/992/1021 1141/1029/1046 1106/994/1023
f 1106/994/1023 1141/1029/1046 882/770/804
f 1106/994/1023 882/770/804 881/769/803
f 978/866/899 1049/937/970 1130/1018/1047
f 978/866/899 1130/1018/1047 1108/996/1025
f 1108/996/1025 1130/1018/1047 1131/1019/1048
f 1108/996/1025 1131/1019/1048 1110/998/1027
f 1110/998/1027 1131/1019/1048 878/766/800
f 1110/998/1027 878/766/800 877/765/799
f 992/880/913 1056/944/977 1132/1020/1049
f 992/880/913 1132/1020/1049 1112/1000/1029
f 1112/1000/1029 1132/1020/1049 1133/1021/1050
f 1112/1000/1029 1133/1021/1050 1114/1002/1031
f 1114/1002/1031 1133/1021/1050 874/762/796
f 1114/1002/1031 874/762/796 873/761/795
f 1006/894/927 1063/951/984 1134/1022/1051
f 1006/894/927 1134/1022/1051 1116/1004/1033
f 1116/1004/1033 1134/1022/1051 1135/1023/1052
f 1116/1004/1033 1135/1023/1052 1118/1006/1035
f 1118/1006/1035 1135/1023/1052 870/758/792
f 1118/1006/1035 870/758/792 869/757/791
f 1027/915/948 1070/958/991 1136/1024/1053
f 1027/915/948 1136/1024/1053 1122/1010/1039
f 1122/1010/1039 1136/1024/1053 1137/1025/1054
f 1122/1010/1039 1137/1025/1054 1124/1012/1041
f 1124/1012/1041 1137/1025/1054 866/754/788
f 1124/1012/1041 866/754/788 865/753/787
f 1041/929/962 1077/965/998 1138/1026/1055
f 1041/929/962 1138/1026/1055 1126/1014/1043
f 1126/1014/1043 1138/1026/1055 1139/1027/1056
f 1126/1014/1043 1139/1027/1056 1128/1016/1045
f 1128/1016/1045 1139/1027/1056 379/360/341
f 1128/1016/1045 379/360/341 378/359/340
f 1142/1030/1058 1143/1031/1059 1071/959/992
f 1142/1030/1058 1071/959/992 1030/918/951
f 1144/1032/1060 1145/1033/1061 1064/952/985
f 1144/1032/1060 1064/952/985 1016/904/937
f 1146/1034/1062 1147/1035/1063 1057/945/978
f 1146/1034/1062 1057/945/978 995/883/916
f 1148/1036/1064 1149/1037/1065 1050/938/971
f 1148/1036/1064 1050/938/971 981/869/902
f 1150/1038/1066 1151/1039/1067 1043/931/964
f 1150/1038/1066 1043/931/964 967/855/888
f 1152/1040/1068 1153/1041/1069 1078/966/950
f 1152/1040/1068 1078/966/950 953/841/874
f 1143/1031/1059 1154/1042/1070 1015/903/936
f 1143/1031/1059 1015/903/936 1071/959/992
f 1145/1033/1061 1155/1043/1071 1008/896/929
f 1145/1033/1061 1008/896/929 1064/952/985
f 1147/1035/1063 1156/1044/1072 980/868/901
f 1147/1035/1063 980/868/901 1057/945/978
f 1149/1037/1065 1157/1045/1073 966/854/887
f 1149/1037/1065 966/854/887 1050/938/971
f 1151/1039/1067 1158/1046/1074 952/840/873
f 1151/1039/1067 952/840/873 1043/931/964
f 1159/1047/1069 1142/1030/1058 1030/918/951
f 1159/1047/1069 1030/918/951 1029/917/950
f 1154/1042/1070 1144/1032/1060 1016/904/937
f 1154/1042/1070 1016/904/937 1015/903/936
f 1155/1043/1071 1160/1048/1075 994/882/915
f 1155/1043/1071 994/882/915 1008/896/929
f 1160/1048/1075 1146/1034/1062 995/883/916
f 1160/1048/1075 995/883/916 994/882/915
f 1156/1044/1072 1148/1036/1064 981/869/902
f 1156/1044/1072 981/869/902 980/868/901
f 1157/1045/1073 1150/1038/1066 967/855/888
f 1157/1045/1073 967/855/888 966/854/887
f 1158/1046/1074 1152/1040/1068 953/841/874
f 1158/1046/1074 953/841/874 952/840/873
f 1037/925/958 1075/963/996 1161/1049/1076
f 1037/925/958 1161/1049/1076 1162/1050/1077
f 1162/1050/1077 1161/1049/1076 1076/964/997
f 1162/1050/1077 1076/964/997 1040/928/961
f 1023/911/944 1068/956/989 1163/1051/1078
f 1023/911/944 1163/1051/1078 1164/1052/1079
f 1164/1052/1079 1163/1051/1078 1069/957/990
f 1164/1052/1079 1069/957/990 1026/914/947
f 1002/890/923 1061/949/982 1165/1053/1080
f 1002/890/923 1165/1053/1080 1166/1054/1081
f 1166/1054/1081 1165/1053/1080 1062/950/983
f 1166/1054/1081 1062/950/983 1005/893/926
f 988/876/909 1054/942/975 1167/1055/1082
f 988/876/909 1167/1055/1082 1168/1056/1083
f 1168/1056/1083 1167/1055/1082 1055/943/976
f 1168/1056/1083 1055/943/976 991/879/912
f 974/862/895 1047/935/968 1169/1057/1084
f 974/862/895 1169/1057/1084 1170/1058/1085
f 1170/1058/1085 1169/1057/1084 1048/936/969
f 1170/1058/1085 1048/936/969 977/865/898
f 960/848/881 1082/970/959 1171/1059/1086
f 960/848/881 1171/1059/1086 1172/1060/1087
f 1172/1060/1087 1171/1059/1086 1083/971/1001
f 1172/1060/1087 1083/971/1001 963/851/884
f 1075/963/996 1024/912/945 1173/1061/1088
f 1075/963/996 1173/1061/1088 1161/1049/1076
f 1161/1049/1076 1173/1061/1088 1025/913/946
f 1161/1049/1076 1025/913/946 1076/964/997
f 1068/956/989 1012/900/933 1174/1062/1089
f 1068/956/989 1174/1062/1089 1163/1051/1078
f 1163/1051/1078 1174/1062/1089 1013/901/934
f 1163/1051/1078 1013/901/934 1069/957/990
f 1061/949/982 989/877/910 1175/1063/1090
f 1061/949/982 1175/1063/1090 1165/1053/1080
f 1165/1053/1080 1175/1063/1090 990/878/911
f 1165/1053/1080 990/878/911 1062/950/983
f 1054/942/975 975/863/896 1176/1064/1091
f 1054/942/975 1176/1064/1091 1167/1055/1082
f 1167/1055/1082 1176/1064/1091 976/864/897
f 1167/1055/1082 976/864/897 1055/943/976
f 1047/935/968 961/849/882 1177/1065/1092
f 1047/935/968 1177/1065/1092 1169/1057/1084
f 1169/1057/1084 1177/1065/1092 962/850/883
f 1169/1057/1084 962/850/883 1048/936/969
f 1038/926/959 1037/925/958 1162/1050/1077
f 1038/926/959 1162/1050/1077 1178/1066/1093
f 1178/1066/1093 1162/1050/1077 1040/928/961
f 1178/1066/1093 1040/928/961 1039/927/960
f 1024/912/945 1023/911/944 1164/1052/1079
f 1024/912/945 1164/1052/1079 1173/1061/1088
f 1173/1061/1088 1164/1052/1079 1026/914/947
f 1173/1061/1088 1026/914/947 1025/913/946
f 1012/900/933 1003/891/924 1179/1067/1094
f 1012/900/933 1179/1067/1094 1174/1062/1089
f 1174/1062/1089 1179/1067/1094 1004/892/925
f 1174/1062/1089 1004/892/925 1013/901/934
f 1003/891/924 1002/890/923 1166/1054/1081
f 1003/891/924 1166/1054/1081 1179/1067/1094
f 1179/1067/1094 1166/1054/1081 1005/893/926
f 1179/1067/1094 1005/893/926 1004/892/925
f 989/877/910 988/876/909 1168/1056/1083
f 989/877/910 1168/1056/1083 1175/1063/1090
f 1175/1063/1090 1168/1056/1083 991/879/912
f 1175/1063/1090 991/879/912 990/878/911
f 975/863/896 974/862/895 1170/1058/1085
f 975/863/896 1170/1058/1085 1176/1064/1091
f 1176/1064/1091 1170/1058/1085 977/865/898
f 1176/1064/1091 977/865/898 976/864/897
f 961/849/882 960/848/881 1172/1060/1087
f 961/849/882 1172/1060/1087 1177/1065/1092
f 1177/1065/1092 1172/1060/1087 963/851/884
f 1177/1065/1092 963/851/884 962/850/883
f 1180/1068/58 1181/1069/1095 1182/1070/1096
f 1180/1068/58 1182/1070/1096 1183/1071/59
f 1184/1072/1097 811/699/734 704/592/628
f 1184/1072/1097 704/592/628 1185/1073/1098
f 1186/1074/100 1187/1075/1099 1181/1069/1095
f 1186/1074/100 1181/1069/1095 1180/1068/58
f 1188/1076/1100 805/693/728 811/699/734
f 1188/1076/1100 811/699/734 1184/1072/1097
f 1189/1077/99 1190/1078/1101 1187/1075/1099
f 1189/1077/99 1187/1075/1099 1186/1074/100
f 1191/1079/1102 799/687/722 805/693/728
f 1191/1079/1102 805/693/728 1188/1076/1100
f 1192/1080/1103 1193/1081/1104 1190/1078/1101
f 1192/1080/1103 1190/1078/1101 1189/1077/99
f 1194/1082/1105 793/681/716 799/687/722
f 1194/1082/1105 799/687/722 1191/1079/1102
f 1195/1083/130 1196/1084/1106 1193/1081/1104
f 1195/1083/130 1193/1081/1104 1192/1080/1103
f 1197/1085/1107 787/675/710 793/681/716
f 1197/1085/1107 793/681/716 1194/1082/1105
f 1198/1086/145 1199/1087/1108 1196/1084/1106
f 1198/1086/145 1196/1084/1106 1195/1083/130
f 1200/1088/1109 781/669/704 787/675/710
f 1200/1088/1109 787/675/710 1197/1085/1107
f 1201/1089/1110 1202/1090/1111 1199/1087/1108
f 1201/1089/1110 1199/1087/1108 1198/1086/145
f 1203/1091/1112 775/663/698 781/669/704
f 1203/1091/1112 781/669/704 1200/1088/1109
f 1204/1092/180 1205/1093/1113 1202/1090/1111
f 1204/1092/180 1202/1090/1111 1201/1089/1110
f 1206/1094/1114 769/657/692 775/663/698
f 1206/1094/1114 775/663/698 1203/1091/1112
f 1207/1095/198 1208/1096/1115 1205/1093/1113
f 1207/1095/198 1205/1093/1113 1204/1092/180
f 1209/1097/1116 763/651/686 769/657/692
f 1209/1097/1116 769/657/692 1206/1094/1114
f 1210/1098/217 1211/1099/1117 1208/1096/1115
f 1210/1098/217 1208/1096/1115 1207/1095/198
f 1212/1100/1118 757/645/680 763/651/686
f 1212/1100/1118 763/651/686 1209/1097/1116
f 1213/1101/1119 1214/1102/1120 1211/1099/1117
f 1213/1101/1119 1211/1099/1117 1210/1098/217
f 1215/1103/1121 747/635/671 757/645/680
f 1215/1103/1121 757/645/680 1212/1100/1118
f 1216/1104/250 1217/1105/1122 1214/1102/1120
f 1216/1104/250 1214/1102/1120 1213/1101/1119
f 1218/1106/1123 741/629/665 747/635/671
f 1218/1106/1123 747/635/671 1215/1103/1121
f 1219/1107/1124 1220/1108/1125 1217/1105/1122
f 1219/1107/1124 1217/1105/1122 1216/1104/250
f 1221/1109/1126 735/623/659 741/629/665
f 1221/1109/1126 741/629/665 1218/1106/1123
f 1222/1110/287 1223/1111/1127 1220/1108/1125
f 1222/1110/287 1220/1108/1125 1219/1107/1124
f 1224/1112/1128 729/617/653 735/623/659
f 1224/1112/1128 735/623/659 1221/1109/1126
f 1225/1113/301 1226/1114/1129 1223/1111/1127
f 1225/1113/301 1223/1111/1127 1222/1110/287
f 1227/1115/1130 723/611/647 729/617/653
f 1227/1115/1130 729/617/653 1224/1112/1128
f 1228/1116/1131 1229/1117/1132 1226/1114/1129
f 1228/1116/1131 1226/1114/1129 1225/1113/301
f 1230/1118/1133 717/605/641 723/611/647
f 1230/1118/1133 723/611/647 1227/1115/1130
f 1231/1119/334 1232/1120/1134 1229/1117/1132
f 1231/1119/334 1229/1117/1132 1228/1116/1131
f 1233/1121/1135 707/595/631 717/605/641
f 1233/1121/1135 717/605/641 1230/1118/1133
f 1183/1071/59 1182/1070/1096 1232/1120/1134
f 1183/1071/59 1232/1120/1134 1231/1119/334
f 1185/1073/1098 704/592/628 707/595/631
f 1185/1073/1098 707/595/631 1233/1121/1135
f 1234/1070/1136 1185/1073/1098 1233/1121/1135
f 1234/1070/1136 1233/1121/1135 1235/1120/1137
f 1235/1120/1137 1233/1121/1135 1230/1118/1133
f 1235/1120/1137 1230/1118/1133 1236/1117/1138
f 1236/1117/1138 1230/1118/1133 1227/1115/1130
f 1236/1117/1138 1227/1115/1130 1237/1114/1139
f 1237/1114/1139 1227/1115/1130 1224/1112/1128
f 1237/1114/1139 1224/1112/1128 1238/1111/1140
f 1238/1111/1140 1224/1112/1128 1221/1109/1126
f 1238/1111/1140 1221/1109/1126 1239/1108/1141
f 1239/1108/1141 1221/1109/1126 1218/1106/1123
f 1239/1108/1141 1218/1106/1123 1240/1105/1142
f 1240/1105/1142 1218/1106/1123 1215/1103/1121
f 1240/1105/1142 1215/1103/1121 1241/1102/1143
f 1241/1102/1143 1215/1103/1121 1212/1100/1118
f 1241/1102/1143 1212/1100/1118 1242/1099/1144
f 1242/1099/1144 1212/1100/1118 1209/1097/1116
f 1242/1099/1144 1209/1097/1116 1243/1096/1145
f 1243/1096/1145 1209/1097/1116 1206/1094/1114
f 1243/1096/1145 1206/1094/1114 1244/1093/1146
f 1244/1093/1146 1206/1094/1114 1203/1091/1112
f 1244/1093/1146 1203/1091/1112 1245/1090/1147
f 1245/1090/1147 1203/1091/1112 1200/1088/1109
f 1245/1090/1147 1200/1088/1109 1246/1087/1148
f 1246/1087/1148 1200/1088/1109 1197/1085/1107
f 1246/1087/1148 1197/1085/1107 1247/1084/1149
f 1247/1084/1149 1197/1085/1107 1194/1082/1105
f 1247/1084/1149 1194/1082/1105 1248/1081/1150
f 1248/1081/1150 1194/1082/1105 1191/1079/1102
f 1248/1081/1150 1191/1079/1102 1249/1078/1151
f 1249/1078/1151 1191/1079/1102 1188/1076/1100
f 1249/1078/1151 1188/1076/1100 1250/1075/1152
f 1250/1075/1152 1188/1076/1100 1184/1072/1097
f 1250/1075/1152 1184/1072/1097 1251/1069/1153
f 1251/1069/1153 1184/1072/1097 1185/1073/1098
f 1251/1069/1153 1185/1073/1098 1234/1070/1136
f 1252/1122/1154 64/64/60 370/235/333
f 1252/1122/1154 370/235/333 1253/1123/1155
f 1253/1123/1155 370/235/333 373/354/316
f 1253/1123/1155 373/354/316 1254/1124/1156
f 1255/1125/1157 351/108/316 334/105/300
f 1255/1125/1157 334/105/300 1256/1126/1158
f 1256/1126/1158 334/105/300 318/309/286
f 1256/1126/1158 318/309/286 1257/1127/1159
f 1257/1127/1159 318/309/286 296/288/266
f 1257/1127/1159 296/288/266 1258/1128/1160
f 1258/1128/1160 296/288/266 276/156/249
f 1258/1128/1160 276/156/249 1259/1129/1161
f 1259/1129/1161 276/156/249 279/271/232
f 1259/1129/1161 279/271/232 1260/1130/1162
f 1261/1124/1163 258/253/232 240/235/216
f 1261/1124/1163 240/235/216 1262/1123/1164
f 1262/1123/1164 240/235/216 216/64/197
f 1262/1123/1164 216/64/197 1263/1122/1165
f 1263/1122/1165 216/64/197 194/61/179
f 1263/1122/1165 194/61/179 1264/1131/1166
f 1264/1131/1166 194/61/179 197/194/182
f 1264/1131/1166 197/194/182 1265/1132/1167
f 1266/1133/1168 176/176/162 156/156/144
f 1266/1133/1168 156/156/144 1267/1134/1169
f 1267/1134/1169 156/156/144 140/140/129
f 1267/1134/1169 140/140/129 1268/1128/1170
f 1268/1128/1170 140/140/129 124/124/115
f 1268/1128/1170 124/124/115 1269/1135/1171
f 1269/1135/1171 124/124/115 105/105/98
f 1269/1135/1171 105/105/98 1270/1136/1172
f 1270/1136/1172 105/105/98 108/108/82
f 1270/1136/1172 108/108/82 1271/1137/1173
f 1272/1132/1174 87/87/82 61/61/57
f 1272/1132/1174 61/61/57 1273/1138/1175
f 1273/1138/1175 61/61/57 64/64/60
f 1273/1138/1175 64/64/60 1252/1122/1154
f 701/589/625 703/591/627 632/520/560
f 701/589/625 632/520/560 630/518/558
f 697/585/621 699/587/623 703/591/627
f 697/585/621 703/591/627 701/589/625
f 693/581/617 695/583/619 699/587/623
f 693/581/617 699/587/623 697/585/621
f 689/577/613 691/579/615 695/583/619
f 689/577/613 695/583/619 693/581/617
f 685/573/609 687/575/611 691/579/615
f 685/573/609 691/579/615 689/577/613
f 681/569/605 683/571/607 687/575/611
f 681/569/605 687/575/611 685/573/609
f 677/565/601 679/567/603 683/571/607
f 677/565/601 683/571/607 681/569/605
f 671/559/597 675/563/599 679/567/603
f 671/559/597 679/567/603 677/565/601
f 670/558/593 672/560/595 675/563/599
f 670/558/593 675/563/599 671/559/597
f 661/549/589 663/551/591 667/555/595
f 661/549/589 667/555/595 665/553/593
f 657/545/585 659/547/587 663/551/591
f 657/545/585 663/551/591 661/549/589
f 653/541/581 655/543/583 659/547/587
f 653/541/581 659/547/587 657/545/585
f 649/537/577 651/539/579 655/543/583
f 649/537/577 655/543/583 653/541/581
f 645/533/573 647/535/575 651/539/579
f 645/533/573 651/539/579 649/537/577
f 641/529/569 643/531/571 647/535/575
f 641/529/569 647/535/575 645/533/573
f 637/525/565 639/527/567 643/531/571
f 637/525/565 643/531/571 641/529/569
f 631/519/559 635/523/563 639/527/567
f 631/519/559 639/527/567 637/525/565
f 630/518/558 632/520/560 635/523/563
f 630/518/558 635/523/563 631/519/559
f 1274/1139/626 1275/1138/1176 1276/1122/1177
f 1274/1139/626 1276/1122/1177 1277/1140/561
f 1278/1141/622 1279/1132/1178 1275/1138/1176
f 1278/1141/622 1275/1138/1176 1274/1139/626
f 1280/1142/1179 1281/1136/1180 1282/1137/1178
f 1280/1142/1179 1282/1137/1178 1283/1143/1181
f 1284/1144/614 1285/1135/1182 1281/1136/1180
f 1284/1144/614 1281/1136/1180 1280/1142/1179
f 1286/1145/610 1287/1128/1183 1285/1135/1182
f 1286/1145/610 1285/1135/1182 1284/1144/614
f 1288/1146/1184 1289/1134/1185 1287/1128/1183
f 1288/1146/1184 1287/1128/1183 1286/1145/610
f 1290/1147/1186 1291/1133/1187 1289/1134/1185
f 1290/1147/1186 1289/1134/1185 1288/1146/1184
f 1292/1139/598 1293/1131/1188 1294/1132/1189
f 1292/1139/598 1294/1132/1189 1295/1141/602
f 1296/1140/594 1297/1122/1190 1293/1131/1188
f 1296/1140/594 1293/1131/1188 1292/1139/598
f 1298/1148/590 1299/1123/1191 1297/1122/1190
f 1298/1148/590 1297/1122/1190 1296/1140/594
f 1300/1149/586 1301/1124/1192 1299/1123/1191
f 1300/1149/586 1299/1123/1191 1298/1148/590
f 1302/1146/1193 1303/1129/1194 1304/1130/1192
f 1302/1146/1193 1304/1130/1192 1305/1147/1195
f 1306/1145/578 1307/1128/1196 1303/1129/1194
f 1306/1145/578 1303/1129/1194 1302/1146/1193
f 1308/1144/574 1309/1127/1197 1307/1128/1196
f 1308/1144/574 1307/1128/1196 1306/1145/578
f 1310/1142/1198 1311/1126/1199 1309/1127/1197
f 1310/1142/1198 1309/1127/1197 1308/1144/574
f 1312/1143/1200 1313/1125/1201 1311/1126/1199
f 1312/1143/1200 1311/1126/1199 1310/1142/1198
f 1314/1148/562 1315/1123/1202 1316/1124/1203
f 1314/1148/562 1316/1124/1203 1317/1149/566
f 1277/1140/561 1276/1122/1177 1315/1123/1202
f 1277/1140/561 1315/1123/1202 1314/1148/562
f 862/750/784 863/751/785 818/706/741
f 862/750/784 818/706/741 816/704/739
f 861/749/783 22/22/22 863/751/785
f 861/749/783 863/751/785 862/750/784
f 23/23/23 22/22/22 861/749/783
f 23/23/23 861/749/783 1318/1150/1204
f 857/745/779 859/747/781 1319/1151/1205
f 857/745/779 1319/1151/1205 860/748/782
f 854/742/776 856/744/778 859/747/781
f 854/742/776 859/747/781 857/745/779
f 851/739/773 853/741/775 856/744/778
f 851/739/773 856/744/778 854/742/776
f 848/736/770 850/738/772 853/741/775
f 848/736/770 853/741/775 851/739/773
f 845/733/767 847/735/769 850/738/772
f 845/733/767 850/738/772 848/736/770
f 842/730/764 844/732/766 847/735/769
f 842/730/764 847/735/769 845/733/767
f 839/727/761 841/729/763 844/732/766
f 839/727/761 844/732/766 842/730/764
f 834/722/757 838/726/760 841/729/763
f 834/722/757 841/729/763 839/727/761
f 833/721/756 835/723/758 838/726/760
f 833/721/756 838/726/760 834/722/757
f 825/713/748 829/717/752 832/720/755
f 825/713/748 832/720/755 830/718/753
f 823/711/746 826/714/749 829/717/752
f 823/711/746 829/717/752 825/713/748
f 826/714/749 823/711/746 824/712/747
f 826/714/749 824/712/747 1320/1152/1206
f 1321/1153/1207 822/710/745 11/11/11
f 1321/1153/1207 11/11/11 10/10/10
f 817/705/740 821/709/744 11/11/11
f 817/705/740 11/11/11 822/710/745
f 816/704/739 818/706/741 821/709/744
f 816/704/739 821/709/744 817/705/740
f 1322/1154/1208 813/701/736 708/596/632
f 1322/1154/1208 708/596/632 1323/1155/1209
f 1324/1156/1210 807/695/730 813/701/736
f 1324/1156/1210 813/701/736 1322/1154/1208
f 1325/1157/1211 801/689/724 807/695/730
f 1325/1157/1211 807/695/730 1324/1156/1210
f 1326/1158/1212 795/683/718 801/689/724
f 1326/1158/1212 801/689/724 1325/1157/1211
f 1327/1159/1213 789/677/712 795/683/718
f 1327/1159/1213 795/683/718 1326/1158/1212
f 1328/1160/1214 783/671/706 789/677/712
f 1328/1160/1214 789/677/712 1327/1159/1213
f 1329/1161/1215 777/665/700 783/671/706
f 1329/1161/1215 783/671/706 1328/1160/1214
f 1330/1162/1216 771/659/694 777/665/700
f 1330/1162/1216 777/665/700 1329/1161/1215
f 1331/1163/1217 765/653/688 771/659/694
f 1331/1163/1217 771/659/694 1330/1162/1216
f 1332/1164/1218 759/647/682 765/653/688
f 1332/1164/1218 765/653/688 1331/1163/1217
f 1333/1165/1219 751/639/675 759/647/682
f 1333/1165/1219 759/647/682 1332/1164/1218
f 1334/1166/1220 748/636/672 751/639/675
f 1334/1166/1220 751/639/675 1333/1165/1219
f 1335/1167/1221 737/625/661 743/631/667
f 1335/1167/1221 743/631/667 1336/1168/1220
f 1337/1169/1222 731/619/655 737/625/661
f 1337/1169/1222 737/625/661 1335/1167/1221
f 1338/1170/1223 725/613/649 731/619/655
f 1338/1170/1223 731/619/655 1337/1169/1222
f 1339/1171/1224 719/607/643 725/613/649
f 1339/1171/1224 725/613/649 1338/1170/1223
f 1340/1172/1225 711/599/635 719/607/643
f 1340/1172/1225 719/607/643 1339/1171/1224
f 1323/1155/1209 708/596/632 711/599/635
f 1323/1155/1209 711/599/635 1340/1172/1225
f 714/602/638 68/68/64 374/355/336
f 714/602/638 374/355/336 715/603/639
f 715/603/639 374/355/336 353/338/318
f 715/603/639 353/338/318 721/609/645
f 721/609/645 353/338/318 355/340/320
f 721/609/645 355/340/320 727/615/651
f 727/615/651 355/340/320 1341/1173/1226
f 727/615/651 1341/1173/1226 733/621/657
f 733/621/657 1341/1173/1226 298/289/268
f 733/621/657 298/289/268 739/627/663
f 739/627/663 298/289/268 301/292/271
f 739/627/663 301/292/271 745/633/669
f 754/642/669 280/272/252 260/255/234
f 754/642/669 260/255/234 755/643/678
f 755/643/678 260/255/234 242/237/218
f 755/643/678 242/237/218 761/649/684
f 761/649/684 242/237/218 218/213/199
f 761/649/684 218/213/199 767/655/690
f 767/655/690 218/213/199 198/195/183
f 767/655/690 198/195/183 773/661/696
f 773/661/696 198/195/183 178/178/164
f 773/661/696 178/178/164 779/667/702
f 779/667/702 178/178/164 158/158/146
f 779/667/702 158/158/146 785/673/708
f 785/673/708 158/158/146 161/161/149
f 785/673/708 161/161/149 791/679/714
f 791/679/714 161/161/149 1342/1174/1227
f 791/679/714 1342/1174/1227 797/685/720
f 797/685/720 1342/1174/1227 109/109/101
f 797/685/720 109/109/101 803/691/726
f 803/691/726 109/109/101 89/89/84
f 803/691/726 89/89/84 809/697/732
f 809/697/732 89/89/84 65/65/61
f 809/697/732 65/65/61 815/703/738
f 815/703/738 65/65/61 68/68/64
f 815/703/738 68/68/64 714/602/638
f 1343/1175/1228 1344/1176/1229 1345/1177/1230
f 1343/1175/1228 1345/1177/1230 1346/1178/1231
f 1347/1179/1232 1348/1180/1233 1344/1176/1229
f 1347/1179/1232 1344/1176/1229 1343/1175/1228
f 1349/1181/1234 1350/1182/1235 1348/1180/1233
f 1349/1181/1234 1348/1180/1233 1347/1179/1232
f 1351/1183/1236 1352/1184/1237 1350/1182/1235
f 1351/1183/1236 1350/1182/1235 1349/1181/1234
f 1353/1185/1238 1354/1186/1239 1352/1184/1237
f 1353/1185/1238 1352/1184/1237 1351/1183/1236
f 1355/1187/1240 1356/1188/1241 1354/1186/1239
f 1355/1187/1240 1354/1186/1239 1353/1185/1238
f 1357/1189/1242 1358/1190/1243 1356/1188/1241
f 1357/1189/1242 1356/1188/1241 1355/1187/1240
f 1359/1191/1244 1360/1192/1245 1358/1190/1243
f 1359/1191/1244 1358/1190/1243 1357/1189/1242
f 1361/1193/1246 1362/1194/1247 1360/1192/1245
f 1361/1193/1246 1360/1192/1245 1359/1191/1244
f 1363/1195/1248 1364/1196/1249 1362/1194/1247
f 1363/1195/1248 1362/1194/1247 1361/1193/1246
f 1365/1197/1250 1366/1198/1251 1364/1196/1249
f 1365/1197/1250 1364/1196/1249 1363/1195/1248
f 1367/1199/1252 1368/1200/1253 1366/1198/1251
f 1367/1199/1252 1366/1198/1251 1365/1197/1250
f 1369/1201/1254 1370/1202/1255 1371/1203/1256
f 1369/1201/1254 1371/1203/1256 1372/1204/1257
f 1373/1205/1258 1374/1206/1259 1370/1202/1255
f 1373/1205/1258 1370/1202/1255 1369/1201/1254
f 1375/1207/1260 1376/1208/1261 1374/1206/1259
f 1375/1207/1260 1374/1206/1259 1373/1205/1258
f 1377/1209/1262 1378/1210/1263 1376/1208/1261
f 1377/1209/1262 1376/1208/1261 1375/1207/1260
f 1379/1211/1264 1380/1212/1265 1378/1210/1263
f 1379/1211/1264 1378/1210/1263 1377/1209/1262
f 1346/1178/1231 1345/1177/1230 1380/1212/1265
f 1346/1178/1231 1380/1212/1265 1379/1211/1264
f 1381/1213/1266 1382/1214/1267 1383/1215/1268
f 1381/1213/1266 1383/1215/1268 1384/1216/1269
f 1385/1217/1270 1386/1218/1271 1382/1214/1267
f 1385/1217/1270 1382/1214/1267 1381/1213/1266
f 1387/1219/1272 1388/1220/1273 1386/1218/1271
f 1387/1219/1272 1386/1218/1271 1385/1217/1270
f 1389/1221/1274 1390/1222/1275 1388/1220/1273
f 1389/1221/1274 1388/1220/1273 1387/1219/1272
f 1391/1223/1276 1392/1224/1277 1390/1222/1275
f 1391/1223/1276 1390/1222/1275 1389/1221/1274
f 1393/1225/1278 1394/1226/1279 1392/1224/1277
f 1393/1225/1278 1392/1224/1277 1391/1223/1276
f 1395/1227/1280 1396/1228/1281 1394/1226/1279
f 1395/1227/1280 1394/1226/1279 1393/1225/1278
f 1397/1229/1282 1398/1230/1283 1396/1228/1281
f 1397/1229/1282 1396/1228/1281 1395/1227/1280
f 1399/1231/1284 1400/1232/1285 1398/1230/1283
f 1399/1231/1284 1398/1230/1283 1397/1229/1282
f 1401/1233/1286 1402/1234/1287 1400/1232/1285
f 1401/1233/1286 1400/1232/1285 1399/1231/1284
f 1403/1235/1288 1404/1236/1289 1402/1234/1287
f 1403/1235/1288 1402/1234/1287 1401/1233/1286
f 1405/1237/1290 1406/1238/1291 1404/1236/1289
f 1405/1237/1290 1404/1236/1289 1403/1235/1288
f 1407/1239/1292 1408/1240/1293 1409/1241/1294
f 1407/1239/1292 1409/1241/1294 1410/1242/1290
f 1411/1243/1295 1412/1244/1296 1408/1240/1293
f 1411/1243/1295 1408/1240/1293 1407/1239/1292
f 1413/1245/1297 1414/1246/1298 1412/1244/1296
f 1413/1245/1297 1412/1244/1296 1411/1243/1295
f 1415/1247/1299 1416/1248/1300 1414/1246/1298
f 1415/1247/1299 1414/1246/1298 1413/1245/1297
f 1417/1249/1301 1418/1250/1302 1416/1248/1300
f 1417/1249/1301 1416/1248/1300 1415/1247/1299
f 1384/1216/1269 1383/1215/1268 1418/1250/1302
f 1384/1216/1269 1418/1250/1302 1417/1249/1301
f 1345/1177/1230 1419/1216/1303 1420/1249/1304
f 1345/1177/1230 1420/1249/1304 1380/1212/1265
f 1380/1212/1265 1420/1249/1304 1421/1247/1305
f 1380/1212/1265 1421/1247/1305 1378/1210/1263
f 1378/1210/1263 1421/1247/1305 1422/1245/1306
f 1378/1210/1263 1422/1245/1306 1376/1208/1261
f 1376/1208/1261 1422/1245/1306 1423/1243/1307
f 1376/1208/1261 1423/1243/1307 1374/1206/1259
f 1374/1206/1259 1423/1243/1307 1424/1239/1308
f 1374/1206/1259 1424/1239/1308 1370/1202/1255
f 1370/1202/1255 1424/1239/1308 1425/1242/1309
f 1370/1202/1255 1425/1242/1309 1371/1203/1256
f 1368/1200/1253 1426/1237/1310 1427/1235/1311
f 1368/1200/1253 1427/1235/1311 1366/1198/1251
f 1366/1198/1251 1427/1235/1311 1428/1233/1312
f 1366/1198/1251 1428/1233/1312 1364/1196/1249
f 1364/1196/1249 1428/1233/1312 1429/1231/1313
f 1364/1196/1249 1429/1231/1313 1362/1194/1247
f 1362/1194/1247 1429/1231/1313 1430/1229/1314
f 1362/1194/1247 1430/1229/1314 1360/1192/1245
f 1360/1192/1245 1430/1229/1314 1431/1227/1315
f 1360/1192/1245 1431/1227/1315 1358/1190/1243
f 1358/1190/1243 1431/1227/1315 1432/1225/1316
f 1358/1190/1243 1432/1225/1316 1356/1188/1241
f 1356/1188/1241 1432/1225/1316 1433/1223/1317
f 1356/1188/1241 1433/1223/1317 1354/1186/1239
f 1354/1186/1239 1433/1223/1317 1434/1221/1318
f 1354/1186/1239 1434/1221/1318 1352/1184/1237
f 1352/1184/1237 1434/1221/1318 1435/1219/1319
f 1352/1184/1237 1435/1219/1319 1350/1182/1235
f 1350/1182/1235 1435/1219/1319 1436/1217/1320
f 1350/1182/1235 1436/1217/1320 1348/1180/1233
f 1348/1180/1233 1436/1217/1320 1437/1213/1321
f 1348/1180/1233 1437/1213/1321 1344/1176/1229
f 1344/1176/1229 1437/1213/1321 1419/1216/1303
f 1344/1176/1229 1419/1216/1303 1345/1177/1230
f 1438/1251/1322 1439/1252/1322 1440/1253/1323
f 1438/1251/1322 1440/1253/1323 1441/1254/1323
f 1441/1254/1323 1440/1253/1323 1442/1255/1324
f 1441/1254/1323 1442/1255/1324 1443/1256/1324
f 1443/1256/1324 1442/1255/1324 1444/1257/1325
f 1443/1256/1324 1444/1257/1325 1445/1258/1325
f 1445/1258/1325 1444/1257/1325 1446/1259/1326
f 1445/1258/1325 1446/1259/1326 1447/1260/1326
f 1447/1260/1326 1446/1259/1326 1448/1261/1327
f 1447/1260/1326 1448/1261/1327 1449/1262/1327
f 1449/1262/1327 1448/1261/1327 1450/1263/1328
f 1449/1262/1327 1450/1263/1328 1451/1264/1328
f 1451/1264/1328 1450/1263/1328 1452/1265/1329
f 1451/1264/1328 1452/1265/1329 1453/1266/1329
f 1453/1266/1329 1452/1265/1329 1454/1267/1330
f 1453/1266/1329 1454/1267/1330 1455/1268/1330
f 1455/1268/1330 1454/1267/1330 1456/1269/1331
f 1455/1268/1330 1456/1269/1331 1457/1270/1331
f 1457/1270/1331 1456/1269/1331 1458/1271/1332
f 1457/1270/1331 1458/1271/1332 1459/1272/1332
f 1459/1272/1332 1458/1271/1332 1460/1273/1333
f 1459/1272/1332 1460/1273/1333 1461/1274/1333
f 1461/1274/1333 1460/1273/1333 1462/1275/1334
f 1461/1274/1333 1462/1275/1334 1463/1276/1334
f 1463/1276/1334 1462/1275/1334 1464/1277/1335
f 1463/1276/1334 1464/1277/1335 1465/1278/1335
f 1465/1278/1335 1464/1277/1335 1466/1279/1336
f 1465/1278/1335 1466/1279/1336 1467/1280/1336
f 1467/1280/1336 1466/1279/1336 1468/1281/1337
f 1467/1280/1336 1468/1281/1337 1469/1282/1337
f 1469/1282/1337 1468/1281/1337 1470/1283/1338
f 1469/1282/1337 1470/1283/1338 1471/1284/1338
f 1471/1284/1338 1470/1283/1338 1472/1285/1339
f 1471/1284/1338 1472/1285/1339 1473/1286/1339
f 1473/1286/1339 1472/1285/1339 1439/1252/1322
f 1473/1286/1339 1439/1252/1322 1438/1251/1322
f 1474/1287/1340 1475/1154/1340 1476/1155/1341
f 1474/1287/1340 1476/1155/1341 1477/1288/1341
f 1478/1289/1342 1479/1156/1342 1475/1154/1340
f 1478/1289/1342 1475/1154/1340 1474/1287/1340
f 1480/1290/1343 1481/1157/1344 1479/1156/1342
f 1480/1290/1343 1479/1156/1342 1478/1289/1342
f 1482/1291/1345 1483/1158/1345 1481/1157/1344
f 1482/1291/1345 1481/1157/1344 1480/1290/1343
f 1484/1292/1346 1485/1159/1346 1483/1158/1345
f 1484/1292/1346 1483/1158/1345 1482/1291/1345
f 1486/1293/1347 1487/1160/1347 1485/1159/1346
f 1486/1293/1347 1485/1159/1346 1484/1292/1346
f 1488/1294/1348 1489/1161/1348 1487/1160/1347
f 1488/1294/1348 1487/1160/1347 1486/1293/1347
f 1490/1295/1349 1491/1162/1349 1489/1161/1348
f 1490/1295/1349 1489/1161/1348 1488/1294/1348
f 1492/1296/1350 1493/1163/1350 1491/1162/1349
f 1492/1296/1350 1491/1162/1349 1490/1295/1349
f 1494/1297/1351 1495/1164/1351 1493/1163/1350
f 1494/1297/1351 1493/1163/1350 1492/1296/1350
f 1496/1298/1352 1497/1165/1352 1495/1164/1351
f 1496/1298/1352 1495/1164/1351 1494/1297/1351
f 1498/1299/1353 1499/1166/1353 1497/1165/1352
f 1498/1299/1353 1497/1165/1352 1496/1298/1352
f 1500/1300/1354 1501/1167/1354 1502/1168/1355
f 1500/1300/1354 1502/1168/1355 1503/1301/1355
f 1504/1302/1356 1505/1169/1356 1501/1167/1354
f 1504/1302/1356 1501/1167/1354 1500/1300/1354
f 1506/1303/1357 1507/1170/1357 1505/1169/1356
f 1506/1303/1357 1505/1169/1356 1504/1302/1356
f 1508/1304/1358 1509/1171/1358 1507/1170/1357
f 1508/1304/1358 1507/1170/1357 1506/1303/1357
f 1510/1305/1359 1511/1172/1359 1509/1171/1358
f 1510/1305/1359 1509/1171/1358 1508/1304/1358
f 1477/1288/1341 1476/1155/1341 1511/1172/1359
f 1477/1288/1341 1511/1172/1359 1510/1305/1359
f 1383/1215/1268 1512/1288/1360 1513/1305/1361
f 1383/1215/1268 1513/1305/1361 1418/1250/1302
f 1418/1250/1302 1513/1305/1361 1514/1304/1362
f 1418/1250/1302 1514/1304/1362 1416/1248/1300
f 1416/1248/1300 1514/1304/1362 1515/1303/1363
f 1416/1248/1300 1515/1303/1363 1414/1246/1298
f 1414/1246/1298 1515/1303/1363 1516/1302/1364
f 1414/1246/1298 1516/1302/1364 1412/1244/1296
f 1412/1244/1296 1516/1302/1364 1517/1300/1365
f 1412/1244/1296 1517/1300/1365 1408/1240/1293
f 1408/1240/1293 1517/1300/1365 1518/1301/1366
f 1408/1240/1293 1518/1301/1366 1409/1241/1294
f 1406/1238/1291 1519/1299/1367 1520/1298/1368
f 1406/1238/1291 1520/1298/1368 1404/1236/1289
f 1404/1236/1289 1520/1298/1368 1521/1297/1369
f 1404/1236/1289 1521/1297/1369 1402/1234/1287
f 1402/1234/1287 1521/1297/1369 1522/1296/1370
f 1402/1234/1287 1522/1296/1370 1400/1232/1285
f 1400/1232/1285 1522/1296/1370 1523/1295/1371
f 1400/1232/1285 1523/1295/1371 1398/1230/1283
f 1398/1230/1283 1523/1295/1371 1524/1294/1372
f 1398/1230/1283 1524/1294/1372 1396/1228/1281
f 1396/1228/1281 1524/1294/1372 1525/1293/1373
f 1396/1228/1281 1525/1293/1373 1394/1226/1279
f 1394/1226/1279 1525/1293/1373 1526/1292/1374
f 1394/1226/1279 1526/1292/1374 1392/1224/1277
f 1392/1224/1277 1526/1292/1374 1527/1291/1375
f 1392/1224/1277 1527/1291/1375 1390/1222/1275
f 1390/1222/1275 1527/1291/1375 1528/1290/1376
f 1390/1222/1275 1528/1290/1376 1388/1220/1273
f 1388/1220/1273 1528/1290/1376 1529/1289/1377
f 1388/1220/1273 1529/1289/1377 1386/1218/1271
f 1386/1218/1271 1529/1289/1377 1530/1287/1378
f 1386/1218/1271 1530/1287/1378 1382/1214/1267
f 1382/1214/1267 1530/1287/1378 1512/1288/1360
f 1382/1214/1267 1512/1288/1360 1383/1215/1268
f 93/93/88 128/128/119 112/112/104
f 128/128/119 93/93/88 144/144/133
f 144/144/133 93/93/88 73/73/69
f 144/144/133 73/73/69 164/164/152
f 164/164/152 73/73/69 37/37/37
f 164/164/152 37/37/37 182/182/168
f 182/182/168 37/37/37 40/40/40
f 182/182/168 40/40/40 202/199/187
f 202/199/187 40/40/40 358/343/323
f 202/199/187 358/343/323 222/217/203
f 222/217/203 358/343/323 338/326/304
f 222/217/203 338/326/304 246/241/222
f 246/241/222 338/326/304 322/312/290
f 246/241/222 322/312/290 264/259/238
f 264/259/238 322/312/290 306/297/275
f 264/259/238 306/297/275 284/276/256
f 1532/1306/1379 1342/1174/1227 1531/1307/1380
f 1342/1174/1227 1532/1306/1379 109/109/101
f 109/109/101 1532/1306/1379 17/17/17
f 109/109/101 17/17/17 16/16/16
f 1/1/1 1533/1308/1381 160/160/148
f 1533/1308/1381 1/1/1 3/3/3
f 160/160/148 1342/1174/1227 161/161/149
f 1342/1174/1227 160/160/148 1533/1308/1381
f 1342/1174/1227 1533/1308/1381 1531/1307/1380
f 1341/1173/1226 299/290/269 298/289/268
f 299/290/269 1341/1173/1226 1535/1309/1382
f 1535/1309/1382 1341/1173/1226 1534/1310/1383
f 1535/1309/1382 4/4/4 299/290/269
f 4/4/4 1535/1309/1382 5/5/5
f 1341/1173/1226 1536/1311/1384 1534/1310/1383
f 1536/1311/1384 1341/1173/1226 355/340/320
f 1536/1311/1384 355/340/320 15/15/15
f 15/15/15 355/340/320 13/13/13
f 820/708/743 11/11/11 821/709/744
f 11/11/11 820/708/743 12/12/12
f 12/12/12 820/708/743 903/791/824
f 13/13/13 1321/1153/1207 14/14/14
f 1321/1153/1207 13/13/13 354/339/319
f 1321/1153/1207 354/339/319 822/710/745
f 826/714/749 7/7/7 827/715/750
f 7/7/7 826/714/749 1320/1152/1206
f 7/7/7 1320/1152/1206 8/8/8
f 19/19/19 859/747/781 858/746/780
f 859/747/781 19/19/19 1319/1151/1205
f 1319/1151/1205 19/19/19 21/21/21
f 1318/1150/1204 16/16/16 18/18/18
f 16/16/16 1318/1150/1204 90/90/85
f 90/90/85 1318/1150/1204 861/749/783
f 24/24/24 863/751/785 22/22/22
f 863/751/785 24/24/24 864/752/786
f 864/752/786 24/24/24 950/838/871
f 892/780/814 876/764/798 875/763/797
f 876/764/798 892/780/814 890/778/812
f 890/778/812 892/780/814 880/768/802
f 890/778/812 880/768/802 871/759/793
f 871/759/793 880/768/802 879/767/801
f 871/759/793 879/767/801 872/760/794
f 872/760/794 879/767/801 894/782/816
f 872/760/794 894/782/816 898/786/819
f 898/786/819 894/782/816 884/772/806
f 898/786/819 884/772/806 888/776/810
f 888/776/810 884/772/806 896/784/817
f 888/776/810 896/784/817 867/755/789
f 867/755/789 896/784/817 381/362/343
f 867/755/789 381/362/343 868/756/790
f 868/756/790 381/362/343 380/361/342
f 868/756/790 380/361/342 886/774/808
f 356/341/321 902/790/823 376/357/338
f 902/790/823 356/341/321 28/28/28
f 28/28/28 356/341/321 29/29/29
f 908/796/829 30/30/30 29/29/29
f 30/30/30 908/796/829 907/795/828
f 907/795/828 908/796/829 906/794/827
f 947/835/868 949/837/870 946/834/867
f 949/837/870 947/835/868 34/34/34
f 949/837/870 34/34/34 36/36/36
f 91/91/86 35/35/35 34/34/34
f 35/35/35 91/91/86 69/69/65
f 35/35/35 69/69/65 951/839/872
f 1540/1308/1385 1538/1306/1385 1539/1307/1385
f 1538/1306/1385 1540/1308/1385 1541/1309/1385
f 1538/1306/1385 1541/1309/1385 1537/1311/1385
f 1537/1311/1385 1541/1309/1385 1542/1310/1385
f 1548/15/1386 1546/1306/1386 1547/1311/1386
f 1546/1306/1386 1548/15/1386 1545/17/1386
f 1545/17/1386 1548/15/1386 1549/14/1386
f 1545/17/1386 1549/14/1386 1544/18/1386
f 1544/18/1386 1549/14/1386 1550/1153/1386
f 1544/18/1386 1550/1153/1386 1543/1150/1386
f 1543/1150/1386 1550/1153/1386 1551/10/1386
f 1543/1150/1386 1551/10/1386 1561/23/1386
f 1561/23/1386 1551/10/1386 1552/12/1386
f 1561/23/1386 1552/12/1386 1560/24/1386
f 1560/24/1386 1552/12/1386 1559/838/1386
f 1559/838/1386 1552/12/1386 1553/791/1386
f 1559/838/1386 1553/791/1386 1554/27/1386
f 1559/838/1386 1554/27/1386 1558/33/1386
f 1558/33/1386 1554/27/1386 1555/26/1386
f 1558/33/1386 1555/26/1386 1557/31/1386
f 1557/31/1386 1555/26/1386 1556/788/1386
f 1565/3/1387 1563/1309/1387 1564/1308/1387
f 1563/1309/1387 1565/3/1387 1562/5/1387
f 1562/5/1387 1565/3/1387 1566/2/1387
f 1562/5/1387 1566/2/1387 1586/6/1387
f 1586/6/1387 1566/2/1387 1567/748/1387
f 1586/6/1387 1567/748/1387 1585/712/1387
f 1585/712/1387 1567/748/1387 1584/1152/1387
f 1584/1152/1387 1567/748/1387 1568/1151/1387
f 1584/1152/1387 1568/1151/1387 1569/21/1387
f 1584/1152/1387 1569/21/1387 1583/8/1387
f 1583/8/1387 1569/21/1387 1570/20/1387
f 1583/8/1387 1570/20/1387 1582/9/1387
f 1582/9/1387 1570/20/1387 1571/836/1387
f 1582/9/1387 1571/836/1387 1581/792/1387
f 1581/792/1387 1571/836/1387 1572/837/1387
f 1581/792/1387 1572/837/1387 1580/795/1387
f 1580/795/1387 1572/837/1387 1573/36/1387
f 1580/795/1387 1573/36/1387 1579/30/1388
f 1579/30/1388 1573/36/1387 1574/35/1387
f 1579/30/1388 1574/35/1387 1578/28/1387
f 1578/28/1387 1574/35/1387 1575/839/1387
f 1578/28/1387 1575/839/1387 1577/790/1387
f 1577/790/1387 1575/839/1387 1576/789/1387
