# Blender 5.2.0 LTS
# www.blender.org
mtllib King_W_Material_005_0.mtl
o King_W_Material_005_0.001
v -0.100428 2.469139 -0.161672
v -0.100428 2.807637 -0.116741
v -0.100428 2.469139 -0.116741
v -0.397870 -3.346834 -1.093139
v -0.452002 -3.279927 -1.241865
v 0.000000 -3.279927 -1.321565
v 0.000000 -3.346834 -1.163294
v -0.457296 -3.010697 -1.256411
v -0.342020 -3.019086 -0.939693
v 0.000000 -3.019086 -1.000000
v 0.000000 -3.010696 -1.337045
v -0.642564 -2.369447 -0.765777
v -0.341901 -2.369447 -0.939365
v -0.388554 -2.457164 -1.067544
v -0.730243 -2.457164 -0.870269
v 0.341427 -2.014751 0.938064
v 0.000000 -2.014751 0.998266
v 0.000000 -2.066352 1.031382
v 0.352753 -2.066352 0.969182
v -0.184401 -0.918966 -0.506637
v -0.177959 -0.701100 -0.488937
v -0.000000 -0.701100 -0.520316
v -0.000000 -0.918966 -0.539152
v -0.175792 -0.353751 -0.482985
v 0.000000 -0.353751 -0.513982
v -0.180548 0.010822 -0.496051
v -0.000000 0.010822 -0.527887
v -0.221421 0.727110 -0.608777
v -0.246756 0.752452 -0.678383
v 0.000078 0.752452 -0.721906
v 0.000078 0.727110 -0.647834
v -0.307995 2.125352 -0.846208
v -0.118440 2.210661 -0.325411
v -0.000000 2.210661 -0.346295
v 0.000000 2.125352 -0.900516
v -0.747751 -3.346834 -0.891135
v -0.849486 -3.279927 -1.012378
v -0.859436 -3.010697 -1.024236
v -0.642788 -3.019086 -0.766044
v -0.865723 -2.369447 -0.499826
v -0.983854 -2.457164 -0.568028
v 0.543354 -2.191257 0.647545
v 0.289113 -2.191257 0.794331
v 0.309307 -2.289389 0.849814
v 0.581307 -2.289389 0.692775
v -0.346560 -0.918966 -0.413015
v -0.334453 -0.701100 -0.398585
v -0.330381 -0.353751 -0.393733
v -0.339319 0.010822 -0.404385
v -0.416205 0.727110 -0.496319
v -0.463817 0.752452 -0.553062
v -0.578841 2.125352 -0.689835
v -0.222594 2.210661 -0.265277
v -1.007442 -3.346834 -0.581647
v -1.144509 -3.279927 -0.660783
v -1.157915 -3.010697 -0.668522
v -0.866025 -3.019086 -0.500000
v -0.984464 -2.369447 -0.173588
v -1.118797 -2.457164 -0.197274
v 0.641673 -2.014751 0.764716
v 0.662960 -2.066352 0.790084
v -0.466920 -0.918966 -0.269576
v -0.450607 -0.701100 -0.260158
v -0.334453 -0.701100 -0.398585
v -0.346560 -0.918966 -0.413015
v -0.445121 -0.353751 -0.256991
v -0.330381 -0.353751 -0.393733
v -0.457163 0.010822 -0.263943
v -0.339319 0.010822 -0.404385
v -0.560778 0.727110 -0.324024
v -0.624926 0.752452 -0.361060
v -0.779870 2.125352 -0.450258
v -0.299900 2.210661 -0.173147
v -1.145621 -3.346834 -0.202004
v -1.301488 -3.279927 -0.229487
v -1.316732 -3.010697 -0.232175
v -0.984808 -3.019086 -0.173648
v -0.984464 -2.369447 0.173588
v -1.118797 -2.457164 0.197274
v 0.732059 -2.191257 0.422655
v 0.543354 -2.191257 0.647545
v 0.581307 -2.289389 0.692775
v 0.783193 -2.289389 0.452177
v -0.530961 -0.918966 -0.093623
v -0.512412 -0.701100 -0.090352
v -0.506173 -0.353751 -0.089252
v -0.519867 0.010822 -0.091667
v -0.637704 0.727110 -0.112672
v -0.710651 0.752452 -0.125534
v -0.886835 2.125352 -0.156373
v -0.341034 2.210661 -0.060133
v -1.145621 -3.346834 0.202004
v -1.301488 -3.279927 0.229487
v -1.316732 -3.010697 0.232175
v -0.984808 -3.019086 0.173648
v -0.865723 -2.369447 0.499826
v -0.983854 -2.457164 0.568028
v 0.864524 -2.014751 0.499133
v 0.641673 -2.014751 0.764716
v 0.662960 -2.066352 0.790084
v 0.893203 -2.066352 0.515691
v -0.530961 -0.918966 0.093623
v -0.512412 -0.701100 0.090352
v -0.506173 -0.353751 0.089252
v -0.519867 0.010822 0.091667
v -0.637704 0.727110 0.112245
v -0.710651 0.752452 0.125107
v -0.886835 2.125352 0.156373
v -0.341034 2.210661 0.060133
v -1.007442 -3.346834 0.581647
v -1.144509 -3.279927 0.660783
v -1.157915 -3.010697 0.668522
v -0.866025 -3.019086 0.500000
v -0.642564 -2.369447 0.765777
v -0.730243 -2.457164 0.870269
v 0.832467 -2.191257 0.146786
v 0.890614 -2.289389 0.157039
v -0.466920 -0.918966 0.269576
v -0.450607 -0.701100 0.260158
v -0.445121 -0.353751 0.256991
v -0.457163 0.010822 0.263943
v -0.560778 0.727110 0.323597
v -0.624926 0.752452 0.360633
v -0.779870 2.125352 0.450258
v -0.299900 2.210661 0.173147
v -0.747751 -3.346834 0.891135
v -0.849486 -3.279927 1.012378
v -0.859436 -3.010697 1.024236
v -0.642788 -3.019086 0.766044
v -0.341901 -2.369447 0.939365
v -0.388554 -2.457164 1.067544
v 0.983100 -2.014751 0.173347
v 1.015713 -2.066352 0.179098
v -0.346560 -0.918966 0.413015
v -0.334453 -0.701100 0.398585
v -0.330381 -0.353751 0.393733
v -0.339319 0.010822 0.404385
v -0.416205 0.727110 0.495892
v -0.463817 0.752452 0.552635
v -0.578841 2.125352 0.689835
v -0.222594 2.210661 0.265277
v -0.397870 -3.346834 1.093139
v -0.452002 -3.279927 1.241865
v -0.457296 -3.010697 1.256411
v -0.342020 -3.019086 0.939693
v 0.000000 -2.369447 0.999651
v 0.000000 -2.457164 1.136056
v 0.832467 -2.191257 -0.146786
v 0.890614 -2.289389 -0.157039
v -0.184401 -0.918966 0.506637
v -0.177959 -0.701100 0.488937
v -0.334453 -0.701100 0.398585
v -0.346560 -0.918966 0.413015
v -0.175792 -0.353751 0.482985
v -0.330381 -0.353751 0.393733
v -0.180548 0.010822 0.496051
v -0.339319 0.010822 0.404385
v -0.221421 0.727110 0.608351
v -0.246756 0.752452 0.677956
v -0.307995 2.125352 0.846208
v -0.118440 2.210661 0.325411
v 0.000000 -3.346834 1.163294
v 0.000000 -3.279927 1.321565
v 0.000000 -3.010697 1.337045
v 0.000000 -3.019086 1.000000
v 0.341901 -2.369447 0.939365
v 0.388554 -2.457164 1.067544
v 0.983100 -2.014751 -0.173347
v 1.015713 -2.066352 -0.179098
v -0.000000 -0.918966 0.539152
v -0.000000 -0.701100 0.520316
v 0.000000 -0.353751 0.513982
v -0.000000 0.010822 0.527887
v 0.000078 0.727110 0.647407
v 0.000078 0.752452 0.721479
v 0.000000 2.125352 0.900516
v -0.000000 2.210661 0.346295
v 0.397870 -3.346834 1.093139
v 0.452002 -3.279927 1.241865
v 0.457296 -3.010697 1.256411
v 0.342020 -3.019086 0.939693
v 0.642564 -2.369447 0.765777
v 0.730243 -2.457164 0.870269
v 0.732059 -2.191257 -0.422655
v 0.783193 -2.289389 -0.452177
v 0.184401 -0.918966 0.506637
v 0.177959 -0.701100 0.488937
v 0.175792 -0.353751 0.482985
v 0.180548 0.010822 0.496051
v 0.221577 0.727110 0.608351
v 0.246911 0.752452 0.677956
v 0.307995 2.125352 0.846208
v 0.118440 2.210661 0.325411
v 0.747751 -3.346834 0.891135
v 0.849486 -3.279927 1.012378
v 0.859436 -3.010697 1.024236
v 0.642788 -3.019086 0.766044
v 0.865723 -2.369447 0.499826
v 0.983854 -2.457164 0.568028
v 0.864524 -2.014751 -0.499133
v 0.893203 -2.066352 -0.515691
v 0.346560 -0.918966 0.413015
v 0.334453 -0.701100 0.398585
v 0.330381 -0.353751 0.393733
v 0.339319 0.010822 0.404385
v 0.416360 0.727110 0.495892
v 0.463973 0.752452 0.552635
v 0.578840 2.125352 0.689835
v 0.222594 2.210661 0.265277
v 1.007442 -3.346834 0.581647
v 1.144509 -3.279927 0.660783
v 1.157915 -3.010697 0.668522
v 0.866025 -3.019086 0.500000
v 0.984464 -2.369447 0.173588
v 1.118797 -2.457164 0.197274
v 0.543354 -2.191257 -0.647544
v 0.581307 -2.289389 -0.692775
v 0.466920 -0.918966 0.269576
v 0.450607 -0.701100 0.260158
v 0.334453 -0.701100 0.398585
v 0.346560 -0.918966 0.413015
v 0.445121 -0.353751 0.256991
v 0.330381 -0.353751 0.393733
v 0.457163 0.010822 0.263943
v 0.339319 0.010822 0.404385
v 0.560933 0.727110 0.323597
v 0.625082 0.752452 0.360633
v 0.779870 2.125352 0.450258
v 0.299900 2.210661 0.173147
v 1.145621 -3.346834 0.202004
v 1.301488 -3.279927 0.229487
v 1.316732 -3.010697 0.232175
v 0.984808 -3.019086 0.173648
v 0.984464 -2.369447 -0.173588
v 1.118797 -2.457164 -0.197274
v 0.641673 -2.014751 -0.764716
v 0.662960 -2.066352 -0.790084
v 0.530961 -0.918966 0.093623
v 0.512412 -0.701100 0.090352
v 0.506173 -0.353751 0.089252
v 0.519867 0.010822 0.091667
v 0.637859 0.727110 0.112245
v 0.710806 0.752452 0.125107
v 0.886835 2.125352 0.156373
v 0.341034 2.210661 0.060133
v 1.145621 -3.346834 -0.202004
v 1.301488 -3.279927 -0.229487
v 1.316732 -3.010697 -0.232175
v 0.984808 -3.019086 -0.173648
v 0.865723 -2.369447 -0.499826
v 0.983854 -2.457164 -0.568028
v 0.289113 -2.191257 -0.794331
v 0.543354 -2.191257 -0.647544
v 0.581307 -2.289389 -0.692775
v 0.309307 -2.289389 -0.849814
v 0.530961 -0.918966 -0.093623
v 0.512412 -0.701100 -0.090352
v 0.506173 -0.353751 -0.089252
v 0.519867 0.010822 -0.091667
v 0.637859 0.727110 -0.112672
v 0.710806 0.752452 -0.125534
v 0.886835 2.125352 -0.156373
v 0.341034 2.210661 -0.060133
v 1.007442 -3.346834 -0.581647
v 1.144509 -3.279927 -0.660783
v 1.157915 -3.010697 -0.668522
v 0.866025 -3.019086 -0.500000
v 0.642564 -2.369447 -0.765777
v 0.730243 -2.457164 -0.870269
v 0.341427 -2.014751 -0.938064
v 0.641673 -2.014751 -0.764716
v 0.662960 -2.066352 -0.790084
v 0.352753 -2.066352 -0.969182
v 0.466920 -0.918966 -0.269576
v 0.450607 -0.701100 -0.260158
v 0.445121 -0.353751 -0.256991
v 0.457163 0.010822 -0.263943
v 0.560933 0.727110 -0.324024
v 0.625082 0.752452 -0.361060
v 0.779870 2.125352 -0.450258
v 0.299900 2.210661 -0.173147
v 0.747751 -3.346834 -0.891135
v 0.849486 -3.279927 -1.012378
v 0.859436 -3.010697 -1.024236
v 0.642788 -3.019086 -0.766044
v 0.341901 -2.369447 -0.939365
v 0.388554 -2.457164 -1.067544
v 0.000000 -2.124035 -0.919527
v 0.000000 -2.066352 -1.031381
v 0.352753 -2.066352 -0.969182
v 0.314497 -2.124036 -0.864073
v 0.346560 -0.918966 -0.413015
v 0.334453 -0.701100 -0.398585
v 0.330381 -0.353751 -0.393733
v 0.339319 0.010822 -0.404385
v 0.416360 0.727110 -0.496319
v 0.463973 0.752452 -0.553062
v 0.578840 2.125352 -0.689835
v 0.222594 2.210661 -0.265277
v 0.397870 -3.346834 -1.093139
v 0.452002 -3.279927 -1.241865
v 0.457296 -3.010697 -1.256411
v 0.342020 -3.019086 -0.939693
v 0.000000 -2.014750 -0.998266
v 0.000000 -1.917099 -0.820543
v 0.280642 -1.917100 -0.771058
v 0.341427 -2.014751 -0.938064
v 0.000000 -2.369447 -0.999651
v 0.000000 -2.289388 -0.904353
v 0.309307 -2.289389 -0.849814
v 0.184401 -0.918966 -0.506637
v 0.177959 -0.701100 -0.488937
v 0.334453 -0.701100 -0.398585
v 0.346560 -0.918966 -0.413015
v 0.175792 -0.353751 -0.482985
v 0.330381 -0.353751 -0.393733
v 0.180548 0.010822 -0.496051
v 0.339319 0.010822 -0.404385
v 0.221577 0.727110 -0.608777
v 0.246911 0.752452 -0.678383
v 0.307995 2.125352 -0.846208
v 0.118440 2.210661 -0.325411
v 0.118440 2.210661 0.325411
v 0.222594 2.210661 0.265277
v 0.222594 2.479376 0.265277
v 0.118440 2.479376 0.325411
v -0.341427 -2.014751 -0.938064
v 0.000000 -2.014750 -0.998266
v 0.000000 -2.066352 -1.031381
v -0.352753 -2.066352 -0.969182
v -0.289113 -2.191257 -0.794331
v 0.000000 -2.191257 -0.845309
v 0.000000 -2.289388 -0.904353
v -0.309307 -2.289389 -0.849814
v 0.000000 -3.279927 -1.321565
v 0.000000 -3.010696 -1.337045
v 0.457296 -3.010697 -1.256411
v 0.452002 -3.279927 -1.241865
v 0.859436 -3.010697 -1.024236
v 0.849486 -3.279927 -1.012378
v 0.849486 -3.279927 -1.012378
v 0.859436 -3.010697 -1.024236
v 1.157915 -3.010697 -0.668522
v 1.144509 -3.279927 -0.660783
v 1.316732 -3.010697 -0.232175
v 1.301488 -3.279927 -0.229487
v 1.316732 -3.010697 0.232175
v 1.301488 -3.279927 0.229487
v 1.157915 -3.010697 0.668522
v 1.144509 -3.279927 0.660783
v 0.859436 -3.010697 1.024236
v 0.849486 -3.279927 1.012378
v 0.849486 -3.279927 1.012378
v 0.859436 -3.010697 1.024236
v 0.457296 -3.010697 1.256411
v 0.452002 -3.279927 1.241865
v 0.000000 -3.010697 1.337045
v 0.000000 -3.279927 1.321565
v -0.457296 -3.010697 1.256411
v -0.452002 -3.279927 1.241865
v -0.859436 -3.010697 1.024236
v -0.849486 -3.279927 1.012378
v -0.849486 -3.279927 1.012378
v -0.859436 -3.010697 1.024236
v -1.157915 -3.010697 0.668522
v -1.144509 -3.279927 0.660783
v -1.316732 -3.010697 0.232175
v -1.301488 -3.279927 0.229487
v -1.316732 -3.010697 -0.232175
v -1.301488 -3.279927 -0.229487
v -1.157915 -3.010697 -0.668522
v -1.144509 -3.279927 -0.660783
v -0.859436 -3.010697 -1.024236
v -0.849486 -3.279927 -1.012378
v -0.849486 -3.279927 -1.012378
v -0.859436 -3.010697 -1.024236
v -0.457296 -3.010697 -1.256411
v -0.452002 -3.279927 -1.241865
v 0.342020 -3.019086 -0.939693
v 0.410567 -2.932195 -1.128022
v 0.771613 -2.932195 -0.919572
v 0.642788 -3.019086 -0.766044
v 0.000000 -2.932194 -1.200416
v 0.000000 -2.815515 -1.265147
v 0.432706 -2.815515 -1.188849
v 0.410567 -2.932195 -1.128022
v 0.000000 -2.682829 -1.284253
v 0.439241 -2.682830 -1.206804
v 0.000000 -2.568920 -1.265147
v 0.432706 -2.568921 -1.188849
v 0.000000 -2.568920 -1.265147
v 0.000000 -2.457163 -1.136057
v 0.432706 -2.568921 -1.188849
v 1.039591 -2.932195 -0.600208
v 0.866025 -3.019086 -0.500000
v -0.543354 -2.191257 -0.647544
v -0.581307 -2.289389 -0.692775
v 0.813221 -2.815515 -0.969159
v 0.771613 -2.932195 -0.919572
v 0.825502 -2.682830 -0.983795
v 0.813221 -2.568921 -0.969159
v 0.813221 -2.568921 -0.969159
v 1.182179 -2.932195 -0.208450
v 0.984808 -3.019086 -0.173648
v -0.641673 -2.014751 -0.764716
v -0.662960 -2.066352 -0.790084
v 0.771613 -2.932195 -0.919572
v 0.813221 -2.815515 -0.969159
v 1.095649 -2.815515 -0.632573
v 1.039591 -2.932195 -0.600208
v 0.825502 -2.682830 -0.983795
v 1.112196 -2.682830 -0.642127
v 0.813221 -2.568921 -0.969159
v 1.095649 -2.568921 -0.632573
v 1.095649 -2.568921 -0.632573
v 1.182179 -2.932195 0.208450
v 0.984808 -3.019086 0.173648
v -0.732059 -2.191257 -0.422655
v -0.543354 -2.191257 -0.647544
v -0.581307 -2.289389 -0.692775
v -0.783193 -2.289389 -0.452177
v 1.245926 -2.815515 -0.219690
v 1.182179 -2.932195 -0.208450
v 1.264743 -2.682830 -0.223008
v 1.245926 -2.568921 -0.219690
v 1.245926 -2.568921 -0.219690
v 1.039591 -2.932195 0.600208
v 0.866025 -3.019086 0.500000
v -0.864524 -2.014751 -0.499133
v -0.641673 -2.014751 -0.764716
v -0.662960 -2.066352 -0.790084
v -0.893203 -2.066352 -0.515691
v 1.245926 -2.815515 0.219690
v 1.182179 -2.932195 0.208450
v 1.264743 -2.682830 0.223008
v 1.245926 -2.568921 0.219690
v 1.245926 -2.568921 0.219690
v 0.771613 -2.932195 0.919572
v 0.642788 -3.019086 0.766044
v -0.832467 -2.191257 -0.146786
v -0.890614 -2.289389 -0.157039
v 1.095649 -2.815515 0.632573
v 1.039591 -2.932195 0.600208
v 1.112196 -2.682830 0.642127
v 1.095649 -2.568921 0.632573
v 1.095649 -2.568921 0.632573
v 0.410567 -2.932195 1.128022
v 0.342020 -3.019086 0.939693
v -0.983100 -2.014751 -0.173347
v -1.015713 -2.066352 -0.179098
v 0.813221 -2.815515 0.969159
v 0.771613 -2.932195 0.919572
v 0.825502 -2.682830 0.983795
v 0.813221 -2.568921 0.969159
v 0.813221 -2.568921 0.969159
v 0.000000 -2.932195 1.200416
v 0.000000 -3.019086 1.000000
v -0.832467 -2.191257 0.146786
v -0.890614 -2.289389 0.157039
v 0.771613 -2.932195 0.919572
v 0.813221 -2.815515 0.969159
v 0.432706 -2.815515 1.188849
v 0.410567 -2.932195 1.128022
v 0.825502 -2.682830 0.983795
v 0.439241 -2.682830 1.206804
v 0.813221 -2.568921 0.969159
v 0.432706 -2.568921 1.188849
v 0.432706 -2.568921 1.188849
v -0.410567 -2.932195 1.128022
v -0.342020 -3.019086 0.939693
v -0.983100 -2.014751 0.173347
v -1.015713 -2.066352 0.179098
v 0.000000 -2.815515 1.265147
v 0.000000 -2.932195 1.200416
v 0.000000 -2.682830 1.284253
v 0.000000 -2.568921 1.265147
v 0.000000 -2.568921 1.265147
v -0.771613 -2.932195 0.919572
v -0.642788 -3.019086 0.766044
v -0.732059 -2.191257 0.422655
v -0.783193 -2.289389 0.452177
v -0.432706 -2.815515 1.188849
v -0.410567 -2.932195 1.128022
v -0.439241 -2.682830 1.206804
v -0.432706 -2.568921 1.188849
v -0.432706 -2.568921 1.188849
v -1.039591 -2.932195 0.600208
v -0.866025 -3.019086 0.500000
v -0.864524 -2.014751 0.499133
v -0.893203 -2.066352 0.515691
v -0.813221 -2.815515 0.969159
v -0.771613 -2.932195 0.919572
v -0.825502 -2.682830 0.983795
v -0.813221 -2.568921 0.969159
v -0.813221 -2.568921 0.969159
v -1.182179 -2.932195 0.208450
v -0.984808 -3.019086 0.173648
v -0.543354 -2.191257 0.647545
v -0.581307 -2.289389 0.692775
v -0.771613 -2.932195 0.919572
v -0.813221 -2.815515 0.969159
v -1.095649 -2.815515 0.632573
v -1.039591 -2.932195 0.600208
v -0.825502 -2.682830 0.983795
v -1.112196 -2.682830 0.642127
v -0.813221 -2.568921 0.969159
v -1.095649 -2.568921 0.632573
v -1.095649 -2.568921 0.632573
v -1.182179 -2.932195 -0.208450
v -0.984808 -3.019086 -0.173648
v -0.641673 -2.014751 0.764716
v -0.662960 -2.066352 0.790084
v -1.245926 -2.815515 0.219690
v -1.182179 -2.932195 0.208450
v -1.264743 -2.682830 0.223008
v -1.245926 -2.568921 0.219690
v -1.245926 -2.568921 0.219690
v -1.039591 -2.932195 -0.600208
v -0.866025 -3.019086 -0.500000
v -0.289113 -2.191257 0.794331
v -0.543354 -2.191257 0.647545
v -0.581307 -2.289389 0.692775
v -0.309307 -2.289389 0.849814
v -1.245926 -2.815515 -0.219690
v -1.182179 -2.932195 -0.208450
v -1.264743 -2.682830 -0.223008
v -1.245926 -2.568921 -0.219690
v -1.245926 -2.568921 -0.219690
v -0.771613 -2.932195 -0.919572
v -0.642788 -3.019086 -0.766044
v -0.341427 -2.014751 0.938064
v -0.641673 -2.014751 0.764716
v -0.662960 -2.066352 0.790084
v -0.352753 -2.066352 0.969182
v -1.095649 -2.815515 -0.632573
v -1.039591 -2.932195 -0.600208
v -1.112196 -2.682830 -0.642127
v -1.095649 -2.568921 -0.632573
v -1.095649 -2.568921 -0.632573
v -0.410567 -2.932195 -1.128022
v -0.342020 -3.019086 -0.939693
v 0.000000 -2.191257 0.845309
v 0.000000 -2.289389 0.904353
v -0.813221 -2.815515 -0.969159
v -0.771613 -2.932195 -0.919572
v -0.825502 -2.682830 -0.983795
v -0.813221 -2.568921 -0.969159
v -0.813221 -2.568921 -0.969159
v 0.000000 -2.932194 -1.200416
v 0.000000 -3.019086 -1.000000
v -0.771613 -2.932195 -0.919572
v -0.813221 -2.815515 -0.969159
v -0.432706 -2.815515 -1.188849
v -0.410567 -2.932195 -1.128022
v -0.825502 -2.682830 -0.983795
v -0.439241 -2.682830 -1.206804
v -0.813221 -2.568921 -0.969159
v -0.432706 -2.568921 -1.188849
v -0.432706 -2.568921 -1.188849
v -0.000000 -1.873717 -0.834485
v -0.000000 -1.830336 -0.892333
v 0.305196 -1.830336 -0.816044
v 0.285411 -1.873718 -0.784159
v -0.000000 -1.788715 -0.889367
v -0.000000 -1.572563 -0.724575
v 0.239665 -1.576365 -0.670080
v 0.294155 -1.785337 -0.819790
v 0.573581 -1.830336 -0.683567
v 0.536396 -1.873718 -0.639252
v 0.465748 -1.572563 -0.555056
v 0.571674 -1.788715 -0.681295
v 0.772783 -1.830336 -0.446166
v 0.722685 -1.873718 -0.417242
v 0.571674 -1.788715 -0.681295
v 0.465748 -1.572563 -0.555056
v 0.627500 -1.572563 -0.362287
v 0.770215 -1.788715 -0.444684
v 0.878776 -1.830336 -0.154952
v 0.821807 -1.873718 -0.144907
v 0.713567 -1.572563 -0.125821
v 0.875856 -1.788715 -0.154437
v 0.878776 -1.830336 0.154952
v 0.821807 -1.873718 0.144907
v 0.713567 -1.572563 0.125821
v 0.875856 -1.788715 0.154437
v 0.772783 -1.830336 0.446166
v 0.722685 -1.873718 0.417242
v 0.627500 -1.572563 0.362287
v 0.770215 -1.788715 0.444684
v 0.573581 -1.830336 0.683567
v 0.536396 -1.873718 0.639252
v 0.465748 -1.572563 0.555056
v 0.571674 -1.788715 0.681295
v 0.305196 -1.830336 0.838519
v 0.285411 -1.873718 0.784159
v 0.571674 -1.788715 0.681295
v 0.465748 -1.572563 0.555056
v 0.247819 -1.572563 0.680877
v 0.304182 -1.788715 0.835732
v -0.000000 -1.830336 0.892333
v -0.000000 -1.873718 0.834485
v -0.000000 -1.572563 0.724575
v -0.000000 -1.788715 0.889367
v -0.305196 -1.830336 0.838519
v -0.285411 -1.873718 0.784159
v -0.247819 -1.572563 0.680877
v -0.304182 -1.788715 0.835732
v -0.573581 -1.830336 0.683567
v -0.536396 -1.873718 0.639252
v -0.465748 -1.572563 0.555056
v -0.571674 -1.788715 0.681295
v -0.772783 -1.830336 0.446166
v -0.722685 -1.873718 0.417242
v -0.571674 -1.788715 0.681295
v -0.465748 -1.572563 0.555056
v -0.627500 -1.572563 0.362287
v -0.770215 -1.788715 0.444684
v -0.878776 -1.830336 0.154952
v -0.821807 -1.873718 0.144907
v -0.713567 -1.572563 0.125821
v -0.875856 -1.788715 0.154437
v -0.878776 -1.830336 -0.154952
v -0.821807 -1.873718 -0.144907
v -0.713567 -1.572563 -0.125821
v -0.875856 -1.788715 -0.154437
v -0.772783 -1.830336 -0.446166
v -0.722685 -1.873718 -0.417242
v -0.627500 -1.572563 -0.362287
v -0.770215 -1.788715 -0.444684
v -0.573581 -1.830336 -0.683567
v -0.536396 -1.873718 -0.639252
v -0.465748 -1.572563 -0.555056
v -0.571674 -1.788715 -0.681295
v -0.305196 -1.830336 -0.838519
v -0.285411 -1.873718 -0.784159
v -0.571674 -1.788715 -0.681295
v -0.465748 -1.572563 -0.555056
v -0.247819 -1.572563 -0.680877
v -0.304182 -1.788715 -0.835732
v -0.309307 -2.289389 -0.849814
v 0.581307 -2.289389 -0.692775
v 0.783193 -2.289389 -0.452177
v 0.890614 -2.289389 -0.157039
v 0.890614 -2.289389 0.157039
v 0.783193 -2.289389 0.452177
v 0.581307 -2.289389 0.692775
v 0.309307 -2.289389 0.849814
v 0.000000 -2.289389 0.904353
v -0.309307 -2.289389 0.849814
v -0.581307 -2.289389 0.692775
v -0.783193 -2.289389 0.452177
v -0.890614 -2.289389 0.157039
v -0.890614 -2.289389 -0.157039
v -0.783193 -2.289389 -0.452177
v -0.581307 -2.289389 -0.692775
v 0.314497 -2.124036 0.864073
v 0.000000 -2.124036 0.919527
v 0.000000 -2.191257 0.845309
v 0.289113 -2.191257 0.794331
v -0.314497 -2.124036 0.864073
v -0.289113 -2.191257 0.794331
v -0.591061 -2.124036 0.704399
v -0.543354 -2.191257 0.647545
v -0.796334 -2.124036 0.459764
v -0.732059 -2.191257 0.422655
v -0.905558 -2.124036 0.159674
v -0.832467 -2.191257 0.146786
v -0.905558 -2.124036 -0.159674
v -0.832467 -2.191257 -0.146786
v -0.796334 -2.124036 -0.459764
v -0.732059 -2.191257 -0.422655
v -0.591061 -2.124036 -0.704399
v -0.543354 -2.191257 -0.647544
v -0.314497 -2.124036 -0.864073
v -0.289113 -2.191257 -0.794331
v 0.000000 -2.191257 -0.845309
v 0.591061 -2.124036 -0.704399
v 0.543354 -2.191257 -0.647544
v 0.289113 -2.191257 -0.794331
v 0.796334 -2.124036 -0.459764
v 0.732059 -2.191257 -0.422655
v 0.905558 -2.124036 -0.159674
v 0.832467 -2.191257 -0.146786
v 0.905558 -2.124036 0.159674
v 0.832467 -2.191257 0.146786
v 0.796334 -2.124036 0.459764
v 0.732059 -2.191257 0.422655
v 0.591061 -2.124036 0.704399
v 0.543354 -2.191257 0.647545
v -0.000000 0.134095 -0.565372
v 0.193369 0.134095 -0.531276
v -0.000000 0.247905 -0.594195
v 0.203227 0.247905 -0.558361
v -0.000000 0.293635 -0.811585
v -0.000000 0.339364 -0.876817
v 0.299889 0.339364 -0.823939
v 0.277578 0.293635 -0.762641
v 0.363414 0.134095 -0.433100
v 0.381941 0.247905 -0.455180
v 0.563607 0.339364 -0.671681
v 0.521677 0.293635 -0.621710
v 0.363414 0.134095 -0.433100
v 0.489627 0.134095 -0.282686
v 0.381941 0.247905 -0.455180
v 0.514588 0.247905 -0.297098
v 0.759346 0.339364 -0.438409
v 0.702853 0.293635 -0.405793
v 0.556783 0.134095 -0.098176
v 0.585168 0.247905 -0.103181
v 0.863496 0.339364 -0.152258
v 0.799255 0.293635 -0.140930
v 0.556783 0.134095 0.098176
v 0.585168 0.247905 0.103181
v 0.863496 0.339364 0.152258
v 0.799255 0.293635 0.140930
v 0.489627 0.134095 0.282686
v 0.514588 0.247905 0.297098
v 0.759346 0.339364 0.438409
v 0.702853 0.293635 0.405793
v 0.363414 0.134095 0.433100
v 0.381941 0.247905 0.455180
v 0.563607 0.339364 0.671681
v 0.521677 0.293635 0.621710
v 0.363414 0.134095 0.433100
v 0.193369 0.134095 0.531276
v 0.381941 0.247905 0.455180
v 0.203227 0.247905 0.558361
v 0.299889 0.339364 0.823939
v 0.277578 0.293635 0.762641
v -0.000000 0.134095 0.565372
v -0.000000 0.247905 0.594195
v -0.000000 0.339364 0.876817
v -0.000000 0.293635 0.811585
v -0.193369 0.134095 0.531276
v -0.203227 0.247905 0.558361
v -0.299889 0.339364 0.823939
v -0.277578 0.293635 0.762641
v -0.363414 0.134095 0.433100
v -0.381941 0.247905 0.455180
v -0.563607 0.339364 0.671681
v -0.521677 0.293635 0.621710
v -0.363414 0.134095 0.433100
v -0.489627 0.134095 0.282686
v -0.381941 0.247905 0.455180
v -0.514588 0.247905 0.297098
v -0.759346 0.339364 0.438409
v -0.702853 0.293635 0.405793
v -0.556783 0.134095 0.098176
v -0.585168 0.247905 0.103181
v -0.863496 0.339364 0.152258
v -0.799255 0.293635 0.140930
v -0.556783 0.134095 -0.098176
v -0.585168 0.247905 -0.103181
v -0.863496 0.339364 -0.152258
v -0.799255 0.293635 -0.140930
v -0.489627 0.134095 -0.282686
v -0.514588 0.247905 -0.297098
v -0.759346 0.339364 -0.438409
v -0.702853 0.293635 -0.405793
v -0.363414 0.134095 -0.433100
v -0.381941 0.247905 -0.455180
v -0.563607 0.339364 -0.671681
v -0.521677 0.293635 -0.621710
v -0.363414 0.134095 -0.433100
v -0.193369 0.134095 -0.531276
v -0.381941 0.247905 -0.455180
v -0.203227 0.247905 -0.558361
v -0.299889 0.339364 -0.823939
v -0.277578 0.293635 -0.762641
v 0.000078 0.777587 -0.722516
v 0.000078 0.827312 -0.632107
v 0.216198 0.827312 -0.593999
v 0.247120 0.777587 -0.678956
v 0.406251 0.827312 -0.484272
v 0.464365 0.777587 -0.553529
v 0.547313 0.827312 -0.316160
v 0.625610 0.777587 -0.361365
v 0.622371 0.827312 -0.109941
v 0.711407 0.777587 -0.125640
v 0.622371 0.827312 0.109514
v 0.711407 0.777587 0.125213
v 0.547313 0.827312 0.315733
v 0.625610 0.777587 0.360938
v 0.406251 0.827312 0.483845
v 0.464365 0.777587 0.553102
v 0.216198 0.827312 0.593572
v 0.247120 0.777587 0.678529
v 0.000078 0.827312 0.631680
v 0.000078 0.777587 0.722089
v -0.216043 0.827312 0.593572
v -0.246964 0.777587 0.678529
v -0.406095 0.827312 0.483845
v -0.464209 0.777587 0.553102
v -0.547158 0.827312 0.315733
v -0.625455 0.777587 0.360938
v -0.622216 0.827312 0.109514
v -0.711251 0.777587 0.125213
v -0.622216 0.827312 -0.109941
v -0.711251 0.777587 -0.125640
v -0.547158 0.827312 -0.316160
v -0.625455 0.777587 -0.361365
v -0.406095 0.827312 -0.484272
v -0.464209 0.777587 -0.553529
v -0.216043 0.827312 -0.593999
v -0.246964 0.777587 -0.678956
v -0.311685 1.926868 -0.856346
v 0.000000 1.926868 -0.911304
v 0.000078 0.999072 -0.670599
v -0.229208 0.999072 -0.630169
v 0.000000 2.055245 -0.961077
v 0.000000 2.095882 -0.968094
v 0.331108 2.095882 -0.909711
v 0.328708 2.055245 -0.903117
v -0.000000 -1.354697 -0.601311
v 0.205661 -1.354697 -0.565048
v -0.000000 -1.136832 -0.565791
v 0.193512 -1.136832 -0.531670
v 0.386515 -1.354697 -0.460631
v 0.363684 -1.136832 -0.433421
v 0.386515 -1.354697 -0.460631
v 0.520751 -1.354697 -0.300656
v 0.363684 -1.136832 -0.433421
v 0.489990 -1.136832 -0.282896
v 0.592176 -1.354697 -0.104417
v 0.557196 -1.136832 -0.098249
v 0.592176 -1.354697 0.104417
v 0.557196 -1.136832 0.098249
v 0.520751 -1.354697 0.300656
v 0.489990 -1.136832 0.282896
v 0.386515 -1.354697 0.460631
v 0.363684 -1.136832 0.433421
v 0.386515 -1.354697 0.460631
v 0.205661 -1.354697 0.565048
v 0.363684 -1.136832 0.433421
v 0.193512 -1.136832 0.531670
v -0.000000 -1.354697 0.601311
v -0.000000 -1.136832 0.565791
v -0.205661 -1.354697 0.565048
v -0.193512 -1.136832 0.531670
v -0.386515 -1.354697 0.460631
v -0.363684 -1.136832 0.433421
v -0.386515 -1.354697 0.460631
v -0.520751 -1.354697 0.300656
v -0.363684 -1.136832 0.433421
v -0.489990 -1.136832 0.282896
v -0.592176 -1.354697 0.104417
v -0.557196 -1.136832 0.098249
v -0.592176 -1.354697 -0.104417
v -0.557196 -1.136832 -0.098249
v -0.520751 -1.354697 -0.300656
v -0.489990 -1.136832 -0.282896
v -0.386515 -1.354697 -0.460631
v -0.363684 -1.136832 -0.433421
v -0.386515 -1.354697 -0.460631
v -0.205661 -1.354697 -0.565048
v -0.363684 -1.136832 -0.433421
v -0.193512 -1.136832 -0.531670
v -0.118440 2.210661 -0.325411
v -0.222594 2.210661 -0.265277
v -0.222594 2.479376 -0.265277
v -0.118440 2.479376 -0.325411
v 0.299900 2.210661 -0.173147
v 0.222594 2.210661 -0.265277
v 0.222594 2.479376 -0.265277
v 0.299900 2.479376 -0.173147
v -0.299900 2.210661 0.173147
v -0.222594 2.210661 0.265277
v -0.222594 2.479376 0.265277
v -0.299900 2.479376 0.173147
v 0.299900 2.210661 0.173147
v 0.299900 2.479376 0.173147
v -0.299900 2.210661 -0.173147
v -0.299900 2.479376 -0.173147
v 0.118440 2.210661 -0.325411
v 0.118440 2.479376 -0.325411
v -0.118440 2.210661 0.325411
v -0.118440 2.479376 0.325411
v 0.341034 2.210661 0.060133
v 0.341034 2.479376 0.060133
v -0.341034 2.210661 -0.060133
v -0.341034 2.479376 -0.060133
v -0.000000 2.210661 -0.346295
v -0.000000 2.479376 -0.346295
v -0.000000 2.210661 0.346295
v -0.000000 2.479376 0.346295
v 0.341034 2.210661 -0.060133
v 0.341034 2.479376 -0.060133
v -0.341034 2.210661 0.060133
v -0.341034 2.479376 0.060133
v -0.328708 2.055245 -0.903117
v -0.617769 2.055245 -0.736228
v -0.585775 1.926868 -0.698100
v -0.832317 2.055245 -0.480539
v -0.617769 2.055245 -0.736228
v -0.585775 1.926868 -0.698100
v -0.789213 1.926868 -0.455652
v -0.946476 2.055245 -0.166889
v -0.897460 1.926868 -0.158246
v -0.946476 2.055245 0.166889
v -0.897460 1.926868 0.158246
v -0.832317 2.055245 0.480539
v -0.789213 1.926868 0.455652
v -0.617769 2.055245 0.736228
v -0.585775 1.926868 0.698100
v -0.328708 2.055245 0.903117
v -0.617769 2.055245 0.736228
v -0.585775 1.926868 0.698100
v -0.311685 1.926868 0.856346
v 0.000000 2.055245 0.961077
v 0.000000 1.926868 0.911304
v 0.328708 2.055245 0.903117
v 0.311685 1.926868 0.856346
v 0.617769 2.055245 0.736228
v 0.585775 1.926868 0.698100
v 0.832317 2.055245 0.480539
v 0.617769 2.055245 0.736228
v 0.585775 1.926868 0.698100
v 0.789213 1.926868 0.455652
v 0.946476 2.055245 0.166889
v 0.897460 1.926868 0.158246
v 0.946476 2.055245 -0.166889
v 0.897460 1.926868 -0.158246
v 0.832317 2.055245 -0.480539
v 0.789213 1.926868 -0.455652
v 0.617769 2.055245 -0.736228
v 0.585775 1.926868 -0.698100
v 0.617769 2.055245 -0.736228
v 0.585775 1.926868 -0.698100
v 0.311685 1.926868 -0.856346
v 0.000000 2.095882 -0.968094
v 0.331108 2.095882 -0.909711
v 0.622279 2.095882 -0.741603
v 0.838394 2.095882 -0.484047
v 0.953387 2.095882 -0.168108
v 0.953387 2.095882 0.168108
v 0.838394 2.095882 0.484047
v 0.622279 2.095882 0.741603
v 0.331108 2.095882 0.909711
v 0.000000 2.095882 0.968094
v -0.331108 2.095882 0.909711
v -0.622279 2.095882 0.741603
v -0.838394 2.095882 0.484047
v -0.953387 2.095882 0.168108
v -0.953387 2.095882 -0.168108
v -0.838394 2.095882 -0.484047
v -0.622279 2.095882 -0.741603
v -0.331108 2.095882 -0.909711
v 0.622279 2.095882 -0.741603
v 0.622279 2.095882 -0.741603
v 0.838394 2.095882 -0.484047
v 0.953387 2.095882 -0.168108
v 0.953387 2.095882 -0.168108
v 0.953387 2.095882 0.168108
v 0.946476 2.055245 0.166889
v 0.946476 2.055245 -0.166889
v 0.838394 2.095882 0.484047
v 0.832317 2.055245 0.480539
v 0.838394 2.095882 0.484047
v 0.622279 2.095882 0.741603
v 0.622279 2.095882 0.741603
v 0.331108 2.095882 0.909711
v 0.331108 2.095882 0.909711
v 0.000000 2.095882 0.968094
v 0.000000 2.055245 0.961077
v 0.328708 2.055245 0.903117
v -0.331108 2.095882 0.909711
v -0.328708 2.055245 0.903117
v -0.622279 2.095882 0.741603
v -0.617769 2.055245 0.736228
v -0.838394 2.095882 0.484047
v -0.832317 2.055245 0.480539
v -0.838394 2.095882 0.484047
v -0.953387 2.095882 0.168108
v -0.953387 2.095882 -0.168108
v -0.838394 2.095882 -0.484047
v -0.622279 2.095882 -0.741603
v -0.622279 2.095882 -0.741603
v -0.331108 2.095882 -0.909711
v -0.000000 0.339364 -0.876817
v -0.000000 0.424511 -0.880083
v 0.301006 0.424510 -0.827008
v 0.299889 0.339364 -0.823939
v -0.000000 0.455230 -0.853136
v -0.000000 0.509657 -0.638120
v 0.218250 0.509656 -0.599636
v 0.291790 0.455230 -0.801686
v -0.000000 0.556988 -0.860151
v -0.000000 0.594803 -0.878511
v 0.300469 0.594803 -0.825531
v 0.294189 0.556988 -0.808277
v -0.000000 0.626073 -0.852212
v -0.000000 0.679949 -0.680941
v 0.232895 0.679949 -0.639875
v 0.291474 0.626073 -0.800817
v 0.565707 0.424510 -0.674183
v 0.563607 0.339364 -0.671681
v 0.410175 0.509656 -0.488828
v 0.548385 0.455230 -0.653540
v 0.564696 0.594803 -0.672979
v 0.552894 0.556988 -0.658914
v 0.437700 0.679949 -0.521631
v 0.547791 0.626073 -0.652832
v 0.563607 0.339364 -0.671681
v 0.565707 0.424510 -0.674183
v 0.762174 0.424510 -0.440042
v 0.759346 0.339364 -0.438409
v 0.552628 0.509656 -0.319060
v 0.738837 0.455230 -0.426568
v 0.552894 0.556988 -0.658914
v 0.564696 0.594803 -0.672979
v 0.760813 0.594803 -0.439256
v 0.744912 0.556988 -0.430075
v 0.589712 0.679949 -0.340470
v 0.738037 0.626073 -0.426106
v 0.866713 0.424510 -0.152825
v 0.863496 0.339364 -0.152258
v 0.628425 0.509656 -0.110808
v 0.840175 0.455230 -0.148145
v 0.865165 0.594803 -0.152552
v 0.847083 0.556988 -0.149364
v 0.670596 0.679949 -0.118244
v 0.839265 0.626073 -0.147985
v 0.866713 0.424510 0.152825
v 0.863496 0.339364 0.152258
v 0.628425 0.509656 0.110808
v 0.840175 0.455230 0.148146
v 0.865165 0.594803 0.152552
v 0.847083 0.556988 0.149364
v 0.670596 0.679949 0.118244
v 0.839265 0.626073 0.147985
v 0.762174 0.424510 0.440042
v 0.759346 0.339364 0.438409
v 0.552628 0.509656 0.319060
v 0.738837 0.455230 0.426568
v 0.760813 0.594803 0.439256
v 0.744912 0.556988 0.430075
v 0.589712 0.679949 0.340470
v 0.738037 0.626073 0.426106
v 0.565707 0.424510 0.674183
v 0.563607 0.339364 0.671681
v 0.410175 0.509656 0.488828
v 0.548385 0.455230 0.653540
v 0.564696 0.594803 0.672979
v 0.552894 0.556988 0.658914
v 0.437700 0.679949 0.521631
v 0.547791 0.626073 0.652832
v 0.563607 0.339364 0.671681
v 0.565707 0.424510 0.674183
v 0.301006 0.424510 0.827008
v 0.299889 0.339364 0.823939
v 0.218250 0.509656 0.599636
v 0.291790 0.455230 0.801686
v 0.552894 0.556988 0.658914
v 0.564696 0.594803 0.672979
v 0.300469 0.594803 0.825531
v 0.294189 0.556988 0.808277
v 0.232895 0.679949 0.639875
v 0.291474 0.626073 0.800817
v -0.000000 0.424510 0.880083
v -0.000000 0.339364 0.876817
v -0.000000 0.509656 0.638120
v -0.000000 0.455230 0.853136
v -0.000000 0.594803 0.878511
v -0.000000 0.556988 0.860151
v -0.000000 0.679949 0.680941
v -0.000000 0.626073 0.852212
v -0.301006 0.424510 0.827008
v -0.299889 0.339364 0.823939
v -0.218250 0.509656 0.599636
v -0.291790 0.455230 0.801686
v -0.300469 0.594803 0.825531
v -0.294189 0.556988 0.808277
v -0.232895 0.679949 0.639875
v -0.291474 0.626073 0.800817
v -0.565707 0.424510 0.674183
v -0.563607 0.339364 0.671681
v -0.410175 0.509656 0.488828
v -0.548385 0.455230 0.653540
v -0.564696 0.594803 0.672979
v -0.552894 0.556988 0.658914
v -0.437700 0.679949 0.521631
v -0.547791 0.626073 0.652832
v -0.563607 0.339364 0.671681
v -0.565707 0.424510 0.674183
v -0.762174 0.424510 0.440042
v -0.759346 0.339364 0.438409
v -0.552628 0.509656 0.319060
v -0.738837 0.455230 0.426568
v -0.552894 0.556988 0.658914
v -0.564696 0.594803 0.672979
v -0.760813 0.594803 0.439256
v -0.744912 0.556988 0.430075
v -0.589712 0.679949 0.340470
v -0.738037 0.626073 0.426106
v -0.866713 0.424510 0.152825
v -0.863496 0.339364 0.152258
v -0.628425 0.509656 0.110808
v -0.840175 0.455230 0.148146
v -0.865165 0.594803 0.152552
v -0.847083 0.556988 0.149364
v -0.670596 0.679949 0.118244
v -0.839265 0.626073 0.147985
v -0.866713 0.424510 -0.152825
v -0.863496 0.339364 -0.152258
v -0.628425 0.509656 -0.110808
v -0.840175 0.455230 -0.148145
v -0.865165 0.594803 -0.152552
v -0.847083 0.556988 -0.149364
v -0.670596 0.679949 -0.118244
v -0.839265 0.626073 -0.147985
v -0.762174 0.424510 -0.440042
v -0.759346 0.339364 -0.438409
v -0.552628 0.509656 -0.319060
v -0.738837 0.455230 -0.426568
v -0.760813 0.594803 -0.439256
v -0.744912 0.556988 -0.430075
v -0.589712 0.679949 -0.340470
v -0.738037 0.626073 -0.426106
v -0.565707 0.424510 -0.674183
v -0.563607 0.339364 -0.671681
v -0.410175 0.509656 -0.488828
v -0.548385 0.455230 -0.653540
v -0.564696 0.594803 -0.672979
v -0.552894 0.556988 -0.658914
v -0.437700 0.679949 -0.521631
v -0.547791 0.626073 -0.652832
v -0.563607 0.339364 -0.671681
v -0.565707 0.424510 -0.674183
v -0.301006 0.424510 -0.827008
v -0.299889 0.339364 -0.823939
v -0.218250 0.509656 -0.599636
v -0.291790 0.455230 -0.801686
v -0.552894 0.556988 -0.658914
v -0.564696 0.594803 -0.672979
v -0.300469 0.594803 -0.825531
v -0.294189 0.556988 -0.808277
v -0.232895 0.679949 -0.639875
v -0.291474 0.626073 -0.800817
v -0.286982 0.541742 -0.788476
v -0.294189 0.556988 -0.808277
v -0.000000 0.556988 -0.860151
v -0.000000 0.541742 -0.839079
v -0.539349 0.541742 -0.642772
v -0.552894 0.556988 -0.658914
v -0.726663 0.541742 -0.419539
v -0.744912 0.556988 -0.430075
v -0.826331 0.541742 -0.145704
v -0.847083 0.556988 -0.149364
v -0.826331 0.541742 0.145705
v -0.847083 0.556988 0.149364
v -0.726663 0.541742 0.419539
v -0.744912 0.556988 0.430075
v -0.539349 0.541742 0.642772
v -0.552894 0.556988 0.658914
v -0.286982 0.541742 0.788476
v -0.294189 0.556988 0.808277
v -0.000000 0.541742 0.839079
v -0.000000 0.556988 0.860151
v 0.286982 0.541742 0.788476
v 0.294189 0.556988 0.808277
v 0.539349 0.541742 0.642772
v 0.552894 0.556988 0.658914
v 0.726663 0.541742 0.419539
v 0.744912 0.556988 0.430075
v 0.826331 0.541742 0.145705
v 0.847083 0.556988 0.149364
v 0.826331 0.541742 -0.145704
v 0.847083 0.556988 -0.149364
v 0.726663 0.541742 -0.419539
v 0.744912 0.556988 -0.430075
v 0.539349 0.541742 -0.642772
v 0.552894 0.556988 -0.658914
v 0.286982 0.541742 -0.788476
v 0.294189 0.556988 -0.808277
v -0.246756 0.752452 -0.678383
v -0.246964 0.777587 -0.678956
v 0.000078 0.777587 -0.722516
v 0.000078 0.752452 -0.721906
v -0.463817 0.752452 -0.553062
v -0.464209 0.777587 -0.553529
v -0.624926 0.752452 -0.361060
v -0.625455 0.777587 -0.361365
v -0.464209 0.777587 -0.553529
v -0.463817 0.752452 -0.553062
v -0.710651 0.752452 -0.125534
v -0.711251 0.777587 -0.125640
v -0.710651 0.752452 0.125107
v -0.711251 0.777587 0.125213
v -0.624926 0.752452 0.360633
v -0.625455 0.777587 0.360938
v -0.463817 0.752452 0.552635
v -0.464209 0.777587 0.553102
v -0.246756 0.752452 0.677956
v -0.246964 0.777587 0.678529
v -0.464209 0.777587 0.553102
v -0.463817 0.752452 0.552635
v 0.000078 0.752452 0.721479
v 0.000078 0.777587 0.722089
v 0.246911 0.752452 0.677956
v 0.247120 0.777587 0.678529
v 0.463973 0.752452 0.552635
v 0.464365 0.777587 0.553102
v 0.625082 0.752452 0.360633
v 0.625610 0.777587 0.360938
v 0.464365 0.777587 0.553102
v 0.463973 0.752452 0.552635
v 0.710806 0.752452 0.125107
v 0.711407 0.777587 0.125213
v 0.710806 0.752452 -0.125534
v 0.711407 0.777587 -0.125640
v 0.625082 0.752452 -0.361060
v 0.625610 0.777587 -0.361365
v 0.463973 0.752452 -0.553062
v 0.464365 0.777587 -0.553529
v 0.246911 0.752452 -0.678383
v 0.247120 0.777587 -0.678956
v 0.464365 0.777587 -0.553529
v 0.463973 0.752452 -0.553062
v -0.000000 0.679949 -0.680941
v 0.000078 0.727110 -0.647834
v 0.221577 0.727110 -0.608777
v 0.232895 0.679949 -0.639875
v 0.416360 0.727110 -0.496319
v 0.437700 0.679949 -0.521631
v 0.437700 0.679949 -0.521631
v 0.416360 0.727110 -0.496319
v 0.560933 0.727110 -0.324024
v 0.589712 0.679949 -0.340470
v 0.637859 0.727110 -0.112672
v 0.670596 0.679949 -0.118244
v 0.637859 0.727110 0.112245
v 0.670596 0.679949 0.118244
v 0.560933 0.727110 0.323597
v 0.589712 0.679949 0.340470
v 0.416360 0.727110 0.495892
v 0.437700 0.679949 0.521631
v 0.437700 0.679949 0.521631
v 0.416360 0.727110 0.495892
v 0.221577 0.727110 0.608351
v 0.232895 0.679949 0.639875
v 0.000078 0.727110 0.647407
v -0.000000 0.679949 0.680941
v -0.221421 0.727110 0.608351
v -0.232895 0.679949 0.639875
v -0.416205 0.727110 0.495892
v -0.437700 0.679949 0.521631
v -0.437700 0.679949 0.521631
v -0.416205 0.727110 0.495892
v -0.560778 0.727110 0.323597
v -0.589712 0.679949 0.340470
v -0.637704 0.727110 0.112245
v -0.670596 0.679949 0.118244
v -0.637704 0.727110 -0.112672
v -0.670596 0.679949 -0.118244
v -0.560778 0.727110 -0.324024
v -0.589712 0.679949 -0.340470
v -0.416205 0.727110 -0.496319
v -0.437700 0.679949 -0.521631
v -0.437700 0.679949 -0.521631
v -0.416205 0.727110 -0.496319
v -0.221421 0.727110 -0.608777
v -0.232895 0.679949 -0.639875
v -0.300469 0.594803 -0.825531
v -0.291474 0.626073 -0.800817
v -0.000000 0.626073 -0.852212
v -0.000000 0.594803 -0.878511
v -0.564696 0.594803 -0.672979
v -0.547791 0.626073 -0.652832
v -0.760813 0.594803 -0.439256
v -0.564696 0.594803 -0.672979
v -0.865165 0.594803 -0.152552
v -0.839265 0.626073 -0.147985
v -0.738037 0.626073 -0.426106
v -0.760813 0.594803 -0.439256
v -0.865165 0.594803 0.152552
v -0.839265 0.626073 0.147985
v -0.760813 0.594803 0.439256
v -0.738037 0.626073 0.426106
v -0.564696 0.594803 0.672979
v -0.760813 0.594803 0.439256
v -0.300469 0.594803 0.825531
v -0.291474 0.626073 0.800817
v -0.547791 0.626073 0.652832
v -0.564696 0.594803 0.672979
v -0.000000 0.594803 0.878511
v -0.000000 0.626073 0.852212
v 0.300469 0.594803 0.825531
v 0.291474 0.626073 0.800817
v 0.564696 0.594803 0.672979
v 0.547791 0.626073 0.652832
v 0.760813 0.594803 0.439256
v 0.564696 0.594803 0.672979
v 0.865165 0.594803 0.152552
v 0.839265 0.626073 0.147985
v 0.738037 0.626073 0.426106
v 0.760813 0.594803 0.439256
v 0.865165 0.594803 -0.152552
v 0.839265 0.626073 -0.147985
v 0.760813 0.594803 -0.439256
v 0.738037 0.626073 -0.426106
v 0.564696 0.594803 -0.672979
v 0.760813 0.594803 -0.439256
v 0.300469 0.594803 -0.825531
v 0.291474 0.626073 -0.800817
v 0.547791 0.626073 -0.652832
v 0.564696 0.594803 -0.672979
v -0.203227 0.247905 -0.558361
v -0.000000 0.247905 -0.594195
v -0.381941 0.247905 -0.455180
v -0.514588 0.247905 -0.297098
v -0.585168 0.247905 -0.103181
v -0.585168 0.247905 0.103181
v -0.514588 0.247905 0.297098
v -0.381941 0.247905 0.455180
v -0.203227 0.247905 0.558361
v -0.000000 0.247905 0.594195
v 0.203227 0.247905 0.558361
v 0.381941 0.247905 0.455180
v 0.514588 0.247905 0.297098
v 0.585168 0.247905 0.103181
v 0.585168 0.247905 -0.103181
v 0.514588 0.247905 -0.297098
v 0.381941 0.247905 -0.455180
v 0.203227 0.247905 -0.558361
v -0.291790 0.455230 -0.801686
v -0.000000 0.455230 -0.853136
v -0.548385 0.455230 -0.653540
v -0.762174 0.424510 -0.440042
v -0.565707 0.424510 -0.674183
v -0.840175 0.455230 -0.148145
v -0.738837 0.455230 -0.426568
v -0.840175 0.455230 0.148146
v -0.738837 0.455230 0.426568
v -0.565707 0.424510 0.674183
v -0.762174 0.424510 0.440042
v -0.291790 0.455230 0.801686
v -0.548385 0.455230 0.653540
v -0.000000 0.455230 0.853136
v 0.291790 0.455230 0.801686
v 0.548385 0.455230 0.653540
v 0.762174 0.424510 0.440042
v 0.565707 0.424510 0.674183
v 0.840175 0.455230 0.148146
v 0.738837 0.455230 0.426568
v 0.840175 0.455230 -0.148145
v 0.738837 0.455230 -0.426568
v 0.565707 0.424510 -0.674183
v 0.762174 0.424510 -0.440042
v 0.291790 0.455230 -0.801686
v 0.548385 0.455230 -0.653540
v -0.224892 0.893893 -0.618312
v -0.233906 0.907849 -0.643078
v 0.000078 0.907850 -0.684336
v 0.000078 0.893893 -0.657980
v -0.422727 0.893893 -0.504092
v -0.439668 0.907849 -0.524282
v -0.569565 0.893893 -0.329097
v -0.592390 0.907849 -0.342275
v -0.647696 0.893893 -0.114433
v -0.673651 0.907849 -0.119010
v -0.647696 0.893893 0.114007
v -0.673651 0.907849 0.118583
v -0.569565 0.893893 0.328670
v -0.592390 0.907849 0.341848
v -0.422727 0.893893 0.503665
v -0.439668 0.907849 0.523855
v -0.224892 0.893893 0.617885
v -0.233906 0.907849 0.642651
v 0.000078 0.893893 0.657553
v 0.000078 0.907849 0.683909
v 0.225047 0.893893 0.617885
v 0.234061 0.907849 0.642651
v 0.422882 0.893893 0.503665
v 0.439823 0.907849 0.523855
v 0.569721 0.893893 0.328670
v 0.592545 0.907849 0.341848
v 0.647852 0.893893 0.114007
v 0.673807 0.907849 0.118583
v 0.647852 0.893893 -0.114433
v 0.673807 0.907849 -0.119010
v 0.569721 0.893893 -0.329097
v 0.592545 0.907849 -0.342275
v 0.422882 0.893893 -0.504092
v 0.439823 0.907849 -0.524282
v 0.225047 0.893893 -0.618312
v 0.234061 0.907849 -0.643078
v -0.430837 0.999072 -0.513758
v -0.430837 0.999072 -0.513758
v -0.580493 0.999072 -0.335406
v -0.660123 0.999072 -0.116625
v -0.660123 0.999072 0.116198
v -0.580493 0.999072 0.334979
v -0.430837 0.999072 0.513331
v -0.430837 0.999072 0.513331
v -0.229208 0.999072 0.629742
v 0.000078 0.999072 0.670172
v 0.229363 0.999072 0.629742
v 0.430993 0.999072 0.513331
v 0.430993 0.999072 0.513331
v 0.580648 0.999072 0.334979
v 0.660278 0.999072 0.116198
v 0.660278 0.999072 -0.116625
v 0.580648 0.999072 -0.335406
v 0.430993 0.999072 -0.513758
v 0.430993 0.999072 -0.513758
v 0.229363 0.999072 -0.630169
v 0.000078 0.953393 -0.688785
v 0.000078 0.968574 -0.651015
v 0.222665 0.968574 -0.611766
v 0.235583 0.953393 -0.647259
v 0.418405 0.968574 -0.498756
v 0.442683 0.953393 -0.527690
v 0.563688 0.968574 -0.325614
v 0.596398 0.953393 -0.344499
v 0.640992 0.968574 -0.113224
v 0.678188 0.953393 -0.119783
v 0.640992 0.968574 0.112797
v 0.678188 0.953393 0.119356
v 0.563688 0.968574 0.325187
v 0.596398 0.953393 0.344072
v 0.418405 0.968574 0.498329
v 0.442683 0.953393 0.527263
v 0.442683 0.953393 0.527263
v 0.418405 0.968574 0.498329
v 0.222665 0.968574 0.611340
v 0.235583 0.953393 0.646832
v 0.000078 0.968574 0.650588
v 0.000078 0.953393 0.688358
v -0.222509 0.968574 0.611340
v -0.235428 0.953393 0.646832
v -0.418249 0.968574 0.498329
v -0.442528 0.953393 0.527263
v -0.563532 0.968574 0.325187
v -0.596243 0.953393 0.344072
v -0.596243 0.953393 0.344072
v -0.563532 0.968574 0.325187
v -0.640836 0.968574 0.112797
v -0.678033 0.953393 0.119356
v -0.640836 0.968574 -0.113224
v -0.678033 0.953393 -0.119783
v -0.563532 0.968574 -0.325614
v -0.596243 0.953393 -0.344499
v -0.418249 0.968574 -0.498756
v -0.442528 0.953393 -0.527690
v -0.222509 0.968574 -0.611766
v -0.235428 0.953393 -0.647259
v 0.000078 0.855225 -0.597882
v 0.204492 0.855225 -0.561838
v 0.000078 0.855225 -0.597882
v 0.000078 0.879936 -0.613907
v 0.209973 0.879936 -0.576897
v 0.204492 0.855225 -0.561838
v 0.384251 0.855225 -0.458054
v 0.394552 0.879936 -0.470330
v 0.384251 0.855225 -0.458054
v 0.517674 0.855225 -0.299048
v 0.384251 0.855225 -0.458054
v 0.394552 0.879936 -0.470330
v 0.531552 0.879936 -0.307060
v 0.517674 0.855225 -0.299048
v 0.588666 0.855225 -0.103997
v 0.604448 0.879936 -0.106780
v 0.588666 0.855225 -0.103997
v 0.588666 0.855225 0.103571
v 0.604448 0.879936 0.106353
v 0.588666 0.855225 0.103571
v 0.517674 0.855225 0.298621
v 0.531552 0.879936 0.306633
v 0.517674 0.855225 0.298621
v 0.384251 0.855225 0.457627
v 0.394552 0.879936 0.469903
v 0.384251 0.855225 0.457627
v 0.204492 0.855225 0.561411
v 0.384251 0.855225 0.457627
v 0.394552 0.879936 0.469903
v 0.209973 0.879936 0.576470
v 0.204492 0.855225 0.561411
v 0.000078 0.855225 0.597455
v 0.000078 0.879936 0.613480
v 0.000078 0.855225 0.597455
v -0.204337 0.855225 0.561411
v -0.209818 0.879936 0.576470
v -0.204337 0.855225 0.561411
v -0.384096 0.855225 0.457627
v -0.394397 0.879936 0.469903
v -0.384096 0.855225 0.457627
v -0.517518 0.855225 0.298621
v -0.384096 0.855225 0.457627
v -0.394397 0.879936 0.469903
v -0.531396 0.879936 0.306633
v -0.517518 0.855225 0.298621
v -0.588511 0.855225 0.103571
v -0.604292 0.879936 0.106353
v -0.588511 0.855225 0.103571
v -0.588511 0.855225 -0.103997
v -0.604292 0.879936 -0.106780
v -0.588511 0.855225 -0.103997
v -0.517518 0.855225 -0.299048
v -0.531396 0.879936 -0.307060
v -0.517518 0.855225 -0.299048
v -0.384096 0.855225 -0.458054
v -0.394397 0.879936 -0.470330
v -0.384096 0.855225 -0.458054
v -0.204337 0.855225 -0.561838
v -0.384096 0.855225 -0.458054
v -0.394397 0.879936 -0.470330
v -0.209818 0.879936 -0.576897
v -0.204337 0.855225 -0.561838
v -0.233906 0.907849 -0.643078
v -0.238784 0.938212 -0.656481
v 0.000078 0.938212 -0.698599
v 0.000078 0.907850 -0.684336
v -0.439668 0.907849 -0.524282
v -0.448836 0.938212 -0.535208
v -0.592390 0.907849 -0.342275
v -0.604742 0.938212 -0.349406
v -0.448836 0.938212 -0.535208
v -0.439668 0.907849 -0.524282
v -0.673651 0.907849 -0.119010
v -0.687697 0.938212 -0.121487
v -0.673651 0.907849 0.118583
v -0.687697 0.938212 0.121060
v -0.592390 0.907849 0.341848
v -0.604742 0.938212 0.348979
v -0.439668 0.907849 0.523855
v -0.448836 0.938212 0.534781
v -0.233906 0.907849 0.642651
v -0.238784 0.938212 0.656054
v -0.448836 0.938212 0.534781
v -0.439668 0.907849 0.523855
v 0.000078 0.907849 0.683909
v 0.000078 0.938212 0.698172
v 0.234061 0.907849 0.642651
v 0.238939 0.938212 0.656054
v 0.439823 0.907849 0.523855
v 0.448991 0.938212 0.534781
v 0.592545 0.907849 0.341848
v 0.604897 0.938212 0.348979
v 0.448991 0.938212 0.534781
v 0.439823 0.907849 0.523855
v 0.673807 0.907849 0.118583
v 0.687853 0.938212 0.121060
v 0.673807 0.907849 -0.119010
v 0.687853 0.938212 -0.121487
v 0.592545 0.907849 -0.342275
v 0.604897 0.938212 -0.349406
v 0.439823 0.907849 -0.524282
v 0.448991 0.938212 -0.535208
v 0.234061 0.907849 -0.643078
v 0.238939 0.938212 -0.656481
v 0.448991 0.938212 -0.535208
v 0.439823 0.907849 -0.524282
v 0.000078 0.879936 -0.613907
v 0.209973 0.879936 -0.576897
v 0.394552 0.879936 -0.470330
v 0.531552 0.879936 -0.307060
v 0.604448 0.879936 -0.106780
v 0.604448 0.879936 0.106353
v 0.531552 0.879936 0.306633
v 0.394552 0.879936 0.469903
v 0.209973 0.879936 0.576470
v 0.000078 0.879936 0.613480
v -0.209818 0.879936 0.576470
v -0.394397 0.879936 0.469903
v -0.531396 0.879936 0.306633
v -0.604292 0.879936 0.106353
v -0.604292 0.879936 -0.106780
v -0.531396 0.879936 -0.307060
v -0.394397 0.879936 -0.470330
v -0.209818 0.879936 -0.576897
v -0.238784 0.938212 -0.656481
v -0.235428 0.953393 -0.647259
v 0.000078 0.953393 -0.688785
v 0.000078 0.938212 -0.698599
v -0.448836 0.938212 -0.535208
v -0.442528 0.953393 -0.527690
v -0.604742 0.938212 -0.349406
v -0.596243 0.953393 -0.344499
v -0.442528 0.953393 -0.527690
v -0.448836 0.938212 -0.535208
v -0.687697 0.938212 -0.121487
v -0.678033 0.953393 -0.119783
v -0.687697 0.938212 0.121060
v -0.678033 0.953393 0.119356
v -0.604742 0.938212 0.348979
v -0.596243 0.953393 0.344072
v -0.448836 0.938212 0.534781
v -0.442528 0.953393 0.527263
v -0.238784 0.938212 0.656054
v -0.235428 0.953393 0.646832
v -0.442528 0.953393 0.527263
v -0.448836 0.938212 0.534781
v 0.000078 0.938212 0.698172
v 0.000078 0.953393 0.688358
v 0.238939 0.938212 0.656054
v 0.235583 0.953393 0.646832
v 0.448991 0.938212 0.534781
v 0.442683 0.953393 0.527263
v 0.604897 0.938212 0.348979
v 0.596398 0.953393 0.344072
v 0.442683 0.953393 0.527263
v 0.448991 0.938212 0.534781
v 0.687853 0.938212 0.121060
v 0.678188 0.953393 0.119356
v 0.687853 0.938212 -0.121487
v 0.678188 0.953393 -0.119783
v 0.604897 0.938212 -0.349406
v 0.596398 0.953393 -0.344499
v 0.448991 0.938212 -0.535208
v 0.442683 0.953393 -0.527690
v 0.238939 0.938212 -0.656481
v 0.235583 0.953393 -0.647259
v 0.442683 0.953393 -0.527690
v 0.448991 0.938212 -0.535208
v 0.000078 0.980900 -0.623354
v 0.213204 0.980900 -0.585774
v 0.400624 0.980900 -0.477566
v 0.539733 0.980900 -0.311784
v 0.613751 0.980900 -0.108421
v 0.613751 0.980900 0.107994
v 0.539733 0.980900 0.311357
v 0.400624 0.980900 0.477140
v 0.213204 0.980900 0.585347
v 0.222665 0.968574 0.611340
v 0.000078 0.980900 0.622927
v 0.000078 0.968574 0.650588
v -0.213049 0.980900 0.585347
v -0.222509 0.968574 0.611340
v -0.400469 0.980900 0.477140
v -0.418249 0.968574 0.498329
v -0.539577 0.980900 0.311357
v -0.613595 0.980900 0.107994
v -0.613595 0.980900 -0.108421
v -0.539577 0.980900 -0.311784
v -0.400469 0.980900 -0.477566
v -0.213049 0.980900 -0.585774
v 0.000078 0.980900 -0.623354
v 0.000078 0.999072 -0.670599
v 0.229363 0.999072 -0.630169
v 0.213204 0.980900 -0.585774
v 0.430993 0.999072 -0.513758
v 0.400624 0.980900 -0.477566
v 0.580648 0.999072 -0.335406
v 0.539733 0.980900 -0.311784
v 0.660278 0.999072 -0.116625
v 0.613751 0.980900 -0.108421
v 0.660278 0.999072 0.116198
v 0.613751 0.980900 0.107994
v 0.580648 0.999072 0.334979
v 0.539733 0.980900 0.311357
v 0.430993 0.999072 0.513331
v 0.400624 0.980900 0.477140
v 0.229363 0.999072 0.629742
v 0.213204 0.980900 0.585347
v 0.000078 0.999072 0.670172
v 0.000078 0.980900 0.622927
v -0.229208 0.999072 0.629742
v -0.213049 0.980900 0.585347
v -0.430837 0.999072 0.513331
v -0.400469 0.980900 0.477140
v -0.580493 0.999072 0.334979
v -0.539577 0.980900 0.311357
v -0.660123 0.999072 0.116198
v -0.613595 0.980900 0.107994
v -0.660123 0.999072 -0.116625
v -0.613595 0.980900 -0.108421
v -0.580493 0.999072 -0.335406
v -0.539577 0.980900 -0.311784
v -0.430837 0.999072 -0.513758
v -0.400469 0.980900 -0.477566
v -0.229208 0.999072 -0.630169
v -0.213049 0.980900 -0.585774
v -0.000000 0.509657 -0.638120
v -0.000000 0.524903 -0.760085
v 0.259964 0.524902 -0.714246
v 0.218250 0.509656 -0.599636
v 0.488573 0.524902 -0.582259
v 0.410175 0.509656 -0.488828
v 0.658253 0.524902 -0.380042
v 0.552628 0.509656 -0.319060
v 0.748537 0.524902 -0.131987
v 0.628425 0.509656 -0.110808
v 0.748537 0.524902 0.131987
v 0.628425 0.509656 0.110808
v 0.658253 0.524902 0.380042
v 0.552628 0.509656 0.319060
v 0.488573 0.524902 0.582259
v 0.410175 0.509656 0.488828
v 0.259964 0.524902 0.714246
v 0.218250 0.509656 0.599636
v -0.000000 0.524902 0.760085
v -0.000000 0.509656 0.638120
v -0.259964 0.524902 0.714246
v -0.218250 0.509656 0.599636
v -0.488573 0.524902 0.582259
v -0.410175 0.509656 0.488828
v -0.658253 0.524902 0.380042
v -0.552628 0.509656 0.319060
v -0.748537 0.524902 0.131987
v -0.628425 0.509656 0.110808
v -0.748537 0.524902 -0.131987
v -0.628425 0.509656 -0.110808
v -0.658253 0.524902 -0.380042
v -0.552628 0.509656 -0.319060
v -0.488573 0.524902 -0.582259
v -0.410175 0.509656 -0.488828
v -0.259964 0.524902 -0.714246
v -0.218250 0.509656 -0.599636
v -0.305196 -1.830336 -0.838519
v -0.000000 -1.830336 -0.892333
v -0.573581 -1.830336 -0.683567
v -0.772783 -1.830336 -0.446166
v -0.573581 -1.830336 -0.683567
v -0.878776 -1.830336 -0.154952
v -0.878776 -1.830336 0.154952
v -0.772783 -1.830336 0.446166
v -0.573581 -1.830336 0.683567
v -0.305196 -1.830336 0.838519
v -0.573581 -1.830336 0.683567
v -0.000000 -1.830336 0.892333
v 0.305196 -1.830336 0.838519
v 0.573581 -1.830336 0.683567
v 0.772783 -1.830336 0.446166
v 0.573581 -1.830336 0.683567
v 0.878776 -1.830336 0.154952
v 0.878776 -1.830336 -0.154952
v 0.772783 -1.830336 -0.446166
v 0.573581 -1.830336 -0.683567
v 0.305196 -1.830336 -0.816044
v 0.573581 -1.830336 -0.683567
v -0.280642 -1.917100 -0.771058
v -0.285411 -1.873718 -0.784159
v -0.000000 -1.873717 -0.834485
v 0.000000 -1.917099 -0.820543
v -0.527435 -1.917100 -0.628572
v -0.536396 -1.873718 -0.639252
v -0.710611 -1.917100 -0.410271
v -0.722685 -1.873718 -0.417242
v -0.536396 -1.873718 -0.639252
v -0.527435 -1.917100 -0.628572
v -0.808077 -1.917100 -0.142486
v -0.821807 -1.873718 -0.144907
v -0.808077 -1.917100 0.142486
v -0.821807 -1.873718 0.144907
v -0.710611 -1.917100 0.410271
v -0.722685 -1.873718 0.417242
v -0.527435 -1.917100 0.628572
v -0.536396 -1.873718 0.639252
v -0.280642 -1.917100 0.771058
v -0.285411 -1.873718 0.784159
v -0.536396 -1.873718 0.639252
v -0.527435 -1.917100 0.628572
v 0.000000 -1.917100 0.820543
v -0.000000 -1.873718 0.834485
v 0.280642 -1.917100 0.771058
v 0.285411 -1.873718 0.784159
v 0.527435 -1.917100 0.628572
v 0.536396 -1.873718 0.639252
v 0.710611 -1.917100 0.410271
v 0.722685 -1.873718 0.417242
v 0.536396 -1.873718 0.639252
v 0.527435 -1.917100 0.628572
v 0.808077 -1.917100 0.142486
v 0.821807 -1.873718 0.144907
v 0.808077 -1.917100 -0.142486
v 0.821807 -1.873718 -0.144907
v 0.710611 -1.917100 -0.410271
v 0.722685 -1.873718 -0.417242
v 0.527435 -1.917100 -0.628572
v 0.536396 -1.873718 -0.639252
v 0.280642 -1.917100 -0.771058
v 0.285411 -1.873718 -0.784159
v 0.536396 -1.873718 -0.639252
v 0.527435 -1.917100 -0.628572
v 0.000000 -1.917100 0.820543
v -0.280642 -1.917100 0.771058
v -0.341427 -2.014751 0.938064
v 0.000000 -2.014751 0.998266
v -0.527435 -1.917100 0.628572
v -0.641673 -2.014751 0.764716
v -0.710611 -1.917100 0.410271
v -0.864524 -2.014751 0.499133
v -0.808077 -1.917100 0.142486
v -0.983100 -2.014751 0.173347
v -0.808077 -1.917100 -0.142486
v -0.983100 -2.014751 -0.173347
v -0.710611 -1.917100 -0.410271
v -0.864524 -2.014751 -0.499133
v -0.527435 -1.917100 -0.628572
v -0.641673 -2.014751 -0.764716
v -0.280642 -1.917100 -0.771058
v -0.341427 -2.014751 -0.938064
v 0.527435 -1.917100 -0.628572
v 0.641673 -2.014751 -0.764716
v 0.710611 -1.917100 -0.410271
v 0.864524 -2.014751 -0.499133
v 0.808077 -1.917100 -0.142486
v 0.983100 -2.014751 -0.173347
v 0.808077 -1.917100 0.142486
v 0.983100 -2.014751 0.173347
v 0.710611 -1.917100 0.410271
v 0.864524 -2.014751 0.499133
v 0.527435 -1.917100 0.628572
v 0.641673 -2.014751 0.764716
v 0.280642 -1.917100 0.771058
v 0.341427 -2.014751 0.938064
v 0.662960 -2.066352 0.790084
v 0.352753 -2.066352 0.969182
v 0.893203 -2.066352 0.515691
v 1.015713 -2.066352 0.179098
v 1.015713 -2.066352 -0.179098
v 0.893203 -2.066352 -0.515691
v 0.662960 -2.066352 -0.790084
v -0.352753 -2.066352 -0.969182
v -0.662960 -2.066352 -0.790084
v -0.893203 -2.066352 -0.515691
v -1.015713 -2.066352 -0.179098
v -1.015713 -2.066352 0.179098
v -0.893203 -2.066352 0.515691
v -0.662960 -2.066352 0.790084
v -0.352753 -2.066352 0.969182
v 0.000000 -2.066352 1.031382
v 0.093889 2.469139 0.182552
v 0.093889 2.469139 -0.116741
v -0.100428 2.469139 -0.116741
v -0.100428 2.469139 0.182552
v 0.093889 3.077640 -0.122571
v 0.093889 3.351667 -0.122571
v -0.100428 3.351667 -0.122571
v -0.100428 3.077640 -0.122571
v 0.093889 3.077640 -0.358883
v 0.093889 3.077640 -0.122571
v -0.100428 3.077640 -0.122571
v -0.100428 3.077640 -0.358883
v 0.093889 2.815273 0.141739
v 0.093889 2.469139 0.182552
v -0.100428 2.469139 0.182552
v -0.100428 2.815273 0.141739
v 0.093889 2.807637 -0.358883
v 0.093889 3.077640 -0.358883
v -0.100428 3.077640 -0.358883
v -0.100428 2.807637 -0.358883
v 0.093889 2.815273 0.390502
v 0.093889 2.815273 0.141739
v -0.100428 2.815273 0.141739
v -0.100428 2.815273 0.390502
v 0.093889 2.807637 -0.116741
v 0.093889 2.807637 -0.358883
v -0.100428 2.807637 -0.358883
v -0.100428 2.807637 -0.116741
v 0.093889 3.073752 0.390502
v 0.093889 2.815273 0.390502
v -0.100428 2.815273 0.390502
v -0.100428 3.073752 0.390502
v 0.093889 3.073752 0.139796
v 0.093889 3.073752 0.390502
v -0.100428 3.073752 0.390502
v -0.100428 3.073752 0.139796
v 0.093889 2.469139 -0.161672
v -0.100428 2.469139 -0.161672
v 0.093889 3.351667 0.139796
v 0.093889 3.073752 0.139796
v -0.100428 3.073752 0.139796
v -0.100428 3.351667 0.139796
v 0.093889 2.469139 -0.161672
v 0.093889 2.807637 -0.116741
v -0.100428 2.807637 -0.116741
v -0.100428 2.469139 -0.161672
v 0.093889 3.351667 -0.122571
v 0.093889 3.351667 0.139796
v -0.100428 3.351667 0.139796
v -0.100428 3.351667 -0.122571
v -0.118440 2.479376 -0.325411
v -0.222594 2.479376 -0.265277
v -0.299900 2.479376 -0.173147
v -0.341034 2.479376 -0.060133
v -0.341034 2.479376 0.060133
v -0.299900 2.479376 0.173147
v -0.222594 2.479376 0.265277
v -0.118440 2.479376 0.325411
v -0.000000 2.479376 0.346295
v 0.118440 2.479376 0.325411
v 0.222594 2.479376 0.265277
v 0.299900 2.479376 0.173147
v 0.341034 2.479376 0.060133
v 0.341034 2.479376 -0.060133
v 0.299900 2.479376 -0.173147
v 0.222594 2.479376 -0.265277
v 0.118440 2.479376 -0.325411
v -0.000000 2.479376 -0.346295
v -0.100428 2.807637 -0.358883
v -0.100428 3.077640 -0.358883
v -0.100428 3.077640 -0.122571
v -0.100428 3.351667 -0.122571
v -0.100428 3.351667 0.139796
v -0.100428 3.073752 0.139796
v -0.100428 3.073752 0.390502
v -0.100428 2.815273 0.390502
v -0.100428 2.815273 0.141739
v -0.100428 2.469139 0.182552
v 0.093889 2.469139 -0.161672
v 0.093889 2.469139 0.182552
v 0.093889 2.815273 0.141739
v 0.093889 2.815273 0.390502
v 0.093889 3.073752 0.390502
v 0.093889 3.073752 0.139796
v 0.093889 3.351667 0.139796
v 0.093889 3.351667 -0.122571
v 0.093889 3.077640 -0.122571
v 0.093889 3.077640 -0.358883
v 0.093889 2.807637 -0.358883
v 0.093889 2.807637 -0.116741
vn 1.0000 -0.0000 -0.0000
vn -0.0751 -0.9756 -0.2064
vn -0.1332 -0.9211 -0.3659
vn -0.0000 -0.9211 -0.3894
vn -0.0000 -0.9756 -0.2197
vn 0.0085 0.9997 0.0234
vn -0.0000 0.9997 0.0249
vn -0.3784 0.8084 -0.4509
vn -0.2013 0.8084 -0.5531
vn -0.2067 0.7968 -0.5678
vn -0.3884 0.7968 -0.4629
vn 0.2383 0.7174 0.6547
vn -0.0000 0.7174 0.6967
vn -0.0000 0.5401 0.8416
vn 0.2878 0.5401 0.7908
vn -0.3402 0.1040 -0.9346
vn -0.3416 0.0524 -0.9384
vn -0.0000 0.0524 -0.9986
vn -0.0000 0.1040 -0.9946
vn -0.3420 -0.0100 -0.9396
vn -0.0000 -0.0100 -1.0000
vn -0.3371 -0.1683 -0.9263
vn -0.0000 -0.1683 -0.9857
vn -0.1107 -0.9462 -0.3042
vn -0.0000 -0.9462 -0.3237
vn -0.0997 0.9566 -0.2738
vn -0.0520 0.9884 -0.1430
vn -0.0000 0.9884 -0.1521
vn -0.0000 0.9566 -0.2914
vn -0.1412 -0.9756 -0.1683
vn -0.2503 -0.9211 -0.2983
vn 0.0160 0.9997 0.0191
vn -0.5098 0.8084 -0.2943
vn -0.5233 0.7968 -0.3021
vn 0.5507 0.5155 0.6564
vn 0.2931 0.5156 0.8052
vn 0.2574 0.6586 0.7071
vn 0.4837 0.6586 0.5765
vn -0.6393 0.1040 -0.7619
vn -0.6419 0.0524 -0.7650
vn -0.6427 -0.0100 -0.7660
vn -0.6336 -0.1683 -0.7552
vn -0.2081 -0.9462 -0.2480
vn -0.1873 0.9566 -0.2232
vn -0.0978 0.9884 -0.1165
vn -0.1902 -0.9756 -0.1098
vn -0.3372 -0.9211 -0.1947
vn 0.0216 0.9997 0.0124
vn -0.5797 0.8084 -0.1022
vn -0.5950 0.7968 -0.1049
vn 0.4478 0.7174 0.5337
vn 0.5409 0.5401 0.6447
vn -0.8613 0.1040 -0.4973
vn -0.8648 0.0524 -0.4993
vn -0.8660 -0.0100 -0.5000
vn -0.6428 -0.0100 -0.7660
vn -0.8537 -0.1683 -0.4929
vn -0.6336 -0.1683 -0.7551
vn -0.2803 -0.9462 -0.1619
vn -0.2523 0.9566 -0.1457
vn -0.1318 0.9884 -0.0761
vn -0.2163 -0.9756 -0.0381
vn -0.3835 -0.9211 -0.0676
vn 0.0245 0.9997 0.0043
vn -0.5797 0.8084 0.1022
vn -0.5950 0.7968 0.1049
vn 0.7421 0.5156 0.4284
vn 0.5508 0.5156 0.6564
vn 0.4837 0.6586 0.5764
vn 0.6517 0.6586 0.3763
vn -0.9795 0.1040 -0.1727
vn -0.9835 0.0524 -0.1734
vn -0.9848 -0.0100 -0.1736
vn -0.9708 -0.1683 -0.1712
vn -0.3188 -0.9462 -0.0562
vn -0.2869 0.9566 -0.0506
vn -0.1498 0.9884 -0.0264
vn -0.2163 -0.9756 0.0381
vn -0.3835 -0.9211 0.0676
vn 0.0245 0.9997 -0.0043
vn -0.5098 0.8084 0.2943
vn -0.5233 0.7968 0.3021
vn 0.6034 0.7174 0.3483
vn 0.5410 0.5401 0.6447
vn 0.7288 0.5401 0.4208
vn -0.9795 0.1040 0.1727
vn -0.9835 0.0524 0.1734
vn -0.9848 -0.0100 0.1736
vn -0.9708 -0.1683 0.1712
vn -0.3188 -0.9462 0.0562
vn -0.2869 0.9566 0.0506
vn -0.1498 0.9884 0.0264
vn -0.1902 -0.9756 0.1098
vn -0.3372 -0.9211 0.1947
vn 0.0216 0.9997 -0.0124
vn -0.3784 0.8084 0.4509
vn -0.3884 0.7968 0.4629
vn 0.8438 0.5156 0.1488
vn 0.7411 0.6586 0.1307
vn -0.8613 0.1040 0.4973
vn -0.8648 0.0524 0.4993
vn -0.8660 -0.0100 0.5000
vn -0.8537 -0.1683 0.4929
vn -0.2803 -0.9462 0.1619
vn -0.2803 -0.9462 0.1618
vn -0.2523 0.9566 0.1457
vn -0.1318 0.9884 0.0761
vn -0.1412 -0.9756 0.1683
vn -0.2503 -0.9211 0.2983
vn 0.0160 0.9997 -0.0191
vn -0.2013 0.8084 0.5531
vn -0.2067 0.7968 0.5678
vn 0.6861 0.7174 0.1210
vn 0.8288 0.5401 0.1461
vn -0.6393 0.1040 0.7619
vn -0.6419 0.0524 0.7650
vn -0.6428 -0.0100 0.7660
vn -0.6336 -0.1683 0.7551
vn -0.2081 -0.9462 0.2480
vn -0.1873 0.9566 0.2232
vn -0.0978 0.9884 0.1165
vn -0.0751 -0.9756 0.2064
vn -0.1332 -0.9211 0.3659
vn 0.0085 0.9997 -0.0234
vn -0.0000 0.8084 0.5886
vn -0.0000 0.7968 0.6042
vn 0.8438 0.5156 -0.1488
vn 0.7411 0.6586 -0.1307
vn -0.3402 0.1040 0.9346
vn -0.3415 0.0524 0.9384
vn -0.3420 -0.0100 0.9396
vn -0.6427 -0.0100 0.7660
vn -0.3371 -0.1683 0.9263
vn -0.1107 -0.9462 0.3042
vn -0.0996 0.9566 0.2738
vn -0.0520 0.9884 0.1430
vn -0.0000 -0.9756 0.2197
vn -0.0000 -0.9211 0.3894
vn -0.0000 0.9997 -0.0249
vn 0.2013 0.8084 0.5531
vn 0.2067 0.7968 0.5678
vn 0.6861 0.7174 -0.1210
vn 0.8288 0.5401 -0.1461
vn -0.0000 0.1040 0.9946
vn -0.0000 0.0524 0.9986
vn -0.0000 -0.0100 1.0000
vn -0.0000 -0.1683 0.9857
vn -0.0000 -0.9462 0.3237
vn -0.0000 0.9566 0.2914
vn -0.0000 0.9884 0.1521
vn 0.0751 -0.9756 0.2064
vn 0.1332 -0.9211 0.3659
vn -0.0085 0.9997 -0.0234
vn 0.3784 0.8084 0.4509
vn 0.3884 0.7968 0.4629
vn 0.7421 0.5156 -0.4284
vn 0.6517 0.6586 -0.3763
vn 0.3402 0.1040 0.9346
vn 0.3416 0.0524 0.9384
vn 0.3420 -0.0100 0.9396
vn 0.3371 -0.1683 0.9263
vn 0.1107 -0.9462 0.3042
vn 0.0997 0.9566 0.2738
vn 0.0520 0.9884 0.1430
vn 0.1412 -0.9756 0.1683
vn 0.2503 -0.9211 0.2983
vn -0.0160 0.9997 -0.0191
vn 0.5098 0.8084 0.2943
vn 0.5233 0.7968 0.3021
vn 0.6034 0.7174 -0.3484
vn 0.7288 0.5401 -0.4208
vn 0.6393 0.1040 0.7619
vn 0.6419 0.0524 0.7650
vn 0.6427 -0.0100 0.7660
vn 0.6336 -0.1683 0.7552
vn 0.2081 -0.9462 0.2480
vn 0.1873 0.9566 0.2232
vn 0.0978 0.9884 0.1165
vn 0.1902 -0.9756 0.1098
vn 0.3372 -0.9211 0.1947
vn -0.0216 0.9997 -0.0124
vn 0.5797 0.8084 0.1022
vn 0.5950 0.7968 0.1049
vn 0.5508 0.5155 -0.6564
vn 0.4837 0.6586 -0.5765
vn 0.8613 0.1040 0.4973
vn 0.8648 0.0524 0.4993
vn 0.8660 -0.0100 0.5000
vn 0.6428 -0.0100 0.7660
vn 0.8537 -0.1683 0.4929
vn 0.6336 -0.1683 0.7551
vn 0.2803 -0.9462 0.1619
vn 0.2523 0.9566 0.1457
vn 0.1318 0.9884 0.0761
vn 0.2163 -0.9756 0.0381
vn 0.3835 -0.9211 0.0676
vn -0.0245 0.9997 -0.0043
vn 0.5797 0.8084 -0.1022
vn 0.5950 0.7968 -0.1049
vn 0.4479 0.7174 -0.5337
vn 0.5410 0.5401 -0.6447
vn 0.9795 0.1040 0.1727
vn 0.9835 0.0524 0.1734
vn 0.9848 -0.0100 0.1736
vn 0.9708 -0.1683 0.1712
vn 0.3188 -0.9462 0.0562
vn 0.2869 0.9566 0.0506
vn 0.1498 0.9884 0.0264
vn 0.2163 -0.9756 -0.0381
vn 0.3835 -0.9211 -0.0676
vn -0.0245 0.9997 0.0043
vn 0.5098 0.8084 -0.2943
vn 0.5233 0.7968 -0.3021
vn 0.2931 0.5156 -0.8052
vn 0.5507 0.5156 -0.6564
vn 0.2574 0.6586 -0.7071
vn 0.9795 0.1040 -0.1727
vn 0.9835 0.0524 -0.1734
vn 0.9848 -0.0100 -0.1736
vn 0.9708 -0.1683 -0.1712
vn 0.3188 -0.9462 -0.0562
vn 0.2869 0.9566 -0.0506
vn 0.1498 0.9884 -0.0264
vn 0.1902 -0.9756 -0.1098
vn 0.3372 -0.9211 -0.1947
vn -0.0216 0.9997 0.0124
vn 0.3784 0.8084 -0.4509
vn 0.3884 0.7968 -0.4629
vn 0.2383 0.7174 -0.6547
vn 0.4478 0.7174 -0.5337
vn 0.5409 0.5401 -0.6447
vn 0.2878 0.5401 -0.7908
vn 0.8613 0.1040 -0.4973
vn 0.8648 0.0524 -0.4993
vn 0.8660 -0.0100 -0.5000
vn 0.8537 -0.1683 -0.4929
vn 0.2803 -0.9462 -0.1619
vn 0.2803 -0.9462 -0.1618
vn 0.2523 0.9566 -0.1457
vn 0.1318 0.9884 -0.0761
vn 0.1412 -0.9756 -0.1683
vn 0.2503 -0.9211 -0.2983
vn -0.0160 0.9997 0.0191
vn 0.2013 0.8084 -0.5531
vn 0.2067 0.7968 -0.5678
vn -0.0000 -0.8287 -0.5598
vn -0.0000 -0.8888 -0.4583
vn 0.1568 -0.8888 -0.4307
vn 0.1914 -0.8287 -0.5260
vn 0.6393 0.1040 -0.7619
vn 0.6419 0.0524 -0.7650
vn 0.6428 -0.0100 -0.7660
vn 0.6337 -0.1683 -0.7551
vn 0.2081 -0.9462 -0.2480
vn 0.1873 0.9566 -0.2232
vn 0.0978 0.9884 -0.1165
vn 0.0751 -0.9756 -0.2064
vn 0.1332 -0.9211 -0.3659
vn -0.0085 0.9997 0.0234
vn -0.0000 0.7174 -0.6966
vn -0.0000 0.8764 -0.4816
vn 0.1647 0.8764 -0.4525
vn 0.2382 0.7174 -0.6546
vn -0.0000 0.8084 -0.5886
vn -0.0000 0.6586 -0.7525
vn 0.3402 0.1040 -0.9346
vn 0.3415 0.0524 -0.9384
vn 0.3420 -0.0100 -0.9396
vn 0.6427 -0.0100 -0.7660
vn 0.3371 -0.1683 -0.9263
vn 0.6336 -0.1683 -0.7551
vn 0.1107 -0.9462 -0.3042
vn 0.0996 0.9566 -0.2738
vn 0.0520 0.9884 -0.1430
vn 0.3420 -0.0000 0.9397
vn 0.6428 -0.0000 0.7660
vn -0.2383 0.7174 -0.6547
vn -0.0000 0.7174 -0.6967
vn -0.0000 0.5401 -0.8416
vn -0.2878 0.5401 -0.7908
vn -0.2931 0.5156 -0.8052
vn -0.0000 0.5156 -0.8569
vn -0.2574 0.6586 -0.7071
vn -0.0000 -0.0574 -0.9984
vn 0.3415 -0.0574 -0.9381
vn 0.6417 -0.0574 -0.7648
vn 0.6418 -0.0574 -0.7648
vn 0.8646 -0.0574 -0.4992
vn 0.9832 -0.0574 -0.1734
vn 0.9832 -0.0574 0.1734
vn 0.8646 -0.0574 0.4992
vn 0.6418 -0.0574 0.7648
vn 0.6417 -0.0574 0.7648
vn 0.3415 -0.0574 0.9381
vn -0.0000 -0.0574 0.9984
vn -0.3415 -0.0574 0.9381
vn -0.6417 -0.0574 0.7648
vn -0.6418 -0.0574 0.7648
vn -0.8646 -0.0574 0.4992
vn -0.9832 -0.0574 0.1734
vn -0.9832 -0.0574 -0.1734
vn -0.8646 -0.0574 -0.4992
vn -0.6418 -0.0574 -0.7648
vn -0.6417 -0.0574 -0.7648
vn -0.3415 -0.0574 -0.9381
vn 0.1360 -0.9175 -0.3738
vn 0.2362 -0.7233 -0.6488
vn 0.4439 -0.7233 -0.5289
vn 0.2557 -0.9175 -0.3047
vn -0.0000 -0.7233 -0.6906
vn -0.0000 -0.3132 -0.9497
vn 0.3248 -0.3132 -0.8924
vn 0.2362 -0.7233 -0.6489
vn -0.0000 0.0114 -0.9999
vn 0.3420 0.0114 -0.9396
vn -0.0000 0.4743 -0.8804
vn 0.3011 0.4743 -0.8273
vn -0.0000 0.4744 -0.8803
vn -0.0000 0.7968 -0.6042
vn 0.3011 0.4744 -0.8272
vn 0.5980 -0.7233 -0.3452
vn 0.3445 -0.9175 -0.1989
vn -0.5507 0.5156 -0.6564
vn -0.4837 0.6586 -0.5765
vn 0.6104 -0.3132 -0.7275
vn 0.4438 -0.7233 -0.5290
vn 0.6427 0.0114 -0.7660
vn 0.5659 0.4743 -0.6744
vn 0.5658 0.4744 -0.6744
vn 0.6800 -0.7233 -0.1199
vn 0.3917 -0.9175 -0.0691
vn -0.4478 0.7174 -0.5337
vn -0.5409 0.5401 -0.6447
vn 0.4439 -0.7233 -0.5290
vn 0.6105 -0.3132 -0.7275
vn 0.8225 -0.3132 -0.4748
vn 0.5980 -0.7233 -0.3453
vn 0.6428 0.0114 -0.7660
vn 0.8660 0.0114 -0.5000
vn 0.7624 0.4743 -0.4402
vn 0.7624 0.4744 -0.4402
vn 0.6800 -0.7233 0.1199
vn 0.3917 -0.9175 0.0691
vn -0.7421 0.5156 -0.4284
vn -0.5508 0.5156 -0.6564
vn -0.4837 0.6586 -0.5764
vn -0.6517 0.6586 -0.3763
vn 0.9353 -0.3132 -0.1649
vn 0.6801 -0.7233 -0.1199
vn 0.9847 0.0114 -0.1736
vn 0.8670 0.4743 -0.1529
vn 0.8669 0.4744 -0.1529
vn 0.5980 -0.7233 0.3453
vn 0.3445 -0.9175 0.1989
vn -0.6034 0.7174 -0.3483
vn -0.5410 0.5401 -0.6447
vn -0.7288 0.5401 -0.4208
vn 0.9353 -0.3132 0.1649
vn 0.6801 -0.7233 0.1199
vn 0.9847 0.0114 0.1736
vn 0.8670 0.4743 0.1529
vn 0.8670 0.4744 0.1528
vn 0.4439 -0.7233 0.5289
vn 0.2557 -0.9175 0.3047
vn -0.8438 0.5156 -0.1488
vn -0.7411 0.6586 -0.1307
vn 0.8225 -0.3132 0.4748
vn 0.8660 0.0114 0.5000
vn 0.7624 0.4743 0.4402
vn 0.7624 0.4744 0.4401
vn 0.2361 -0.7233 0.6489
vn 0.1360 -0.9175 0.3738
vn -0.6861 0.7174 -0.1210
vn -0.8288 0.5401 -0.1461
vn 0.6105 -0.3132 0.7275
vn 0.4439 -0.7233 0.5290
vn 0.6428 0.0114 0.7660
vn 0.5659 0.4743 0.6744
vn 0.5659 0.4744 0.6743
vn -0.0000 -0.7233 0.6905
vn -0.0000 -0.9175 0.3978
vn -0.8438 0.5156 0.1488
vn -0.7411 0.6586 0.1307
vn 0.4438 -0.7233 0.5290
vn 0.6104 -0.3132 0.7275
vn 0.3248 -0.3132 0.8924
vn 0.2362 -0.7233 0.6489
vn 0.6427 0.0114 0.7660
vn 0.3420 0.0114 0.9396
vn 0.3011 0.4743 0.8273
vn 0.3011 0.4744 0.8272
vn -0.2362 -0.7233 0.6488
vn -0.1360 -0.9175 0.3738
vn -0.6861 0.7174 0.1210
vn -0.8288 0.5401 0.1461
vn -0.0000 -0.3132 0.9497
vn -0.0000 -0.7233 0.6906
vn -0.0000 0.0114 0.9999
vn -0.0000 0.4743 0.8804
vn -0.0000 0.4744 0.8803
vn -0.4439 -0.7233 0.5289
vn -0.2557 -0.9175 0.3047
vn -0.7421 0.5156 0.4284
vn -0.6517 0.6586 0.3763
vn -0.3248 -0.3132 0.8924
vn -0.2362 -0.7233 0.6489
vn -0.3420 0.0114 0.9396
vn -0.3011 0.4743 0.8273
vn -0.3011 0.4744 0.8272
vn -0.5980 -0.7233 0.3452
vn -0.3445 -0.9175 0.1989
vn -0.6034 0.7174 0.3484
vn -0.7289 0.5401 0.4208
vn -0.6104 -0.3132 0.7275
vn -0.4438 -0.7233 0.5290
vn -0.6427 0.0114 0.7660
vn -0.5659 0.4743 0.6744
vn -0.5658 0.4744 0.6744
vn -0.6800 -0.7233 0.1199
vn -0.3917 -0.9175 0.0691
vn -0.5508 0.5155 0.6564
vn -0.4837 0.6586 0.5765
vn -0.4439 -0.7233 0.5290
vn -0.6105 -0.3132 0.7275
vn -0.8225 -0.3132 0.4748
vn -0.5980 -0.7233 0.3453
vn -0.6428 0.0114 0.7660
vn -0.8660 0.0114 0.5000
vn -0.7624 0.4743 0.4402
vn -0.7624 0.4744 0.4402
vn -0.6800 -0.7233 -0.1199
vn -0.3917 -0.9175 -0.0691
vn -0.4479 0.7174 0.5337
vn -0.5410 0.5401 0.6447
vn -0.9353 -0.3132 0.1649
vn -0.6801 -0.7233 0.1199
vn -0.9847 0.0114 0.1736
vn -0.8670 0.4743 0.1529
vn -0.8669 0.4744 0.1529
vn -0.5980 -0.7233 -0.3453
vn -0.3445 -0.9175 -0.1989
vn -0.2931 0.5156 0.8052
vn -0.5507 0.5156 0.6564
vn -0.2574 0.6586 0.7071
vn -0.9353 -0.3132 -0.1649
vn -0.6801 -0.7233 -0.1199
vn -0.9847 0.0114 -0.1736
vn -0.8670 0.4743 -0.1529
vn -0.8670 0.4744 -0.1528
vn -0.4439 -0.7233 -0.5289
vn -0.2557 -0.9175 -0.3047
vn -0.2383 0.7174 0.6547
vn -0.4478 0.7174 0.5337
vn -0.5409 0.5401 0.6447
vn -0.2878 0.5401 0.7908
vn -0.8225 -0.3132 -0.4748
vn -0.8660 0.0114 -0.5000
vn -0.7624 0.4743 -0.4402
vn -0.7624 0.4744 -0.4401
vn -0.2362 -0.7233 -0.6489
vn -0.1360 -0.9175 -0.3738
vn -0.0000 0.5156 0.8569
vn -0.0000 0.6586 0.7525
vn -0.6105 -0.3132 -0.7275
vn -0.4439 -0.7233 -0.5290
vn -0.6428 0.0114 -0.7660
vn -0.5659 0.4743 -0.6744
vn -0.5659 0.4744 -0.6743
vn -0.0000 -0.7233 -0.6905
vn -0.0000 -0.9175 -0.3978
vn -0.4438 -0.7233 -0.5290
vn -0.6104 -0.3132 -0.7275
vn -0.3248 -0.3132 -0.8924
vn -0.6427 0.0114 -0.7660
vn -0.3420 0.0114 -0.9396
vn -0.3011 0.4743 -0.8273
vn -0.3011 0.4744 -0.8272
vn 0.0108 -0.5742 -0.8186
vn 0.0277 -0.3827 -0.9235
vn 0.3316 -0.3740 -0.8661
vn 0.2821 -0.5501 -0.7860
vn 0.0278 0.3299 -0.9436
vn 0.0186 0.5508 -0.8344
vn 0.2862 0.5400 -0.7915
vn 0.3137 0.3291 -0.8907
vn 0.5747 -0.3780 -0.7258
vn 0.5177 -0.5768 -0.6320
vn 0.5212 0.5505 -0.6521
vn 0.5835 0.3374 -0.7387
vn 0.5196 -0.8000 -0.3000
vn 0.6949 -0.5968 -0.4012
vn 0.7209 0.5541 -0.4162
vn 0.8134 0.3434 -0.4696
vn 0.5908 -0.8000 -0.1042
vn 0.7902 -0.5968 -0.1394
vn 0.8198 0.5541 -0.1446
vn 0.9249 0.3434 -0.1631
vn 0.5908 -0.8000 0.1042
vn 0.7902 -0.5968 0.1393
vn 0.8198 0.5541 0.1445
vn 0.9249 0.3434 0.1631
vn 0.5196 -0.8000 0.3000
vn 0.6949 -0.5968 0.4012
vn 0.7209 0.5541 0.4162
vn 0.8134 0.3434 0.4696
vn 0.3856 -0.8000 0.4596
vn 0.5158 -0.5968 0.6147
vn 0.5351 0.5541 0.6377
vn 0.6037 0.3434 0.7194
vn 0.2052 -0.8000 0.5638
vn 0.2745 -0.5968 0.7540
vn 0.6037 0.3434 0.7195
vn 0.5350 0.5541 0.6377
vn 0.2847 0.5541 0.7822
vn 0.3212 0.3434 0.8825
vn -0.0000 -0.8000 0.6000
vn -0.0000 -0.5968 0.8024
vn -0.0000 0.5541 0.8324
vn -0.0000 0.3434 0.9392
vn -0.2052 -0.8000 0.5638
vn -0.2744 -0.5968 0.7540
vn -0.2847 0.5541 0.7822
vn -0.3212 0.3434 0.8825
vn -0.3857 -0.8000 0.4596
vn -0.5158 -0.5968 0.6147
vn -0.5351 0.5541 0.6377
vn -0.6037 0.3434 0.7195
vn -0.5196 -0.8000 0.3000
vn -0.6949 -0.5968 0.4012
vn -0.6037 0.3434 0.7194
vn -0.7209 0.5541 0.4162
vn -0.8134 0.3434 0.4696
vn -0.5908 -0.8000 0.1042
vn -0.7902 -0.5968 0.1394
vn -0.8198 0.5541 0.1446
vn -0.9249 0.3434 0.1631
vn -0.5908 -0.8000 -0.1042
vn -0.7902 -0.5968 -0.1393
vn -0.8198 0.5541 -0.1445
vn -0.9249 0.3434 -0.1631
vn -0.5196 -0.8000 -0.3000
vn -0.6949 -0.5968 -0.4012
vn -0.7209 0.5541 -0.4162
vn -0.8134 0.3434 -0.4696
vn -0.3856 -0.8000 -0.4596
vn -0.5158 -0.5968 -0.6147
vn -0.5351 0.5541 -0.6377
vn -0.6037 0.3434 -0.7194
vn -0.2052 -0.8000 -0.5638
vn -0.2745 -0.5968 -0.7540
vn -0.6037 0.3434 -0.7195
vn -0.5350 0.5541 -0.6377
vn -0.2847 0.5541 -0.7822
vn -0.3212 0.3434 -0.8825
vn 0.4837 0.6586 -0.5764
vn 0.6517 0.6586 -0.3762
vn -0.4837 0.6586 0.5764
vn -0.6517 0.6586 0.3762
vn 0.1915 -0.8287 0.5260
vn -0.0000 -0.8287 0.5598
vn -0.0000 -0.7412 0.6713
vn 0.2296 -0.7412 0.6308
vn -0.1914 -0.8287 0.5260
vn -0.2296 -0.7412 0.6308
vn -0.3598 -0.8287 0.4288
vn -0.4315 -0.7412 0.5143
vn -0.4848 -0.8287 0.2799
vn -0.5814 -0.7412 0.3357
vn -0.5513 -0.8287 0.0972
vn -0.6611 -0.7412 0.1166
vn -0.5513 -0.8287 -0.0972
vn -0.6611 -0.7412 -0.1166
vn -0.4848 -0.8287 -0.2799
vn -0.5814 -0.7412 -0.3357
vn -0.3598 -0.8287 -0.4288
vn -0.4315 -0.7412 -0.5143
vn -0.1915 -0.8287 -0.5260
vn -0.2296 -0.7412 -0.6308
vn -0.0000 -0.7412 -0.6713
vn 0.3598 -0.8287 -0.4288
vn 0.4315 -0.7412 -0.5143
vn 0.2296 -0.7412 -0.6308
vn 0.4848 -0.8287 -0.2799
vn 0.5814 -0.7412 -0.3357
vn 0.5513 -0.8287 -0.0972
vn 0.6611 -0.7412 -0.1166
vn 0.5513 -0.8287 0.0972
vn 0.6611 -0.7412 0.1166
vn 0.4848 -0.8287 0.2799
vn 0.5814 -0.7412 0.3357
vn 0.3598 -0.8287 0.4288
vn 0.4315 -0.7412 0.5143
vn -0.0000 -0.2676 -0.9635
vn 0.3295 -0.2676 -0.9054
vn -0.0000 -0.2455 -0.9694
vn 0.3316 -0.2455 -0.9109
vn -0.0000 -0.9092 -0.4165
vn -0.0000 -0.4589 -0.8885
vn 0.3039 -0.4589 -0.8349
vn 0.1424 -0.9092 -0.3913
vn 0.6193 -0.2676 -0.7381
vn 0.6231 -0.2455 -0.7426
vn 0.5711 -0.4589 -0.6806
vn 0.2677 -0.9092 -0.3190
vn 0.6194 -0.2676 -0.7381
vn 0.8344 -0.2676 -0.4818
vn 0.8395 -0.2455 -0.4847
vn 0.7695 -0.4589 -0.4442
vn 0.3607 -0.9092 -0.2082
vn 0.9489 -0.2676 -0.1673
vn 0.9547 -0.2455 -0.1683
vn 0.8750 -0.4589 -0.1543
vn 0.4101 -0.9092 -0.0723
vn 0.9489 -0.2676 0.1673
vn 0.9547 -0.2455 0.1683
vn 0.8750 -0.4589 0.1543
vn 0.4101 -0.9092 0.0723
vn 0.8344 -0.2676 0.4818
vn 0.8395 -0.2455 0.4847
vn 0.7695 -0.4589 0.4442
vn 0.3607 -0.9092 0.2082
vn 0.6194 -0.2676 0.7381
vn 0.6231 -0.2455 0.7426
vn 0.5711 -0.4589 0.6806
vn 0.2677 -0.9092 0.3190
vn 0.6193 -0.2676 0.7381
vn 0.3295 -0.2676 0.9054
vn 0.3316 -0.2455 0.9109
vn 0.3039 -0.4589 0.8349
vn 0.1424 -0.9092 0.3913
vn -0.0000 -0.2676 0.9635
vn -0.0000 -0.2455 0.9694
vn -0.0000 -0.4589 0.8885
vn -0.0000 -0.9092 0.4165
vn -0.3295 -0.2676 0.9054
vn -0.3316 -0.2455 0.9109
vn -0.3039 -0.4589 0.8349
vn -0.1424 -0.9092 0.3913
vn -0.6193 -0.2676 0.7381
vn -0.6231 -0.2455 0.7426
vn -0.5711 -0.4589 0.6806
vn -0.2677 -0.9092 0.3190
vn -0.6194 -0.2676 0.7381
vn -0.8344 -0.2676 0.4818
vn -0.8395 -0.2455 0.4847
vn -0.7694 -0.4589 0.4443
vn -0.3607 -0.9092 0.2082
vn -0.9489 -0.2676 0.1673
vn -0.9547 -0.2455 0.1683
vn -0.8750 -0.4589 0.1543
vn -0.4101 -0.9092 0.0723
vn -0.9489 -0.2676 -0.1673
vn -0.9547 -0.2455 -0.1683
vn -0.8750 -0.4589 -0.1543
vn -0.4101 -0.9092 -0.0723
vn -0.8344 -0.2676 -0.4818
vn -0.8395 -0.2455 -0.4847
vn -0.7695 -0.4589 -0.4442
vn -0.3607 -0.9092 -0.2082
vn -0.6194 -0.2676 -0.7381
vn -0.6231 -0.2455 -0.7426
vn -0.5711 -0.4589 -0.6806
vn -0.2677 -0.9092 -0.3190
vn -0.6193 -0.2676 -0.7381
vn -0.3295 -0.2676 -0.9054
vn -0.3316 -0.2455 -0.9109
vn -0.3039 -0.4589 -0.8349
vn -0.1424 -0.9092 -0.3913
vn -0.0000 0.8762 -0.4819
vn -0.0000 0.8337 -0.5523
vn 0.1889 0.8337 -0.5190
vn 0.1648 0.8762 -0.4529
vn 0.3550 0.8337 -0.4231
vn 0.3098 0.8762 -0.3692
vn 0.4783 0.8337 -0.2761
vn 0.4174 0.8762 -0.2410
vn 0.5439 0.8337 -0.0959
vn 0.4746 0.8762 -0.0837
vn 0.5439 0.8337 0.0959
vn 0.4746 0.8762 0.0837
vn 0.4783 0.8337 0.2761
vn 0.4174 0.8762 0.2410
vn 0.3550 0.8337 0.4231
vn 0.3098 0.8762 0.3692
vn 0.1889 0.8337 0.5190
vn 0.1648 0.8762 0.4529
vn -0.0000 0.8337 0.5523
vn -0.0000 0.8762 0.4819
vn -0.1889 0.8337 0.5190
vn -0.1648 0.8762 0.4529
vn -0.3550 0.8337 0.4231
vn -0.3098 0.8762 0.3692
vn -0.4783 0.8337 0.2761
vn -0.4174 0.8762 0.2410
vn -0.5439 0.8337 0.0959
vn -0.4746 0.8762 0.0837
vn -0.5439 0.8337 -0.0959
vn -0.4746 0.8762 -0.0837
vn -0.4783 0.8337 -0.2761
vn -0.4174 0.8762 -0.2410
vn -0.3550 0.8337 -0.4231
vn -0.3098 0.8762 -0.3692
vn -0.1889 0.8337 -0.5190
vn -0.1648 0.8762 -0.4529
vn -0.3253 -0.3087 -0.8938
vn -0.0000 -0.3087 -0.9512
vn -0.0000 -0.2511 -0.9680
vn -0.3310 -0.2512 -0.9096
vn -0.0000 -0.2644 -0.9644
vn -0.0000 -0.1702 -0.9854
vn 0.3370 -0.1702 -0.9260
vn 0.3299 -0.2644 -0.9063
vn 0.0077 0.3322 -0.9432
vn 0.3237 0.3238 -0.8890
vn -0.0000 0.1415 -0.9899
vn 0.3386 0.1415 -0.9302
vn 0.6000 0.3317 -0.7280
vn 0.6363 0.1415 -0.7584
vn 0.8150 0.3381 -0.4706
vn 0.6363 0.1415 -0.7583
vn 0.8573 0.1415 -0.4950
vn 0.9268 0.3381 -0.1634
vn 0.9749 0.1415 -0.1719
vn 0.9268 0.3381 0.1634
vn 0.9749 0.1415 0.1719
vn 0.8150 0.3381 0.4706
vn 0.8573 0.1415 0.4950
vn 0.6050 0.3381 0.7209
vn 0.6364 0.1415 0.7583
vn 0.6049 0.3381 0.7210
vn 0.3219 0.3381 0.8844
vn 0.6363 0.1415 0.7583
vn 0.3386 0.1415 0.9302
vn -0.0000 0.3381 0.9411
vn -0.0000 0.1415 0.9899
vn -0.3219 0.3381 0.8844
vn -0.3386 0.1415 0.9302
vn -0.6049 0.3381 0.7210
vn -0.6363 0.1415 0.7584
vn -0.6050 0.3381 0.7209
vn -0.8150 0.3381 0.4706
vn -0.6363 0.1415 0.7583
vn -0.8573 0.1415 0.4950
vn -0.9268 0.3381 0.1634
vn -0.9749 0.1415 0.1719
vn -0.9268 0.3381 -0.1634
vn -0.9749 0.1415 -0.1719
vn -0.8150 0.3381 -0.4706
vn -0.8573 0.1415 -0.4950
vn -0.6050 0.3381 -0.7209
vn -0.6364 0.1415 -0.7583
vn -0.6049 0.3381 -0.7210
vn -0.3219 0.3381 -0.8844
vn -0.6363 0.1415 -0.7583
vn -0.3386 0.1415 -0.9302
vn -0.3420 -0.0000 -0.9397
vn -0.6428 -0.0000 -0.7660
vn 0.8660 -0.0000 -0.5000
vn 0.6428 -0.0000 -0.7660
vn -0.8660 -0.0000 0.5000
vn -0.6428 -0.0000 0.7660
vn 0.8660 -0.0000 0.5000
vn -0.8660 -0.0000 -0.5000
vn 0.3420 -0.0000 -0.9397
vn -0.3420 -0.0000 0.9397
vn 0.9848 -0.0000 0.1737
vn 0.9848 -0.0000 0.1736
vn -0.9848 -0.0000 -0.1737
vn -0.9848 -0.0000 -0.1736
vn -0.0000 -0.0000 -1.0000
vn -0.0000 -0.0000 1.0000
vn 0.9848 -0.0000 -0.1736
vn 0.9848 -0.0000 -0.1737
vn -0.9848 -0.0000 0.1736
vn -0.9848 -0.0000 0.1737
vn -0.3299 -0.2644 -0.9063
vn -0.6199 -0.2644 -0.7388
vn -0.6114 -0.3088 -0.7286
vn -0.8352 -0.2644 -0.4822
vn -0.8237 -0.3088 -0.4756
vn -0.9498 -0.2644 -0.1675
vn -0.9367 -0.3088 -0.1651
vn -0.9498 -0.2644 0.1675
vn -0.9367 -0.3089 0.1652
vn -0.8352 -0.2644 0.4822
vn -0.8237 -0.3089 0.4756
vn -0.6199 -0.2644 0.7388
vn -0.6114 -0.3089 0.7286
vn -0.3298 -0.2644 0.9063
vn -0.6113 -0.3089 0.7286
vn -0.3253 -0.3089 0.8937
vn -0.0000 -0.2644 0.9644
vn -0.0000 -0.3089 0.9511
vn 0.3299 -0.2644 0.9063
vn 0.3253 -0.3089 0.8937
vn 0.6199 -0.2644 0.7388
vn 0.6113 -0.3089 0.7286
vn 0.8352 -0.2644 0.4822
vn 0.6114 -0.3089 0.7286
vn 0.8237 -0.3088 0.4756
vn 0.9498 -0.2644 0.1675
vn 0.9367 -0.3088 0.1652
vn 0.9498 -0.2644 -0.1675
vn 0.9367 -0.3088 -0.1652
vn 0.8352 -0.2644 -0.4822
vn 0.8237 -0.3087 -0.4756
vn 0.6200 -0.2644 -0.7388
vn 0.6114 -0.3087 -0.7286
vn 0.6199 -0.2644 -0.7388
vn 0.6114 -0.3087 -0.7287
vn 0.3253 -0.3087 -0.8938
vn -0.0000 0.9166 -0.3997
vn 0.1367 0.9166 -0.3756
vn 0.2569 0.9166 -0.3062
vn 0.3462 0.9166 -0.1999
vn 0.3937 0.9166 -0.0694
vn 0.3937 0.9166 0.0694
vn 0.3462 0.9166 0.1999
vn 0.2569 0.9166 0.3062
vn 0.1367 0.9166 0.3756
vn -0.0000 0.9166 0.3997
vn -0.1367 0.9166 0.3756
vn -0.2569 0.9166 0.3062
vn -0.3462 0.9166 0.1999
vn -0.3937 0.9166 0.0694
vn -0.3937 0.9166 -0.0694
vn -0.3462 0.9166 -0.1999
vn -0.2569 0.9166 -0.3062
vn -0.1367 0.9166 -0.3756
vn 0.6334 -0.1702 -0.7549
vn 0.8534 -0.1702 -0.4927
vn 0.9704 -0.1702 -0.1712
vn 0.9705 -0.1702 -0.1711
vn 0.9704 -0.1702 0.1711
vn 0.9498 -0.2643 0.1675
vn 0.8534 -0.1702 0.4927
vn 0.8353 -0.2643 0.4822
vn 0.6334 -0.1702 0.7549
vn 0.3371 -0.1702 0.9260
vn 0.3370 -0.1702 0.9260
vn -0.0000 -0.1702 0.9854
vn -0.0000 -0.2643 0.9644
vn 0.3298 -0.2643 0.9063
vn -0.3370 -0.1702 0.9260
vn -0.3299 -0.2643 0.9063
vn -0.6334 -0.1702 0.7549
vn -0.6199 -0.2643 0.7388
vn -0.8534 -0.1702 0.4927
vn -0.8352 -0.2643 0.4823
vn -0.9704 -0.1702 0.1711
vn -0.9704 -0.1702 -0.1711
vn -0.8534 -0.1702 -0.4927
vn -0.6334 -0.1702 -0.7549
vn -0.3370 -0.1702 -0.9260
vn -0.0000 -0.4588 -0.8885
vn -0.0000 0.3221 -0.9467
vn 0.3238 0.3221 -0.8896
vn 0.3039 -0.4588 -0.8349
vn -0.0000 0.8383 -0.5452
vn -0.0000 0.9694 -0.2454
vn 0.0839 0.9694 -0.2306
vn 0.1865 0.8383 -0.5123
vn -0.0000 -0.6299 -0.7767
vn -0.0000 -0.4368 -0.8996
vn 0.3077 -0.4368 -0.8453
vn 0.2657 -0.6299 -0.7299
vn -0.0000 0.8178 -0.5755
vn -0.0000 0.8242 -0.5663
vn 0.1937 0.8241 -0.5323
vn 0.1968 0.8178 -0.5408
vn 0.6085 0.3221 -0.7252
vn 0.1577 0.9694 -0.1880
vn 0.3505 0.8383 -0.4177
vn 0.5782 -0.4368 -0.6891
vn 0.4992 -0.6299 -0.5950
vn 0.3641 0.8242 -0.4338
vn 0.3700 0.8178 -0.4409
vn 0.6086 0.3220 -0.7252
vn 0.8199 0.3220 -0.4733
vn 0.7695 -0.4588 -0.4442
vn 0.2125 0.9694 -0.1227
vn 0.4722 0.8383 -0.2726
vn 0.4993 -0.6299 -0.5950
vn 0.7791 -0.4368 -0.4498
vn 0.6727 -0.6299 -0.3883
vn 0.4904 0.8243 -0.2830
vn 0.4984 0.8178 -0.2878
vn 0.9323 0.3221 -0.1644
vn 0.8750 -0.4588 -0.1543
vn 0.2417 0.9694 -0.0426
vn 0.5369 0.8383 -0.0947
vn 0.8859 -0.4368 -0.1562
vn 0.7649 -0.6299 -0.1349
vn 0.5572 0.8246 -0.0981
vn 0.5668 0.8178 -0.1000
vn 0.9323 0.3221 0.1644
vn 0.8750 -0.4588 0.1543
vn 0.2417 0.9694 0.0426
vn 0.5369 0.8383 0.0947
vn 0.8859 -0.4368 0.1562
vn 0.7649 -0.6299 0.1349
vn 0.5568 0.8248 0.0983
vn 0.5668 0.8178 0.0999
vn 0.8199 0.3221 0.4734
vn 0.7695 -0.4588 0.4443
vn 0.2125 0.9694 0.1227
vn 0.4722 0.8383 0.2726
vn 0.7790 -0.4368 0.4498
vn 0.6726 -0.6299 0.3884
vn 0.4892 0.8251 0.2826
vn 0.4985 0.8178 0.2878
vn 0.6086 0.3220 0.7252
vn 0.1577 0.9694 0.1880
vn 0.3505 0.8383 0.4177
vn 0.5782 -0.4368 0.6891
vn 0.4993 -0.6299 0.5950
vn 0.3628 0.8254 0.4326
vn 0.3700 0.8178 0.4409
vn 0.6085 0.3221 0.7252
vn 0.3238 0.3221 0.8896
vn 0.3039 -0.4588 0.8349
vn 0.0839 0.9694 0.2306
vn 0.1865 0.8383 0.5123
vn 0.4992 -0.6299 0.5950
vn 0.3077 -0.4368 0.8453
vn 0.2656 -0.6299 0.7299
vn 0.1929 0.8256 0.5303
vn 0.1969 0.8178 0.5408
vn -0.0000 0.3221 0.9467
vn -0.0000 -0.4588 0.8885
vn -0.0000 0.9694 0.2454
vn -0.0000 0.8383 0.5452
vn -0.0000 -0.4368 0.8996
vn -0.0000 -0.6299 0.7767
vn -0.0001 0.8257 0.5640
vn -0.0000 0.8178 0.5755
vn -0.3238 0.3221 0.8896
vn -0.3039 -0.4588 0.8349
vn -0.0839 0.9694 0.2306
vn -0.1865 0.8383 0.5123
vn -0.3077 -0.4368 0.8453
vn -0.2657 -0.6299 0.7299
vn -0.1929 0.8258 0.5300
vn -0.1968 0.8178 0.5408
vn -0.6085 0.3221 0.7252
vn -0.1577 0.9694 0.1880
vn -0.3505 0.8383 0.4177
vn -0.5782 -0.4368 0.6891
vn -0.4992 -0.6299 0.5950
vn -0.3625 0.8257 0.4321
vn -0.3700 0.8178 0.4409
vn -0.6086 0.3220 0.7252
vn -0.8199 0.3220 0.4733
vn -0.7695 -0.4588 0.4442
vn -0.2125 0.9694 0.1227
vn -0.4722 0.8383 0.2726
vn -0.4993 -0.6299 0.5950
vn -0.7791 -0.4368 0.4498
vn -0.6727 -0.6299 0.3883
vn -0.4886 0.8256 0.2822
vn -0.4984 0.8178 0.2878
vn -0.9323 0.3221 0.1644
vn -0.8750 -0.4588 0.1543
vn -0.2417 0.9694 0.0426
vn -0.5369 0.8383 0.0947
vn -0.8859 -0.4368 0.1562
vn -0.7649 -0.6299 0.1349
vn -0.5560 0.8254 0.0982
vn -0.5668 0.8178 0.1000
vn -0.9323 0.3221 -0.1644
vn -0.8750 -0.4588 -0.1543
vn -0.2417 0.9694 -0.0426
vn -0.5369 0.8383 -0.0947
vn -0.8859 -0.4368 -0.1562
vn -0.7649 -0.6299 -0.1349
vn -0.5564 0.8251 -0.0980
vn -0.5668 0.8178 -0.0999
vn -0.8199 0.3221 -0.4734
vn -0.7695 -0.4588 -0.4443
vn -0.2125 0.9694 -0.1227
vn -0.4722 0.8383 -0.2726
vn -0.7790 -0.4368 -0.4498
vn -0.6726 -0.6299 -0.3884
vn -0.4897 0.8248 -0.2826
vn -0.4985 0.8178 -0.2878
vn -0.6086 0.3220 -0.7252
vn -0.1577 0.9694 -0.1880
vn -0.3505 0.8383 -0.4177
vn -0.5782 -0.4368 -0.6891
vn -0.4993 -0.6299 -0.5950
vn -0.3638 0.8246 -0.4333
vn -0.3700 0.8178 -0.4409
vn -0.6085 0.3221 -0.7252
vn -0.3238 0.3221 -0.8896
vn -0.3039 -0.4588 -0.8349
vn -0.0839 0.9694 -0.2306
vn -0.1865 0.8383 -0.5123
vn -0.4992 -0.6299 -0.5950
vn -0.3077 -0.4368 -0.8453
vn -0.2656 -0.6299 -0.7299
vn -0.1937 0.8243 -0.5320
vn -0.1969 0.8178 -0.5408
vn -0.1453 -0.9052 -0.3993
vn -0.2656 -0.6299 -0.7298
vn -0.0000 -0.9052 -0.4249
vn -0.2731 -0.9052 -0.3255
vn -0.3680 -0.9052 -0.2125
vn -0.6726 -0.6299 -0.3883
vn -0.4184 -0.9052 -0.0738
vn -0.4185 -0.9052 0.0738
vn -0.3680 -0.9052 0.2125
vn -0.6726 -0.6299 0.3883
vn -0.2731 -0.9052 0.3255
vn -0.1453 -0.9052 0.3993
vn -0.2656 -0.6299 0.7298
vn -0.0000 -0.9052 0.4249
vn 0.1453 -0.9052 0.3993
vn 0.2656 -0.6299 0.7298
vn 0.2731 -0.9052 0.3255
vn 0.3680 -0.9052 0.2125
vn 0.6726 -0.6299 0.3883
vn 0.4184 -0.9052 0.0738
vn 0.4185 -0.9052 -0.0738
vn 0.3680 -0.9052 -0.2125
vn 0.6726 -0.6299 -0.3883
vn 0.2731 -0.9052 -0.3255
vn 0.1453 -0.9052 -0.3993
vn 0.2656 -0.6299 -0.7298
vn -0.3419 -0.0243 -0.9394
vn -0.0000 -0.0243 -0.9997
vn -0.6426 -0.0243 -0.7658
vn -0.8658 -0.0243 -0.4999
vn -0.6426 -0.0242 -0.7658
vn -0.9845 -0.0243 -0.1736
vn -0.9845 -0.0243 0.1736
vn -0.8658 -0.0243 0.4999
vn -0.6426 -0.0243 0.7658
vn -0.6426 -0.0242 0.7658
vn -0.3419 -0.0243 0.9394
vn -0.0000 -0.0243 0.9997
vn 0.3419 -0.0243 0.9394
vn 0.6426 -0.0243 0.7658
vn 0.8658 -0.0243 0.4999
vn 0.9845 -0.0243 0.1736
vn 0.9845 -0.0243 -0.1736
vn 0.8658 -0.0243 -0.4999
vn 0.6426 -0.0243 -0.7658
vn 0.3419 -0.0243 -0.9394
vn 0.6426 -0.0242 -0.7658
vn -0.0000 0.8241 -0.5664
vn 0.0001 0.5746 -0.8185
vn 0.2800 0.5744 -0.7692
vn 0.1938 0.8241 -0.5323
vn 0.5260 0.5746 -0.6271
vn 0.3641 0.8241 -0.4339
vn 0.3641 0.8241 -0.4338
vn 0.7084 0.5750 -0.4093
vn 0.8052 0.5757 -0.1423
vn 0.5573 0.8245 -0.0981
vn 0.8047 0.5766 0.1415
vn 0.7072 0.5775 0.4079
vn 0.4893 0.8251 0.2827
vn 0.5247 0.5783 0.6247
vn 0.3628 0.8253 0.4326
vn 0.5246 0.5783 0.6247
vn 0.2791 0.5790 0.7660
vn 0.0001 0.5795 0.8150
vn -0.0001 0.8257 0.5641
vn -0.2787 0.5796 0.7657
vn -0.5239 0.5795 0.6242
vn -0.3626 0.8257 0.4322
vn -0.5240 0.5795 0.6242
vn -0.7062 0.5790 0.4074
vn -0.4887 0.8256 0.2822
vn -0.8035 0.5783 0.1413
vn -0.5560 0.8253 0.0982
vn -0.8039 0.5775 -0.1421
vn -0.5565 0.8251 -0.0980
vn -0.7074 0.5766 -0.4089
vn -0.4898 0.8248 -0.2826
vn -0.5254 0.5757 -0.6265
vn -0.3639 0.8245 -0.4334
vn -0.3638 0.8245 -0.4334
vn -0.5253 0.5757 -0.6266
vn -0.2796 0.5750 -0.7689
vn -0.2618 0.6437 -0.7192
vn -0.1969 0.8177 -0.5409
vn -0.0000 0.8177 -0.5756
vn -0.0000 0.6437 -0.7653
vn -0.4919 0.6437 -0.5863
vn -0.3700 0.8177 -0.4409
vn -0.6628 0.6436 -0.3827
vn -0.4920 0.6436 -0.5862
vn -0.7537 0.6437 -0.1329
vn -0.5669 0.8177 -0.0999
vn -0.4985 0.8177 -0.2878
vn -0.6628 0.6436 -0.3826
vn -0.7537 0.6437 0.1329
vn -0.5669 0.8177 0.1000
vn -0.6628 0.6436 0.3826
vn -0.4985 0.8177 0.2878
vn -0.4920 0.6436 0.5862
vn -0.6628 0.6436 0.3827
vn -0.2618 0.6437 0.7192
vn -0.1969 0.8177 0.5409
vn -0.3700 0.8177 0.4409
vn -0.4919 0.6436 0.5863
vn -0.0000 0.6437 0.7653
vn -0.0000 0.8177 0.5756
vn 0.2618 0.6437 0.7192
vn 0.1969 0.8177 0.5409
vn 0.4919 0.6437 0.5863
vn 0.3700 0.8177 0.4409
vn 0.6628 0.6436 0.3827
vn 0.4920 0.6436 0.5862
vn 0.7537 0.6437 0.1329
vn 0.5669 0.8177 0.0999
vn 0.4985 0.8177 0.2878
vn 0.6628 0.6436 0.3826
vn 0.7537 0.6437 -0.1329
vn 0.5669 0.8177 -0.1000
vn 0.6628 0.6436 -0.3826
vn 0.4985 0.8177 -0.2878
vn 0.4920 0.6436 -0.5862
vn 0.6628 0.6436 -0.3827
vn 0.2618 0.6437 -0.7192
vn 0.1969 0.8177 -0.5409
vn 0.3700 0.8177 -0.4409
vn 0.4919 0.6436 -0.5863
vn -0.0704 -0.9786 -0.1934
vn -0.0000 -0.9786 -0.2059
vn -0.1323 -0.9786 -0.1577
vn -0.1783 -0.9786 -0.1029
vn -0.2027 -0.9786 -0.0357
vn -0.2027 -0.9786 0.0357
vn -0.1783 -0.9786 0.1029
vn -0.1323 -0.9786 0.1577
vn -0.0704 -0.9786 0.1934
vn -0.0000 -0.9786 0.2059
vn 0.0704 -0.9786 0.1934
vn 0.1323 -0.9786 0.1577
vn 0.1783 -0.9786 0.1029
vn 0.2027 -0.9786 0.0357
vn 0.2027 -0.9786 -0.0357
vn 0.1783 -0.9786 -0.1029
vn 0.1323 -0.9786 -0.1577
vn 0.0704 -0.9786 -0.1934
vn -0.1865 0.8382 -0.5124
vn -0.0000 0.8382 -0.5453
vn -0.3505 0.8382 -0.4177
vn -0.5370 0.8382 -0.0947
vn -0.4722 0.8382 -0.2726
vn -0.5370 0.8382 0.0947
vn -0.4722 0.8382 0.2726
vn -0.6086 0.3221 0.7252
vn -0.8199 0.3221 0.4734
vn -0.1865 0.8382 0.5124
vn -0.3505 0.8382 0.4177
vn -0.0000 0.8382 0.5453
vn 0.1865 0.8382 0.5124
vn 0.3505 0.8382 0.4177
vn 0.5370 0.8382 0.0947
vn 0.4722 0.8382 0.2726
vn 0.5370 0.8382 -0.0947
vn 0.4722 0.8382 -0.2726
vn 0.6086 0.3221 -0.7252
vn 0.8199 0.3221 -0.4734
vn 0.1865 0.8382 -0.5124
vn 0.3505 0.8382 -0.4177
vn -0.1351 -0.9187 -0.3711
vn -0.2530 -0.6730 -0.6951
vn -0.0000 -0.6730 -0.7397
vn -0.0000 -0.9187 -0.3949
vn -0.2539 -0.9187 -0.3025
vn -0.4755 -0.6730 -0.5666
vn -0.3420 -0.9187 -0.1975
vn -0.6406 -0.6730 -0.3698
vn -0.3889 -0.9187 -0.0686
vn -0.7284 -0.6730 -0.1284
vn -0.3889 -0.9187 0.0686
vn -0.7284 -0.6730 0.1285
vn -0.3420 -0.9187 0.1975
vn -0.6406 -0.6730 0.3698
vn -0.2539 -0.9187 0.3025
vn -0.4755 -0.6730 0.5666
vn -0.1351 -0.9187 0.3711
vn -0.2530 -0.6730 0.6951
vn -0.0000 -0.9187 0.3949
vn -0.0000 -0.6730 0.7397
vn 0.1351 -0.9187 0.3711
vn 0.2530 -0.6730 0.6951
vn 0.2539 -0.9187 0.3025
vn 0.4755 -0.6730 0.5666
vn 0.3420 -0.9187 0.1975
vn 0.6406 -0.6730 0.3698
vn 0.3890 -0.9187 0.0686
vn 0.7284 -0.6730 0.1284
vn 0.3889 -0.9187 -0.0686
vn 0.7284 -0.6730 -0.1285
vn 0.3420 -0.9187 -0.1975
vn 0.6406 -0.6730 -0.3698
vn 0.2539 -0.9187 -0.3025
vn 0.4755 -0.6730 -0.5666
vn 0.1351 -0.9187 -0.3711
vn 0.2530 -0.6730 -0.6951
vn -0.6221 -0.2512 -0.7415
vn -0.6222 -0.2512 -0.7415
vn -0.8382 -0.2513 -0.4840
vn -0.9532 -0.2514 -0.1681
vn -0.9532 -0.2514 0.1680
vn -0.8382 -0.2515 0.4839
vn -0.6222 -0.2516 0.7414
vn -0.6221 -0.2515 0.7414
vn -0.3310 -0.2516 0.9095
vn -0.0000 -0.2515 0.9678
vn 0.3310 -0.2515 0.9095
vn 0.6221 -0.2514 0.7414
vn 0.6222 -0.2514 0.7414
vn 0.8382 -0.2514 0.4839
vn 0.9532 -0.2513 0.1681
vn 0.9532 -0.2512 -0.1681
vn 0.8383 -0.2512 -0.4840
vn 0.6222 -0.2511 -0.7415
vn 0.6221 -0.2511 -0.7415
vn 0.3311 -0.2511 -0.9096
vn -0.0000 0.7554 -0.6553
vn -0.0000 0.9215 -0.3883
vn 0.1328 0.9215 -0.3649
vn 0.2241 0.7554 -0.6158
vn 0.2496 0.9215 -0.2975
vn 0.4212 0.7554 -0.5020
vn 0.3363 0.9215 -0.1942
vn 0.5675 0.7554 -0.3276
vn 0.3824 0.9215 -0.0674
vn 0.6453 0.7554 -0.1138
vn 0.3824 0.9215 0.0674
vn 0.6453 0.7554 0.1138
vn 0.3363 0.9215 0.1941
vn 0.5675 0.7554 0.3277
vn 0.2496 0.9215 0.2974
vn 0.4212 0.7554 0.5020
vn 0.2496 0.9215 0.2975
vn 0.1328 0.9215 0.3649
vn 0.2241 0.7554 0.6158
vn -0.0000 0.9215 0.3883
vn -0.0000 0.7554 0.6553
vn -0.1328 0.9215 0.3649
vn -0.2241 0.7554 0.6158
vn -0.2496 0.9215 0.2974
vn -0.4212 0.7554 0.5020
vn -0.3363 0.9215 0.1941
vn -0.5675 0.7554 0.3277
vn -0.5675 0.7554 0.3276
vn -0.3363 0.9215 0.1942
vn -0.3824 0.9215 0.0674
vn -0.6453 0.7554 0.1138
vn -0.3824 0.9215 -0.0674
vn -0.6453 0.7554 -0.1138
vn -0.3363 0.9215 -0.1941
vn -0.5675 0.7554 -0.3277
vn -0.2496 0.9215 -0.2975
vn -0.4212 0.7554 -0.5020
vn -0.1328 0.9215 -0.3649
vn -0.2241 0.7554 -0.6158
vn -0.0000 0.7749 -0.6320
vn 0.2162 0.7749 -0.5939
vn -0.0000 -0.5441 -0.8390
vn -0.0000 -0.8137 -0.5813
vn 0.1988 -0.8137 -0.5462
vn 0.2870 -0.5441 -0.7884
vn 0.4063 0.7749 -0.4842
vn 0.3736 -0.8137 -0.4453
vn 0.5393 -0.5441 -0.6428
vn 0.5474 0.7749 -0.3160
vn 0.5393 -0.5441 -0.6427
vn 0.5034 -0.8137 -0.2907
vn 0.7266 -0.5441 -0.4195
vn 0.6224 0.7749 -0.1098
vn 0.5724 -0.8137 -0.1010
vn 0.8263 -0.5441 -0.1457
vn 0.6224 0.7749 0.1098
vn 0.5725 -0.8137 0.1009
vn 0.8263 -0.5441 0.1457
vn 0.5474 0.7749 0.3160
vn 0.5034 -0.8137 0.2906
vn 0.7266 -0.5441 0.4195
vn 0.4063 0.7749 0.4842
vn 0.3736 -0.8137 0.4453
vn 0.5393 -0.5441 0.6427
vn 0.2162 0.7749 0.5939
vn 0.5393 -0.5441 0.6428
vn 0.1988 -0.8137 0.5462
vn 0.2870 -0.5441 0.7884
vn -0.0000 0.7749 0.6320
vn -0.0000 -0.8137 0.5813
vn -0.0000 -0.5441 0.8390
vn -0.2162 0.7749 0.5939
vn -0.1988 -0.8137 0.5462
vn -0.2870 -0.5441 0.7884
vn -0.4063 0.7749 0.4842
vn -0.3736 -0.8137 0.4453
vn -0.5393 -0.5441 0.6428
vn -0.5474 0.7749 0.3160
vn -0.5393 -0.5441 0.6427
vn -0.5034 -0.8137 0.2907
vn -0.7266 -0.5441 0.4195
vn -0.6224 0.7749 0.1098
vn -0.5724 -0.8137 0.1010
vn -0.8263 -0.5441 0.1457
vn -0.6224 0.7749 -0.1097
vn -0.5725 -0.8137 -0.1009
vn -0.8263 -0.5441 -0.1457
vn -0.5474 0.7749 -0.3160
vn -0.5034 -0.8137 -0.2906
vn -0.7266 -0.5441 -0.4195
vn -0.4063 0.7749 -0.4842
vn -0.3736 -0.8137 -0.4453
vn -0.5393 -0.5441 -0.6427
vn -0.2162 0.7749 -0.5939
vn -0.5393 -0.5441 -0.6428
vn -0.1988 -0.8137 -0.5462
vn -0.2870 -0.5441 -0.7884
vn -0.2530 -0.6729 -0.6951
vn -0.3096 -0.4252 -0.8505
vn -0.0000 -0.4252 -0.9051
vn -0.0000 -0.6729 -0.7397
vn -0.4755 -0.6729 -0.5667
vn -0.5818 -0.4252 -0.6934
vn -0.6406 -0.6729 -0.3699
vn -0.7838 -0.4252 -0.4526
vn -0.5818 -0.4252 -0.6933
vn -0.7285 -0.6729 -0.1285
vn -0.8914 -0.4252 -0.1572
vn -0.7285 -0.6729 0.1284
vn -0.8914 -0.4252 0.1572
vn -0.6406 -0.6729 0.3699
vn -0.7838 -0.4252 0.4526
vn -0.4755 -0.6729 0.5666
vn -0.5818 -0.4252 0.6933
vn -0.2530 -0.6729 0.6951
vn -0.3096 -0.4252 0.8505
vn -0.5818 -0.4252 0.6934
vn -0.4755 -0.6729 0.5667
vn -0.0000 -0.6729 0.7397
vn -0.0000 -0.4252 0.9051
vn 0.2530 -0.6729 0.6951
vn 0.3096 -0.4252 0.8505
vn 0.4755 -0.6729 0.5667
vn 0.5818 -0.4252 0.6934
vn 0.6406 -0.6729 0.3699
vn 0.7838 -0.4252 0.4526
vn 0.5818 -0.4252 0.6933
vn 0.7285 -0.6729 0.1285
vn 0.8914 -0.4252 0.1572
vn 0.7285 -0.6729 -0.1284
vn 0.8914 -0.4252 -0.1572
vn 0.6406 -0.6729 -0.3699
vn 0.7838 -0.4252 -0.4526
vn 0.4755 -0.6729 -0.5666
vn 0.5818 -0.4252 -0.6933
vn 0.2530 -0.6729 -0.6951
vn 0.3096 -0.4252 -0.8505
vn 0.5818 -0.4252 -0.6934
vn 0.4755 -0.6729 -0.5667
vn -0.0000 -0.8137 -0.5812
vn 0.5034 -0.8137 -0.2906
vn 0.5724 -0.8137 0.1009
vn -0.0000 -0.8137 0.5812
vn -0.5034 -0.8137 0.2906
vn -0.5724 -0.8137 0.1009
vn -0.5724 -0.8137 -0.1009
vn -0.2872 0.5429 -0.7892
vn -0.2242 0.7553 -0.6158
vn -0.0000 0.7553 -0.6554
vn -0.0000 0.5429 -0.8398
vn -0.5398 0.5429 -0.6434
vn -0.4212 0.7553 -0.5020
vn -0.7273 0.5429 -0.4199
vn -0.5676 0.7553 -0.3277
vn -0.4213 0.7553 -0.5020
vn -0.5398 0.5429 -0.6433
vn -0.8270 0.5429 -0.1458
vn -0.6454 0.7553 -0.1138
vn -0.8270 0.5429 0.1458
vn -0.6454 0.7553 0.1138
vn -0.7273 0.5429 0.4199
vn -0.5676 0.7553 0.3277
vn -0.5398 0.5429 0.6433
vn -0.4213 0.7553 0.5020
vn -0.2872 0.5429 0.7892
vn -0.2241 0.7553 0.6158
vn -0.4212 0.7553 0.5020
vn -0.5398 0.5429 0.6434
vn -0.0000 0.5429 0.8398
vn -0.0000 0.7553 0.6554
vn 0.2872 0.5429 0.7892
vn 0.2242 0.7553 0.6158
vn 0.5398 0.5429 0.6434
vn 0.4212 0.7553 0.5020
vn 0.7273 0.5429 0.4199
vn 0.5676 0.7553 0.3277
vn 0.4213 0.7553 0.5020
vn 0.5398 0.5429 0.6433
vn 0.8271 0.5429 0.1458
vn 0.6454 0.7553 0.1138
vn 0.8270 0.5429 -0.1458
vn 0.6454 0.7553 -0.1138
vn 0.7273 0.5429 -0.4199
vn 0.5676 0.7553 -0.3277
vn 0.5398 0.5429 -0.6433
vn 0.4213 0.7553 -0.5020
vn 0.2872 0.5429 -0.7892
vn 0.2241 0.7553 -0.6158
vn 0.4212 0.7553 -0.5020
vn 0.5398 0.5429 -0.6434
vn -0.0000 0.9134 -0.4070
vn 0.1392 0.9134 -0.3825
vn 0.2616 0.9134 -0.3118
vn 0.3525 0.9134 -0.2035
vn 0.4008 0.9134 -0.0707
vn 0.4008 0.9134 0.0707
vn 0.3525 0.9134 0.2035
vn 0.2616 0.9134 0.3118
vn 0.1392 0.9134 0.3825
vn -0.0000 0.9134 0.4070
vn -0.1392 0.9134 0.3825
vn -0.2616 0.9134 0.3118
vn -0.2496 0.9215 0.2975
vn -0.3525 0.9134 0.2035
vn -0.4008 0.9134 0.0707
vn -0.4008 0.9134 -0.0707
vn -0.3525 0.9134 -0.2035
vn -0.2616 0.9134 -0.3118
vn -0.1392 0.9134 -0.3825
vn -0.0000 -0.9333 -0.3590
vn 0.1228 -0.9333 -0.3374
vn 0.2308 -0.9333 -0.2750
vn 0.3109 -0.9333 -0.1795
vn 0.3536 -0.9333 -0.0623
vn 0.3536 -0.9333 0.0623
vn 0.3109 -0.9333 0.1795
vn 0.2308 -0.9333 0.2750
vn 0.1228 -0.9333 0.3374
vn -0.0000 -0.9333 0.3590
vn -0.1228 -0.9333 0.3374
vn -0.2308 -0.9333 0.2750
vn -0.3109 -0.9333 0.1795
vn -0.3536 -0.9333 0.0623
vn -0.3536 -0.9333 -0.0623
vn -0.3109 -0.9333 -0.1795
vn -0.2308 -0.9333 -0.2750
vn -0.1228 -0.9333 -0.3374
vn -0.0000 -0.9923 -0.1240
vn -0.0000 -0.9853 -0.1710
vn 0.0585 -0.9853 -0.1607
vn 0.0424 -0.9923 -0.1166
vn 0.1099 -0.9853 -0.1310
vn 0.0797 -0.9923 -0.0950
vn 0.1481 -0.9853 -0.0855
vn 0.1074 -0.9923 -0.0620
vn 0.1684 -0.9853 -0.0297
vn 0.1222 -0.9923 -0.0215
vn 0.1684 -0.9853 0.0297
vn 0.1222 -0.9923 0.0215
vn 0.1481 -0.9853 0.0855
vn 0.1074 -0.9923 0.0620
vn 0.1099 -0.9853 0.1310
vn 0.0797 -0.9923 0.0950
vn 0.0585 -0.9853 0.1607
vn 0.0424 -0.9923 0.1166
vn -0.0000 -0.9853 0.1710
vn -0.0000 -0.9923 0.1240
vn -0.0585 -0.9853 0.1607
vn -0.0424 -0.9923 0.1166
vn -0.1099 -0.9853 0.1310
vn -0.0797 -0.9923 0.0950
vn -0.1481 -0.9853 0.0855
vn -0.1074 -0.9923 0.0620
vn -0.1684 -0.9853 0.0297
vn -0.1222 -0.9923 0.0215
vn -0.1684 -0.9853 -0.0297
vn -0.1222 -0.9923 -0.0215
vn -0.1481 -0.9853 -0.0855
vn -0.1074 -0.9923 -0.0620
vn -0.1099 -0.9853 -0.1310
vn -0.0797 -0.9923 -0.0950
vn -0.0585 -0.9853 -0.1607
vn -0.0424 -0.9923 -0.1166
vn -0.3412 0.0711 -0.9373
vn -0.6411 0.0711 -0.7641
vn -0.8638 0.0711 -0.4987
vn -0.6412 0.0711 -0.7641
vn -0.9823 0.0711 -0.1732
vn -0.9823 0.0711 0.1732
vn -0.8638 0.0711 0.4987
vn -0.6412 0.0711 0.7641
vn -0.3412 0.0711 0.9373
vn -0.6411 0.0711 0.7641
vn -0.0000 0.0711 0.9975
vn 0.3412 0.0711 0.9373
vn 0.6411 0.0711 0.7641
vn 0.8638 0.0711 0.4987
vn 0.6412 0.0711 0.7641
vn 0.9823 0.0711 0.1732
vn 0.9823 0.0711 -0.1732
vn 0.8638 0.0711 -0.4987
vn 0.3316 -0.3739 -0.8662
vn -0.3256 -0.3060 -0.8946
vn -0.2745 -0.5967 -0.7540
vn 0.0108 -0.5742 -0.8187
vn -0.0000 -0.3060 -0.9520
vn -0.6119 -0.3060 -0.7293
vn -0.5158 -0.5967 -0.6147
vn -0.8245 -0.3060 -0.4760
vn -0.6949 -0.5967 -0.4012
vn -0.6120 -0.3060 -0.7293
vn -0.9376 -0.3060 -0.1653
vn -0.7902 -0.5967 -0.1393
vn -0.9376 -0.3060 0.1653
vn -0.7902 -0.5967 0.1394
vn -0.8245 -0.3060 0.4760
vn -0.6949 -0.5967 0.4012
vn -0.6120 -0.3060 0.7293
vn -0.5158 -0.5967 0.6147
vn -0.3256 -0.3060 0.8946
vn -0.2744 -0.5967 0.7541
vn -0.6119 -0.3060 0.7293
vn -0.0000 -0.3060 0.9520
vn -0.0000 -0.5967 0.8024
vn 0.3256 -0.3060 0.8946
vn 0.2745 -0.5967 0.7540
vn 0.6119 -0.3060 0.7293
vn 0.5158 -0.5967 0.6147
vn 0.8245 -0.3060 0.4760
vn 0.6949 -0.5967 0.4012
vn 0.6120 -0.3060 0.7293
vn 0.9376 -0.3060 0.1653
vn 0.7902 -0.5967 0.1393
vn 0.9376 -0.3060 -0.1653
vn 0.7902 -0.5967 -0.1394
vn 0.8245 -0.3060 -0.4760
vn 0.6950 -0.5967 -0.4012
vn 0.6120 -0.3060 -0.7293
vn 0.5177 -0.5767 -0.6320
vn 0.3256 -0.3060 -0.8946
vn 0.2821 -0.5500 -0.7861
vn 0.6119 -0.3060 -0.7293
vn -0.0000 0.8764 0.4816
vn -0.1647 0.8764 0.4525
vn -0.2382 0.7174 0.6546
vn -0.0000 0.7174 0.6966
vn -0.3095 0.8764 0.3689
vn -0.4170 0.8764 0.2408
vn -0.6033 0.7174 0.3483
vn -0.4742 0.8764 0.0836
vn -0.4742 0.8764 -0.0836
vn -0.4170 0.8764 -0.2408
vn -0.6033 0.7174 -0.3483
vn -0.3095 0.8764 -0.3689
vn -0.4478 0.7174 -0.5336
vn -0.1647 0.8764 -0.4525
vn -0.2383 0.7174 -0.6546
vn 0.3095 0.8764 -0.3689
vn 0.4170 0.8764 -0.2408
vn 0.6033 0.7174 -0.3483
vn 0.4742 0.8764 -0.0836
vn 0.4742 0.8764 0.0836
vn 0.4170 0.8764 0.2408
vn 0.6033 0.7174 0.3483
vn 0.3095 0.8764 0.3689
vn 0.4478 0.7174 0.5336
vn 0.1647 0.8764 0.4525
vn 0.2383 0.7174 0.6546
vn 0.2946 -0.8888 0.3511
vn 0.1568 -0.8888 0.4307
vn 0.3969 -0.8888 0.2292
vn 0.4514 -0.8888 0.0796
vn 0.4514 -0.8888 -0.0796
vn 0.3969 -0.8888 -0.2292
vn 0.2946 -0.8888 -0.3511
vn -0.1568 -0.8888 -0.4307
vn -0.2946 -0.8888 -0.3511
vn -0.3969 -0.8888 -0.2292
vn -0.4514 -0.8888 -0.0796
vn -0.4514 -0.8888 0.0796
vn -0.3969 -0.8888 0.2292
vn -0.2946 -0.8888 0.3511
vn -0.1568 -0.8888 0.4307
vn -0.0000 -0.8888 0.4583
vn -0.0000 1.0000 -0.0000
vn -0.0000 -1.0000 -0.0000
vn -0.0000 -0.1171 -0.9931
vn -0.0000 -0.1316 0.9913
vn -1.0000 -0.0000 -0.0000
vt 0.514939 0.562694
vt 0.505237 0.489606
vt 0.505237 0.562694
vt 0.431710 0.312376
vt 0.422419 0.286849
vt 0.500000 0.273169
vt 0.500000 0.300335
vt 0.421511 0.284352
vt 0.441296 0.338713
vt 0.500000 0.328362
vt 0.500000 0.270512
vt 0.389712 0.368564
vt 0.441317 0.338769
vt 0.433309 0.316769
vt 0.374662 0.350629
vt 0.558602 0.779882
vt 0.500000 0.779882
vt 0.500000 0.788739
vt 0.560546 0.788739
vt 0.468350 0.591804
vt 0.469456 0.554410
vt 0.500000 0.554410
vt 0.500000 0.591804
vt 0.469827 0.494792
vt 0.500000 0.494792
vt 0.469011 0.432217
vt 0.500000 0.432217
vt 0.461996 0.395511
vt 0.457647 0.383564
vt 0.500013 0.376094
vt 0.500013 0.388807
vt 0.661305 0.851356
vt 0.605044 0.748217
vt 0.586427 0.756537
vt 0.610113 0.867917
vt 0.371657 0.347047
vt 0.354196 0.326237
vt 0.352488 0.324202
vt 0.389673 0.368518
vt 0.351409 0.414211
vt 0.331133 0.402505
vt 0.593260 0.810178
vt 0.549623 0.810178
vt 0.553089 0.827021
vt 0.599774 0.827021
vt 0.440517 0.591804
vt 0.442595 0.554410
vt 0.443294 0.494792
vt 0.441760 0.432217
vt 0.428563 0.414813
vt 0.420391 0.405074
vt 0.707532 0.810809
vt 0.621050 0.732000
vt 0.327084 0.400167
vt 0.303559 0.386585
vt 0.301258 0.385256
vt 0.351357 0.414181
vt 0.331028 0.470206
vt 0.307972 0.466140
vt 0.610136 0.779882
vt 0.613789 0.788739
vt 0.546269 0.591804
vt 0.544653 0.554410
vt 0.568412 0.554410
vt 0.570889 0.591804
vt 0.544109 0.494792
vt 0.567579 0.494792
vt 0.545303 0.432217
vt 0.569408 0.432217
vt 0.403749 0.444385
vt 0.392739 0.438028
vt 0.740022 0.750697
vt 0.632081 0.709845
vt 0.303368 0.465329
vt 0.276615 0.460611
vt 0.273998 0.460150
vt 0.330969 0.470195
vt 0.331028 0.529794
vt 0.307972 0.533860
vt 0.427456 0.810178
vt 0.388857 0.810178
vt 0.381093 0.827021
vt 0.422389 0.827021
vt 0.516069 0.591804
vt 0.515508 0.554410
vt 0.515319 0.494792
vt 0.515733 0.432217
vt 0.390546 0.480661
vt 0.378025 0.478454
vt 0.751982 0.680957
vt 0.636449 0.684807
vt 0.303368 0.534672
vt 0.276615 0.539389
vt 0.273998 0.539850
vt 0.330969 0.529805
vt 0.351409 0.585789
vt 0.331133 0.597495
vt 0.414330 0.779882
vt 0.368745 0.779882
vt 0.364391 0.788739
vt 0.411488 0.788739
vt 0.483931 0.591804
vt 0.484492 0.554410
vt 0.484681 0.494792
vt 0.484266 0.432217
vt 0.390546 0.519266
vt 0.378025 0.521473
vt 0.741337 0.614346
vt 0.633542 0.660474
vt 0.327084 0.599833
vt 0.303559 0.613416
vt 0.301258 0.614744
vt 0.351357 0.585819
vt 0.389712 0.631437
vt 0.374662 0.649372
vt 0.474806 0.810178
vt 0.473046 0.827021
vt 0.453730 0.591804
vt 0.455347 0.554410
vt 0.455890 0.494792
vt 0.454697 0.432217
vt 0.403749 0.555542
vt 0.392739 0.561898
vt 0.711364 0.562124
vt 0.623940 0.640233
vt 0.371657 0.652953
vt 0.354196 0.673763
vt 0.352488 0.675798
vt 0.389673 0.631483
vt 0.441317 0.661231
vt 0.433309 0.683231
vt 0.470247 0.779882
vt 0.469260 0.788739
vt 0.429111 0.591804
vt 0.431587 0.554410
vt 0.432420 0.494792
vt 0.430592 0.432217
vt 0.428563 0.585114
vt 0.420391 0.594853
vt 0.668866 0.530872
vt 0.609217 0.626631
vt 0.431710 0.687624
vt 0.422419 0.713152
vt 0.421511 0.715648
vt 0.441296 0.661287
vt 0.500000 0.671578
vt 0.500000 0.694991
vt 0.525194 0.810178
vt 0.526954 0.827021
vt 0.461996 0.604416
vt 0.457647 0.616363
vt 0.621417 0.522013
vt 0.591532 0.621035
vt 0.500000 0.699666
vt 0.500000 0.726831
vt 0.500000 0.729488
vt 0.500000 0.671638
vt 0.558683 0.661231
vt 0.566691 0.683231
vt 0.529753 0.779882
vt 0.530740 0.788739
vt 0.500000 0.591804
vt 0.500013 0.611120
vt 0.500013 0.623833
vt 0.575399 0.533317
vt 0.573185 0.623635
vt 0.568290 0.687624
vt 0.577581 0.713152
vt 0.578489 0.715648
vt 0.558704 0.661287
vt 0.610288 0.631437
vt 0.625338 0.649372
vt 0.572544 0.810178
vt 0.577611 0.827021
vt 0.531650 0.591804
vt 0.530545 0.554410
vt 0.530173 0.494792
vt 0.530989 0.432217
vt 0.538031 0.604416
vt 0.542379 0.616363
vt 0.535326 0.560818
vt 0.556289 0.633653
vt 0.628343 0.652953
vt 0.645804 0.673763
vt 0.647512 0.675798
vt 0.610327 0.631483
vt 0.648591 0.585789
vt 0.668867 0.597495
vt 0.585670 0.779882
vt 0.588512 0.788739
vt 0.559483 0.591804
vt 0.557405 0.554410
vt 0.556706 0.494792
vt 0.558240 0.432217
vt 0.571463 0.585114
vt 0.579635 0.594853
vt 0.504061 0.600172
vt 0.542576 0.649644
vt 0.672916 0.599833
vt 0.696441 0.613416
vt 0.698742 0.614744
vt 0.648643 0.585819
vt 0.668972 0.529794
vt 0.692028 0.533860
vt 0.611143 0.810178
vt 0.618906 0.827021
vt 0.596278 0.555542
vt 0.607288 0.561898
vt 0.483332 0.647264
vt 0.533337 0.669748
vt 0.696632 0.534672
vt 0.723385 0.539389
vt 0.726002 0.539850
vt 0.669031 0.529805
vt 0.668972 0.470206
vt 0.692028 0.466140
vt 0.631254 0.779882
vt 0.635608 0.788739
vt 0.609481 0.519266
vt 0.622001 0.521473
vt 0.474221 0.698284
vt 0.529417 0.691872
vt 0.696632 0.465329
vt 0.723385 0.460611
vt 0.726002 0.460150
vt 0.669031 0.470195
vt 0.648591 0.414211
vt 0.668867 0.402505
vt 0.609481 0.480661
vt 0.622001 0.478454
vt 0.477440 0.749496
vt 0.531218 0.713796
vt 0.672916 0.400167
vt 0.696441 0.386585
vt 0.698742 0.385256
vt 0.648643 0.414181
vt 0.610288 0.368564
vt 0.625338 0.350629
vt 0.596278 0.444385
vt 0.607288 0.438028
vt 0.493388 0.796897
vt 0.538681 0.733263
vt 0.628343 0.347047
vt 0.645804 0.326237
vt 0.647512 0.324202
vt 0.610327 0.368518
vt 0.558683 0.338769
vt 0.566691 0.316769
vt 0.500000 0.342174
vt 0.500000 0.322976
vt 0.560546 0.333652
vt 0.553980 0.351692
vt 0.571463 0.414813
vt 0.579635 0.405074
vt 0.521919 0.835923
vt 0.551236 0.748083
vt 0.568290 0.312376
vt 0.577581 0.286849
vt 0.578489 0.284352
vt 0.558704 0.338713
vt 0.500000 0.328660
vt 0.500000 0.359164
vt 0.548169 0.367657
vt 0.558602 0.338993
vt 0.500000 0.328422
vt 0.500000 0.344779
vt 0.553089 0.354140
vt 0.538031 0.395511
vt 0.542379 0.383564
vt 0.561828 0.861379
vt 0.567735 0.756312
vt 0.495968 0.636531
vt 0.510711 0.618355
vt 0.441398 0.779882
vt 0.500000 0.779882
vt 0.500000 0.788739
vt 0.439454 0.788739
vt 0.450377 0.810178
vt 0.500000 0.810178
vt 0.500000 0.827021
vt 0.446911 0.827021
vt 0.500000 0.997035
vt 0.500000 0.950825
vt 0.578489 0.950825
vt 0.577581 0.997035
vt 0.647512 0.950825
vt 0.645804 0.997035
vt 0.673763 0.997035
vt 0.675798 0.950825
vt 0.614744 0.950825
vt 0.613415 0.997035
vt 0.539850 0.950825
vt 0.539389 0.997035
vt 0.460150 0.950825
vt 0.460611 0.997035
vt 0.385256 0.950825
vt 0.386584 0.997035
vt 0.324202 0.950825
vt 0.326237 0.997035
vt 0.421511 0.950825
vt 0.422419 0.997035
vt 0.352488 0.950825
vt 0.354196 0.997035
vt 0.570469 0.306388
vt 0.632438 0.342166
vt 0.500000 0.937351
vt 0.500000 0.917324
vt 0.574269 0.917324
vt 0.570469 0.937351
vt 0.500000 0.894550
vt 0.575390 0.894550
vt 0.500000 0.874999
vt 0.574269 0.874999
vt 0.500000 0.282853
vt 0.500000 0.305009
vt 0.574269 0.295948
vt 0.678434 0.396981
vt 0.406740 0.810178
vt 0.400226 0.827021
vt 0.639580 0.917324
vt 0.632438 0.937351
vt 0.641688 0.894550
vt 0.639580 0.874999
vt 0.639580 0.333655
vt 0.702907 0.464222
vt 0.389864 0.779882
vt 0.386211 0.788739
vt 0.657834 0.937351
vt 0.666345 0.917324
vt 0.608574 0.917324
vt 0.603019 0.937351
vt 0.668857 0.894550
vt 0.610213 0.894550
vt 0.666345 0.874999
vt 0.608574 0.874999
vt 0.688055 0.391426
vt 0.702907 0.535778
vt 0.537707 0.917324
vt 0.535778 0.937351
vt 0.538277 0.894550
vt 0.537707 0.874999
vt 0.713848 0.462293
vt 0.678434 0.603019
vt 0.462293 0.917324
vt 0.464222 0.937351
vt 0.461723 0.894550
vt 0.462293 0.874999
vt 0.713848 0.537707
vt 0.632438 0.657834
vt 0.391426 0.917324
vt 0.396981 0.937351
vt 0.389786 0.894550
vt 0.391426 0.874999
vt 0.688055 0.608574
vt 0.570469 0.693612
vt 0.333655 0.917324
vt 0.342166 0.937351
vt 0.331143 0.894550
vt 0.333655 0.874999
vt 0.639580 0.666345
vt 0.500000 0.706037
vt 0.574269 0.704052
vt 0.429531 0.693612
vt 0.500000 0.917324
vt 0.500000 0.937351
vt 0.500000 0.894550
vt 0.500000 0.874999
vt 0.500000 0.717148
vt 0.367562 0.657834
vt 0.425731 0.917324
vt 0.429531 0.937351
vt 0.424610 0.894550
vt 0.425731 0.874999
vt 0.425731 0.704052
vt 0.321566 0.603019
vt 0.360420 0.917324
vt 0.367562 0.937351
vt 0.358312 0.894550
vt 0.360420 0.874999
vt 0.360420 0.666345
vt 0.297093 0.535778
vt 0.311945 0.608574
vt 0.297093 0.464222
vt 0.286151 0.537707
vt 0.321566 0.396981
vt 0.286151 0.462293
vt 0.367562 0.342166
vt 0.311945 0.391426
vt 0.429531 0.306388
vt 0.500000 0.810178
vt 0.500000 0.827021
vt 0.360420 0.333655
vt 0.500000 0.293963
vt 0.425731 0.295948
vt 0.500000 0.356771
vt 0.500000 0.346842
vt 0.552383 0.359936
vt 0.548987 0.365409
vt 0.500000 0.741086
vt 0.500000 0.703986
vt 0.541136 0.704639
vt 0.550488 0.740506
vt 0.598448 0.382674
vt 0.592066 0.390280
vt 0.579940 0.703986
vt 0.598121 0.741086
vt 0.632639 0.423421
vt 0.624040 0.428385
vt 0.616936 0.741086
vt 0.595269 0.703986
vt 0.562182 0.703986
vt 0.576325 0.741086
vt 0.650832 0.473404
vt 0.641053 0.475129
vt 0.521596 0.703986
vt 0.526507 0.741086
vt 0.650832 0.526596
vt 0.641053 0.524872
vt 0.478404 0.703986
vt 0.473493 0.741086
vt 0.632639 0.576579
vt 0.624040 0.571615
vt 0.437818 0.703986
vt 0.423675 0.741086
vt 0.598448 0.617326
vt 0.592066 0.609720
vt 0.404731 0.703986
vt 0.383064 0.741086
vt 0.552383 0.643922
vt 0.548987 0.634592
vt 0.542535 0.703986
vt 0.552209 0.741086
vt 0.500000 0.653158
vt 0.500000 0.643230
vt 0.500000 0.741086
vt 0.447617 0.643922
vt 0.451013 0.634592
vt 0.457465 0.703986
vt 0.447791 0.741086
vt 0.401552 0.617326
vt 0.407934 0.609720
vt 0.420060 0.703986
vt 0.401879 0.741086
vt 0.367361 0.576579
vt 0.375960 0.571615
vt 0.349168 0.526596
vt 0.358947 0.524872
vt 0.349168 0.473404
vt 0.358947 0.475129
vt 0.367361 0.423421
vt 0.375960 0.428385
vt 0.401552 0.382674
vt 0.407934 0.390280
vt 0.447617 0.356078
vt 0.451013 0.365409
vt 0.446911 0.354140
vt 0.599774 0.381094
vt 0.634426 0.422389
vt 0.652863 0.473046
vt 0.652863 0.526954
vt 0.634426 0.577611
vt 0.599774 0.618907
vt 0.553089 0.645861
vt 0.500000 0.655222
vt 0.446911 0.645861
vt 0.400226 0.618907
vt 0.365574 0.577611
vt 0.347137 0.526954
vt 0.347137 0.473046
vt 0.365574 0.422389
vt 0.400226 0.381094
vt 0.553980 0.648308
vt 0.500000 0.657826
vt 0.500000 0.645087
vt 0.549623 0.636338
vt 0.446020 0.648308
vt 0.450377 0.636338
vt 0.398551 0.620902
vt 0.406740 0.611143
vt 0.363319 0.578913
vt 0.374351 0.572544
vt 0.344572 0.527406
vt 0.357117 0.525194
vt 0.344572 0.472594
vt 0.357117 0.474806
vt 0.363319 0.421087
vt 0.374351 0.427456
vt 0.398551 0.379098
vt 0.406740 0.388857
vt 0.446020 0.351692
vt 0.450377 0.363663
vt 0.500000 0.354913
vt 0.601449 0.379098
vt 0.593260 0.388857
vt 0.549623 0.363663
vt 0.636681 0.421087
vt 0.625649 0.427456
vt 0.655428 0.472594
vt 0.642883 0.474806
vt 0.655428 0.527406
vt 0.642883 0.525194
vt 0.636681 0.578913
vt 0.625649 0.572544
vt 0.601449 0.620902
vt 0.593260 0.611143
vt 0.500000 0.411059
vt 0.533189 0.411059
vt 0.500000 0.391524
vt 0.534881 0.391524
vt 0.500000 0.360701
vt 0.500000 0.349505
vt 0.551472 0.358581
vt 0.547643 0.369102
vt 0.562376 0.411059
vt 0.565556 0.391524
vt 0.596736 0.384714
vt 0.589540 0.393291
vt 0.574336 0.411059
vt 0.548520 0.411059
vt 0.578126 0.391524
vt 0.550993 0.391524
vt 0.630333 0.424752
vt 0.620636 0.430351
vt 0.516851 0.411059
vt 0.517710 0.391524
vt 0.648209 0.473867
vt 0.637183 0.475811
vt 0.483149 0.411059
vt 0.482290 0.391524
vt 0.648209 0.526133
vt 0.637183 0.524189
vt 0.451480 0.411059
vt 0.449007 0.391524
vt 0.630333 0.575248
vt 0.620636 0.569650
vt 0.425663 0.411059
vt 0.421874 0.391524
vt 0.596736 0.615286
vt 0.589540 0.606709
vt 0.551472 0.641419
vt 0.547643 0.630898
vt 0.500000 0.391524
vt 0.500000 0.650495
vt 0.500000 0.639299
vt 0.466811 0.411059
vt 0.465119 0.391524
vt 0.448528 0.641419
vt 0.452357 0.630898
vt 0.437624 0.411059
vt 0.434444 0.391524
vt 0.403264 0.615286
vt 0.410460 0.606709
vt 0.369667 0.575248
vt 0.379364 0.569650
vt 0.351791 0.526133
vt 0.362817 0.524189
vt 0.351791 0.473867
vt 0.362817 0.475811
vt 0.369667 0.424752
vt 0.379364 0.430351
vt 0.403264 0.384714
vt 0.410460 0.393291
vt 0.448528 0.358581
vt 0.452357 0.369102
vt 0.500013 0.375989
vt 0.500013 0.391506
vt 0.537108 0.398047
vt 0.542415 0.383465
vt 0.569728 0.416881
vt 0.579703 0.404993
vt 0.593940 0.445735
vt 0.607379 0.437976
vt 0.606823 0.481130
vt 0.622105 0.478436
vt 0.606823 0.518797
vt 0.622105 0.521491
vt 0.593940 0.554192
vt 0.607379 0.561951
vt 0.569728 0.583046
vt 0.579703 0.594934
vt 0.537108 0.601880
vt 0.542415 0.616462
vt 0.500013 0.608420
vt 0.500013 0.623938
vt 0.462919 0.601880
vt 0.457612 0.616462
vt 0.430299 0.583046
vt 0.420324 0.594934
vt 0.406087 0.554192
vt 0.392648 0.561951
vt 0.393204 0.518797
vt 0.377922 0.521491
vt 0.393204 0.481130
vt 0.377922 0.478436
vt 0.406087 0.445735
vt 0.392648 0.437976
vt 0.430299 0.416881
vt 0.420324 0.404993
vt 0.462919 0.398047
vt 0.457612 0.383465
vt 0.446503 0.103350
vt 0.500000 0.103350
vt 0.500013 0.262595
vt 0.460659 0.262595
vt 0.500000 0.081316
vt 0.500000 0.074341
vt 0.556831 0.074341
vt 0.556419 0.081316
vt 0.500000 0.666592
vt 0.535299 0.666592
vt 0.500000 0.629198
vt 0.533214 0.629198
vt 0.566341 0.666592
vt 0.562422 0.629198
vt 0.579062 0.666592
vt 0.551604 0.666592
vt 0.574392 0.629198
vt 0.548556 0.629198
vt 0.517922 0.666592
vt 0.516863 0.629198
vt 0.482078 0.666592
vt 0.483137 0.629198
vt 0.448396 0.666592
vt 0.451444 0.629198
vt 0.420938 0.666592
vt 0.425608 0.629198
vt 0.500000 0.666592
vt 0.500000 0.629198
vt 0.464701 0.666592
vt 0.466786 0.629198
vt 0.433659 0.666592
vt 0.437578 0.629198
vt 0.579183 0.728613
vt 0.561654 0.747106
vt 0.503915 0.747030
vt 0.490770 0.730379
vt 0.567478 0.609312
vt 0.583268 0.624380
vt 0.485940 0.659184
vt 0.591413 0.703320
vt 0.521420 0.756310
vt 0.548500 0.603407
vt 0.481511 0.684002
vt 0.596424 0.674775
vt 0.541475 0.756566
vt 0.528829 0.606751
vt 0.483125 0.708559
vt 0.593498 0.647158
vt 0.443581 0.081316
vt 0.393967 0.081316
vt 0.399459 0.103350
vt 0.582479 0.081316
vt 0.626365 0.081316
vt 0.619820 0.103350
vt 0.578207 0.103350
vt 0.528644 0.081316
vt 0.527161 0.103350
vt 0.471355 0.081316
vt 0.472839 0.103350
vt 0.417521 0.081316
vt 0.421793 0.103350
vt 0.373635 0.081316
vt 0.380179 0.103350
vt 0.553497 0.103350
vt 0.606033 0.081316
vt 0.600541 0.103350
vt 0.615571 0.880459
vt 0.563964 0.872799
vt 0.521585 0.845221
vt 0.491465 0.803571
vt 0.474715 0.753369
vt 0.471374 0.699354
vt 0.480975 0.645614
vt 0.502787 0.595946
vt 0.535759 0.554256
vt 0.578195 0.524842
vt 0.627214 0.512361
vt 0.678123 0.521217
vt 0.724089 0.554084
vt 0.756799 0.609724
vt 0.768628 0.681159
vt 0.755811 0.756082
vt 0.720620 0.820450
vt 0.670638 0.863438
vt 0.606807 0.074341
vt 0.627287 0.074341
vt 0.583081 0.074341
vt 0.528854 0.074341
vt 0.478498 0.700111
vt 0.481901 0.753025
vt 0.487895 0.647458
vt 0.416919 0.074341
vt 0.372712 0.074341
vt 0.583620 0.529539
vt 0.541848 0.558126
vt 0.631791 0.517610
vt 0.681708 0.526556
vt 0.726671 0.558859
vt 0.471146 0.074341
vt 0.393193 0.074341
vt 0.443169 0.074341
vt 0.500000 0.375826
vt 0.500000 0.361212
vt 0.551664 0.361212
vt 0.551472 0.375826
vt 0.500000 0.353569
vt 0.500000 0.390474
vt 0.537460 0.397080
vt 0.550082 0.362400
vt 0.500000 0.338474
vt 0.500000 0.331983
vt 0.551572 0.331984
vt 0.550494 0.338474
vt 0.500000 0.353728
vt 0.500000 0.383125
vt 0.539974 0.390173
vt 0.550028 0.362549
vt 0.597097 0.361212
vt 0.596736 0.375826
vt 0.570402 0.416099
vt 0.594124 0.387828
vt 0.596923 0.331984
vt 0.594898 0.338474
vt 0.575126 0.410468
vt 0.594022 0.387949
vt 0.615286 0.375826
vt 0.615715 0.361212
vt 0.575528 0.361212
vt 0.575248 0.375826
vt 0.594852 0.445237
vt 0.626813 0.426785
vt 0.613095 0.338474
vt 0.615509 0.331984
vt 0.575393 0.331984
vt 0.573817 0.338474
vt 0.601217 0.441562
vt 0.626675 0.426864
vt 0.526230 0.361212
vt 0.526133 0.375826
vt 0.607862 0.480981
vt 0.644206 0.474573
vt 0.526184 0.331984
vt 0.525636 0.338474
vt 0.615100 0.479705
vt 0.644050 0.474600
vt 0.473769 0.361212
vt 0.473867 0.375826
vt 0.607862 0.519019
vt 0.644206 0.525428
vt 0.473816 0.331984
vt 0.474363 0.338474
vt 0.615100 0.520295
vt 0.644050 0.525400
vt 0.424472 0.361212
vt 0.424752 0.375826
vt 0.594852 0.554763
vt 0.626813 0.573215
vt 0.424607 0.331984
vt 0.426183 0.338474
vt 0.601217 0.558438
vt 0.626675 0.573136
vt 0.384284 0.361212
vt 0.384714 0.375826
vt 0.570402 0.583902
vt 0.594124 0.612173
vt 0.384491 0.331984
vt 0.386905 0.338474
vt 0.575126 0.589532
vt 0.594022 0.612051
vt 0.537460 0.602921
vt 0.550082 0.637600
vt 0.539974 0.609827
vt 0.550028 0.637451
vt 0.500000 0.375826
vt 0.500000 0.609526
vt 0.500000 0.646431
vt 0.500000 0.331984
vt 0.500000 0.338474
vt 0.500000 0.616876
vt 0.500000 0.646272
vt 0.448336 0.361212
vt 0.448528 0.375826
vt 0.462540 0.602921
vt 0.449918 0.637600
vt 0.448428 0.331984
vt 0.449506 0.338474
vt 0.460026 0.609827
vt 0.449972 0.637451
vt 0.402903 0.361212
vt 0.403264 0.375826
vt 0.429598 0.583902
vt 0.405876 0.612173
vt 0.403077 0.331984
vt 0.405102 0.338474
vt 0.424874 0.589532
vt 0.405978 0.612051
vt 0.405148 0.554763
vt 0.373187 0.573215
vt 0.398783 0.558438
vt 0.373325 0.573136
vt 0.392138 0.519019
vt 0.355794 0.525428
vt 0.384900 0.520295
vt 0.355950 0.525400
vt 0.392138 0.480981
vt 0.355794 0.474573
vt 0.384900 0.479705
vt 0.355950 0.474600
vt 0.405148 0.445237
vt 0.373187 0.426785
vt 0.398783 0.441562
vt 0.373325 0.426864
vt 0.429598 0.416099
vt 0.405876 0.387828
vt 0.424874 0.410468
vt 0.405978 0.387949
vt 0.462540 0.397080
vt 0.449918 0.362400
vt 0.460026 0.390173
vt 0.449972 0.362549
vt 0.450743 0.364668
vt 0.449506 0.361269
vt 0.500000 0.352365
vt 0.500000 0.355982
vt 0.407427 0.389676
vt 0.405102 0.386905
vt 0.375277 0.427991
vt 0.372145 0.426183
vt 0.358170 0.474992
vt 0.354608 0.474364
vt 0.358170 0.525009
vt 0.354608 0.525637
vt 0.375277 0.572009
vt 0.372145 0.573817
vt 0.407427 0.610324
vt 0.405102 0.613095
vt 0.450743 0.635333
vt 0.449506 0.638731
vt 0.500000 0.644018
vt 0.500000 0.647635
vt 0.549257 0.635333
vt 0.550494 0.638731
vt 0.592573 0.610324
vt 0.594898 0.613095
vt 0.624723 0.572009
vt 0.627855 0.573817
vt 0.641830 0.525009
vt 0.645392 0.525637
vt 0.641830 0.474992
vt 0.645392 0.474364
vt 0.624723 0.427991
vt 0.627855 0.426183
vt 0.592573 0.389676
vt 0.594898 0.386905
vt 0.549257 0.364668
vt 0.550494 0.361269
vt 0.457647 0.304925
vt 0.457612 0.300611
vt 0.500013 0.300611
vt 0.500013 0.304925
vt 0.420391 0.304925
vt 0.420324 0.300611
vt 0.561972 0.304925
vt 0.562024 0.300611
vt 0.595007 0.300611
vt 0.594926 0.304925
vt 0.521546 0.304925
vt 0.521564 0.300611
vt 0.478527 0.304925
vt 0.478509 0.300611
vt 0.438102 0.304925
vt 0.438049 0.300611
vt 0.405147 0.304925
vt 0.405066 0.300611
vt 0.500013 0.304925
vt 0.500013 0.300611
vt 0.542379 0.304925
vt 0.542415 0.300611
vt 0.579635 0.304925
vt 0.579703 0.300611
vt 0.500000 0.317369
vt 0.500013 0.309274
vt 0.538031 0.309274
vt 0.539974 0.317369
vt 0.571463 0.309274
vt 0.575126 0.317369
vt 0.589532 0.317369
vt 0.585187 0.309274
vt 0.555615 0.309274
vt 0.558438 0.317369
vt 0.519339 0.309274
vt 0.520295 0.317369
vt 0.480734 0.309274
vt 0.479705 0.317369
vt 0.444458 0.309274
vt 0.441562 0.317369
vt 0.414886 0.309274
vt 0.410468 0.317369
vt 0.500000 0.317369
vt 0.461996 0.309274
vt 0.460026 0.317369
vt 0.428563 0.309274
vt 0.424874 0.317369
vt 0.449972 0.326616
vt 0.500000 0.326616
vt 0.405978 0.326616
vt 0.369415 0.424607
vt 0.403077 0.384491
vt 0.525400 0.326616
vt 0.573136 0.326616
vt 0.474600 0.326616
vt 0.426864 0.326616
vt 0.403077 0.615509
vt 0.369415 0.575393
vt 0.500000 0.326616
vt 0.550028 0.326616
vt 0.594022 0.326616
vt 0.630585 0.575393
vt 0.596923 0.615509
vt 0.596923 0.384491
vt 0.630585 0.424607
vt 0.465119 0.404164
vt 0.500000 0.398014
vt 0.434444 0.421874
vt 0.411677 0.449007
vt 0.399563 0.482290
vt 0.399563 0.517710
vt 0.411677 0.550993
vt 0.434444 0.578126
vt 0.465119 0.595836
vt 0.500000 0.601987
vt 0.534881 0.595836
vt 0.565556 0.578126
vt 0.588323 0.550993
vt 0.600437 0.517710
vt 0.600437 0.482290
vt 0.588323 0.449007
vt 0.565556 0.421874
vt 0.534881 0.404164
vt 0.449918 0.355940
vt 0.500000 0.355940
vt 0.405876 0.355940
vt 0.369182 0.424472
vt 0.402903 0.384285
vt 0.525427 0.355940
vt 0.573215 0.355940
vt 0.474572 0.355940
vt 0.426785 0.355940
vt 0.402903 0.615716
vt 0.369182 0.575528
vt 0.550082 0.355940
vt 0.594124 0.355940
vt 0.630818 0.575528
vt 0.597097 0.615716
vt 0.597097 0.384285
vt 0.630818 0.424472
vt 0.461400 0.393874
vt 0.459853 0.389623
vt 0.500013 0.382542
vt 0.500013 0.387066
vt 0.427444 0.413479
vt 0.424536 0.410013
vt 0.402241 0.443515
vt 0.398323 0.441253
vt 0.388831 0.480359
vt 0.384376 0.479573
vt 0.388831 0.519568
vt 0.384376 0.520353
vt 0.402241 0.556412
vt 0.398323 0.558674
vt 0.427444 0.586448
vt 0.424536 0.589914
vt 0.461400 0.606053
vt 0.459853 0.610304
vt 0.500013 0.612861
vt 0.500013 0.617385
vt 0.538627 0.606053
vt 0.540174 0.610304
vt 0.572583 0.586448
vt 0.575490 0.589914
vt 0.597786 0.556412
vt 0.601703 0.558674
vt 0.611196 0.519568
vt 0.615651 0.520353
vt 0.611196 0.480359
vt 0.615651 0.479573
vt 0.597786 0.443515
vt 0.601703 0.441253
vt 0.572583 0.413479
vt 0.575490 0.410013
vt 0.538627 0.393874
vt 0.540174 0.389623
vt 0.426052 0.262595
vt 0.588180 0.262595
vt 0.557568 0.262595
vt 0.520017 0.262595
vt 0.480056 0.262595
vt 0.442505 0.262595
vt 0.411893 0.262595
vt 0.539367 0.262595
vt 0.573975 0.262595
vt 0.500013 0.381778
vt 0.500013 0.388261
vt 0.538218 0.394998
vt 0.540435 0.388906
vt 0.571814 0.414395
vt 0.575981 0.409428
vt 0.596750 0.444112
vt 0.602365 0.440871
vt 0.610019 0.480567
vt 0.616403 0.479441
vt 0.610019 0.519360
vt 0.616403 0.520486
vt 0.596750 0.555815
vt 0.602365 0.559056
vt 0.571814 0.585532
vt 0.575981 0.590499
vt 0.644553 0.661297
vt 0.646292 0.663554
vt 0.664576 0.644353
vt 0.663738 0.641084
vt 0.687563 0.632376
vt 0.687900 0.628407
vt 0.713010 0.629420
vt 0.714717 0.625185
vt 0.738057 0.636533
vt 0.741189 0.632568
vt 0.759431 0.653597
vt 0.763849 0.650492
vt 0.397662 0.559056
vt 0.403276 0.555815
vt 0.390008 0.519360
vt 0.383624 0.520486
vt 0.390008 0.480567
vt 0.383624 0.479441
vt 0.403276 0.444112
vt 0.397662 0.440871
vt 0.428212 0.414395
vt 0.424045 0.409428
vt 0.461809 0.394998
vt 0.459592 0.388906
vt 0.500013 0.397381
vt 0.535099 0.403567
vt 0.500013 0.287285
vt 0.500013 0.283044
vt 0.536039 0.283044
vt 0.535099 0.287285
vt 0.565952 0.421381
vt 0.567720 0.283044
vt 0.565952 0.287285
vt 0.588853 0.448672
vt 0.578619 0.287285
vt 0.580726 0.283044
vt 0.552703 0.283044
vt 0.551328 0.287285
vt 0.601038 0.482150
vt 0.518327 0.283044
vt 0.517850 0.287285
vt 0.601038 0.517777
vt 0.481746 0.283044
vt 0.482223 0.287285
vt 0.588853 0.551255
vt 0.447370 0.283044
vt 0.448745 0.287285
vt 0.565952 0.578546
vt 0.419347 0.283044
vt 0.421454 0.287285
vt 0.535099 0.596360
vt 0.500013 0.602546
vt 0.500013 0.283044
vt 0.464928 0.596360
vt 0.463987 0.283044
vt 0.464928 0.287285
vt 0.434074 0.578546
vt 0.432306 0.283044
vt 0.434074 0.287285
vt 0.411174 0.551255
vt 0.398989 0.517777
vt 0.398989 0.482150
vt 0.411174 0.448672
vt 0.434074 0.421381
vt 0.464928 0.403567
vt 0.459853 0.278253
vt 0.459016 0.273041
vt 0.500013 0.273041
vt 0.500013 0.278253
vt 0.424536 0.278253
vt 0.422963 0.273041
vt 0.558747 0.278253
vt 0.559971 0.273041
vt 0.591862 0.273041
vt 0.589987 0.278253
vt 0.520427 0.278253
vt 0.520852 0.273041
vt 0.479647 0.278253
vt 0.479221 0.273041
vt 0.441326 0.278253
vt 0.440102 0.273041
vt 0.410086 0.278253
vt 0.408211 0.273041
vt 0.500013 0.273041
vt 0.540174 0.278253
vt 0.541011 0.273041
vt 0.575490 0.278253
vt 0.577064 0.273041
vt 0.500013 0.394630
vt 0.536039 0.400983
vt 0.567720 0.419274
vt 0.591235 0.447297
vt 0.603746 0.481673
vt 0.603746 0.518254
vt 0.591235 0.552630
vt 0.567720 0.580653
vt 0.536039 0.598944
vt 0.500013 0.605297
vt 0.463987 0.598944
vt 0.432306 0.580653
vt 0.408792 0.552630
vt 0.396280 0.518254
vt 0.396280 0.481673
vt 0.408792 0.447297
vt 0.432306 0.419274
vt 0.463987 0.400983
vt 0.459592 0.270436
vt 0.500013 0.270436
vt 0.424045 0.270436
vt 0.559129 0.270436
vt 0.590572 0.270436
vt 0.520559 0.270436
vt 0.479514 0.270436
vt 0.440944 0.270436
vt 0.409501 0.270436
vt 0.500013 0.270436
vt 0.540435 0.270436
vt 0.575981 0.270436
vt 0.500013 0.393009
vt 0.536594 0.399459
vt 0.568762 0.418032
vt 0.592639 0.446486
vt 0.605343 0.481391
vt 0.605343 0.518536
vt 0.592639 0.553441
vt 0.568762 0.581895
vt 0.536594 0.600468
vt 0.538218 0.604929
vt 0.500013 0.606918
vt 0.500013 0.611666
vt 0.463433 0.600468
vt 0.461809 0.604929
vt 0.431264 0.581895
vt 0.428212 0.585532
vt 0.407388 0.553441
vt 0.394684 0.518536
vt 0.394684 0.481391
vt 0.407388 0.446486
vt 0.431264 0.418032
vt 0.463433 0.399459
vt 0.500013 0.384900
vt 0.539367 0.391839
vt 0.573975 0.411820
vt 0.599661 0.442432
vt 0.613329 0.479983
vt 0.613329 0.519944
vt 0.599661 0.557495
vt 0.573975 0.588107
vt 0.539367 0.608088
vt 0.500013 0.615027
vt 0.460659 0.608088
vt 0.426052 0.588107
vt 0.400365 0.557495
vt 0.386698 0.519944
vt 0.386698 0.479983
vt 0.400365 0.442432
vt 0.426052 0.411820
vt 0.460659 0.391839
vt 0.500000 0.369541
vt 0.544620 0.377408
vt 0.583858 0.400062
vt 0.612981 0.434770
vt 0.628478 0.477346
vt 0.628478 0.522654
vt 0.612981 0.565230
vt 0.583858 0.599938
vt 0.544620 0.622592
vt 0.500000 0.630460
vt 0.455380 0.622592
vt 0.416142 0.599938
vt 0.387019 0.565230
vt 0.371522 0.522654
vt 0.371522 0.477346
vt 0.387019 0.434770
vt 0.416142 0.400062
vt 0.455380 0.377408
vt 0.447617 0.748230
vt 0.500000 0.748230
vt 0.401552 0.748230
vt 0.576579 0.748230
vt 0.617326 0.748230
vt 0.526596 0.748230
vt 0.473404 0.748230
vt 0.423421 0.748230
vt 0.382674 0.748230
vt 0.500000 0.748230
vt 0.552383 0.748230
vt 0.598448 0.748230
vt 0.451831 0.763122
vt 0.451013 0.755676
vt 0.500000 0.755676
vt 0.500000 0.763122
vt 0.409472 0.763122
vt 0.407934 0.755676
vt 0.570418 0.763122
vt 0.571615 0.755676
vt 0.609720 0.755676
vt 0.607887 0.763122
vt 0.524456 0.763122
vt 0.524871 0.755676
vt 0.475544 0.763122
vt 0.475128 0.755676
vt 0.429582 0.763122
vt 0.428385 0.755676
vt 0.392113 0.763122
vt 0.390280 0.755676
vt 0.500000 0.763122
vt 0.500000 0.755676
vt 0.548169 0.763122
vt 0.548987 0.755676
vt 0.590528 0.763122
vt 0.592066 0.755676
vt 0.500000 0.640837
vt 0.451831 0.632343
vt 0.441398 0.661008
vt 0.500000 0.671341
vt 0.409472 0.607887
vt 0.389864 0.631255
vt 0.378032 0.570418
vt 0.351615 0.585670
vt 0.361303 0.524456
vt 0.331262 0.529753
vt 0.361303 0.475544
vt 0.331262 0.470247
vt 0.378032 0.429582
vt 0.351615 0.414330
vt 0.409472 0.392113
vt 0.389864 0.368746
vt 0.451831 0.367657
vt 0.441398 0.338993
vt 0.590528 0.392113
vt 0.610136 0.368746
vt 0.621968 0.429582
vt 0.648385 0.414330
vt 0.638697 0.475544
vt 0.668738 0.470247
vt 0.638697 0.524456
vt 0.668738 0.529753
vt 0.621968 0.570418
vt 0.648385 0.585670
vt 0.590528 0.607887
vt 0.610136 0.631255
vt 0.548169 0.632343
vt 0.558602 0.661008
vt 0.613789 0.635609
vt 0.560546 0.666349
vt 0.653308 0.588512
vt 0.674335 0.530740
vt 0.674335 0.469260
vt 0.653308 0.411488
vt 0.613789 0.364392
vt 0.439454 0.333652
vt 0.386211 0.364392
vt 0.346692 0.411488
vt 0.325665 0.469260
vt 0.325665 0.530740
vt 0.346692 0.588512
vt 0.386211 0.635609
vt 0.439454 0.666349
vt 0.500000 0.677025
vt 0.503363 0.514084
vt 0.503363 0.449462
vt 0.461406 0.449462
vt 0.461406 0.514084
vt 0.503363 0.431308
vt 0.503363 0.372140
vt 0.461406 0.372140
vt 0.461406 0.431308
vt 0.503363 0.397179
vt 0.503363 0.448203
vt 0.461406 0.448203
vt 0.461406 0.397179
vt 0.503363 0.487958
vt 0.503363 0.562694
vt 0.461406 0.562694
vt 0.461406 0.487958
vt 0.503363 0.489606
vt 0.461406 0.489606
vt 0.503363 0.558984
vt 0.503363 0.505272
vt 0.461406 0.505272
vt 0.461406 0.558984
vt 0.503363 0.449462
vt 0.461406 0.449462
vt 0.503363 0.432147
vt 0.461406 0.432147
vt 0.503363 0.504853
vt 0.461406 0.504853
vt 0.503363 0.439760
vt 0.461406 0.439760
vt 0.503363 0.448203
vt 0.461406 0.448203
vt 0.449427 0.487958
vt 0.440615 0.562694
vt 0.449847 0.432147
vt 0.506496 0.372140
vt 0.449847 0.372140
vt 0.506496 0.431308
vt 0.557520 0.489606
vt 0.557520 0.431308
vt 0.395715 0.432147
vt 0.395715 0.487958
s 1
usemtl Material_005
f 1/1/1 2/2/1 3/3/1
f 4/4/2 5/5/3 6/6/4
f 4/4/2 6/6/4 7/7/5
f 8/8/6 9/9/6 10/10/7
f 8/8/6 10/10/7 11/11/7
f 12/12/8 13/13/9 14/14/10
f 12/12/8 14/14/10 15/15/11
f 16/16/12 17/17/13 18/18/14
f 16/16/12 18/18/14 19/19/15
f 20/20/16 21/21/17 22/22/18
f 20/20/16 22/22/18 23/23/19
f 21/21/17 24/24/20 25/25/21
f 21/21/17 25/25/21 22/22/18
f 24/24/20 26/26/22 27/27/23
f 24/24/20 27/27/23 25/25/21
f 28/28/24 29/29/24 30/30/25
f 28/28/24 30/30/25 31/31/25
f 32/32/26 33/33/27 34/34/28
f 32/32/26 34/34/28 35/35/29
f 36/36/30 37/37/31 5/5/3
f 36/36/30 5/5/3 4/4/2
f 38/38/32 39/39/32 9/9/6
f 38/38/32 9/9/6 8/8/6
f 40/40/33 12/12/8 15/15/11
f 40/40/33 15/15/11 41/41/34
f 42/42/35 43/43/36 44/44/37
f 42/42/35 44/44/37 45/45/38
f 46/46/39 47/47/40 21/21/17
f 46/46/39 21/21/17 20/20/16
f 47/47/40 48/48/41 24/24/20
f 47/47/40 24/24/20 21/21/17
f 48/48/41 49/49/42 26/26/22
f 48/48/41 26/26/22 24/24/20
f 50/50/43 51/51/43 29/29/24
f 50/50/43 29/29/24 28/28/24
f 52/52/44 53/53/45 33/33/27
f 52/52/44 33/33/27 32/32/26
f 54/54/46 55/55/47 37/37/31
f 54/54/46 37/37/31 36/36/30
f 56/56/48 57/57/48 39/39/32
f 56/56/48 39/39/32 38/38/32
f 58/58/49 40/40/33 41/41/34
f 58/58/49 41/41/34 59/59/50
f 60/60/51 16/16/12 19/19/15
f 60/60/51 19/19/15 61/61/52
f 62/62/53 63/63/54 64/64/40
f 62/62/53 64/64/40 65/65/39
f 63/63/54 66/66/55 67/67/56
f 63/63/54 67/67/56 64/64/40
f 66/66/55 68/68/57 69/69/58
f 66/66/55 69/69/58 67/67/56
f 70/70/59 71/71/59 51/51/43
f 70/70/59 51/51/43 50/50/43
f 72/72/60 73/73/61 53/53/45
f 72/72/60 53/53/45 52/52/44
f 74/74/62 75/75/63 55/55/47
f 74/74/62 55/55/47 54/54/46
f 76/76/64 77/77/64 57/57/48
f 76/76/64 57/57/48 56/56/48
f 78/78/65 58/58/49 59/59/50
f 78/78/65 59/59/50 79/79/66
f 80/80/67 81/81/68 82/82/69
f 80/80/67 82/82/69 83/83/70
f 84/84/71 85/85/72 63/63/54
f 84/84/71 63/63/54 62/62/53
f 85/85/72 86/86/73 66/66/55
f 85/85/72 66/66/55 63/63/54
f 86/86/73 87/87/74 68/68/57
f 86/86/73 68/68/57 66/66/55
f 88/88/75 89/89/75 71/71/59
f 88/88/75 71/71/59 70/70/59
f 90/90/76 91/91/77 73/73/61
f 90/90/76 73/73/61 72/72/60
f 92/92/78 93/93/79 75/75/63
f 92/92/78 75/75/63 74/74/62
f 94/94/80 95/95/80 77/77/64
f 94/94/80 77/77/64 76/76/64
f 96/96/81 78/78/65 79/79/66
f 96/96/81 79/79/66 97/97/82
f 98/98/83 99/99/51 100/100/84
f 98/98/83 100/100/84 101/101/85
f 102/102/86 103/103/87 85/85/72
f 102/102/86 85/85/72 84/84/71
f 103/103/87 104/104/88 86/86/73
f 103/103/87 86/86/73 85/85/72
f 104/104/88 105/105/89 87/87/74
f 104/104/88 87/87/74 86/86/73
f 106/106/90 107/107/90 89/89/75
f 106/106/90 89/89/75 88/88/75
f 108/108/91 109/109/92 91/91/77
f 108/108/91 91/91/77 90/90/76
f 110/110/93 111/111/94 93/93/79
f 110/110/93 93/93/79 92/92/78
f 112/112/95 113/113/95 95/95/80
f 112/112/95 95/95/80 94/94/80
f 114/114/96 96/96/81 97/97/82
f 114/114/96 97/97/82 115/115/97
f 116/116/98 80/80/67 83/83/70
f 116/116/98 83/83/70 117/117/99
f 118/118/100 119/119/101 103/103/87
f 118/118/100 103/103/87 102/102/86
f 119/119/101 120/120/102 104/104/88
f 119/119/101 104/104/88 103/103/87
f 120/120/102 121/121/103 105/105/89
f 120/120/102 105/105/89 104/104/88
f 122/122/104 123/123/105 107/107/90
f 122/122/104 107/107/90 106/106/90
f 124/124/106 125/125/107 109/109/92
f 124/124/106 109/109/92 108/108/91
f 126/126/108 127/127/109 111/111/94
f 126/126/108 111/111/94 110/110/93
f 128/128/110 129/129/110 113/113/95
f 128/128/110 113/113/95 112/112/95
f 130/130/111 114/114/96 115/115/97
f 130/130/111 115/115/97 131/131/112
f 132/132/113 98/98/83 101/101/85
f 132/132/113 101/101/85 133/133/114
f 134/134/115 135/135/116 119/119/101
f 134/134/115 119/119/101 118/118/100
f 135/135/116 136/136/117 120/120/102
f 135/135/116 120/120/102 119/119/101
f 136/136/117 137/137/118 121/121/103
f 136/136/117 121/121/103 120/120/102
f 138/138/119 139/139/119 123/123/105
f 138/138/119 123/123/105 122/122/104
f 140/140/120 141/141/121 125/125/107
f 140/140/120 125/125/107 124/124/106
f 142/142/122 143/143/123 127/127/109
f 142/142/122 127/127/109 126/126/108
f 144/144/124 145/145/124 129/129/110
f 144/144/124 129/129/110 128/128/110
f 146/146/125 130/130/111 131/131/112
f 146/146/125 131/131/112 147/147/126
f 148/148/127 116/116/98 117/117/99
f 148/148/127 117/117/99 149/149/128
f 150/20/129 151/21/130 152/47/116
f 150/20/129 152/47/116 153/46/115
f 151/21/130 154/24/131 155/48/132
f 151/21/130 155/48/132 152/47/116
f 154/24/131 156/26/133 157/49/118
f 154/24/131 157/49/118 155/48/132
f 158/150/134 159/151/134 139/139/119
f 158/150/134 139/139/119 138/138/119
f 160/152/135 161/153/136 141/141/121
f 160/152/135 141/141/121 140/140/120
f 162/154/137 163/155/138 143/143/123
f 162/154/137 143/143/123 142/142/122
f 164/156/139 165/157/139 145/145/124
f 164/156/139 145/145/124 144/144/124
f 166/158/140 146/146/125 147/147/126
f 166/158/140 147/147/126 167/159/141
f 168/160/142 132/132/113 133/133/114
f 168/160/142 133/133/114 169/161/143
f 170/162/144 171/22/145 151/21/130
f 170/162/144 151/21/130 150/20/129
f 171/22/145 172/25/146 154/24/131
f 171/22/145 154/24/131 151/21/130
f 172/25/146 173/27/147 156/26/133
f 172/25/146 156/26/133 154/24/131
f 174/163/148 175/164/148 159/151/134
f 174/163/148 159/151/134 158/150/134
f 176/165/149 177/166/150 161/153/136
f 176/165/149 161/153/136 160/152/135
f 178/167/151 179/168/152 163/155/138
f 178/167/151 163/155/138 162/154/137
f 180/169/153 181/170/153 165/157/139
f 180/169/153 165/157/139 164/156/139
f 182/171/154 166/158/140 167/159/141
f 182/171/154 167/159/141 183/172/155
f 184/173/156 148/148/127 149/149/128
f 184/173/156 149/149/128 185/174/157
f 186/175/158 187/176/159 171/22/145
f 186/175/158 171/22/145 170/162/144
f 187/176/159 188/177/160 172/25/146
f 187/176/159 172/25/146 171/22/145
f 188/177/160 189/178/161 173/27/147
f 188/177/160 173/27/147 172/25/146
f 190/179/162 191/180/162 175/164/148
f 190/179/162 175/164/148 174/163/148
f 192/181/163 193/182/164 177/166/150
f 192/181/163 177/166/150 176/165/149
f 194/183/165 195/184/166 179/168/152
f 194/183/165 179/168/152 178/167/151
f 196/185/167 197/186/167 181/170/153
f 196/185/167 181/170/153 180/169/153
f 198/187/168 182/171/154 183/172/155
f 198/187/168 183/172/155 199/188/169
f 200/189/170 168/160/142 169/161/143
f 200/189/170 169/161/143 201/190/171
f 202/191/172 203/192/173 187/176/159
f 202/191/172 187/176/159 186/175/158
f 203/192/173 204/193/174 188/177/160
f 203/192/173 188/177/160 187/176/159
f 204/193/174 205/194/175 189/178/161
f 204/193/174 189/178/161 188/177/160
f 206/195/176 207/196/176 191/180/162
f 206/195/176 191/180/162 190/179/162
f 208/197/177 209/198/178 193/182/164
f 208/197/177 193/182/164 192/181/163
f 210/199/179 211/200/180 195/184/166
f 210/199/179 195/184/166 194/183/165
f 212/201/181 213/202/181 197/186/167
f 212/201/181 197/186/167 196/185/167
f 214/203/182 198/187/168 199/188/169
f 214/203/182 199/188/169 215/204/183
f 216/205/184 184/173/156 185/174/157
f 216/205/184 185/174/157 217/206/185
f 218/118/186 219/119/187 220/135/173
f 218/118/186 220/135/173 221/134/172
f 219/119/187 222/120/188 223/136/189
f 219/119/187 223/136/189 220/135/173
f 222/120/188 224/121/190 225/137/191
f 222/120/188 225/137/191 223/136/189
f 226/207/192 227/208/192 207/196/176
f 226/207/192 207/196/176 206/195/176
f 228/209/193 229/210/194 209/198/178
f 228/209/193 209/198/178 208/197/177
f 230/211/195 231/212/196 211/200/180
f 230/211/195 211/200/180 210/199/179
f 232/213/197 233/214/197 213/202/181
f 232/213/197 213/202/181 212/201/181
f 234/215/198 214/203/182 215/204/183
f 234/215/198 215/204/183 235/216/199
f 236/217/200 200/189/170 201/190/171
f 236/217/200 201/190/171 237/218/201
f 238/102/202 239/103/203 219/119/187
f 238/102/202 219/119/187 218/118/186
f 239/103/203 240/104/204 222/120/188
f 239/103/203 222/120/188 219/119/187
f 240/104/204 241/105/205 224/121/190
f 240/104/204 224/121/190 222/120/188
f 242/219/206 243/220/206 227/208/192
f 242/219/206 227/208/192 226/207/192
f 244/221/207 245/222/208 229/210/194
f 244/221/207 229/210/194 228/209/193
f 246/223/209 247/224/210 231/212/196
f 246/223/209 231/212/196 230/211/195
f 248/225/211 249/226/211 233/214/197
f 248/225/211 233/214/197 232/213/197
f 250/227/212 234/215/198 235/216/199
f 250/227/212 235/216/199 251/228/213
f 252/43/214 253/42/215 254/45/185
f 252/43/214 254/45/185 255/44/216
f 256/84/217 257/85/218 239/103/203
f 256/84/217 239/103/203 238/102/202
f 257/85/218 258/86/219 240/104/204
f 257/85/218 240/104/204 239/103/203
f 258/86/219 259/87/220 241/105/205
f 258/86/219 241/105/205 240/104/204
f 260/229/221 261/230/221 243/220/206
f 260/229/221 243/220/206 242/219/206
f 262/231/222 263/232/223 245/222/208
f 262/231/222 245/222/208 244/221/207
f 264/233/224 265/234/225 247/224/210
f 264/233/224 247/224/210 246/223/209
f 266/235/226 267/236/226 249/226/211
f 266/235/226 249/226/211 248/225/211
f 268/237/227 250/227/212 251/228/213
f 268/237/227 251/228/213 269/238/228
f 270/16/229 271/60/230 272/61/231
f 270/16/229 272/61/231 273/19/232
f 274/62/233 275/63/234 257/85/218
f 274/62/233 257/85/218 256/84/217
f 275/63/234 276/66/235 258/86/219
f 275/63/234 258/86/219 257/85/218
f 276/66/235 277/68/236 259/87/220
f 276/66/235 259/87/220 258/86/219
f 278/239/237 279/240/238 261/230/221
f 278/239/237 261/230/221 260/229/221
f 280/241/239 281/242/240 263/232/223
f 280/241/239 263/232/223 262/231/222
f 282/243/241 283/244/242 265/234/225
f 282/243/241 265/234/225 264/233/224
f 284/245/243 285/246/243 267/236/226
f 284/245/243 267/236/226 266/235/226
f 286/247/244 268/237/227 269/238/228
f 286/247/244 269/238/228 287/248/245
f 288/249/246 289/250/247 290/251/248
f 288/249/246 290/251/248 291/252/249
f 292/65/250 293/64/251 275/63/234
f 292/65/250 275/63/234 274/62/233
f 293/64/251 294/67/252 276/66/235
f 293/64/251 276/66/235 275/63/234
f 294/67/252 295/69/253 277/68/236
f 294/67/252 277/68/236 276/66/235
f 296/253/254 297/254/254 279/240/238
f 296/253/254 279/240/238 278/239/237
f 298/255/255 299/256/256 281/242/240
f 298/255/255 281/242/240 280/241/239
f 300/257/257 301/258/258 283/244/242
f 300/257/257 283/244/242 282/243/241
f 302/259/259 303/260/259 285/246/243
f 302/259/259 285/246/243 284/245/243
f 304/261/260 305/262/261 306/263/262
f 304/261/260 306/263/262 307/264/263
f 308/265/264 309/266/265 310/267/216
f 308/265/264 310/267/216 286/247/244
f 311/175/266 312/176/267 313/192/251
f 311/175/266 313/192/251 314/191/250
f 312/176/267 315/177/268 316/193/269
f 312/176/267 316/193/269 313/192/251
f 315/177/268 317/178/270 318/194/271
f 315/177/268 318/194/271 316/193/269
f 319/268/272 320/269/272 297/254/254
f 319/268/272 297/254/254 296/253/254
f 321/270/273 322/271/274 299/256/256
f 321/270/273 299/256/256 298/255/255
f 323/182/275 324/198/276 325/272/276
f 323/182/275 325/272/276 326/273/275
f 7/7/5 6/6/4 301/258/258
f 7/7/5 301/258/258 300/257/257
f 11/11/7 10/10/7 303/260/259
f 11/11/7 303/260/259 302/259/259
f 327/274/277 328/275/278 329/276/279
f 327/274/277 329/276/279 330/277/280
f 331/278/281 332/279/282 333/280/265
f 331/278/281 333/280/265 334/281/283
f 23/23/19 22/22/18 312/176/267
f 23/23/19 312/176/267 311/175/266
f 22/22/18 25/25/21 315/177/268
f 22/22/18 315/177/268 312/176/267
f 25/25/21 27/27/23 317/178/270
f 25/25/21 317/178/270 315/177/268
f 31/31/25 30/30/25 320/269/272
f 31/31/25 320/269/272 319/268/272
f 35/35/29 34/34/28 322/271/274
f 35/35/29 322/271/274 321/270/273
f 335/282/284 336/283/284 337/284/285
f 335/282/284 337/284/285 338/285/285
f 338/285/285 337/284/285 339/286/286
f 338/285/285 339/286/286 340/287/286
f 341/288/287 342/289/287 343/290/288
f 341/288/287 343/290/288 344/291/288
f 344/291/288 343/290/288 345/292/289
f 344/291/288 345/292/289 346/293/289
f 346/293/289 345/292/289 347/294/290
f 346/293/289 347/294/290 348/295/290
f 348/295/290 347/294/290 349/296/291
f 348/295/290 349/296/291 350/297/291
f 350/297/291 349/296/291 351/298/292
f 350/297/291 351/298/292 352/299/292
f 353/287/293 354/286/293 355/284/294
f 353/287/293 355/284/294 356/285/294
f 356/285/294 355/284/294 357/283/295
f 356/285/294 357/283/295 358/282/295
f 358/282/295 357/283/295 359/300/296
f 358/282/295 359/300/296 360/301/296
f 360/301/296 359/300/296 361/302/297
f 360/301/296 361/302/297 362/303/297
f 363/299/298 364/298/298 365/296/299
f 363/299/298 365/296/299 366/297/299
f 366/297/299 365/296/299 367/294/300
f 366/297/299 367/294/300 368/295/300
f 368/295/300 367/294/300 369/292/301
f 368/295/300 369/292/301 370/293/301
f 370/293/301 369/292/301 371/290/302
f 370/293/301 371/290/302 372/291/302
f 372/291/302 371/290/302 373/289/303
f 372/291/302 373/289/303 374/288/303
f 375/303/304 376/302/304 377/300/305
f 375/303/304 377/300/305 378/301/305
f 378/301/305 377/300/305 336/283/284
f 378/301/305 336/283/284 335/282/284
f 379/260/306 380/304/307 381/305/308
f 379/260/306 381/305/308 382/246/309
f 383/306/310 384/307/311 385/308/312
f 383/306/310 385/308/312 386/309/313
f 384/307/311 387/310/314 388/311/315
f 384/307/311 388/311/315 385/308/312
f 387/310/314 389/312/316 390/313/317
f 387/310/314 390/313/317 388/311/315
f 391/314/318 392/315/319 287/248/245
f 391/314/318 287/248/245 393/316/320
f 382/246/309 381/305/308 394/317/321
f 382/246/309 394/317/321 395/236/322
f 396/318/323 331/278/281 334/281/283
f 396/318/323 334/281/283 397/319/324
f 386/309/313 385/308/312 398/320/325
f 386/309/313 398/320/325 399/321/326
f 385/308/312 388/311/315 400/322/327
f 385/308/312 400/322/327 398/320/325
f 388/311/315 390/313/317 401/323/328
f 388/311/315 401/323/328 400/322/327
f 393/316/320 287/248/245 269/238/228
f 393/316/320 269/238/228 402/324/329
f 395/236/322 394/317/321 403/325/330
f 395/236/322 403/325/330 404/226/331
f 405/326/332 327/274/277 330/277/280
f 405/326/332 330/277/280 406/327/333
f 407/328/334 408/329/335 409/330/336
f 407/328/334 409/330/336 410/331/337
f 408/329/335 411/332/338 412/333/339
f 408/329/335 412/333/339 409/330/336
f 411/332/338 413/334/328 414/335/340
f 411/332/338 414/335/340 412/333/339
f 402/324/329 269/238/228 251/228/213
f 402/324/329 251/228/213 415/336/341
f 404/226/331 403/325/330 416/337/342
f 404/226/331 416/337/342 417/214/343
f 418/173/344 419/205/345 420/206/346
f 418/173/344 420/206/346 421/174/347
f 410/331/337 409/330/336 422/338/348
f 410/331/337 422/338/348 423/339/349
f 409/330/336 412/333/339 424/340/350
f 409/330/336 424/340/350 422/338/348
f 412/333/339 414/335/340 425/341/351
f 412/333/339 425/341/351 424/340/350
f 415/336/341 251/228/213 235/216/199
f 415/336/341 235/216/199 426/342/352
f 417/214/343 416/337/342 427/343/353
f 417/214/343 427/343/353 428/202/354
f 429/189/355 430/217/332 431/218/356
f 429/189/355 431/218/356 432/190/357
f 423/339/349 422/338/348 433/344/358
f 423/339/349 433/344/358 434/345/359
f 422/338/348 424/340/350 435/346/360
f 422/338/348 435/346/360 433/344/358
f 424/340/350 425/341/351 436/347/361
f 424/340/350 436/347/361 435/346/360
f 426/342/352 235/216/199 215/204/183
f 426/342/352 215/204/183 437/348/362
f 428/202/354 427/343/353 438/349/363
f 428/202/354 438/349/363 439/186/364
f 440/148/365 418/173/344 421/174/347
f 440/148/365 421/174/347 441/149/366
f 434/345/359 433/344/358 442/350/367
f 434/345/359 442/350/367 443/351/353
f 433/344/358 435/346/360 444/352/368
f 433/344/358 444/352/368 442/350/367
f 435/346/360 436/347/361 445/353/369
f 435/346/360 445/353/369 444/352/368
f 437/348/362 215/204/183 199/188/169
f 437/348/362 199/188/169 446/354/370
f 439/186/364 438/349/363 447/355/371
f 439/186/364 447/355/371 448/170/372
f 449/160/373 429/189/355 432/190/357
f 449/160/373 432/190/357 450/161/374
f 443/351/353 442/350/367 451/356/375
f 443/351/353 451/356/375 452/357/376
f 442/350/367 444/352/368 453/358/377
f 442/350/367 453/358/377 451/356/375
f 444/352/368 445/353/369 454/359/378
f 444/352/368 454/359/378 453/358/377
f 446/354/370 199/188/169 183/172/155
f 446/354/370 183/172/155 455/360/379
f 448/170/372 447/355/371 456/361/380
f 448/170/372 456/361/380 457/157/381
f 458/116/382 440/148/365 441/149/366
f 458/116/382 441/149/366 459/117/383
f 460/321/384 461/320/385 462/308/386
f 460/321/384 462/308/386 463/309/387
f 461/320/385 464/322/388 465/311/389
f 461/320/385 465/311/389 462/308/386
f 464/322/388 466/323/378 467/313/390
f 464/322/388 467/313/390 465/311/389
f 455/360/379 183/172/155 167/159/141
f 455/360/379 167/159/141 468/362/391
f 457/157/381 456/361/380 469/363/392
f 457/157/381 469/363/392 470/145/393
f 471/132/394 449/160/373 450/161/374
f 471/132/394 450/161/374 472/133/395
f 463/309/387 462/308/386 473/364/396
f 463/309/387 473/364/396 474/365/397
f 462/308/386 465/311/389 475/366/398
f 462/308/386 475/366/398 473/364/396
f 465/311/389 467/313/390 476/367/399
f 465/311/389 476/367/399 475/366/398
f 468/362/391 167/159/141 147/147/126
f 468/362/391 147/147/126 477/368/400
f 470/145/393 469/363/392 478/369/401
f 470/145/393 478/369/401 479/129/402
f 480/80/403 458/116/382 459/117/383
f 480/80/403 459/117/383 481/83/404
f 474/365/397 473/364/396 482/370/405
f 474/365/397 482/370/405 483/371/406
f 473/364/396 475/366/398 484/372/407
f 473/364/396 484/372/407 482/370/405
f 475/366/398 476/367/399 485/373/408
f 475/366/398 485/373/408 484/372/407
f 477/368/400 147/147/126 131/131/112
f 477/368/400 131/131/112 486/374/409
f 479/129/402 478/369/401 487/375/410
f 479/129/402 487/375/410 488/113/411
f 489/98/412 471/132/394 472/133/395
f 489/98/412 472/133/395 490/101/413
f 483/371/406 482/370/405 491/376/414
f 483/371/406 491/376/414 492/377/415
f 482/370/405 484/372/407 493/378/416
f 482/370/405 493/378/416 491/376/414
f 484/372/407 485/373/408 494/379/417
f 484/372/407 494/379/417 493/378/416
f 486/374/409 131/131/112 115/115/97
f 486/374/409 115/115/97 495/380/418
f 488/113/411 487/375/410 496/381/419
f 488/113/411 496/381/419 497/95/420
f 498/81/421 480/80/403 481/83/404
f 498/81/421 481/83/404 499/82/422
f 500/357/423 501/356/424 502/350/425
f 500/357/423 502/350/425 503/351/426
f 501/356/424 504/358/427 505/352/428
f 501/356/424 505/352/428 502/350/425
f 504/358/427 506/359/417 507/353/429
f 504/358/427 507/353/429 505/352/428
f 495/380/418 115/115/97 97/97/82
f 495/380/418 97/97/82 508/382/430
f 497/95/420 496/381/419 509/383/431
f 497/95/420 509/383/431 510/77/432
f 511/99/433 489/98/412 490/101/413
f 511/99/433 490/101/413 512/100/434
f 503/351/426 502/350/425 513/344/435
f 503/351/426 513/344/435 514/345/436
f 502/350/425 505/352/428 515/346/437
f 502/350/425 515/346/437 513/344/435
f 505/352/428 507/353/429 516/347/438
f 505/352/428 516/347/438 515/346/437
f 508/382/430 97/97/82 79/79/66
f 508/382/430 79/79/66 517/384/439
f 510/77/432 509/383/431 518/385/440
f 510/77/432 518/385/440 519/57/441
f 520/278/442 521/318/443 522/319/422
f 520/278/442 522/319/422 523/281/444
f 514/345/436 513/344/435 524/338/445
f 514/345/436 524/338/445 525/339/446
f 513/344/435 515/346/437 526/340/447
f 513/344/435 526/340/447 524/338/445
f 515/346/437 516/347/438 527/341/448
f 515/346/437 527/341/448 526/340/447
f 517/384/439 79/79/66 59/59/50
f 517/384/439 59/59/50 528/386/449
f 519/57/441 518/385/440 529/387/450
f 519/57/441 529/387/450 530/39/451
f 531/274/452 532/326/453 533/327/454
f 531/274/452 533/327/454 534/277/455
f 525/339/446 524/338/445 535/330/456
f 525/339/446 535/330/456 536/331/440
f 524/338/445 526/340/447 537/333/457
f 524/338/445 537/333/457 535/330/456
f 526/340/447 527/341/448 538/335/458
f 526/340/447 538/335/458 537/333/457
f 528/386/449 59/59/50 41/41/34
f 528/386/449 41/41/34 539/388/459
f 530/39/451 529/387/450 540/389/460
f 530/39/451 540/389/460 541/9/461
f 542/390/462 520/278/442 523/281/444
f 542/390/462 523/281/444 543/391/463
f 536/331/440 535/330/456 544/329/464
f 536/331/440 544/329/464 545/328/465
f 535/330/456 537/333/457 546/332/466
f 535/330/456 546/332/466 544/329/464
f 537/333/457 538/335/458 547/334/467
f 537/333/457 547/334/467 546/332/466
f 539/388/459 41/41/34 15/15/11
f 539/388/459 15/15/11 548/392/468
f 541/9/461 540/389/460 549/393/469
f 541/9/461 549/393/469 550/10/470
f 17/17/13 531/274/452 534/277/455
f 17/17/13 534/277/455 18/18/14
f 551/377/471 552/376/472 553/370/473
f 551/377/471 553/370/473 554/371/460
f 552/376/472 555/378/474 556/372/475
f 552/376/472 556/372/475 553/370/473
f 555/378/474 557/379/467 558/373/476
f 555/378/474 558/373/476 556/372/475
f 548/392/468 15/15/11 14/14/10
f 548/392/468 14/14/10 559/394/477
f 13/13/9 308/265/264 392/315/319
f 13/13/9 392/315/319 14/14/10
f 43/43/36 542/390/462 543/391/463
f 43/43/36 543/391/463 44/44/37
f 554/371/460 553/370/473 384/307/311
f 554/371/460 384/307/311 383/306/310
f 553/370/473 556/372/475 387/310/314
f 553/370/473 387/310/314 384/307/311
f 556/372/475 558/373/476 389/312/316
f 556/372/475 389/312/316 387/310/314
f 559/394/477 14/14/10 392/315/319
f 559/394/477 392/315/319 391/314/318
f 550/10/470 549/393/469 380/304/307
f 550/10/470 380/304/307 379/260/306
f 560/395/478 561/396/479 562/397/480
f 560/395/478 562/397/480 563/398/481
f 564/399/482 565/400/483 566/401/484
f 564/399/482 566/401/484 567/402/485
f 563/398/481 562/397/480 568/403/486
f 563/398/481 568/403/486 569/404/487
f 567/402/485 566/401/484 570/405/488
f 567/402/485 570/405/488 571/406/489
f 569/404/487 568/403/486 572/407/490
f 569/404/487 572/407/490 573/408/491
f 574/409/489 575/410/488 576/411/492
f 574/409/489 576/411/492 577/412/493
f 573/408/491 572/407/490 578/413/494
f 573/408/491 578/413/494 579/414/495
f 577/412/493 576/411/492 580/415/496
f 577/412/493 580/415/496 581/416/497
f 579/414/495 578/413/494 582/417/498
f 579/414/495 582/417/498 583/418/499
f 581/416/497 580/415/496 584/419/500
f 581/416/497 584/419/500 585/420/501
f 583/418/499 582/417/498 586/421/502
f 583/418/499 586/421/502 587/422/503
f 585/420/501 584/419/500 588/423/504
f 585/420/501 588/423/504 589/424/505
f 587/422/503 586/421/502 590/425/506
f 587/422/503 590/425/506 591/426/507
f 589/424/505 588/423/504 592/427/508
f 589/424/505 592/427/508 593/428/509
f 591/426/507 590/425/506 594/429/510
f 591/426/507 594/429/510 595/430/511
f 596/406/512 597/405/513 598/431/514
f 596/406/512 598/431/514 599/432/515
f 595/430/511 594/429/510 600/433/516
f 595/430/511 600/433/516 601/434/517
f 599/432/515 598/431/514 602/400/518
f 599/432/515 602/400/518 603/435/519
f 601/434/517 600/433/516 604/436/520
f 601/434/517 604/436/520 605/437/521
f 603/435/519 602/400/518 606/438/522
f 603/435/519 606/438/522 607/439/523
f 605/437/521 604/436/520 608/440/524
f 605/437/521 608/440/524 609/441/525
f 607/439/523 606/438/522 610/442/526
f 607/439/523 610/442/526 611/443/527
f 609/441/525 608/440/524 612/444/528
f 609/441/525 612/444/528 613/445/529
f 614/428/530 615/427/526 616/423/531
f 614/428/530 616/423/531 617/424/532
f 613/445/529 612/444/528 618/446/533
f 613/445/529 618/446/533 619/447/534
f 617/424/532 616/423/531 620/419/535
f 617/424/532 620/419/535 621/420/536
f 619/447/534 618/446/533 622/448/537
f 619/447/534 622/448/537 623/449/538
f 621/420/536 620/419/535 624/415/539
f 621/420/536 624/415/539 625/416/540
f 623/449/538 622/448/537 626/450/541
f 623/449/538 626/450/541 627/451/542
f 625/416/540 624/415/539 628/411/543
f 625/416/540 628/411/543 629/412/544
f 627/451/542 626/450/541 630/452/545
f 627/451/542 630/452/545 631/453/546
f 629/412/544 628/411/543 632/410/547
f 629/412/544 632/410/547 633/409/548
f 631/453/546 630/452/545 634/454/549
f 631/453/546 634/454/549 635/455/550
f 636/443/551 637/442/552 638/438/553
f 636/443/551 638/438/553 639/439/554
f 635/455/550 634/454/549 561/396/479
f 635/455/550 561/396/479 560/395/478
f 639/439/554 638/438/553 565/400/483
f 639/439/554 565/400/483 564/399/482
f 640/456/283 309/266/265 308/265/264
f 640/456/283 308/265/264 13/13/9
f 392/315/319 308/265/264 286/247/244
f 392/315/319 286/247/244 287/248/245
f 310/267/216 641/457/555 268/237/227
f 310/267/216 268/237/227 286/247/244
f 641/457/555 642/458/556 250/227/212
f 641/457/555 250/227/212 268/237/227
f 642/458/556 643/459/128 234/215/198
f 642/458/556 234/215/198 250/227/212
f 643/459/128 644/460/99 214/203/182
f 643/459/128 214/203/182 234/215/198
f 644/460/99 645/461/70 198/187/168
f 644/460/99 198/187/168 214/203/182
f 645/461/70 646/462/69 182/171/154
f 645/461/70 182/171/154 198/187/168
f 646/462/69 647/463/37 166/158/140
f 646/462/69 166/158/140 182/171/154
f 647/463/37 648/464/463 146/146/125
f 647/463/37 146/146/125 166/158/140
f 648/464/463 649/465/444 130/130/111
f 648/464/463 130/130/111 146/146/125
f 649/465/444 650/466/557 114/114/96
f 649/465/444 114/114/96 130/130/111
f 650/466/557 651/467/558 96/96/81
f 650/466/557 96/96/81 114/114/96
f 651/467/558 652/468/383 78/78/65
f 651/467/558 78/78/65 96/96/81
f 652/468/383 653/469/366 58/58/49
f 652/468/383 58/58/49 78/78/65
f 653/469/366 654/470/347 40/40/33
f 653/469/366 40/40/33 58/58/49
f 654/470/347 655/471/346 12/12/8
f 654/470/347 12/12/8 40/40/33
f 655/471/346 640/456/283 13/13/9
f 655/471/346 13/13/9 12/12/8
f 656/472/559 657/473/560 658/474/561
f 656/472/559 658/474/561 659/475/562
f 657/473/560 660/476/563 661/477/564
f 657/473/560 661/477/564 658/474/561
f 660/476/563 662/478/565 663/479/566
f 660/476/563 663/479/566 661/477/564
f 662/478/565 664/480/567 665/481/568
f 662/478/565 665/481/568 663/479/566
f 664/480/567 666/482/569 667/483/570
f 664/480/567 667/483/570 665/481/568
f 666/482/569 668/484/571 669/485/572
f 666/482/569 669/485/572 667/483/570
f 668/484/571 670/486/573 671/487/574
f 668/484/571 671/487/574 669/485/572
f 670/486/573 672/488/575 673/489/576
f 670/486/573 673/489/576 671/487/574
f 672/488/575 674/490/577 675/491/578
f 672/488/575 675/491/578 673/489/576
f 674/490/577 288/249/246 676/492/579
f 674/490/577 676/492/579 675/491/578
f 333/280/265 332/279/282 252/43/214
f 333/280/265 252/43/214 255/44/216
f 291/252/249 677/493/580 678/494/581
f 291/252/249 678/494/581 679/495/582
f 677/493/580 680/496/583 681/497/584
f 677/493/580 681/497/584 678/494/581
f 680/496/583 682/498/585 683/499/586
f 680/496/583 683/499/586 681/497/584
f 682/498/585 684/500/587 685/501/588
f 682/498/585 685/501/588 683/499/586
f 684/500/587 686/502/589 687/503/590
f 684/500/587 687/503/590 685/501/588
f 686/502/589 688/504/591 689/505/592
f 686/502/589 689/505/592 687/503/590
f 688/504/591 656/472/559 659/475/562
f 688/504/591 659/475/562 689/505/592
f 27/27/23 690/506/593 691/507/594
f 27/27/23 691/507/594 317/178/270
f 690/506/593 692/508/595 693/509/596
f 690/506/593 693/509/596 691/507/594
f 694/510/597 695/511/598 696/512/599
f 694/510/597 696/512/599 697/513/600
f 317/178/270 691/507/594 698/514/601
f 317/178/270 698/514/601 318/194/271
f 691/507/594 693/509/596 699/515/602
f 691/507/594 699/515/602 698/514/601
f 697/513/600 696/512/599 700/516/603
f 697/513/600 700/516/603 701/517/604
f 295/69/253 702/518/605 703/519/606
f 295/69/253 703/519/606 277/68/236
f 702/518/605 704/520/602 705/521/607
f 702/518/605 705/521/607 703/519/606
f 701/517/604 700/516/603 706/522/608
f 701/517/604 706/522/608 707/523/609
f 277/68/236 703/519/606 708/524/610
f 277/68/236 708/524/610 259/87/220
f 703/519/606 705/521/607 709/525/611
f 703/519/606 709/525/611 708/524/610
f 707/523/609 706/522/608 710/526/612
f 707/523/609 710/526/612 711/527/613
f 259/87/220 708/524/610 712/528/614
f 259/87/220 712/528/614 241/105/205
f 708/524/610 709/525/611 713/529/615
f 708/524/610 713/529/615 712/528/614
f 711/527/613 710/526/612 714/530/616
f 711/527/613 714/530/616 715/531/617
f 241/105/205 712/528/614 716/532/618
f 241/105/205 716/532/618 224/121/190
f 712/528/614 713/529/615 717/533/619
f 712/528/614 717/533/619 716/532/618
f 715/531/617 714/530/616 718/534/620
f 715/531/617 718/534/620 719/535/621
f 224/121/190 716/532/618 720/536/622
f 224/121/190 720/536/622 225/137/191
f 716/532/618 717/533/619 721/537/623
f 716/532/618 721/537/623 720/536/622
f 719/535/621 718/534/620 722/538/624
f 719/535/621 722/538/624 723/539/625
f 205/194/175 724/514/626 725/507/627
f 205/194/175 725/507/627 189/178/161
f 724/514/626 726/515/623 727/509/628
f 724/514/626 727/509/628 725/507/627
f 723/539/625 722/538/624 728/540/629
f 723/539/625 728/540/629 729/541/630
f 189/178/161 725/507/627 730/506/631
f 189/178/161 730/506/631 173/27/147
f 725/507/627 727/509/628 731/542/632
f 725/507/627 731/542/632 730/506/631
f 729/541/630 728/540/629 732/543/633
f 729/541/630 732/543/633 733/544/634
f 173/27/147 730/506/631 734/545/635
f 173/27/147 734/545/635 156/26/133
f 730/506/631 731/542/632 735/546/636
f 730/506/631 735/546/636 734/545/635
f 733/544/634 732/543/633 736/547/637
f 733/544/634 736/547/637 737/548/638
f 156/26/133 734/545/635 738/549/639
f 156/26/133 738/549/639 157/49/118
f 734/545/635 735/546/636 739/550/640
f 734/545/635 739/550/640 738/549/639
f 737/548/638 736/547/637 740/551/641
f 737/548/638 740/551/641 741/552/642
f 137/137/118 742/536/643 743/532/644
f 137/137/118 743/532/644 121/121/103
f 742/536/643 744/537/640 745/533/645
f 742/536/643 745/533/645 743/532/644
f 741/552/642 740/551/641 746/553/646
f 741/552/642 746/553/646 747/554/647
f 121/121/103 743/532/644 748/528/648
f 121/121/103 748/528/648 105/105/89
f 743/532/644 745/533/645 749/529/649
f 743/532/644 749/529/649 748/528/648
f 747/554/647 746/553/646 750/555/650
f 747/554/647 750/555/650 751/556/651
f 105/105/89 748/528/648 752/524/652
f 105/105/89 752/524/652 87/87/74
f 748/528/648 749/529/649 753/525/653
f 748/528/648 753/525/653 752/524/652
f 751/556/651 750/555/650 754/557/654
f 751/556/651 754/557/654 755/558/655
f 87/87/74 752/524/652 756/519/656
f 87/87/74 756/519/656 68/68/57
f 752/524/652 753/525/653 757/521/657
f 752/524/652 757/521/657 756/519/656
f 755/558/655 754/557/654 758/559/658
f 755/558/655 758/559/658 759/560/659
f 68/68/57 756/519/656 760/518/660
f 68/68/57 760/518/660 69/69/58
f 756/519/656 757/521/657 761/520/661
f 756/519/656 761/520/661 760/518/660
f 759/560/659 758/559/658 762/561/662
f 759/560/659 762/561/662 763/562/663
f 49/49/42 764/549/664 765/545/665
f 49/49/42 765/545/665 26/26/22
f 764/549/664 766/550/661 767/546/666
f 764/549/664 767/546/666 765/545/665
f 763/562/663 762/561/662 768/563/667
f 763/562/663 768/563/667 769/564/668
f 26/26/22 765/545/665 690/506/593
f 26/26/22 690/506/593 27/27/23
f 765/545/665 767/546/666 692/508/595
f 765/545/665 692/508/595 690/506/593
f 769/564/668 768/563/667 695/511/598
f 769/564/668 695/511/598 694/510/597
f 770/565/669 771/566/670 772/567/671
f 770/565/669 772/567/671 773/568/672
f 773/568/672 772/567/671 774/569/673
f 773/568/672 774/569/673 775/570/674
f 775/570/674 774/569/673 776/571/675
f 775/570/674 776/571/675 777/572/676
f 777/572/676 776/571/675 778/573/677
f 777/572/676 778/573/677 779/574/678
f 779/574/678 778/573/677 780/575/679
f 779/574/678 780/575/679 781/576/680
f 781/576/680 780/575/679 782/577/681
f 781/576/680 782/577/681 783/578/682
f 783/578/682 782/577/681 784/579/683
f 783/578/682 784/579/683 785/580/684
f 785/580/684 784/579/683 786/581/685
f 785/580/684 786/581/685 787/582/686
f 787/582/686 786/581/685 788/583/687
f 787/582/686 788/583/687 789/584/688
f 789/584/688 788/583/687 790/585/689
f 789/584/688 790/585/689 791/586/690
f 791/586/690 790/585/689 792/587/691
f 791/586/690 792/587/691 793/588/692
f 793/588/692 792/587/691 794/589/693
f 793/588/692 794/589/693 795/590/694
f 795/590/694 794/589/693 796/591/695
f 795/590/694 796/591/695 797/592/696
f 797/592/696 796/591/695 798/593/697
f 797/592/696 798/593/697 799/594/698
f 799/594/698 798/593/697 800/595/699
f 799/594/698 800/595/699 801/596/700
f 801/596/700 800/595/699 802/597/701
f 801/596/700 802/597/701 803/598/702
f 803/598/702 802/597/701 804/599/703
f 803/598/702 804/599/703 805/600/704
f 805/600/704 804/599/703 771/566/670
f 805/600/704 771/566/670 770/565/669
f 806/601/705 807/602/706 808/603/707
f 806/601/705 808/603/707 809/604/708
f 810/605/709 811/606/710 812/607/711
f 810/605/709 812/607/711 813/608/712
f 565/400/483 814/609/713 815/610/714
f 565/400/483 815/610/714 566/401/484
f 814/609/713 816/611/715 817/612/716
f 814/609/713 817/612/716 815/610/714
f 816/611/715 23/23/19 311/175/266
f 816/611/715 311/175/266 817/612/716
f 566/401/484 815/610/714 818/613/717
f 566/401/484 818/613/717 570/405/488
f 815/610/714 817/612/716 819/614/718
f 815/610/714 819/614/718 818/613/717
f 817/612/716 311/175/266 314/191/250
f 817/612/716 314/191/250 819/614/718
f 575/410/488 820/615/717 821/616/719
f 575/410/488 821/616/719 576/411/492
f 820/615/717 822/617/720 823/618/721
f 820/615/717 823/618/721 821/616/719
f 822/617/720 292/65/250 274/62/233
f 822/617/720 274/62/233 823/618/721
f 576/411/492 821/616/719 824/619/722
f 576/411/492 824/619/722 580/415/496
f 821/616/719 823/618/721 825/620/723
f 821/616/719 825/620/723 824/619/722
f 823/618/721 274/62/233 256/84/217
f 823/618/721 256/84/217 825/620/723
f 580/415/496 824/619/722 826/621/724
f 580/415/496 826/621/724 584/419/500
f 824/619/722 825/620/723 827/622/725
f 824/619/722 827/622/725 826/621/724
f 825/620/723 256/84/217 238/102/202
f 825/620/723 238/102/202 827/622/725
f 584/419/500 826/621/724 828/623/726
f 584/419/500 828/623/726 588/423/504
f 826/621/724 827/622/725 829/624/727
f 826/621/724 829/624/727 828/623/726
f 827/622/725 238/102/202 218/118/186
f 827/622/725 218/118/186 829/624/727
f 588/423/504 828/623/726 830/625/728
f 588/423/504 830/625/728 592/427/508
f 828/623/726 829/624/727 831/626/729
f 828/623/726 831/626/729 830/625/728
f 829/624/727 218/118/186 221/134/172
f 829/624/727 221/134/172 831/626/729
f 597/405/513 832/613/730 833/610/731
f 597/405/513 833/610/731 598/431/514
f 832/613/730 834/614/732 835/612/733
f 832/613/730 835/612/733 833/610/731
f 834/614/732 202/191/172 186/175/158
f 834/614/732 186/175/158 835/612/733
f 598/431/514 833/610/731 836/627/734
f 598/431/514 836/627/734 602/400/518
f 833/610/731 835/612/733 837/628/735
f 833/610/731 837/628/735 836/627/734
f 835/612/733 186/175/158 170/162/144
f 835/612/733 170/162/144 837/628/735
f 602/400/518 836/627/734 838/629/736
f 602/400/518 838/629/736 606/438/522
f 836/627/734 837/628/735 839/630/737
f 836/627/734 839/630/737 838/629/736
f 837/628/735 170/162/144 150/20/129
f 837/628/735 150/20/129 839/630/737
f 606/438/522 838/629/736 840/631/738
f 606/438/522 840/631/738 610/442/526
f 838/629/736 839/630/737 841/632/739
f 838/629/736 841/632/739 840/631/738
f 839/630/737 150/20/129 153/46/115
f 839/630/737 153/46/115 841/632/739
f 615/427/526 842/625/740 843/623/741
f 615/427/526 843/623/741 616/423/531
f 842/625/740 844/626/742 845/624/743
f 842/625/740 845/624/743 843/623/741
f 844/626/742 134/134/115 118/118/100
f 844/626/742 118/118/100 845/624/743
f 616/423/531 843/623/741 846/621/744
f 616/423/531 846/621/744 620/419/535
f 843/623/741 845/624/743 847/622/745
f 843/623/741 847/622/745 846/621/744
f 845/624/743 118/118/100 102/102/86
f 845/624/743 102/102/86 847/622/745
f 620/419/535 846/621/744 848/619/746
f 620/419/535 848/619/746 624/415/539
f 846/621/744 847/622/745 849/620/747
f 846/621/744 849/620/747 848/619/746
f 847/622/745 102/102/86 84/84/71
f 847/622/745 84/84/71 849/620/747
f 624/415/539 848/619/746 850/616/748
f 624/415/539 850/616/748 628/411/543
f 848/619/746 849/620/747 851/618/749
f 848/619/746 851/618/749 850/616/748
f 849/620/747 84/84/71 62/62/53
f 849/620/747 62/62/53 851/618/749
f 628/411/543 850/616/748 852/615/750
f 628/411/543 852/615/750 632/410/547
f 850/616/748 851/618/749 853/617/751
f 850/616/748 853/617/751 852/615/750
f 851/618/749 62/62/53 65/65/39
f 851/618/749 65/65/39 853/617/751
f 637/442/552 854/631/752 855/629/753
f 637/442/552 855/629/753 638/438/553
f 854/631/752 856/632/754 857/630/755
f 854/631/752 857/630/755 855/629/753
f 856/632/754 46/46/39 20/20/16
f 856/632/754 20/20/16 857/630/755
f 638/438/553 855/629/753 814/609/713
f 638/438/553 814/609/713 565/400/483
f 855/629/753 857/630/755 816/611/715
f 855/629/753 816/611/715 814/609/713
f 857/630/755 20/20/16 23/23/19
f 857/630/755 23/23/19 816/611/715
f 858/33/756 859/53/757 860/633/757
f 858/33/756 860/633/757 861/634/756
f 862/242/758 863/256/759 864/635/759
f 862/242/758 864/635/759 865/636/758
f 866/125/760 867/141/761 868/637/761
f 866/125/760 868/637/761 869/638/760
f 324/198/276 870/210/762 871/639/762
f 324/198/276 871/639/762 325/272/276
f 859/53/757 872/73/763 873/640/763
f 859/53/757 873/640/763 860/633/757
f 863/256/759 874/271/764 875/641/764
f 863/256/759 875/641/764 864/635/759
f 867/141/761 876/153/765 877/642/765
f 867/141/761 877/642/765 868/637/761
f 870/210/762 878/222/766 879/643/767
f 870/210/762 879/643/767 871/639/762
f 872/73/763 880/91/768 881/644/769
f 872/73/763 881/644/769 873/640/763
f 874/271/764 882/34/770 883/645/770
f 874/271/764 883/645/770 875/641/764
f 876/153/765 884/166/771 885/646/771
f 876/153/765 885/646/771 877/642/765
f 878/222/766 886/232/772 887/647/773
f 878/222/766 887/647/773 879/643/767
f 880/91/768 888/109/774 889/648/775
f 880/91/768 889/648/775 881/644/769
f 884/166/771 323/182/275 326/273/275
f 884/166/771 326/273/275 885/646/771
f 882/34/770 858/33/756 861/634/756
f 882/34/770 861/634/756 883/645/770
f 886/232/772 862/242/758 865/636/758
f 886/232/772 865/636/758 887/647/773
f 888/109/774 866/125/760 869/638/760
f 888/109/774 869/638/760 889/648/775
f 890/649/776 810/605/709 807/602/706
f 890/649/776 807/602/706 806/601/705
f 891/650/777 890/649/776 806/601/705
f 891/650/777 806/601/705 892/651/778
f 893/652/779 894/653/777 895/654/778
f 893/652/779 895/654/778 896/655/780
f 897/656/781 893/652/779 896/655/780
f 897/656/781 896/655/780 898/657/782
f 899/658/783 897/656/781 898/657/782
f 899/658/783 898/657/782 900/659/784
f 901/660/785 899/658/783 900/659/784
f 901/660/785 900/659/784 902/661/786
f 903/662/787 901/660/785 902/661/786
f 903/662/787 902/661/786 904/663/788
f 905/649/789 906/650/787 907/651/790
f 905/649/789 907/651/790 908/601/791
f 909/605/792 905/649/789 908/601/791
f 909/605/792 908/601/791 910/602/793
f 911/608/794 909/605/792 910/602/793
f 911/608/794 910/602/793 912/664/795
f 913/665/796 911/608/794 912/664/795
f 913/665/796 912/664/795 914/666/797
f 915/660/798 916/662/796 917/663/799
f 915/660/798 917/663/799 918/661/800
f 919/658/801 915/660/798 918/661/800
f 919/658/801 918/661/800 920/659/802
f 921/656/803 919/658/801 920/659/802
f 921/656/803 920/659/802 922/657/804
f 923/652/805 921/656/803 922/657/804
f 923/652/805 922/657/804 924/655/806
f 925/653/807 923/652/805 924/655/806
f 925/653/807 924/655/806 926/654/808
f 813/608/712 927/665/809 928/666/810
f 813/608/712 928/666/810 929/664/811
f 930/667/812 35/35/29 321/270/273
f 930/667/812 321/270/273 931/668/813
f 931/668/813 321/270/273 298/255/255
f 931/668/813 298/255/255 932/669/814
f 932/669/814 298/255/255 280/241/239
f 932/669/814 280/241/239 933/670/815
f 933/670/815 280/241/239 262/231/222
f 933/670/815 262/231/222 934/671/816
f 934/671/816 262/231/222 244/221/207
f 934/671/816 244/221/207 935/672/817
f 935/672/817 244/221/207 228/209/193
f 935/672/817 228/209/193 936/673/818
f 936/673/818 228/209/193 208/197/177
f 936/673/818 208/197/177 937/674/819
f 937/674/819 208/197/177 192/181/163
f 937/674/819 192/181/163 938/675/820
f 938/675/820 192/181/163 176/165/149
f 938/675/820 176/165/149 939/676/821
f 939/676/821 176/165/149 160/152/135
f 939/676/821 160/152/135 940/677/822
f 940/677/822 160/152/135 140/140/120
f 940/677/822 140/140/120 941/678/823
f 941/678/823 140/140/120 124/124/106
f 941/678/823 124/124/106 942/679/824
f 942/679/824 124/124/106 108/108/91
f 942/679/824 108/108/91 943/680/825
f 943/680/825 108/108/91 90/90/76
f 943/680/825 90/90/76 944/681/826
f 944/681/826 90/90/76 72/72/60
f 944/681/826 72/72/60 945/682/827
f 945/682/827 72/72/60 52/52/44
f 945/682/827 52/52/44 946/683/828
f 946/683/828 52/52/44 32/32/26
f 946/683/828 32/32/26 947/684/829
f 947/684/829 32/32/26 35/35/29
f 947/684/829 35/35/29 930/667/812
f 812/607/711 948/685/830 927/665/809
f 812/607/711 927/665/809 813/608/712
f 949/686/830 950/687/831 923/652/805
f 949/686/830 923/652/805 925/653/807
f 950/687/831 951/688/832 921/656/803
f 950/687/831 921/656/803 923/652/805
f 952/671/833 953/672/834 954/689/835
f 952/671/833 954/689/835 955/690/803
f 953/672/834 956/673/836 957/691/837
f 953/672/834 957/691/837 954/689/835
f 958/692/836 959/693/838 916/662/796
f 958/692/836 916/662/796 915/660/798
f 960/685/838 961/607/839 911/608/794
f 960/685/838 911/608/794 913/665/796
f 962/675/840 963/676/841 964/694/842
f 962/675/840 964/694/842 965/695/843
f 963/676/841 966/677/844 967/696/845
f 963/676/841 967/696/845 964/694/842
f 966/677/844 968/678/846 969/697/847
f 966/677/844 969/697/847 967/696/845
f 968/678/846 970/679/848 971/698/849
f 968/678/846 971/698/849 969/697/847
f 972/692/848 973/699/850 899/658/783
f 972/692/848 899/658/783 901/660/785
f 973/699/850 974/688/851 897/656/781
f 973/699/850 897/656/781 899/658/783
f 974/688/851 975/687/852 893/652/779
f 974/688/851 893/652/779 897/656/781
f 975/687/852 976/686/853 894/653/777
f 975/687/852 894/653/777 893/652/779
f 977/700/853 978/701/854 890/649/776
f 977/700/853 890/649/776 891/650/777
f 978/701/854 811/606/710 810/605/709
f 978/701/854 810/605/709 890/649/776
f 807/602/706 810/605/709 813/608/712
f 807/602/706 813/608/712 929/664/811
f 979/702/855 980/703/856 981/704/857
f 979/702/855 981/704/857 982/705/858
f 983/706/859 984/707/860 985/708/861
f 983/706/859 985/708/861 986/709/862
f 987/710/863 988/711/864 989/712/865
f 987/710/863 989/712/865 990/713/866
f 991/714/867 992/715/868 993/716/869
f 991/714/867 993/716/869 994/717/870
f 982/705/858 981/704/857 995/718/871
f 982/705/858 995/718/871 996/719/603
f 986/709/862 985/708/861 997/720/872
f 986/709/862 997/720/872 998/721/873
f 990/713/866 989/712/865 999/722/874
f 990/713/866 999/722/874 1000/723/875
f 994/717/870 993/716/869 1001/724/876
f 994/717/870 1001/724/876 1002/725/877
f 1003/726/603 1004/727/878 1005/728/879
f 1003/726/603 1005/728/879 1006/729/880
f 998/721/873 997/720/872 1007/730/881
f 998/721/873 1007/730/881 1008/731/882
f 1009/732/883 1010/733/874 1011/734/884
f 1009/732/883 1011/734/884 1012/735/885
f 1002/725/877 1001/724/876 1013/736/886
f 1002/725/877 1013/736/886 1014/737/887
f 1006/729/880 1005/728/879 1015/738/888
f 1006/729/880 1015/738/888 1016/739/889
f 1008/731/882 1007/730/881 1017/740/890
f 1008/731/882 1017/740/890 1018/741/891
f 1012/735/885 1011/734/884 1019/742/892
f 1012/735/885 1019/742/892 1020/743/893
f 1014/737/887 1013/736/886 1021/744/894
f 1014/737/887 1021/744/894 1022/745/895
f 1016/739/889 1015/738/888 1023/746/896
f 1016/739/889 1023/746/896 1024/747/897
f 1018/741/891 1017/740/890 1025/748/898
f 1018/741/891 1025/748/898 1026/749/899
f 1020/743/893 1019/742/892 1027/750/900
f 1020/743/893 1027/750/900 1028/751/901
f 1022/745/895 1021/744/894 1029/752/902
f 1022/745/895 1029/752/902 1030/753/903
f 1024/747/897 1023/746/896 1031/754/904
f 1024/747/897 1031/754/904 1032/755/905
f 1026/749/899 1025/748/898 1033/756/906
f 1026/749/899 1033/756/906 1034/757/907
f 1028/751/901 1027/750/900 1035/758/908
f 1028/751/901 1035/758/908 1036/759/909
f 1030/753/903 1029/752/902 1037/760/910
f 1030/753/903 1037/760/910 1038/761/911
f 1032/755/905 1031/754/904 1039/762/912
f 1032/755/905 1039/762/912 1040/763/624
f 1034/757/907 1033/756/906 1041/764/913
f 1034/757/907 1041/764/913 1042/765/914
f 1036/759/909 1035/758/908 1043/766/915
f 1036/759/909 1043/766/915 1044/767/916
f 1038/761/911 1037/760/910 1045/768/917
f 1038/761/911 1045/768/917 1046/769/918
f 1047/719/624 1048/718/919 1049/704/920
f 1047/719/624 1049/704/920 1050/705/921
f 1042/765/914 1041/764/913 1051/770/922
f 1042/765/914 1051/770/922 1052/771/923
f 1053/723/924 1054/722/915 1055/712/925
f 1053/723/924 1055/712/925 1056/713/926
f 1046/769/918 1045/768/917 1057/772/927
f 1046/769/918 1057/772/927 1058/773/928
f 1050/705/921 1049/704/920 1059/703/929
f 1050/705/921 1059/703/929 1060/774/930
f 1052/771/923 1051/770/922 1061/775/931
f 1052/771/923 1061/775/931 1062/776/932
f 1056/713/926 1055/712/925 1063/777/933
f 1056/713/926 1063/777/933 1064/778/934
f 1058/773/928 1057/772/927 1065/779/935
f 1058/773/928 1065/779/935 1066/780/936
f 1060/774/930 1059/703/929 1067/781/937
f 1060/774/930 1067/781/937 1068/782/938
f 1062/776/932 1061/775/931 1069/783/939
f 1062/776/932 1069/783/939 1070/784/940
f 1064/778/934 1063/777/933 1071/785/941
f 1064/778/934 1071/785/941 1072/786/942
f 1066/780/936 1065/779/935 1073/787/943
f 1066/780/936 1073/787/943 1074/788/944
f 1068/782/938 1067/781/937 1075/789/945
f 1068/782/938 1075/789/945 1076/790/641
f 1070/784/940 1069/783/939 1077/791/946
f 1070/784/940 1077/791/946 1078/792/947
f 1072/786/942 1071/785/941 1079/793/948
f 1072/786/942 1079/793/948 1080/794/949
f 1074/788/944 1073/787/943 1081/795/950
f 1074/788/944 1081/795/950 1082/796/951
f 1083/763/641 1084/762/952 1085/754/953
f 1083/763/641 1085/754/953 1086/755/954
f 1078/792/947 1077/791/946 1087/797/955
f 1078/792/947 1087/797/955 1088/798/956
f 1089/767/957 1090/766/948 1091/758/958
f 1089/767/957 1091/758/958 1092/759/959
f 1082/796/951 1081/795/950 1093/799/960
f 1082/796/951 1093/799/960 1094/800/961
f 1086/755/954 1085/754/953 1095/746/962
f 1086/755/954 1095/746/962 1096/747/963
f 1088/798/956 1087/797/955 1097/801/964
f 1088/798/956 1097/801/964 1098/802/965
f 1092/759/959 1091/758/958 1099/750/966
f 1092/759/959 1099/750/966 1100/751/967
f 1094/800/961 1093/799/960 1101/803/968
f 1094/800/961 1101/803/968 1102/804/969
f 1096/747/963 1095/746/962 1103/738/970
f 1096/747/963 1103/738/970 1104/739/971
f 1098/802/965 1097/801/964 1105/805/972
f 1098/802/965 1105/805/972 1106/806/973
f 1100/751/967 1099/750/966 1107/742/974
f 1100/751/967 1107/742/974 1108/743/975
f 1102/804/969 1101/803/968 1109/807/976
f 1102/804/969 1109/807/976 1110/808/977
f 1104/739/971 1103/738/970 1111/728/978
f 1104/739/971 1111/728/978 1112/729/979
f 1106/806/973 1105/805/972 1113/809/980
f 1106/806/973 1113/809/980 1114/810/981
f 1108/743/975 1107/742/974 1115/734/982
f 1108/743/975 1115/734/982 1116/735/983
f 1110/808/977 1109/807/976 1117/811/984
f 1110/808/977 1117/811/984 1118/812/985
f 1112/729/979 1111/728/978 1119/727/986
f 1112/729/979 1119/727/986 1120/726/662
f 1114/810/981 1113/809/980 1121/813/987
f 1114/810/981 1121/813/987 1122/814/988
f 1116/735/983 1115/734/982 1123/733/989
f 1116/735/983 1123/733/989 1124/732/990
f 1118/812/985 1117/811/984 1125/815/991
f 1118/812/985 1125/815/991 1126/816/992
f 1127/790/662 1128/789/993 1129/781/994
f 1127/790/662 1129/781/994 1130/782/995
f 1122/814/988 1121/813/987 1131/817/996
f 1122/814/988 1131/817/996 1132/818/997
f 1133/794/998 1134/793/989 1135/785/999
f 1133/794/998 1135/785/999 1136/786/1000
f 1126/816/992 1125/815/991 1137/819/1001
f 1126/816/992 1137/819/1001 1138/820/1002
f 1130/782/995 1129/781/994 980/703/856
f 1130/782/995 980/703/856 979/702/855
f 1132/818/997 1131/817/996 984/707/860
f 1132/818/997 984/707/860 983/706/859
f 1136/786/1000 1135/785/999 988/711/864
f 1136/786/1000 988/711/864 987/710/863
f 1138/820/1002 1137/819/1001 992/715/868
f 1138/820/1002 992/715/868 991/714/867
f 1139/821/1003 1140/822/1004 1141/823/863
f 1139/821/1003 1141/823/863 1142/824/1005
f 1143/825/1006 1144/826/998 1140/822/1004
f 1143/825/1006 1140/822/1004 1139/821/1003
f 1145/827/1007 1146/828/1008 1144/826/998
f 1145/827/1007 1144/826/998 1143/825/1006
f 1147/829/1009 1148/830/975 1146/828/1008
f 1147/829/1009 1146/828/1008 1145/827/1007
f 1149/831/1010 1150/832/967 1148/830/975
f 1149/831/1010 1148/830/975 1147/829/1009
f 1151/833/1011 1152/834/1012 1150/832/967
f 1151/833/1011 1150/832/967 1149/831/1010
f 1153/835/1013 1154/836/949 1152/834/1012
f 1153/835/1013 1152/834/1012 1151/833/1011
f 1155/837/1014 1156/838/1015 1154/836/949
f 1155/837/1014 1154/836/949 1153/835/1013
f 1157/839/1016 1158/840/934 1156/838/1015
f 1157/839/1016 1156/838/1015 1155/837/1014
f 1159/841/1017 1160/842/1018 1158/840/934
f 1159/841/1017 1158/840/934 1157/839/1016
f 1161/843/1019 1162/844/924 1160/842/1018
f 1161/843/1019 1160/842/1018 1159/841/1017
f 1163/845/1020 1164/846/1021 1162/844/924
f 1163/845/1020 1162/844/924 1161/843/1019
f 1165/847/1022 1166/848/901 1164/846/1021
f 1165/847/1022 1164/846/1021 1163/845/1020
f 1167/849/1023 1168/850/893 1166/848/901
f 1167/849/1023 1166/848/901 1165/847/1022
f 1169/851/1024 1170/852/1025 1168/850/893
f 1169/851/1024 1168/850/893 1167/849/1023
f 1171/853/1026 1172/854/875 1170/852/1025
f 1171/853/1026 1170/852/1025 1169/851/1024
f 1173/855/1027 1174/856/1028 1172/854/875
f 1173/855/1027 1172/854/875 1171/853/1026
f 1142/824/1005 1141/823/863 1174/856/1028
f 1142/824/1005 1174/856/1028 1173/855/1027
f 1175/857/1029 1176/858/1029 1177/859/1030
f 1175/857/1029 1177/859/1030 1178/860/1030
f 1179/861/1031 1180/862/1031 1176/858/1029
f 1179/861/1031 1176/858/1029 1175/857/1029
f 1181/863/1032 1182/864/1032 1183/865/1033
f 1181/863/1032 1183/865/1033 1184/866/1031
f 1185/867/1034 1186/868/1034 1182/864/1032
f 1185/867/1034 1182/864/1032 1181/863/1032
f 1187/869/1035 1188/870/1035 1186/868/1034
f 1187/869/1035 1186/868/1034 1185/867/1034
f 1189/871/1036 1190/872/1036 1188/870/1035
f 1189/871/1036 1188/870/1035 1187/869/1035
f 1191/873/1037 1192/874/1038 1190/872/1036
f 1191/873/1037 1190/872/1036 1189/871/1036
f 1193/857/1039 1194/858/1039 1195/862/1037
f 1193/857/1039 1195/862/1037 1196/861/1037
f 1197/875/1040 1198/876/1040 1194/858/1039
f 1197/875/1040 1194/858/1039 1193/857/1039
f 1199/877/1041 1200/878/1041 1198/876/1040
f 1199/877/1041 1198/876/1040 1197/875/1040
f 1201/879/1042 1202/880/1042 1200/878/1041
f 1201/879/1042 1200/878/1041 1199/877/1041
f 1203/871/1043 1204/872/1043 1205/874/1042
f 1203/871/1043 1205/874/1042 1206/873/1042
f 1207/869/1044 1208/870/1044 1204/872/1043
f 1207/869/1044 1204/872/1043 1203/871/1043
f 1209/867/1045 1210/868/1045 1208/870/1044
f 1209/867/1045 1208/870/1044 1207/869/1044
f 1211/863/1046 1212/864/1046 1210/868/1045
f 1211/863/1046 1210/868/1045 1209/867/1045
f 1213/866/1047 1214/865/1047 1212/864/1046
f 1213/866/1047 1212/864/1046 1211/863/1046
f 1215/877/1048 1216/878/1048 1217/880/1049
f 1215/877/1048 1217/880/1049 1218/879/1047
f 1178/860/1030 1177/859/1030 1216/878/1048
f 1178/860/1030 1216/878/1048 1215/877/1048
f 1219/881/1050 1220/882/1051 1221/883/1052
f 1219/881/1050 1221/883/1052 1222/884/1053
f 1222/884/1053 1221/883/1052 1223/885/1054
f 1222/884/1053 1223/885/1054 1224/886/1055
f 1225/887/1056 1226/888/1054 1227/889/1057
f 1225/887/1056 1227/889/1057 1228/890/886
f 1228/890/886 1227/889/1057 1229/891/1058
f 1228/890/886 1229/891/1058 1230/892/1059
f 1230/892/1059 1229/891/1058 1231/893/1060
f 1230/892/1059 1231/893/1060 1232/894/902
f 1232/894/902 1231/893/1060 1233/895/1061
f 1232/894/902 1233/895/1061 1234/896/1062
f 1234/896/1062 1233/895/1061 1235/897/1063
f 1234/896/1062 1235/897/1063 1236/898/1064
f 1237/886/1064 1238/885/1065 1239/883/1066
f 1237/886/1064 1239/883/1066 1240/884/927
f 1240/884/927 1239/883/1066 1241/882/1067
f 1240/884/927 1241/882/1067 1242/899/1068
f 1242/899/1068 1241/882/1067 1243/900/1069
f 1242/899/1068 1243/900/1069 1244/901/943
f 1244/901/943 1243/900/1069 1245/902/1070
f 1244/901/943 1245/902/1070 1246/903/1071
f 1247/898/950 1248/897/1072 1249/895/1073
f 1247/898/950 1249/895/1073 1250/896/1074
f 1250/896/1074 1249/895/1073 1251/893/1075
f 1250/896/1074 1251/893/1075 1252/894/1076
f 1252/894/1076 1251/893/1075 1253/891/1077
f 1252/894/1076 1253/891/1077 1254/892/1078
f 1254/892/1078 1253/891/1077 1255/889/1079
f 1254/892/1078 1255/889/1079 1256/890/1080
f 1256/890/1080 1255/889/1079 1257/888/1081
f 1256/890/1080 1257/888/1081 1258/887/1082
f 1259/903/1083 1260/902/1084 1261/900/1085
f 1259/903/1083 1261/900/1085 1262/901/1001
f 1262/901/1001 1261/900/1085 1220/882/1051
f 1262/901/1001 1220/882/1051 1219/881/1050
f 1263/785/1086 1264/904/1087 1265/905/1088
f 1263/785/1086 1265/905/1088 1266/711/1089
f 1267/793/1090 1268/906/1091 1264/904/1087
f 1267/793/1090 1264/904/1087 1263/785/1086
f 1269/907/1092 1118/812/985 1126/816/992
f 1269/907/1092 1126/816/992 1270/908/1093
f 1271/742/1094 1272/909/1095 1273/910/1096
f 1271/742/1094 1273/910/1096 1274/734/1097
f 1275/750/1098 1276/911/1099 1272/909/1095
f 1275/750/1098 1272/909/1095 1271/742/1094
f 1277/758/1100 1278/912/1101 1276/911/1099
f 1277/758/1100 1276/911/1099 1275/750/1098
f 1279/913/1102 1082/796/951 1094/800/961
f 1279/913/1102 1094/800/961 1280/914/1103
f 1281/785/1104 1282/904/1105 1283/906/1106
f 1281/785/1104 1283/906/1106 1284/793/1107
f 1285/777/1108 1286/915/1109 1282/904/1105
f 1285/777/1108 1282/904/1105 1281/785/1104
f 1287/712/1110 1288/916/1111 1286/915/1109
f 1287/712/1110 1286/915/1109 1285/777/1108
f 1289/722/1112 1290/917/1113 1288/916/1111
f 1289/722/1112 1288/916/1111 1287/712/1110
f 1291/918/1114 1038/761/911 1046/769/918
f 1291/918/1114 1046/769/918 1292/919/1115
f 1293/750/1116 1294/911/1117 1295/912/1118
f 1293/750/1116 1295/912/1118 1296/758/1119
f 1297/742/1120 1298/909/1121 1294/911/1117
f 1297/742/1120 1294/911/1117 1293/750/1116
f 1299/734/1122 1300/910/1123 1298/909/1121
f 1299/734/1122 1298/909/1121 1297/742/1120
f 1301/920/1124 1002/725/877 1014/737/887
f 1301/920/1124 1014/737/887 1302/921/1125
f 1303/712/1126 1304/916/1127 1305/917/1128
f 1303/712/1126 1305/917/1128 1306/722/1129
f 1266/711/1089 1265/905/1088 1304/916/1127
f 1266/711/1089 1304/916/1127 1303/712/1126
f 1307/922/1130 769/564/668 694/510/597
f 1307/922/1130 694/510/597 1308/923/1131
f 1309/924/1132 763/562/663 769/564/668
f 1309/924/1132 769/564/668 1307/922/1130
f 1310/925/1133 759/560/659 763/562/663
f 1310/925/1133 763/562/663 1309/924/1132
f 1311/926/1134 755/558/655 759/560/659
f 1311/926/1134 759/560/659 1310/925/1133
f 1312/927/1135 751/556/651 755/558/655
f 1312/927/1135 755/558/655 1311/926/1134
f 1313/928/1136 747/554/647 751/556/651
f 1313/928/1136 751/556/651 1312/927/1135
f 1314/929/1137 741/552/642 747/554/647
f 1314/929/1137 747/554/647 1313/928/1136
f 1315/930/1138 737/548/638 741/552/642
f 1315/930/1138 741/552/642 1314/929/1137
f 1316/931/1139 733/544/634 737/548/638
f 1316/931/1139 737/548/638 1315/930/1138
f 1317/932/1140 729/541/630 733/544/634
f 1317/932/1140 733/544/634 1316/931/1139
f 1318/933/1141 723/539/625 729/541/630
f 1318/933/1141 729/541/630 1317/932/1140
f 1319/934/1142 719/535/621 723/539/625
f 1319/934/1142 723/539/625 1318/933/1141
f 1320/935/1143 715/531/617 719/535/621
f 1320/935/1143 719/535/621 1319/934/1142
f 1321/936/1144 711/527/613 715/531/617
f 1321/936/1144 715/531/617 1320/935/1143
f 1322/937/1145 707/523/609 711/527/613
f 1322/937/1145 711/527/613 1321/936/1144
f 1323/938/1146 701/517/604 707/523/609
f 1323/938/1146 707/523/609 1322/937/1145
f 1324/939/1147 697/513/600 701/517/604
f 1324/939/1147 701/517/604 1323/938/1146
f 1308/923/1131 694/510/597 697/513/600
f 1308/923/1131 697/513/600 1324/939/1147
f 1129/781/994 1325/940/1148 1326/941/1149
f 1129/781/994 1326/941/1149 980/703/856
f 1128/789/993 1327/942/1150 1325/940/1148
f 1128/789/993 1325/940/1148 1129/781/994
f 1328/943/978 1114/810/981 1122/814/988
f 1328/943/978 1122/814/988 1329/944/993
f 1103/738/970 1330/945/1151 1331/946/1152
f 1103/738/970 1331/946/1152 1111/728/978
f 1095/746/962 1332/947/1153 1330/945/1151
f 1095/746/962 1330/945/1151 1103/738/970
f 1085/754/953 1333/948/1154 1332/947/1153
f 1085/754/953 1332/947/1153 1095/746/962
f 1334/949/1155 1078/792/947 1088/798/956
f 1334/949/1155 1088/798/956 1335/950/1156
f 1067/781/937 1336/940/1157 1337/942/1158
f 1067/781/937 1337/942/1158 1075/789/945
f 1059/703/929 1338/941/1159 1336/940/1157
f 1059/703/929 1336/940/1157 1067/781/937
f 1049/704/920 1339/951/1160 1338/941/1159
f 1049/704/920 1338/941/1159 1059/703/929
f 1048/718/919 1340/952/1161 1339/951/1160
f 1048/718/919 1339/951/1160 1049/704/920
f 1341/953/904 1034/757/907 1042/765/914
f 1341/953/904 1042/765/914 1342/954/919
f 1023/746/896 1343/947/1162 1344/948/1163
f 1023/746/896 1344/948/1163 1031/754/904
f 1015/738/888 1345/945/1164 1343/947/1162
f 1015/738/888 1343/947/1162 1023/746/896
f 1005/728/879 1346/946/1165 1345/945/1164
f 1005/728/879 1345/945/1164 1015/738/888
f 1347/955/1166 998/721/873 1008/731/882
f 1347/955/1166 1008/731/882 1348/956/1167
f 981/704/857 1349/951/1168 1350/952/1169
f 981/704/857 1350/952/1169 995/718/871
f 980/703/856 1326/941/1149 1349/951/1168
f 980/703/856 1349/951/1168 981/704/857
f 1351/957/1170 1352/958/1171 1353/959/1172
f 1351/957/1170 1353/959/1172 1354/960/1173
f 1355/961/1174 1356/962/1175 1352/958/1171
f 1355/961/1174 1352/958/1171 1351/957/1170
f 1357/963/1176 1358/964/1177 1356/962/1175
f 1357/963/1176 1356/962/1175 1355/961/1174
f 1359/965/1178 1360/966/1179 1358/964/1177
f 1359/965/1178 1358/964/1177 1357/963/1176
f 1361/967/1180 1362/968/1181 1360/966/1179
f 1361/967/1180 1360/966/1179 1359/965/1178
f 1363/969/1182 1364/970/1183 1362/968/1181
f 1363/969/1182 1362/968/1181 1361/967/1180
f 1365/971/1184 1366/972/1185 1364/970/1183
f 1365/971/1184 1364/970/1183 1363/969/1182
f 1367/973/1186 1368/974/1187 1366/972/1185
f 1367/973/1186 1366/972/1185 1365/971/1184
f 1369/975/1188 1370/976/1189 1368/974/1187
f 1369/975/1188 1368/974/1187 1367/973/1186
f 1371/977/1190 1372/978/1191 1370/976/1189
f 1371/977/1190 1370/976/1189 1369/975/1188
f 1373/979/1192 1374/980/1193 1372/978/1191
f 1373/979/1192 1372/978/1191 1371/977/1190
f 1375/981/1194 1376/982/1195 1374/980/1193
f 1375/981/1194 1374/980/1193 1373/979/1192
f 1377/983/1196 1378/984/1197 1376/982/1195
f 1377/983/1196 1376/982/1195 1375/981/1194
f 1379/985/1198 1380/986/1199 1378/984/1197
f 1379/985/1198 1378/984/1197 1377/983/1196
f 1381/987/1200 1382/988/1201 1380/986/1199
f 1381/987/1200 1380/986/1199 1379/985/1198
f 1383/989/1202 1384/990/1203 1382/988/1201
f 1383/989/1202 1382/988/1201 1381/987/1200
f 1385/991/1204 1386/992/1205 1384/990/1203
f 1385/991/1204 1384/990/1203 1383/989/1202
f 1354/960/1173 1353/959/1172 1386/992/1205
f 1354/960/1173 1386/992/1205 1385/991/1204
f 892/651/778 806/601/705 809/604/708
f 892/651/778 809/604/708 1387/993/1206
f 896/655/780 895/654/778 1388/994/1207
f 896/655/780 1388/994/1207 1389/995/1208
f 898/657/782 896/655/780 1389/995/1208
f 898/657/782 1389/995/1208 1390/996/1209
f 900/659/784 898/657/782 1390/996/1209
f 900/659/784 1390/996/1209 1391/997/1210
f 902/661/786 900/659/784 1391/997/1210
f 902/661/786 1391/997/1210 1392/998/1211
f 904/663/788 902/661/786 1392/998/1211
f 904/663/788 1392/998/1211 1393/999/1212
f 908/601/791 907/651/790 1394/993/1213
f 908/601/791 1394/993/1213 1395/604/1214
f 910/602/793 908/601/791 1395/604/1214
f 910/602/793 1395/604/1214 1396/603/1215
f 912/664/795 910/602/793 1396/603/1215
f 912/664/795 1396/603/1215 1397/1000/1216
f 914/666/797 912/664/795 1397/1000/1216
f 914/666/797 1397/1000/1216 1398/1001/1217
f 918/661/800 917/663/799 1399/999/1218
f 918/661/800 1399/999/1218 1400/998/1219
f 920/659/802 918/661/800 1400/998/1219
f 920/659/802 1400/998/1219 1401/997/1220
f 922/657/804 920/659/802 1401/997/1220
f 922/657/804 1401/997/1220 1402/996/1221
f 924/655/806 922/657/804 1402/996/1221
f 924/655/806 1402/996/1221 1403/995/1222
f 926/654/808 924/655/806 1403/995/1222
f 926/654/808 1403/995/1222 1404/994/1223
f 929/664/811 928/666/810 1405/1001/1224
f 929/664/811 1405/1001/1224 1406/1000/1225
f 808/603/707 807/602/706 929/664/811
f 808/603/707 929/664/811 1406/1000/1225
f 1407/1002/1226 1408/1003/1227 1409/1004/1228
f 1407/1002/1226 1409/1004/1228 1410/1005/1229
f 1410/1005/1229 1409/1004/1228 1411/1006/1230
f 1410/1005/1229 1411/1006/1230 1412/1007/1231
f 1412/1007/1231 1411/1006/1230 1413/1008/1232
f 1412/1007/1231 1413/1008/1232 1414/1009/1233
f 1414/1009/1233 1413/1008/1232 1415/1010/1234
f 1414/1009/1233 1415/1010/1234 1416/1011/1235
f 1416/1011/1235 1415/1010/1234 1417/1012/1236
f 1416/1011/1235 1417/1012/1236 1418/1013/1237
f 1418/1013/1237 1417/1012/1236 1419/1014/1238
f 1418/1013/1237 1419/1014/1238 1420/1015/1239
f 1420/1015/1239 1419/1014/1238 1421/1016/1240
f 1420/1015/1239 1421/1016/1240 1422/1017/1241
f 1423/1018/1241 1424/1019/1242 1425/1020/1243
f 1423/1018/1241 1425/1020/1243 1426/1021/1244
f 1426/1021/1244 1425/1020/1243 1427/1022/1245
f 1426/1021/1244 1427/1022/1245 1428/1023/1246
f 1428/1023/1246 1427/1022/1245 1429/1024/1247
f 1428/1023/1246 1429/1024/1247 1430/1025/1248
f 1430/1025/1248 1429/1024/1247 1431/1026/1249
f 1430/1025/1248 1431/1026/1249 1432/1027/1250
f 1432/1027/1250 1431/1026/1249 1433/1028/1251
f 1432/1027/1250 1433/1028/1251 1434/1029/1252
f 1435/1030/1253 1436/1031/1254 1437/1032/1255
f 1435/1030/1253 1437/1032/1255 1438/1033/1256
f 1438/1033/1256 1437/1032/1255 1439/1034/1257
f 1438/1033/1256 1439/1034/1257 1440/1035/1258
f 1440/1035/1258 1439/1034/1257 1441/1036/1259
f 1440/1035/1258 1441/1036/1259 1442/1037/1260
f 1442/1037/1260 1441/1036/1259 1443/1038/1261
f 1442/1037/1260 1443/1038/1261 1444/1039/1262
f 1444/1039/1262 1443/1038/1261 1445/1040/1263
f 1444/1039/1262 1445/1040/1263 1446/1041/1264
f 1446/1041/1264 1445/1040/1263 1408/1003/1227
f 1446/1041/1264 1408/1003/1227 1407/1002/1226
f 771/566/670 1447/1042/1265 1448/1043/1266
f 771/566/670 1448/1043/1266 772/567/671
f 1449/1044/1267 1450/1045/1268 1451/1046/1269
f 1449/1044/1267 1451/1046/1269 1452/1047/1270
f 772/567/671 1448/1043/1266 1453/1048/1271
f 772/567/671 1453/1048/1271 774/569/673
f 1452/1047/1270 1451/1046/1269 1454/1049/1272
f 1452/1047/1270 1454/1049/1272 1455/1050/1273
f 774/569/673 1453/1048/1271 1456/1051/1274
f 774/569/673 1456/1051/1274 776/571/675
f 1457/1052/1275 1458/1053/1272 1459/1054/1276
f 1457/1052/1275 1459/1054/1276 1460/1055/1277
f 776/571/675 1456/1051/1274 1461/1056/1278
f 776/571/675 1461/1056/1278 778/573/677
f 1460/1055/1277 1459/1054/1276 1462/1057/1279
f 1460/1055/1277 1462/1057/1279 1463/1058/1280
f 778/573/677 1461/1056/1278 1464/1059/1281
f 778/573/677 1464/1059/1281 780/575/679
f 1463/1058/1280 1462/1057/1279 1465/1060/1282
f 1463/1058/1280 1465/1060/1282 1466/1061/1283
f 780/575/679 1464/1059/1281 1467/1062/1284
f 780/575/679 1467/1062/1284 782/577/681
f 1466/1061/1283 1465/1060/1282 1468/1063/1285
f 1466/1061/1283 1468/1063/1285 1469/1064/1286
f 782/577/681 1467/1062/1284 1470/1065/1287
f 782/577/681 1470/1065/1287 784/579/683
f 1469/1064/1286 1468/1063/1285 1471/1066/1288
f 1469/1064/1286 1471/1066/1288 1472/1067/1289
f 784/579/683 1470/1065/1287 1473/1068/1290
f 784/579/683 1473/1068/1290 786/581/685
f 1474/1050/1291 1475/1049/1288 1476/1046/1292
f 1474/1050/1291 1476/1046/1292 1477/1047/1293
f 786/581/685 1473/1068/1290 1478/1069/1294
f 786/581/685 1478/1069/1294 788/583/687
f 1477/1047/1293 1476/1046/1292 1479/1070/1295
f 1477/1047/1293 1479/1070/1295 1480/1044/1296
f 788/583/687 1478/1069/1294 1481/1071/1297
f 788/583/687 1481/1071/1297 790/585/689
f 1480/1044/1296 1479/1070/1295 1482/1072/1298
f 1480/1044/1296 1482/1072/1298 1483/1073/1299
f 790/585/689 1481/1071/1297 1484/1074/1300
f 790/585/689 1484/1074/1300 792/587/691
f 1483/1073/1299 1482/1072/1298 1485/1075/1301
f 1483/1073/1299 1485/1075/1301 1486/1076/1302
f 792/587/691 1484/1074/1300 1487/1077/1303
f 792/587/691 1487/1077/1303 794/589/693
f 1488/1067/1304 1489/1066/1301 1490/1063/1305
f 1488/1067/1304 1490/1063/1305 1491/1064/1306
f 794/589/693 1487/1077/1303 1492/1078/1307
f 794/589/693 1492/1078/1307 796/591/695
f 1491/1064/1306 1490/1063/1305 1493/1060/1308
f 1491/1064/1306 1493/1060/1308 1494/1061/1309
f 796/591/695 1492/1078/1307 1495/1079/1310
f 796/591/695 1495/1079/1310 798/593/697
f 1494/1061/1309 1493/1060/1308 1496/1057/1311
f 1494/1061/1309 1496/1057/1311 1497/1058/1312
f 798/593/697 1495/1079/1310 1498/1080/1313
f 798/593/697 1498/1080/1313 800/595/699
f 1497/1058/1312 1496/1057/1311 1499/1054/1314
f 1497/1058/1312 1499/1054/1314 1500/1055/1315
f 800/595/699 1498/1080/1313 1501/1081/1316
f 800/595/699 1501/1081/1316 802/597/701
f 1500/1055/1315 1499/1054/1314 1502/1053/1317
f 1500/1055/1315 1502/1053/1317 1503/1052/1318
f 802/597/701 1501/1081/1316 1504/1082/1319
f 802/597/701 1504/1082/1319 804/599/703
f 1505/1076/1320 1506/1075/1317 1507/1072/1321
f 1505/1076/1320 1507/1072/1321 1508/1073/1322
f 804/599/703 1504/1082/1319 1447/1042/1265
f 804/599/703 1447/1042/1265 771/566/670
f 1508/1073/1322 1507/1072/1321 1450/1045/1268
f 1508/1073/1322 1450/1045/1268 1449/1044/1267
f 1509/1083/1323 1510/1084/1324 1511/1085/1325
f 1509/1083/1323 1511/1085/1325 1512/1086/1326
f 1513/1087/1327 1514/1088/1328 1510/1084/1324
f 1513/1087/1327 1510/1084/1324 1509/1083/1323
f 1515/1089/1329 1516/1090/1330 1517/1091/1331
f 1515/1089/1329 1517/1091/1331 1518/1092/1327
f 1519/1093/1332 1520/1094/1333 1516/1090/1330
f 1519/1093/1332 1516/1090/1330 1515/1089/1329
f 1521/1095/1334 1522/1096/1335 1520/1094/1333
f 1521/1095/1334 1520/1094/1333 1519/1093/1332
f 1523/1097/1336 1524/1098/1337 1522/1096/1335
f 1523/1097/1336 1522/1096/1335 1521/1095/1334
f 1525/1099/1338 1526/1100/1339 1524/1098/1337
f 1525/1099/1338 1524/1098/1337 1523/1097/1336
f 1527/1083/1340 1528/1084/1341 1529/1088/1342
f 1527/1083/1340 1529/1088/1342 1530/1087/1343
f 1531/1086/1344 1532/1101/1345 1528/1084/1341
f 1531/1086/1344 1528/1084/1341 1527/1083/1340
f 1533/1102/1346 1534/1103/1347 1532/1101/1345
f 1533/1102/1346 1532/1101/1345 1531/1086/1344
f 1535/1104/1348 1536/1105/1349 1534/1103/1347
f 1535/1104/1348 1534/1103/1347 1533/1102/1346
f 1537/1097/1350 1538/1098/1351 1539/1100/1352
f 1537/1097/1350 1539/1100/1352 1540/1099/1348
f 1541/1095/1353 1542/1096/1354 1538/1098/1351
f 1541/1095/1353 1538/1098/1351 1537/1097/1350
f 1543/1093/1355 1544/1094/1356 1542/1096/1354
f 1543/1093/1355 1542/1096/1354 1541/1095/1353
f 1545/1089/1357 1546/1090/1358 1544/1094/1356
f 1545/1089/1357 1544/1094/1356 1543/1093/1355
f 1547/1092/1359 1548/1091/1360 1546/1090/1358
f 1547/1092/1359 1546/1090/1358 1545/1089/1357
f 1549/1102/1361 1550/1103/1362 1551/1105/1363
f 1549/1102/1361 1551/1105/1363 1552/1104/1364
f 1512/1086/1326 1511/1085/1325 1550/1103/1362
f 1512/1086/1326 1550/1103/1362 1549/1102/1361
f 1553/1106/1365 1354/960/1173 1385/991/1204
f 1553/1106/1365 1385/991/1204 1554/1107/1269
f 1554/1107/1269 1385/991/1204 1383/989/1202
f 1554/1107/1269 1383/989/1202 1555/1108/1272
f 1555/1108/1272 1383/989/1202 1381/987/1200
f 1555/1108/1272 1381/987/1200 1556/1109/1366
f 1556/1109/1366 1381/987/1200 1379/985/1198
f 1556/1109/1366 1379/985/1198 1557/1110/1279
f 1557/1110/1279 1379/985/1198 1377/983/1196
f 1557/1110/1279 1377/983/1196 1558/1111/1367
f 1558/1111/1367 1377/983/1196 1375/981/1194
f 1558/1111/1367 1375/981/1194 1559/1112/1285
f 1559/1112/1285 1375/981/1194 1373/979/1192
f 1559/1112/1285 1373/979/1192 1560/1113/1288
f 1560/1113/1288 1373/979/1192 1371/977/1190
f 1560/1113/1288 1371/977/1190 1561/1114/1292
f 1561/1114/1292 1371/977/1190 1369/975/1188
f 1561/1114/1292 1369/975/1188 1562/1115/1368
f 1562/1115/1368 1369/975/1188 1367/973/1186
f 1562/1115/1368 1367/973/1186 1563/1116/1298
f 1563/1116/1298 1367/973/1186 1365/971/1184
f 1563/1116/1298 1365/971/1184 1564/1117/1301
f 1564/1117/1301 1365/971/1184 1363/969/1182
f 1564/1117/1301 1363/969/1182 1565/1118/1369
f 1565/1118/1369 1363/969/1182 1361/967/1180
f 1565/1118/1369 1361/967/1180 1566/1119/1370
f 1566/1119/1370 1361/967/1180 1359/965/1178
f 1566/1119/1370 1359/965/1178 1567/1120/1371
f 1567/1120/1371 1359/965/1178 1357/963/1176
f 1567/1120/1371 1357/963/1176 1568/1121/1314
f 1568/1121/1314 1357/963/1176 1355/961/1174
f 1568/1121/1314 1355/961/1174 1569/1122/1317
f 1569/1122/1317 1355/961/1174 1351/957/1170
f 1569/1122/1317 1351/957/1170 1570/1123/1321
f 1570/1123/1321 1351/957/1170 1354/960/1173
f 1570/1123/1321 1354/960/1173 1553/1106/1365
f 1571/1084/1372 1572/1124/1373 1573/1125/1374
f 1571/1084/1372 1573/1125/1374 1574/1085/1375
f 1575/1088/1376 1576/1126/1377 1572/1124/1373
f 1575/1088/1376 1572/1124/1373 1571/1084/1372
f 1577/1090/1378 1578/1127/1379 1579/1128/1380
f 1577/1090/1378 1579/1128/1380 1580/1091/1381
f 1581/1094/1382 1582/1129/1383 1578/1127/1379
f 1581/1094/1382 1578/1127/1379 1577/1090/1378
f 1583/1096/1384 1584/1130/1385 1582/1129/1383
f 1583/1096/1384 1582/1129/1383 1581/1094/1382
f 1585/1098/1386 1586/1131/1387 1584/1130/1385
f 1585/1098/1386 1584/1130/1385 1583/1096/1384
f 1587/1100/1388 1588/1132/1389 1586/1131/1387
f 1587/1100/1388 1586/1131/1387 1585/1098/1386
f 1589/1084/1390 1590/1124/1391 1591/1126/1392
f 1589/1084/1390 1591/1126/1392 1592/1088/1393
f 1593/1101/1394 1594/1133/1395 1590/1124/1391
f 1593/1101/1394 1590/1124/1391 1589/1084/1390
f 1595/1103/1396 1596/1134/1397 1594/1133/1395
f 1595/1103/1396 1594/1133/1395 1593/1101/1394
f 1597/1105/1398 1598/1135/1399 1596/1134/1397
f 1597/1105/1398 1596/1134/1397 1595/1103/1396
f 1599/1098/1400 1600/1131/1401 1601/1132/1402
f 1599/1098/1400 1601/1132/1402 1602/1100/1403
f 1603/1096/1404 1604/1130/1405 1600/1131/1401
f 1603/1096/1404 1600/1131/1401 1599/1098/1400
f 1605/1094/1406 1606/1129/1407 1604/1130/1405
f 1605/1094/1406 1604/1130/1405 1603/1096/1404
f 1607/1090/1408 1608/1127/1409 1606/1129/1407
f 1607/1090/1408 1606/1129/1407 1605/1094/1406
f 1609/1091/1410 1610/1128/1411 1608/1127/1409
f 1609/1091/1410 1608/1127/1409 1607/1090/1408
f 1611/1103/1412 1612/1134/1413 1613/1135/1414
f 1611/1103/1412 1613/1135/1414 1614/1105/1415
f 1574/1085/1375 1573/1125/1374 1612/1134/1413
f 1574/1085/1375 1612/1134/1413 1611/1103/1412
f 1408/1003/1227 1615/1136/1416 1616/1137/1417
f 1408/1003/1227 1616/1137/1417 1409/1004/1228
f 1409/1004/1228 1616/1137/1417 1617/1138/1418
f 1409/1004/1228 1617/1138/1418 1411/1006/1230
f 1411/1006/1230 1617/1138/1418 1618/1139/1419
f 1411/1006/1230 1618/1139/1419 1413/1008/1232
f 1413/1008/1232 1618/1139/1419 1619/1140/1420
f 1413/1008/1232 1619/1140/1420 1415/1010/1234
f 1415/1010/1234 1619/1140/1420 1620/1141/1421
f 1415/1010/1234 1620/1141/1421 1417/1012/1236
f 1417/1012/1236 1620/1141/1421 1621/1142/1422
f 1417/1012/1236 1621/1142/1422 1419/1014/1238
f 1419/1014/1238 1621/1142/1422 1622/1143/1423
f 1419/1014/1238 1622/1143/1423 1421/1016/1240
f 1421/1016/1240 1622/1143/1423 1623/1144/1424
f 1421/1016/1240 1623/1144/1424 1624/1145/1243
f 1624/1145/1243 1623/1144/1424 1625/1146/1425
f 1624/1145/1243 1625/1146/1425 1626/1147/1245
f 1626/1147/1245 1625/1146/1425 1627/1148/1426
f 1626/1147/1245 1627/1148/1426 1628/1149/1247
f 1628/1149/1247 1627/1148/1426 1629/1150/1427
f 1628/1149/1247 1629/1150/1427 1630/1151/1428
f 1630/1151/1428 1629/1150/1427 1631/1152/1429
f 1630/1151/1428 1631/1152/1429 1436/1031/1254
f 1436/1031/1254 1631/1152/1429 1632/1153/1430
f 1436/1031/1254 1632/1153/1430 1437/1032/1255
f 1437/1032/1255 1632/1153/1430 1633/1154/1431
f 1437/1032/1255 1633/1154/1431 1439/1034/1257
f 1439/1034/1257 1633/1154/1431 1634/1155/1432
f 1439/1034/1257 1634/1155/1432 1441/1036/1259
f 1441/1036/1259 1634/1155/1432 1635/1156/1433
f 1441/1036/1259 1635/1156/1433 1443/1038/1261
f 1443/1038/1261 1635/1156/1433 1636/1157/1434
f 1443/1038/1261 1636/1157/1434 1445/1040/1263
f 1445/1040/1263 1636/1157/1434 1615/1136/1416
f 1445/1040/1263 1615/1136/1416 1408/1003/1227
f 1637/1136/1435 1638/1158/1435 1639/1159/1436
f 1637/1136/1435 1639/1159/1436 1640/1137/1436
f 1640/1137/1436 1639/1159/1436 1641/1160/1437
f 1640/1137/1436 1641/1160/1437 1642/1138/1437
f 1642/1138/1437 1641/1160/1437 1643/1161/1438
f 1642/1138/1437 1643/1161/1438 1644/1139/1438
f 1644/1139/1438 1643/1161/1438 1645/1162/1439
f 1644/1139/1438 1645/1162/1439 1646/1140/1439
f 1646/1140/1439 1645/1162/1439 1647/1163/1440
f 1646/1140/1439 1647/1163/1440 1648/1141/1440
f 1648/1141/1440 1647/1163/1440 1649/1164/1441
f 1648/1141/1440 1649/1164/1441 1650/1142/1441
f 1650/1142/1441 1649/1164/1441 1651/1165/1442
f 1650/1142/1441 1651/1165/1442 1652/1143/1442
f 1652/1143/1442 1651/1165/1442 1653/1166/1443
f 1652/1143/1442 1653/1166/1443 1654/1144/1443
f 1654/1144/1443 1653/1166/1443 1655/1167/1444
f 1654/1144/1443 1655/1167/1444 1656/1146/1444
f 1656/1146/1444 1655/1167/1444 1657/1168/1445
f 1656/1146/1444 1657/1168/1445 1658/1148/1445
f 1658/1148/1445 1657/1168/1445 1659/1169/1446
f 1658/1148/1445 1659/1169/1446 1660/1150/1446
f 1660/1150/1446 1659/1169/1446 1661/1170/1447
f 1660/1150/1446 1661/1170/1447 1662/1152/1447
f 1662/1152/1447 1661/1170/1447 1663/1171/1448
f 1662/1152/1447 1663/1171/1448 1664/1153/1448
f 1664/1153/1448 1663/1171/1448 1665/1172/1449
f 1664/1153/1448 1665/1172/1449 1666/1154/1449
f 1666/1154/1449 1665/1172/1449 1667/1173/1450
f 1666/1154/1449 1667/1173/1450 1668/1155/1450
f 1668/1155/1450 1667/1173/1450 1669/1174/1451
f 1668/1155/1450 1669/1174/1451 1670/1156/1451
f 1670/1156/1451 1669/1174/1451 1671/1175/1452
f 1670/1156/1451 1671/1175/1452 1672/1157/1452
f 1672/1157/1452 1671/1175/1452 1638/1158/1435
f 1672/1157/1452 1638/1158/1435 1637/1136/1435
f 1673/707/1453 1674/1176/1454 1675/1177/1455
f 1673/707/1453 1675/1177/1455 1676/708/1456
f 1674/1176/1454 1142/824/1005 1173/855/1027
f 1674/1176/1454 1173/855/1027 1675/1177/1455
f 1676/708/1456 1675/1177/1455 1677/1178/1457
f 1676/708/1456 1677/1178/1457 1678/720/1458
f 1675/1177/1455 1173/855/1027 1171/853/1026
f 1675/1177/1455 1171/853/1026 1677/1178/1457
f 1678/720/1458 1677/1178/1457 1679/1179/1459
f 1678/720/1458 1679/1179/1459 1680/730/1460
f 1677/1178/1457 1171/853/1026 1169/851/1024
f 1677/1178/1457 1169/851/1024 1679/1179/1459
f 1680/730/1460 1679/1179/1459 1681/1180/1461
f 1680/730/1460 1681/1180/1461 1682/740/1462
f 1679/1179/1459 1169/851/1024 1167/849/1023
f 1679/1179/1459 1167/849/1023 1681/1180/1461
f 1682/740/1462 1681/1180/1461 1683/1181/1463
f 1682/740/1462 1683/1181/1463 1684/748/1464
f 1681/1180/1461 1167/849/1023 1165/847/1022
f 1681/1180/1461 1165/847/1022 1683/1181/1463
f 1684/748/1464 1683/1181/1463 1685/1182/1465
f 1684/748/1464 1685/1182/1465 1686/756/1466
f 1683/1181/1463 1165/847/1022 1163/845/1020
f 1683/1181/1463 1163/845/1020 1685/1182/1465
f 1686/756/1466 1685/1182/1465 1687/1183/1467
f 1686/756/1466 1687/1183/1467 1688/764/1468
f 1685/1182/1465 1163/845/1020 1161/843/1019
f 1685/1182/1465 1161/843/1019 1687/1183/1467
f 1688/764/1468 1687/1183/1467 1689/1184/1469
f 1688/764/1468 1689/1184/1469 1690/770/1470
f 1687/1183/1467 1161/843/1019 1159/841/1017
f 1687/1183/1467 1159/841/1017 1689/1184/1469
f 1690/770/1470 1689/1184/1469 1691/1185/1471
f 1690/770/1470 1691/1185/1471 1692/775/1472
f 1689/1184/1469 1159/841/1017 1157/839/1016
f 1689/1184/1469 1157/839/1016 1691/1185/1471
f 1692/775/1472 1691/1185/1471 1693/1186/1473
f 1692/775/1472 1693/1186/1473 1694/783/1474
f 1691/1185/1471 1157/839/1016 1155/837/1014
f 1691/1185/1471 1155/837/1014 1693/1186/1473
f 1694/783/1474 1693/1186/1473 1695/1187/1475
f 1694/783/1474 1695/1187/1475 1696/791/1476
f 1693/1186/1473 1155/837/1014 1153/835/1013
f 1693/1186/1473 1153/835/1013 1695/1187/1475
f 1696/791/1476 1695/1187/1475 1697/1188/1477
f 1696/791/1476 1697/1188/1477 1698/797/1478
f 1695/1187/1475 1153/835/1013 1151/833/1011
f 1695/1187/1475 1151/833/1011 1697/1188/1477
f 1698/797/1478 1697/1188/1477 1699/1189/1479
f 1698/797/1478 1699/1189/1479 1700/801/1480
f 1697/1188/1477 1151/833/1011 1149/831/1010
f 1697/1188/1477 1149/831/1010 1699/1189/1479
f 1700/801/1480 1699/1189/1479 1701/1190/1481
f 1700/801/1480 1701/1190/1481 1702/805/1482
f 1699/1189/1479 1149/831/1010 1147/829/1009
f 1699/1189/1479 1147/829/1009 1701/1190/1481
f 1702/805/1482 1701/1190/1481 1703/1191/1483
f 1702/805/1482 1703/1191/1483 1704/809/1484
f 1701/1190/1481 1147/829/1009 1145/827/1007
f 1701/1190/1481 1145/827/1007 1703/1191/1483
f 1704/809/1484 1703/1191/1483 1705/1192/1485
f 1704/809/1484 1705/1192/1485 1706/813/1486
f 1703/1191/1483 1145/827/1007 1143/825/1006
f 1703/1191/1483 1143/825/1006 1705/1192/1485
f 1706/813/1486 1705/1192/1485 1707/1193/1487
f 1706/813/1486 1707/1193/1487 1708/817/1488
f 1705/1192/1485 1143/825/1006 1139/821/1003
f 1705/1192/1485 1139/821/1003 1707/1193/1487
f 1708/817/1488 1707/1193/1487 1674/1176/1454
f 1708/817/1488 1674/1176/1454 1673/707/1453
f 1707/1193/1487 1139/821/1003 1142/824/1005
f 1707/1193/1487 1142/824/1005 1674/1176/1454
f 1709/1194/1489 639/439/554 564/399/482
f 1709/1194/1489 564/399/482 1710/1195/479
f 1711/1196/1490 636/443/551 639/439/554
f 1711/1196/1490 639/439/554 1709/1194/1489
f 1712/1197/1491 629/412/544 633/409/548
f 1712/1197/1491 633/409/548 1713/1198/1492
f 1714/1199/1493 625/416/540 629/412/544
f 1714/1199/1493 629/412/544 1712/1197/1491
f 1715/1200/1494 621/420/536 625/416/540
f 1715/1200/1494 625/416/540 1714/1199/1493
f 1716/1201/1495 617/424/532 621/420/536
f 1716/1201/1495 621/420/536 1715/1200/1494
f 1717/1202/1496 614/428/530 617/424/532
f 1717/1202/1496 617/424/532 1716/1201/1495
f 1718/1194/1497 607/439/523 611/443/527
f 1718/1194/1497 611/443/527 1719/1196/1498
f 1720/1203/1499 603/435/519 607/439/523
f 1720/1203/1499 607/439/523 1718/1194/1497
f 1721/1204/1500 599/432/515 603/435/519
f 1721/1204/1500 603/435/519 1720/1203/1499
f 1722/1205/1501 596/406/512 599/432/515
f 1722/1205/1501 599/432/515 1721/1204/1500
f 1723/1201/1502 589/424/505 593/428/509
f 1723/1201/1502 593/428/509 1724/1202/1503
f 1725/1200/1504 585/420/501 589/424/505
f 1725/1200/1504 589/424/505 1723/1201/1502
f 1726/1199/1505 581/416/497 585/420/501
f 1726/1199/1505 585/420/501 1725/1200/1504
f 1727/1197/1506 577/412/493 581/416/497
f 1727/1197/1506 581/416/497 1726/1199/1505
f 1728/1198/486 574/409/489 577/412/493
f 1728/1198/486 577/412/493 1727/1197/1506
f 1729/1204/1507 567/402/485 571/406/489
f 1729/1204/1507 571/406/489 1730/1205/486
f 1710/1195/479 564/399/482 567/402/485
f 1710/1195/479 567/402/485 1729/1204/1507
f 1731/1206/1508 1732/1207/1509 1733/1208/1510
f 1731/1206/1508 1733/1208/1510 1734/1209/1511
f 1735/1210/1512 1736/1211/1513 1732/1207/1509
f 1735/1210/1512 1732/1207/1509 1731/1206/1508
f 1737/1212/1514 1738/1213/1515 1739/1214/1513
f 1737/1212/1514 1739/1214/1513 1740/1215/1516
f 1741/1216/1517 1742/1217/1518 1738/1213/1515
f 1741/1216/1517 1738/1213/1515 1737/1212/1514
f 1743/1218/1519 1744/1219/1520 1742/1217/1518
f 1743/1218/1519 1742/1217/1518 1741/1216/1517
f 1745/1220/1521 1746/1221/1522 1744/1219/1520
f 1745/1220/1521 1744/1219/1520 1743/1218/1519
f 1747/1222/1523 1748/1223/1524 1746/1221/1522
f 1747/1222/1523 1746/1221/1522 1745/1220/1521
f 1749/1206/1525 1750/1207/1526 1751/1211/1524
f 1749/1206/1525 1751/1211/1524 1752/1210/1527
f 1753/1224/1528 1754/1225/1529 1750/1207/1526
f 1753/1224/1528 1750/1207/1526 1749/1206/1525
f 1755/1226/1530 1756/1227/1531 1754/1225/1529
f 1755/1226/1530 1754/1225/1529 1753/1224/1528
f 1757/1228/1532 1758/1229/1533 1756/1227/1531
f 1757/1228/1532 1756/1227/1531 1755/1226/1530
f 1759/1220/1534 1760/1221/1535 1761/1223/1533
f 1759/1220/1534 1761/1223/1533 1762/1222/1536
f 1763/1218/1537 1764/1219/1538 1760/1221/1535
f 1763/1218/1537 1760/1221/1535 1759/1220/1534
f 1765/1216/1539 1766/1217/1540 1764/1219/1538
f 1765/1216/1539 1764/1219/1538 1763/1218/1537
f 1767/1212/1541 1768/1213/1542 1766/1217/1540
f 1767/1212/1541 1766/1217/1540 1765/1216/1539
f 1769/1215/1543 1770/1214/1544 1768/1213/1542
f 1769/1215/1543 1768/1213/1542 1767/1212/1541
f 1771/1226/1545 1772/1227/1546 1773/1229/1544
f 1771/1226/1545 1773/1229/1544 1774/1228/1547
f 1734/1209/1511 1733/1208/1510 1772/1227/1546
f 1734/1209/1511 1772/1227/1546 1771/1226/1545
f 1775/1230/1548 1776/1231/1549 1777/1232/1550
f 1775/1230/1548 1777/1232/1550 1778/1233/1551
f 1776/1231/1549 1779/1234/1552 1780/1235/453
f 1776/1231/1549 1780/1235/453 1777/1232/1550
f 1779/1234/1552 1781/1236/1553 1782/1237/1554
f 1779/1234/1552 1782/1237/1554 1780/1235/453
f 1781/1236/1553 1783/1238/1555 1784/1239/394
f 1781/1236/1553 1784/1239/394 1782/1237/1554
f 1783/1238/1555 1785/1240/1556 1786/1241/373
f 1783/1238/1555 1786/1241/373 1784/1239/394
f 1785/1240/1556 1787/1242/1557 1788/1243/1558
f 1785/1240/1556 1788/1243/1558 1786/1241/373
f 1787/1242/1557 1789/1244/1559 1790/1245/1560
f 1787/1242/1557 1790/1245/1560 1788/1243/1558
f 1789/1244/1559 1791/1246/1561 1792/1247/1562
f 1789/1244/1559 1792/1247/1562 1790/1245/1560
f 1791/1246/1561 305/262/261 304/261/260
f 1791/1246/1561 304/261/260 1792/1247/1562
f 329/276/279 328/275/278 270/16/229
f 329/276/279 270/16/229 273/19/232
f 306/263/262 1793/1248/1563 1794/1249/230
f 306/263/262 1794/1249/230 307/264/263
f 1793/1248/1563 1795/1250/1564 1796/1251/1565
f 1793/1248/1563 1796/1251/1565 1794/1249/230
f 1795/1250/1564 1797/1252/1566 1798/1253/142
f 1795/1250/1564 1798/1253/142 1796/1251/1565
f 1797/1252/1566 1799/1254/1567 1800/1255/113
f 1797/1252/1566 1800/1255/113 1798/1253/142
f 1799/1254/1567 1801/1256/1568 1802/1257/1569
f 1799/1254/1567 1802/1257/1569 1800/1255/113
f 1801/1256/1568 1803/1258/1570 1804/1259/1571
f 1801/1256/1568 1804/1259/1571 1802/1257/1569
f 1803/1258/1570 1805/1260/1572 1806/1261/1573
f 1803/1258/1570 1806/1261/1573 1804/1259/1571
f 1805/1260/1572 1775/1230/1548 1778/1233/1551
f 1805/1260/1572 1778/1233/1551 1806/1261/1573
f 1807/1262/1574 1808/1263/1575 656/472/559
f 1807/1262/1574 656/472/559 688/504/591
f 1809/1264/1576 1807/1262/1574 688/504/591
f 1809/1264/1576 688/504/591 686/502/589
f 1810/1265/1577 1809/1264/1576 686/502/589
f 1810/1265/1577 686/502/589 684/500/587
f 1811/1266/1578 1810/1265/1577 684/500/587
f 1811/1266/1578 684/500/587 682/498/585
f 1812/1267/1579 1811/1266/1578 682/498/585
f 1812/1267/1579 682/498/585 680/496/583
f 1813/1268/1580 1812/1267/1579 680/496/583
f 1813/1268/1580 680/496/583 677/493/580
f 290/251/248 1813/1268/1580 677/493/580
f 290/251/248 677/493/580 291/252/249
f 1814/1269/1581 289/250/247 288/249/246
f 1814/1269/1581 288/249/246 674/490/577
f 1815/1270/1582 1814/1269/1581 674/490/577
f 1815/1270/1582 674/490/577 672/488/575
f 1816/1271/1583 1815/1270/1582 672/488/575
f 1816/1271/1583 672/488/575 670/486/573
f 1817/1272/1584 1816/1271/1583 670/486/573
f 1817/1272/1584 670/486/573 668/484/571
f 1818/1273/1585 1817/1272/1584 668/484/571
f 1818/1273/1585 668/484/571 666/482/569
f 1819/1274/1586 1818/1273/1585 666/482/569
f 1819/1274/1586 666/482/569 664/480/567
f 1820/1275/1587 1819/1274/1586 664/480/567
f 1820/1275/1587 664/480/567 662/478/565
f 1821/1276/1588 1820/1275/1587 662/478/565
f 1821/1276/1588 662/478/565 660/476/563
f 1822/1277/1589 1821/1276/1588 660/476/563
f 1822/1277/1589 660/476/563 657/473/560
f 1808/1263/1575 1822/1277/1589 657/473/560
f 1808/1263/1575 657/473/560 656/472/559
f 676/492/579 288/249/246 291/252/249
f 676/492/579 291/252/249 679/495/582
f 1823/1278/1590 1824/1279/1590 1825/1280/1590
f 1823/1278/1590 1825/1280/1590 1826/1281/1590
f 1827/1282/771 1828/1283/771 1829/1284/771
f 1827/1282/771 1829/1284/771 1830/1285/771
f 1831/1286/1591 1832/1287/1591 1833/1288/1591
f 1831/1286/1591 1833/1288/1591 1834/1289/1591
f 1835/1290/1592 1836/1291/1592 1837/1292/1592
f 1835/1290/1592 1837/1292/1592 1838/1293/1592
f 1839/1294/771 1840/1282/771 1841/1285/771
f 1839/1294/771 1841/1285/771 1842/1295/771
f 1843/1296/1590 1844/1297/1590 1845/1298/1590
f 1843/1296/1590 1845/1298/1590 1846/1299/1590
f 1847/1300/1590 1848/1286/1590 1849/1289/1590
f 1847/1300/1590 1849/1289/1590 1850/1301/1590
f 1851/1302/770 1852/1290/770 1853/1293/770
f 1851/1302/770 1853/1293/770 1854/1303/770
f 1855/1304/1591 1856/1296/1591 1857/1299/1591
f 1855/1304/1591 1857/1299/1591 1858/1305/1591
f 1824/1279/1590 1859/1306/1590 1860/1307/1590
f 1824/1279/1590 1860/1307/1590 1825/1280/1590
f 1861/1283/770 1862/1302/770 1863/1303/770
f 1861/1283/770 1863/1303/770 1864/1284/770
f 1865/1291/1593 1866/1294/1593 1867/1295/1593
f 1865/1291/1593 1867/1295/1593 1868/1292/1593
f 1869/1308/1591 1870/1304/1591 1871/1305/1591
f 1869/1308/1591 1871/1305/1591 1872/1309/1591
f 54/54/46 92/92/78 74/74/62
f 92/92/78 54/54/46 110/110/93
f 110/110/93 54/54/46 36/36/30
f 110/110/93 36/36/30 126/126/108
f 126/126/108 36/36/30 4/4/2
f 126/126/108 4/4/2 142/142/122
f 142/142/122 4/4/2 7/7/5
f 142/142/122 7/7/5 162/154/137
f 162/154/137 7/7/5 300/257/257
f 162/154/137 300/257/257 178/167/151
f 178/167/151 300/257/257 282/243/241
f 178/167/151 282/243/241 194/183/165
f 194/183/165 282/243/241 264/233/224
f 194/183/165 264/233/224 210/199/179
f 210/199/179 264/233/224 246/223/209
f 210/199/179 246/223/209 230/211/195
f 1878/638/1590 1876/644/1590 1877/648/1590
f 1876/644/1590 1878/638/1590 1875/640/1590
f 1875/640/1590 1878/638/1590 1879/637/1590
f 1875/640/1590 1879/637/1590 1874/633/1590
f 1874/633/1590 1879/637/1590 1880/642/1590
f 1874/633/1590 1880/642/1590 1873/634/1590
f 1873/634/1590 1880/642/1590 1881/646/1590
f 1873/634/1590 1881/646/1590 1890/645/1590
f 1890/645/1590 1881/646/1590 1882/273/1590
f 1890/645/1590 1882/273/1590 1889/641/1590
f 1889/641/1590 1882/273/1590 1883/272/1590
f 1889/641/1590 1883/272/1590 1888/635/1590
f 1888/635/1590 1883/272/1590 1884/639/1590
f 1888/635/1590 1884/639/1590 1887/636/1590
f 1887/636/1590 1884/639/1590 1885/643/1590
f 1887/636/1590 1885/643/1590 1886/647/1590
f 3/3/1 1899/1310/1 1900/1311/1
f 1899/1310/1 3/3/1 1896/1312/1
f 1896/1312/1 3/3/1 2/2/1
f 1896/1312/1 1894/1313/1 1895/1314/1
f 1894/1313/1 1896/1312/1 2/2/1
f 1894/1313/1 2/2/1 1893/1315/1
f 1893/1315/1 2/2/1 1891/1316/1
f 1893/1315/1 1891/1316/1 1892/1317/1
f 1899/1310/1 1897/1318/1 1898/1319/1
f 1897/1318/1 1899/1310/1 1896/1312/1
f 1906/1312/1594 1904/1319/1594 1905/1318/1594
f 1904/1319/1594 1906/1312/1594 1903/1310/1594
f 1908/1313/1594 1906/1312/1594 1907/1314/1594
f 1906/1312/1594 1908/1313/1594 1912/2/1594
f 1912/2/1594 1908/1313/1594 1909/1315/1594
f 1912/2/1594 1909/1315/1594 1911/1316/1594
f 1911/1316/1594 1909/1315/1594 1910/1317/1594
f 1903/1310/1594 1901/1/1594 1902/1311/1594
f 1901/1/1594 1903/1310/1594 1906/1312/1594
f 1901/1/1594 1906/1312/1594 1912/2/1594
