# Blender 5.2.0 LTS
# www.blender.org
mtllib Pawn_W1_Material_007_0.mtl
o Pawn_W1_Material_007_0.001
v -0.397870 -3.346834 -1.093139
v -0.465746 -3.279927 -1.279628
v 0.000000 -3.279927 -1.361751
v 0.000000 -3.346834 -1.163294
v -0.467012 -3.023520 -1.283105
v -0.346973 -3.027947 -0.953300
v -0.000000 -3.027947 -1.014480
v 0.000000 -3.023519 -1.365452
v -0.209410 -1.319863 -0.575350
v -0.194412 -1.033354 -0.534142
v -0.000000 -1.033354 -0.568422
v -0.000000 -1.319862 -0.612274
v -0.184947 -0.686005 -0.508138
v -0.000000 -0.686005 -0.540750
v -0.188808 -0.321431 -0.518745
v -0.000000 -0.321431 -0.552037
v -0.303843 -0.044809 -0.834802
v -0.309502 0.063155 -0.850350
v -0.000000 0.063155 -0.904924
v -0.000000 -0.044809 -0.888378
v -0.297384 0.656087 -0.817056
v -0.290124 0.821172 -0.797109
v 0.000000 0.821173 -0.848265
v -0.000000 0.656087 -0.869493
v -0.142236 1.292588 -0.390791
v -0.083260 1.348880 -0.228755
v -0.000000 1.348880 -0.243436
v -0.000000 1.292588 -0.415871
v -0.747751 -3.346834 -0.891135
v -0.875317 -3.279927 -1.043162
v -0.877695 -3.023520 -1.045997
v -0.652095 -3.027947 -0.777137
v -0.393562 -1.319863 -0.469029
v -0.365374 -1.033354 -0.435436
v -0.347587 -0.686005 -0.414238
v -0.354842 -0.321431 -0.422885
v -0.571038 -0.044809 -0.680537
v -0.581674 0.063155 -0.693212
v -0.558899 0.656087 -0.666070
v -0.545254 0.821172 -0.649809
v -0.267317 1.292588 -0.318576
v -0.156478 1.348880 -0.186483
v -1.007442 -3.346834 -0.581647
v -1.179311 -3.279927 -0.680876
v -1.182516 -3.023520 -0.682726
v -0.878566 -3.027947 -0.507240
v -0.530245 -1.319863 -0.306137
v -0.492267 -1.033354 -0.284211
v -0.365374 -1.033354 -0.435436
v -0.393562 -1.319863 -0.469029
v -0.468303 -0.686005 -0.270375
v -0.347587 -0.686005 -0.414238
v -0.478078 -0.321431 -0.276018
v -0.354842 -0.321431 -0.422885
v -0.769358 -0.044809 -0.444189
v -0.783687 0.063155 -0.452462
v -0.753003 0.656087 -0.434746
v -0.734619 0.821172 -0.424133
v -0.360155 1.292588 -0.207936
v -0.210822 1.348880 -0.121718
v -1.145621 -3.346834 -0.202004
v -1.341063 -3.279927 -0.236466
v -1.344707 -3.023520 -0.237108
v -0.999068 -3.027947 -0.176163
v -0.602972 -1.319863 -0.106320
v -0.559786 -1.033354 -0.098705
v -0.532534 -0.686005 -0.093900
v -0.543650 -0.321431 -0.095860
v -0.874881 -0.044809 -0.154265
v -0.891176 0.063155 -0.157138
v -0.856283 0.656087 -0.150986
v -0.835378 0.821172 -0.147300
v -0.409553 1.292588 -0.072215
v -0.239737 1.348880 -0.042272
v -1.145621 -3.346834 0.202004
v -1.341063 -3.279927 0.236466
v -1.344707 -3.023520 0.237108
v -0.999068 -3.027947 0.176163
v -0.602972 -1.319863 0.106320
v -0.559786 -1.033354 0.098705
v -0.532534 -0.686005 0.093900
v -0.543650 -0.321431 0.095860
v -0.874881 -0.044809 0.154265
v -0.891176 0.063155 0.157138
v -0.891176 0.063155 -0.157138
v -0.874881 -0.044809 -0.154265
v -0.856283 0.656087 0.150986
v -0.835378 0.821172 0.147300
v -0.409553 1.292588 0.072215
v -0.239737 1.348880 0.042272
v -1.007442 -3.346834 0.581647
v -1.179311 -3.279927 0.680876
v -1.182516 -3.023520 0.682726
v -0.878566 -3.027947 0.507240
v -0.530245 -1.319863 0.306137
v -0.492267 -1.033354 0.284211
v -0.468303 -0.686005 0.270375
v -0.478078 -0.321431 0.276018
v -0.769358 -0.044809 0.444189
v -0.783687 0.063155 0.452462
v -0.753003 0.656087 0.434746
v -0.734619 0.821172 0.424133
v -0.360155 1.292588 0.207936
v -0.210822 1.348880 0.121718
v -0.747751 -3.346834 0.891135
v -0.875317 -3.279927 1.043162
v -0.877695 -3.023520 1.045997
v -0.652095 -3.027947 0.777137
v -0.393562 -1.319863 0.469029
v -0.365374 -1.033354 0.435436
v -0.347587 -0.686005 0.414238
v -0.354842 -0.321431 0.422885
v -0.571038 -0.044809 0.680537
v -0.581674 0.063155 0.693212
v -0.558899 0.656087 0.666070
v -0.545254 0.821172 0.649809
v -0.267317 1.292588 0.318576
v -0.156478 1.348880 0.186483
v -0.397870 -3.346834 1.093139
v -0.465746 -3.279927 1.279628
v -0.467012 -3.023520 1.283105
v -0.346973 -3.027947 0.953300
v -0.209410 -1.319863 0.575350
v -0.194412 -1.033354 0.534142
v -0.365374 -1.033354 0.435436
v -0.393562 -1.319863 0.469029
v -0.184947 -0.686005 0.508138
v -0.347587 -0.686005 0.414238
v -0.188808 -0.321431 0.518745
v -0.354842 -0.321431 0.422885
v -0.303843 -0.044809 0.834802
v -0.309502 0.063155 0.850350
v -0.297384 0.656087 0.817056
v -0.290124 0.821172 0.797109
v -0.142236 1.292588 0.390791
v -0.083260 1.348880 0.228755
v 0.000000 -3.346834 1.163294
v 0.000000 -3.279927 1.361751
v 0.000000 -3.023520 1.365452
v -0.000000 -3.027947 1.014480
v -0.000000 -1.319863 0.612274
v -0.000000 -1.033354 0.568422
v -0.000000 -0.686005 0.540750
v -0.000000 -0.321431 0.552037
v -0.000000 -0.044809 0.888378
v -0.000000 0.063155 0.904924
v -0.000000 0.656087 0.869493
v 0.000000 0.821172 0.848265
v -0.000000 1.292588 0.415871
v -0.000000 1.348880 0.243436
v 0.397870 -3.346834 1.093139
v 0.465746 -3.279927 1.279628
v 0.467012 -3.023520 1.283105
v 0.346973 -3.027947 0.953300
v 0.209410 -1.319863 0.575350
v 0.194412 -1.033354 0.534142
v 0.184947 -0.686005 0.508138
v 0.188808 -0.321431 0.518745
v 0.303843 -0.044809 0.834802
v 0.309502 0.063155 0.850350
v 0.297384 0.656087 0.817056
v 0.290124 0.821172 0.797109
v 0.000000 0.821172 0.848265
v -0.000000 0.656087 0.869493
v 0.142236 1.292588 0.390791
v 0.083260 1.348880 0.228755
v -0.000000 1.348880 0.243436
v -0.000000 1.292588 0.415871
v 0.747751 -3.346834 0.891135
v 0.875317 -3.279927 1.043162
v 0.877695 -3.023520 1.045997
v 0.652095 -3.027947 0.777137
v 0.393562 -1.319863 0.469029
v 0.365374 -1.033354 0.435436
v 0.347587 -0.686005 0.414238
v 0.354842 -0.321431 0.422885
v 0.571038 -0.044809 0.680537
v 0.581674 0.063155 0.693212
v 0.309502 0.063155 0.850350
v 0.303843 -0.044809 0.834802
v 0.558899 0.656087 0.666070
v 0.545254 0.821172 0.649809
v 0.267317 1.292588 0.318576
v 0.156478 1.348880 0.186483
v 1.007442 -3.346834 0.581647
v 1.179311 -3.279927 0.680876
v 1.182516 -3.023520 0.682726
v 0.878566 -3.027947 0.507240
v 0.530245 -1.319863 0.306137
v 0.492267 -1.033354 0.284211
v 0.365374 -1.033354 0.435436
v 0.393562 -1.319863 0.469029
v 0.468303 -0.686005 0.270375
v 0.347587 -0.686005 0.414238
v 0.478078 -0.321431 0.276018
v 0.354842 -0.321431 0.422885
v 0.769358 -0.044809 0.444189
v 0.783687 0.063155 0.452462
v 0.753003 0.656087 0.434746
v 0.734619 0.821172 0.424133
v 0.360155 1.292588 0.207936
v 0.210822 1.348880 0.121718
v 1.145621 -3.346834 0.202004
v 1.341063 -3.279927 0.236466
v 1.344707 -3.023520 0.237108
v 0.999068 -3.027947 0.176163
v 0.602972 -1.319863 0.106320
v 0.559786 -1.033354 0.098705
v 0.532534 -0.686005 0.093900
v 0.543650 -0.321431 0.095860
v 0.874881 -0.044809 0.154265
v 0.891176 0.063155 0.157138
v 0.856283 0.656087 0.150986
v 0.835378 0.821172 0.147300
v 0.409553 1.292588 0.072215
v 0.239737 1.348880 0.042272
v 1.145621 -3.346834 -0.202004
v 1.341063 -3.279927 -0.236466
v 1.344707 -3.023520 -0.237108
v 0.999068 -3.027947 -0.176163
v 0.602972 -1.319863 -0.106320
v 0.559786 -1.033354 -0.098705
v 0.532534 -0.686005 -0.093900
v 0.543650 -0.321431 -0.095860
v 0.874881 -0.044809 -0.154265
v 0.891176 0.063155 -0.157138
v 0.856283 0.656087 -0.150986
v 0.835378 0.821172 -0.147300
v 0.409553 1.292588 -0.072215
v 0.239737 1.348880 -0.042272
v 1.007442 -3.346834 -0.581647
v 1.179311 -3.279927 -0.680876
v 1.182516 -3.023520 -0.682726
v 0.878566 -3.027947 -0.507240
v 0.530245 -1.319863 -0.306137
v 0.492267 -1.033354 -0.284211
v 0.468303 -0.686005 -0.270375
v 0.478078 -0.321431 -0.276018
v 0.769358 -0.044809 -0.444189
v 0.783687 0.063155 -0.452462
v 0.753003 0.656087 -0.434746
v 0.734619 0.821172 -0.424133
v 0.360155 1.292588 -0.207936
v 0.210822 1.348880 -0.121718
v 0.747751 -3.346834 -0.891135
v 0.875317 -3.279927 -1.043162
v 0.877695 -3.023520 -1.045997
v 0.652095 -3.027947 -0.777137
v 0.393562 -1.319863 -0.469029
v 0.365374 -1.033354 -0.435436
v 0.347587 -0.686005 -0.414238
v 0.354842 -0.321431 -0.422885
v 0.571038 -0.044809 -0.680537
v 0.581674 0.063155 -0.693212
v 0.558899 0.656087 -0.666070
v 0.545254 0.821172 -0.649809
v 0.267317 1.292588 -0.318576
v 0.156478 1.348880 -0.186483
v 0.397870 -3.346834 -1.093139
v 0.465746 -3.279927 -1.279628
v 0.467012 -3.023520 -1.283105
v 0.346973 -3.027947 -0.953300
v 0.209410 -1.319863 -0.575350
v 0.194412 -1.033354 -0.534142
v 0.365374 -1.033354 -0.435436
v 0.393562 -1.319863 -0.469029
v 0.184947 -0.686005 -0.508138
v 0.347587 -0.686005 -0.414238
v 0.188808 -0.321431 -0.518745
v 0.354842 -0.321431 -0.422885
v 0.303843 -0.044809 -0.834802
v 0.309502 0.063155 -0.850350
v 0.297384 0.656087 -0.817056
v 0.290124 0.821172 -0.797109
v 0.142236 1.292588 -0.390791
v 0.083260 1.348880 -0.228755
v 0.035890 1.369968 0.006328
v 0.031561 1.369968 0.018222
v 0.309502 0.063155 -0.850350
v 0.303843 -0.044809 -0.834802
v 0.000000 -3.279927 -1.361751
v 0.000000 -3.023519 -1.365452
v 0.467012 -3.023520 -1.283105
v 0.465746 -3.279927 -1.279628
v 0.877695 -3.023520 -1.045997
v 0.875317 -3.279927 -1.043162
v 0.875317 -3.279927 -1.043162
v 0.877695 -3.023520 -1.045997
v 1.182516 -3.023520 -0.682726
v 1.179311 -3.279927 -0.680876
v 1.344707 -3.023520 -0.237108
v 1.341063 -3.279927 -0.236466
v 1.344707 -3.023520 0.237108
v 1.341063 -3.279927 0.236466
v 1.182516 -3.023520 0.682726
v 1.179311 -3.279927 0.680876
v 0.877695 -3.023520 1.045997
v 0.875317 -3.279927 1.043162
v 0.875317 -3.279927 1.043162
v 0.877695 -3.023520 1.045997
v 0.467012 -3.023520 1.283105
v 0.465746 -3.279927 1.279628
v 0.000000 -3.023520 1.365452
v 0.000000 -3.279927 1.361751
v -0.467012 -3.023520 1.283105
v -0.465746 -3.279927 1.279628
v -0.877695 -3.023520 1.045997
v -0.875317 -3.279927 1.043162
v -0.875317 -3.279927 1.043162
v -0.877695 -3.023520 1.045997
v -1.182516 -3.023520 0.682726
v -1.179311 -3.279927 0.680876
v -1.344707 -3.023520 0.237108
v -1.341063 -3.279927 0.236466
v -1.344707 -3.023520 -0.237108
v -1.341063 -3.279927 -0.236466
v -1.182516 -3.023520 -0.682726
v -1.179311 -3.279927 -0.680876
v -0.877695 -3.023520 -1.045997
v -0.875317 -3.279927 -1.043162
v -0.875317 -3.279927 -1.043162
v -0.877695 -3.023520 -1.045997
v -0.467012 -3.023520 -1.283105
v -0.465746 -3.279927 -1.279628
v -0.000000 -1.577635 -0.641797
v 0.219507 -1.577636 -0.603092
v 0.412539 -1.577636 -0.491645
v 0.412539 -1.577636 -0.491645
v 0.555812 -1.577636 -0.320898
v 0.632046 -1.577636 -0.111447
v 0.632046 -1.577636 0.111447
v 0.555812 -1.577636 0.320898
v 0.412539 -1.577636 0.491645
v 0.412539 -1.577636 0.491645
v 0.219507 -1.577636 0.603092
v -0.000000 -1.577636 0.641797
v -0.219507 -1.577636 0.603092
v -0.412539 -1.577636 0.491645
v -0.412539 -1.577636 0.491645
v -0.555812 -1.577636 0.320898
v -0.632046 -1.577636 0.111447
v -0.632046 -1.577636 -0.111447
v -0.555812 -1.577636 -0.320898
v -0.412539 -1.577636 -0.491645
v -0.412539 -1.577636 -0.491645
v -0.219507 -1.577636 -0.603092
v -0.000000 -0.198159 -0.565372
v 0.193369 -0.198159 -0.531276
v -0.000000 -0.084348 -0.594195
v 0.203227 -0.084348 -0.558361
v -0.000000 -0.084348 -0.594195
v -0.000000 -0.044809 -0.888378
v 0.303843 -0.044809 -0.834802
v 0.203227 -0.084348 -0.558361
v 0.363414 -0.198159 -0.433100
v 0.381941 -0.084348 -0.455180
v 0.571038 -0.044809 -0.680537
v 0.381941 -0.084348 -0.455180
v 0.363414 -0.198159 -0.433100
v 0.489627 -0.198159 -0.282686
v 0.381941 -0.084348 -0.455180
v 0.514588 -0.084348 -0.297098
v 0.769358 -0.044809 -0.444189
v 0.514588 -0.084348 -0.297098
v 0.556783 -0.198159 -0.098176
v 0.585168 -0.084348 -0.103181
v 0.874881 -0.044809 -0.154265
v 0.585168 -0.084348 -0.103181
v 0.556783 -0.198159 0.098176
v 0.585168 -0.084348 0.103181
v 0.874881 -0.044809 0.154265
v 0.585168 -0.084348 0.103181
v 0.489627 -0.198159 0.282686
v 0.514588 -0.084348 0.297098
v 0.769358 -0.044809 0.444189
v 0.514588 -0.084348 0.297098
v 0.363414 -0.198159 0.433100
v 0.381941 -0.084348 0.455180
v 0.571038 -0.044809 0.680537
v 0.381941 -0.084348 0.455180
v 0.363414 -0.198159 0.433100
v 0.193369 -0.198159 0.531276
v 0.381941 -0.084348 0.455180
v 0.203227 -0.084348 0.558361
v 0.303843 -0.044809 0.834802
v 0.203227 -0.084348 0.558361
v -0.000000 -0.198159 0.565372
v -0.000000 -0.084348 0.594195
v -0.000000 -0.044809 0.888378
v -0.000000 -0.084348 0.594195
v -0.193369 -0.198159 0.531276
v -0.203227 -0.084348 0.558361
v -0.303843 -0.044809 0.834802
v -0.203227 -0.084348 0.558361
v -0.363414 -0.198159 0.433100
v -0.381941 -0.084348 0.455180
v -0.571038 -0.044809 0.680537
v -0.381941 -0.084348 0.455180
v -0.363414 -0.198159 0.433100
v -0.489627 -0.198159 0.282686
v -0.381941 -0.084348 0.455180
v -0.514588 -0.084348 0.297098
v -0.769358 -0.044809 0.444189
v -0.514588 -0.084348 0.297098
v -0.556783 -0.198159 0.098176
v -0.585168 -0.084348 0.103181
v -0.874881 -0.044809 0.154265
v -0.585168 -0.084348 0.103181
v -0.556783 -0.198159 -0.098176
v -0.585168 -0.084348 -0.103181
v -0.874881 -0.044809 -0.154265
v -0.585168 -0.084348 -0.103181
v -0.489627 -0.198159 -0.282686
v -0.514588 -0.084348 -0.297098
v -0.769358 -0.044809 -0.444189
v -0.514588 -0.084348 -0.297098
v -0.363414 -0.198159 -0.433100
v -0.381941 -0.084348 -0.455180
v -0.571038 -0.044809 -0.680537
v -0.381941 -0.084348 -0.455180
v -0.363414 -0.198159 -0.433100
v -0.193369 -0.198159 -0.531276
v -0.381941 -0.084348 -0.455180
v -0.203227 -0.084348 -0.558361
v -0.303843 -0.044809 -0.834802
v -0.203227 -0.084348 -0.558361
v -0.000000 0.063155 -0.904924
v -0.000000 0.174741 -0.601062
v 0.205575 0.174741 -0.564813
v 0.309502 0.063155 -0.850350
v -0.000000 0.174741 -0.601062
v -0.000000 0.313709 -0.740080
v 0.253122 0.313708 -0.695448
v 0.205575 0.174741 -0.564813
v -0.000000 0.463452 -0.814965
v 0.278735 0.463452 -0.765817
v 0.386355 0.174741 -0.460440
v 0.581674 0.063155 -0.693212
v 0.475714 0.313708 -0.566934
v 0.386355 0.174741 -0.460440
v 0.523850 0.463452 -0.624300
v 0.520535 0.174741 -0.300531
v 0.783687 0.063155 -0.452462
v 0.640928 0.313708 -0.370040
v 0.520535 0.174741 -0.300531
v 0.705781 0.463452 -0.407483
v 0.591930 0.174741 -0.104373
v 0.891176 0.063155 -0.157138
v 0.728837 0.313708 -0.128514
v 0.591930 0.174741 -0.104373
v 0.802584 0.463452 -0.141517
v 0.591930 0.174741 0.104373
v 0.891176 0.063155 0.157138
v 0.728837 0.313708 0.128514
v 0.591930 0.174741 0.104373
v 0.802584 0.463452 0.141517
v 0.520535 0.174741 0.300531
v 0.783687 0.063155 0.452462
v 0.640928 0.313708 0.370040
v 0.520535 0.174741 0.300531
v 0.705781 0.463452 0.407483
v 0.386355 0.174741 0.460440
v 0.581674 0.063155 0.693212
v 0.475714 0.313708 0.566934
v 0.386355 0.174741 0.460440
v 0.523850 0.463452 0.624300
v 0.205575 0.174741 0.564813
v 0.309502 0.063155 0.850350
v 0.253122 0.313708 0.695448
v 0.205575 0.174741 0.564813
v 0.278735 0.463452 0.765817
v -0.000000 0.174741 0.601062
v -0.000000 0.063155 0.904924
v -0.000000 0.313708 0.740080
v -0.000000 0.174741 0.601062
v -0.000000 0.463452 0.814965
v -0.205575 0.174741 0.564813
v -0.309502 0.063155 0.850350
v -0.000000 0.174741 0.601062
v -0.000000 0.313708 0.740080
v -0.253122 0.313708 0.695448
v -0.205575 0.174741 0.564813
v -0.000000 0.463452 0.814965
v -0.278735 0.463452 0.765817
v -0.386355 0.174741 0.460440
v -0.581674 0.063155 0.693212
v -0.475714 0.313708 0.566934
v -0.386355 0.174741 0.460440
v -0.523850 0.463452 0.624300
v -0.520535 0.174741 0.300531
v -0.783687 0.063155 0.452462
v -0.640928 0.313708 0.370040
v -0.520535 0.174741 0.300531
v -0.705781 0.463452 0.407483
v -0.591930 0.174741 0.104373
v -0.891176 0.063155 0.157138
v -0.728837 0.313708 0.128514
v -0.591930 0.174741 0.104373
v -0.802584 0.463452 0.141517
v -0.591930 0.174741 -0.104373
v -0.891176 0.063155 -0.157138
v -0.728837 0.313708 -0.128514
v -0.591930 0.174741 -0.104373
v -0.802584 0.463452 -0.141517
v -0.520535 0.174741 -0.300531
v -0.783687 0.063155 -0.452462
v -0.640928 0.313708 -0.370040
v -0.520535 0.174741 -0.300531
v -0.705781 0.463452 -0.407483
v -0.386355 0.174741 -0.460440
v -0.581674 0.063155 -0.693212
v -0.475714 0.313708 -0.566934
v -0.386355 0.174741 -0.460440
v -0.523850 0.463452 -0.624300
v -0.205575 0.174741 -0.564813
v -0.309502 0.063155 -0.850350
v -0.253122 0.313708 -0.695448
v -0.205575 0.174741 -0.564813
v -0.278735 0.463452 -0.765817
v -0.000000 0.966397 -0.803801
v 0.274916 0.966397 -0.755326
v -0.000000 1.143278 -0.679621
v 0.232444 1.143278 -0.638635
v 0.516673 0.966397 -0.615747
v 0.436852 1.143278 -0.520620
v 0.696112 0.966397 -0.401900
v 0.588569 1.143278 -0.339810
v 0.791589 0.966397 -0.139579
v 0.669296 1.143278 -0.118015
v 0.791589 0.966397 0.139579
v 0.669296 1.143278 0.118015
v 0.696112 0.966397 0.401900
v 0.588569 1.143278 0.339810
v 0.516673 0.966397 0.615747
v 0.436852 1.143278 0.520620
v 0.274916 0.966397 0.755326
v 0.232444 1.143278 0.638635
v -0.000000 0.966397 0.803800
v -0.000000 1.143278 0.679621
v -0.000000 0.966397 0.803800
v -0.274916 0.966397 0.755326
v -0.000000 1.143278 0.679621
v -0.232444 1.143278 0.638635
v -0.516673 0.966397 0.615747
v -0.436852 1.143278 0.520620
v -0.696112 0.966397 0.401900
v -0.588569 1.143278 0.339810
v -0.791589 0.966397 0.139579
v -0.669296 1.143278 0.118015
v -0.791589 0.966397 -0.139579
v -0.669296 1.143278 -0.118015
v -0.696112 0.966397 -0.401900
v -0.588569 1.143278 -0.339810
v -0.516673 0.966397 -0.615747
v -0.436852 1.143278 -0.520620
v -0.274916 0.966397 -0.755326
v -0.232444 1.143278 -0.638635
v 0.023426 1.369968 -0.027918
v 0.031561 1.369968 -0.018222
v -0.023426 1.369968 -0.027918
v -0.012465 1.369968 -0.034246
v -0.035890 1.369968 0.006328
v -0.035890 1.369968 -0.006328
v -0.012465 1.369968 0.034246
v -0.023426 1.369968 0.027918
v 0.023426 1.369968 0.027918
v 0.012465 1.369968 0.034246
v 0.035890 1.369968 -0.006328
v 0.012465 1.369968 -0.034246
v -0.031561 1.369968 -0.018222
v -0.031561 1.369968 0.018222
v -0.000000 1.369968 0.036444
v -0.000000 1.369968 -0.036444
v -0.000000 1.369968 0.036444
v -0.000000 1.173508 -0.643502
v 0.220091 1.173508 -0.604694
v -0.000000 1.198727 -0.612261
v 0.209406 1.198726 -0.575337
v -0.000000 1.236981 -0.549649
v 0.187991 1.236981 -0.516501
v 0.413635 1.173508 -0.492951
v 0.393554 1.198726 -0.469019
v 0.353307 1.236981 -0.421055
v 0.557289 1.173508 -0.321751
v 0.530233 1.198726 -0.306130
v 0.476010 1.236981 -0.274824
v 0.633726 1.173508 -0.111743
v 0.602959 1.198726 -0.106318
v 0.541298 1.236981 -0.095446
v 0.633726 1.173508 0.111743
v 0.602959 1.198726 0.106318
v 0.541298 1.236981 0.095446
v 0.557289 1.173508 0.321751
v 0.530233 1.198726 0.306130
v 0.476010 1.236981 0.274824
v 0.413635 1.173508 0.492951
v 0.393554 1.198726 0.469019
v 0.353307 1.236981 0.421055
v 0.220091 1.173508 0.604694
v 0.209406 1.198726 0.575337
v 0.187991 1.236981 0.516501
v -0.000000 1.173508 0.643502
v -0.000000 1.198726 0.612261
v -0.000000 1.236981 0.549649
v -0.000000 1.173508 0.643502
v -0.220091 1.173508 0.604694
v -0.000000 1.198726 0.612261
v -0.209406 1.198726 0.575337
v -0.000000 1.236981 0.549649
v -0.187991 1.236981 0.516501
v -0.413635 1.173508 0.492951
v -0.393554 1.198726 0.469019
v -0.353308 1.236981 0.421055
v -0.557289 1.173508 0.321751
v -0.530233 1.198726 0.306130
v -0.476010 1.236981 0.274824
v -0.633726 1.173508 0.111743
v -0.602959 1.198726 0.106318
v -0.541299 1.236981 0.095446
v -0.633726 1.173508 -0.111743
v -0.602959 1.198726 -0.106318
v -0.541299 1.236981 -0.095446
v -0.557289 1.173508 -0.321751
v -0.530233 1.198726 -0.306130
v -0.476010 1.236981 -0.274824
v -0.413635 1.173508 -0.492951
v -0.393554 1.198726 -0.469019
v -0.353308 1.236981 -0.421055
v -0.220091 1.173508 -0.604694
v -0.209406 1.198726 -0.575337
v -0.187991 1.236981 -0.516501
v -0.689532 -2.146191 -0.821752
v -0.366892 -2.146191 -1.008028
v -0.421925 -2.259205 -1.159229
v -0.792959 -2.259205 -0.945012
v 0.280642 -1.664399 0.771058
v 0.000000 -1.664399 0.820543
v -0.000000 -1.813293 0.822202
v 0.281210 -1.813293 0.772618
v -0.929003 -2.146191 -0.536360
v -1.068351 -2.259205 -0.616813
v 0.561494 -1.931355 0.669162
v 0.298765 -1.931355 0.820849
v 0.326762 -2.047131 0.897771
v 0.614112 -2.047131 0.731870
v -1.056424 -2.146191 -0.186276
v -1.214884 -2.259205 -0.214217
v 0.527435 -1.664399 0.628572
v 0.528502 -1.813293 0.629843
v -1.056424 -2.146191 0.186276
v -1.214884 -2.259205 0.214217
v 0.756499 -1.931355 0.436765
v 0.827391 -2.047131 0.477694
v -0.929003 -2.146191 0.536360
v -1.068351 -2.259205 0.616813
v 0.710611 -1.664399 0.410271
v 0.712048 -1.813293 0.411101
v -0.689532 -2.146191 0.821752
v -0.929003 -2.146191 0.536360
v -1.068351 -2.259205 0.616813
v -0.792959 -2.259205 0.945012
v 0.860258 -1.931355 0.151687
v 0.940874 -2.047131 0.165901
v -0.366892 -2.146191 1.008028
v -0.421925 -2.259205 1.159229
v 0.808077 -1.664399 0.142486
v 0.809711 -1.813293 0.142774
v 0.000000 -2.146191 1.072721
v 0.000000 -2.259205 1.233626
v 0.860258 -1.931355 -0.151687
v 0.940874 -2.047131 -0.165901
v 0.366892 -2.146191 1.008028
v 0.421925 -2.259205 1.159229
v 0.808077 -1.664399 -0.142486
v 0.809711 -1.813293 -0.142774
v 0.689532 -2.146191 0.821752
v 0.792959 -2.259205 0.945012
v 0.756499 -1.931355 -0.436765
v 0.827391 -2.047131 -0.477694
v 0.929003 -2.146191 0.536360
v 1.068351 -2.259205 0.616813
v 0.710611 -1.664399 -0.410271
v 0.712048 -1.813293 -0.411101
v 1.056424 -2.146191 0.186276
v 1.214884 -2.259205 0.214217
v 0.561494 -1.931355 -0.669162
v 0.614112 -2.047131 -0.731870
v 1.056424 -2.146191 -0.186276
v 1.214884 -2.259205 -0.214217
v 0.527435 -1.664399 -0.628572
v 0.528502 -1.813293 -0.629843
v 0.929003 -2.146191 -0.536360
v 1.068351 -2.259205 -0.616813
v 0.298765 -1.931355 -0.820849
v 0.326762 -2.047131 -0.897771
v 0.689532 -2.146191 -0.821752
v 0.792959 -2.259205 -0.945012
v 0.280642 -1.664399 -0.771058
v 0.281210 -1.813293 -0.772618
v 0.366892 -2.146191 -1.008028
v 0.421925 -2.259205 -1.159229
v 0.000000 -1.931354 -0.873529
v -0.000000 -1.813293 -0.822202
v 0.000000 -1.664399 -0.820543
v 0.000000 -2.146190 -1.072721
v 0.000000 -2.047130 -0.955388
v -0.280642 -1.664399 -0.771058
v -0.281210 -1.813293 -0.772618
v -0.298765 -1.931355 -0.820849
v -0.326762 -2.047131 -0.897771
v 0.346973 -3.027947 -0.953300
v 0.433814 -2.875121 -1.191894
v 0.815303 -2.875121 -0.971641
v 0.652095 -3.027947 -0.777137
v 0.000000 -2.875121 -1.268387
v 0.000000 -2.730556 -1.360944
v 0.465470 -2.730557 -1.278869
v 0.000000 -2.558195 -1.396771
v 0.477724 -2.558195 -1.312536
v 0.000000 -2.407156 -1.380023
v 0.471996 -2.407156 -1.296798
v 0.000000 -2.259205 -1.233626
v 1.098455 -2.875121 -0.634193
v 0.878566 -3.027947 -0.507240
v -0.561494 -1.931355 -0.669162
v -0.614112 -2.047131 -0.731870
v 0.874798 -2.730557 -1.042543
v 0.897827 -2.558195 -1.069989
v 0.887062 -2.407156 -1.057159
v 1.249117 -2.875121 -0.220253
v 0.999068 -3.027947 -0.176163
v -0.527435 -1.664399 -0.628572
v -0.528502 -1.813293 -0.629843
v 1.178612 -2.730557 -0.680472
v 1.209639 -2.558195 -0.698386
v 1.195135 -2.407156 -0.690012
v 1.249117 -2.875121 0.220253
v 0.999068 -3.027947 0.176163
v -0.756499 -1.931355 -0.436765
v -0.827391 -2.047131 -0.477694
v 1.340268 -2.730557 -0.236325
v 1.375551 -2.558195 -0.242547
v 1.359057 -2.407156 -0.239639
v 1.098455 -2.875121 0.634193
v 0.878566 -3.027947 0.507240
v -0.710611 -1.664399 -0.410271
v -0.712048 -1.813293 -0.411101
v 1.340268 -2.730557 0.236325
v 1.375551 -2.558195 0.242547
v 1.359057 -2.407156 0.239639
v 0.815303 -2.875121 0.971641
v 0.652095 -3.027947 0.777137
v -0.860258 -1.931355 -0.151687
v -0.940874 -2.047131 -0.165901
v 1.178612 -2.730557 0.680472
v 1.209639 -2.558195 0.698386
v 1.195135 -2.407156 0.690012
v 0.433814 -2.875121 1.191894
v 0.346973 -3.027947 0.953300
v -0.808077 -1.664399 -0.142486
v -0.809711 -1.813293 -0.142774
v 0.874798 -2.730557 1.042543
v 0.897827 -2.558195 1.069989
v 0.887062 -2.407156 1.057159
v 0.000000 -2.875121 1.268387
v -0.000000 -3.027947 1.014480
v -0.860258 -1.931355 0.151687
v -0.940874 -2.047131 0.165901
v 0.465470 -2.730557 1.278869
v 0.477724 -2.558195 1.312536
v 0.471996 -2.407156 1.296798
v -0.433814 -2.875121 1.191894
v -0.346973 -3.027947 0.953300
v -0.808077 -1.664399 0.142486
v -0.809711 -1.813293 0.142774
v 0.000000 -2.730557 1.360944
v 0.000000 -2.558195 1.396771
v 0.000000 -2.407156 1.380023
v -0.815303 -2.875121 0.971641
v -0.652095 -3.027947 0.777137
v -0.756499 -1.931355 0.436765
v -0.827391 -2.047131 0.477694
v -0.465470 -2.730557 1.278869
v -0.477724 -2.558195 1.312536
v -0.471996 -2.407156 1.296798
v -1.098455 -2.875121 0.634193
v -0.878566 -3.027947 0.507240
v -0.710611 -1.664399 0.410271
v -0.712048 -1.813293 0.411101
v -0.874798 -2.730557 1.042543
v -0.897827 -2.558195 1.069989
v -0.887062 -2.407156 1.057159
v -0.878566 -3.027947 0.507240
v -1.098455 -2.875121 0.634193
v -1.249117 -2.875121 0.220253
v -0.999068 -3.027947 0.176163
v -0.561494 -1.931355 0.669162
v -0.756499 -1.931355 0.436765
v -0.827391 -2.047131 0.477694
v -0.614112 -2.047131 0.731870
v -1.178612 -2.730557 0.680472
v -1.209639 -2.558195 0.698386
v -1.195135 -2.407156 0.690012
v -1.249117 -2.875121 -0.220253
v -0.999068 -3.027947 -0.176163
v -0.527435 -1.664399 0.628572
v -0.710611 -1.664399 0.410271
v -0.712048 -1.813293 0.411101
v -0.528502 -1.813293 0.629843
v -1.178612 -2.730557 0.680472
v -1.340268 -2.730557 0.236325
v -1.209639 -2.558195 0.698386
v -1.375551 -2.558195 0.242547
v -1.195135 -2.407156 0.690012
v -1.359057 -2.407156 0.239639
v -1.098455 -2.875121 -0.634193
v -0.878566 -3.027947 -0.507240
v -0.298765 -1.931355 0.820849
v -0.326762 -2.047131 0.897771
v -1.340268 -2.730557 -0.236325
v -1.375551 -2.558195 -0.242547
v -1.359057 -2.407156 -0.239639
v -0.815303 -2.875121 -0.971641
v -0.652095 -3.027947 -0.777137
v -0.280642 -1.664399 0.771058
v -0.281210 -1.813293 0.772618
v -1.178612 -2.730557 -0.680472
v -1.209639 -2.558195 -0.698386
v -1.195135 -2.407156 -0.690012
v -0.433814 -2.875121 -1.191894
v -0.346973 -3.027947 -0.953300
v 0.000000 -1.931355 0.873529
v 0.000000 -2.047131 0.955388
v -0.874798 -2.730557 -1.042543
v -0.897827 -2.558195 -1.069989
v -0.887062 -2.407156 -1.057159
v -0.000000 -3.027947 -1.014480
v -0.465470 -2.730557 -1.278869
v -0.477724 -2.558195 -1.312536
v -0.471996 -2.407156 -1.296798
v -0.000000 -1.577635 -0.641797
v 0.219507 -1.577636 -0.603092
v 0.412539 -1.577636 -0.491645
v 0.555812 -1.577636 -0.320898
v 0.632046 -1.577636 -0.111447
v 0.632046 -1.577636 0.111447
v 0.555812 -1.577636 0.320898
v 0.412539 -1.577636 0.491645
v 0.219507 -1.577636 0.603092
v -0.000000 -1.577636 0.641797
v -0.219507 -1.577636 0.603092
v -0.412539 -1.577636 0.491645
v -0.555812 -1.577636 0.320898
v -0.555812 -1.577636 0.320898
v -0.632046 -1.577636 0.111447
v -0.632046 -1.577636 -0.111447
v -0.555812 -1.577636 -0.320898
v -0.412539 -1.577636 -0.491645
v -0.219507 -1.577636 -0.603092
v 0.012465 1.369968 0.034246
v 0.023426 1.369968 0.027918
v 0.031561 1.369968 0.018222
vn -0.0613 -0.9838 -0.1685
vn -0.2833 -0.5605 -0.7782
vn -0.0000 -0.5605 -0.8281
vn -0.0000 -0.9838 -0.1793
vn -0.2542 0.6689 -0.6985
vn 0.0043 0.9999 0.0119
vn -0.0000 0.9999 0.0126
vn -0.0000 0.6689 -0.7434
vn -0.3390 0.1323 -0.9314
vn -0.3397 0.1159 -0.9334
vn -0.0000 0.1159 -0.9933
vn -0.0000 0.1323 -0.9912
vn -0.3419 0.0244 -0.9394
vn -0.0000 0.0244 -0.9997
vn -0.3412 -0.0696 -0.9374
vn -0.0000 -0.0696 -0.9976
vn -0.2501 -0.6819 -0.6873
vn -0.3000 0.4800 -0.8244
vn -0.0000 0.4800 -0.8772
vn -0.0000 -0.6819 -0.7314
vn -0.3411 -0.0723 -0.9372
vn -0.3345 0.2090 -0.9189
vn -0.0000 0.2090 -0.9779
vn -0.0000 -0.0723 -0.9974
vn -0.1201 0.9363 -0.3300
vn -0.0747 0.9759 -0.2052
vn -0.0000 0.9759 -0.2183
vn -0.0000 0.9363 -0.3512
vn -0.1152 -0.9838 -0.1373
vn -0.5323 -0.5605 -0.6344
vn -0.4778 0.6689 -0.5695
vn 0.0081 0.9999 0.0097
vn -0.6371 0.1323 -0.7593
vn -0.6384 0.1159 -0.7609
vn -0.6426 0.0244 -0.7658
vn -0.6412 -0.0696 -0.7642
vn -0.4701 -0.6819 -0.5603
vn -0.5639 0.4800 -0.6720
vn -0.6411 -0.0723 -0.7640
vn -0.6286 0.2090 -0.7491
vn -0.2257 0.9363 -0.2690
vn -0.1403 0.9759 -0.1672
vn -0.1553 -0.9838 -0.0896
vn -0.7172 -0.5605 -0.4141
vn -0.6438 0.6689 -0.3717
vn 0.0109 0.9999 0.0063
vn -0.8584 0.1323 -0.4956
vn -0.8602 0.1159 -0.4966
vn -0.6385 0.1159 -0.7608
vn -0.6372 0.1323 -0.7593
vn -0.8658 0.0244 -0.4999
vn -0.8639 -0.0696 -0.4988
vn -0.6334 -0.6819 -0.3657
vn -0.7597 0.4800 -0.4387
vn -0.8638 -0.0723 -0.4987
vn -0.8469 0.2090 -0.4890
vn -0.3041 0.9363 -0.1756
vn -0.1891 0.9759 -0.1092
vn -0.1766 -0.9838 -0.0311
vn -0.8156 -0.5605 -0.1438
vn -0.7321 0.6689 -0.1291
vn 0.0124 0.9999 0.0022
vn -0.9762 0.1323 -0.1721
vn -0.9782 0.1159 -0.1725
vn -0.9845 0.0244 -0.1736
vn -0.9824 -0.0696 -0.1732
vn -0.7203 -0.6819 -0.1270
vn -0.8639 0.4801 -0.1523
vn -0.9822 -0.0723 -0.1732
vn -0.9631 0.2090 -0.1698
vn -0.3458 0.9363 -0.0610
vn -0.2150 0.9759 -0.0379
vn -0.1766 -0.9838 0.0311
vn -0.8156 -0.5605 0.1438
vn -0.7321 0.6689 0.1291
vn 0.0124 0.9999 -0.0022
vn -0.9762 0.1323 0.1721
vn -0.9782 0.1159 0.1725
vn -0.9845 0.0244 0.1736
vn -0.9824 -0.0696 0.1732
vn -0.7203 -0.6819 0.1270
vn -0.8639 0.4800 0.1523
vn -0.9822 -0.0723 0.1732
vn -0.9631 0.2090 0.1698
vn -0.3458 0.9363 0.0610
vn -0.2150 0.9759 0.0379
vn -0.1553 -0.9838 0.0896
vn -0.7172 -0.5605 0.4141
vn -0.6438 0.6689 0.3717
vn 0.0109 0.9999 -0.0063
vn -0.8584 0.1323 0.4956
vn -0.8602 0.1159 0.4966
vn -0.8658 0.0244 0.4999
vn -0.8639 -0.0696 0.4988
vn -0.6335 -0.6819 0.3657
vn -0.7597 0.4800 0.4386
vn -0.8638 -0.0723 0.4987
vn -0.8469 0.2090 0.4890
vn -0.3041 0.9363 0.1756
vn -0.1891 0.9759 0.1092
vn -0.1152 -0.9838 0.1373
vn -0.5323 -0.5605 0.6344
vn -0.4778 0.6689 0.5694
vn 0.0081 0.9999 -0.0097
vn -0.6372 0.1323 0.7593
vn -0.6385 0.1159 0.7609
vn -0.6426 0.0244 0.7658
vn -0.6412 -0.0696 0.7642
vn -0.4702 -0.6819 0.5603
vn -0.5639 0.4800 0.6720
vn -0.6411 -0.0723 0.7640
vn -0.6286 0.2090 0.7491
vn -0.2257 0.9363 0.2690
vn -0.1403 0.9759 0.1673
vn -0.0613 -0.9838 0.1685
vn -0.2832 -0.5605 0.7782
vn -0.2543 0.6689 0.6985
vn 0.0043 0.9999 -0.0119
vn -0.3390 0.1323 0.9314
vn -0.3397 0.1159 0.9334
vn -0.6384 0.1159 0.7609
vn -0.6371 0.1323 0.7593
vn -0.3419 0.0244 0.9394
vn -0.3412 -0.0696 0.9374
vn -0.2502 -0.6819 0.6873
vn -0.3001 0.4800 0.8243
vn -0.3411 -0.0723 0.9372
vn -0.3345 0.2090 0.9189
vn -0.1201 0.9363 0.3300
vn -0.0747 0.9759 0.2052
vn -0.0000 -0.9838 0.1793
vn -0.0000 -0.5605 0.8281
vn -0.0000 0.6689 0.7434
vn -0.0000 0.9999 -0.0126
vn -0.0000 0.1323 0.9912
vn -0.0000 0.1159 0.9933
vn -0.0000 0.0244 0.9997
vn -0.0000 -0.0696 0.9976
vn -0.0000 -0.6819 0.7314
vn -0.0000 0.4800 0.8772
vn -0.0001 -0.0723 0.9974
vn -0.0000 0.2090 0.9779
vn -0.0000 0.9363 0.3512
vn -0.0000 0.9759 0.2183
vn 0.0613 -0.9838 0.1685
vn 0.2833 -0.5605 0.7782
vn 0.2542 0.6689 0.6985
vn -0.0043 0.9999 -0.0119
vn 0.3390 0.1323 0.9314
vn 0.3397 0.1159 0.9334
vn 0.3419 0.0244 0.9394
vn 0.3412 -0.0696 0.9374
vn 0.2501 -0.6819 0.6873
vn 0.3000 0.4801 0.8243
vn 0.3411 -0.0723 0.9372
vn 0.3345 0.2090 0.9189
vn -0.0000 -0.0723 0.9974
vn 0.1201 0.9363 0.3300
vn 0.0747 0.9759 0.2052
vn 0.1152 -0.9838 0.1373
vn 0.5323 -0.5605 0.6344
vn 0.4778 0.6689 0.5695
vn -0.0081 0.9999 -0.0097
vn 0.6371 0.1323 0.7593
vn 0.6384 0.1159 0.7609
vn 0.6426 0.0244 0.7658
vn 0.6412 -0.0696 0.7642
vn 0.4701 -0.6819 0.5603
vn 0.5639 0.4800 0.6720
vn 0.2502 -0.6819 0.6873
vn 0.6411 -0.0723 0.7640
vn 0.6286 0.2090 0.7491
vn 0.2257 0.9363 0.2690
vn 0.1403 0.9759 0.1672
vn 0.1553 -0.9838 0.0896
vn 0.7172 -0.5605 0.4141
vn 0.6438 0.6689 0.3717
vn -0.0109 0.9999 -0.0063
vn 0.8584 0.1323 0.4956
vn 0.8602 0.1159 0.4966
vn 0.6385 0.1159 0.7608
vn 0.6372 0.1323 0.7593
vn 0.8658 0.0244 0.4999
vn 0.8639 -0.0696 0.4988
vn 0.6334 -0.6819 0.3657
vn 0.7597 0.4800 0.4387
vn 0.8638 -0.0723 0.4987
vn 0.8469 0.2090 0.4890
vn 0.3041 0.9363 0.1756
vn 0.1891 0.9759 0.1092
vn 0.1765 -0.9838 0.0311
vn 0.8156 -0.5605 0.1438
vn 0.7321 0.6689 0.1291
vn -0.0124 0.9999 -0.0022
vn 0.9762 0.1323 0.1721
vn 0.9782 0.1159 0.1725
vn 0.9845 0.0244 0.1736
vn 0.9824 -0.0696 0.1732
vn 0.7203 -0.6819 0.1270
vn 0.8639 0.4800 0.1524
vn 0.9822 -0.0723 0.1732
vn 0.9631 0.2090 0.1698
vn 0.3458 0.9363 0.0610
vn 0.2150 0.9759 0.0379
vn 0.1766 -0.9838 -0.0311
vn 0.8156 -0.5605 -0.1438
vn 0.7321 0.6689 -0.1291
vn -0.0124 0.9999 0.0022
vn 0.9762 0.1323 -0.1721
vn 0.9782 0.1159 -0.1725
vn 0.9845 0.0244 -0.1736
vn 0.9824 -0.0696 -0.1732
vn 0.7203 -0.6819 -0.1270
vn 0.8639 0.4800 -0.1523
vn 0.9822 -0.0723 -0.1732
vn 0.9631 0.2090 -0.1698
vn 0.3458 0.9363 -0.0610
vn 0.2150 0.9759 -0.0379
vn 0.1553 -0.9838 -0.0896
vn 0.7172 -0.5605 -0.4141
vn 0.6438 0.6689 -0.3717
vn -0.0109 0.9999 0.0063
vn 0.8584 0.1323 -0.4956
vn 0.8602 0.1159 -0.4966
vn 0.8658 0.0244 -0.4999
vn 0.8639 -0.0696 -0.4988
vn 0.6335 -0.6819 -0.3657
vn 0.7597 0.4800 -0.4386
vn 0.8638 -0.0723 -0.4987
vn 0.8469 0.2090 -0.4890
vn 0.3041 0.9363 -0.1756
vn 0.1891 0.9759 -0.1092
vn 0.1152 -0.9838 -0.1373
vn 0.5323 -0.5605 -0.6344
vn 0.4778 0.6689 -0.5694
vn -0.0081 0.9999 0.0097
vn 0.6372 0.1323 -0.7593
vn 0.6385 0.1159 -0.7609
vn 0.6426 0.0244 -0.7658
vn 0.6412 -0.0696 -0.7642
vn 0.4702 -0.6819 -0.5603
vn 0.5639 0.4800 -0.6720
vn 0.6411 -0.0723 -0.7640
vn 0.6286 0.2090 -0.7491
vn 0.2257 0.9363 -0.2690
vn 0.1403 0.9759 -0.1673
vn 0.0613 -0.9838 -0.1685
vn 0.2832 -0.5605 -0.7782
vn 0.2543 0.6689 -0.6985
vn -0.0043 0.9999 0.0119
vn 0.3390 0.1323 -0.9314
vn 0.3397 0.1159 -0.9334
vn 0.6384 0.1159 -0.7609
vn 0.6371 0.1323 -0.7593
vn 0.3419 0.0244 -0.9394
vn 0.3412 -0.0696 -0.9374
vn 0.2502 -0.6819 -0.6873
vn 0.3000 0.4801 -0.8243
vn 0.3411 -0.0723 -0.9372
vn 0.3345 0.2090 -0.9189
vn 0.1201 0.9363 -0.3300
vn 0.0747 0.9759 -0.2052
vn 0.0555 0.9984 0.0098
vn 0.0488 0.9984 0.0282
vn -0.0000 -0.5606 -0.8281
vn -0.0000 0.6690 -0.7433
vn 0.2542 0.6690 -0.6985
vn 0.2833 -0.5606 -0.7782
vn 0.4777 0.6690 -0.5694
vn 0.5323 -0.5606 -0.6344
vn 0.5323 -0.5606 -0.6343
vn 0.6437 0.6690 -0.3716
vn 0.7172 -0.5606 -0.4140
vn 0.7320 0.6690 -0.1291
vn 0.8155 -0.5606 -0.1438
vn 0.7320 0.6690 0.1291
vn 0.8155 -0.5606 0.1438
vn 0.6437 0.6690 0.3716
vn 0.7172 -0.5606 0.4141
vn 0.4778 0.6690 0.5694
vn 0.5323 -0.5606 0.6344
vn 0.2542 0.6690 0.6985
vn 0.2833 -0.5606 0.7782
vn -0.0000 0.6690 0.7433
vn -0.0000 -0.5606 0.8281
vn -0.2542 0.6690 0.6985
vn -0.2833 -0.5606 0.7782
vn -0.4777 0.6690 0.5694
vn -0.5323 -0.5606 0.6344
vn -0.5323 -0.5606 0.6343
vn -0.6437 0.6690 0.3716
vn -0.7172 -0.5606 0.4140
vn -0.7320 0.6690 0.1291
vn -0.8155 -0.5606 0.1438
vn -0.7320 0.6690 -0.1291
vn -0.8155 -0.5606 -0.1438
vn -0.6437 0.6690 -0.3717
vn -0.7172 -0.5606 -0.4141
vn -0.4778 0.6690 -0.5694
vn -0.5323 -0.5606 -0.6344
vn -0.2543 0.6690 -0.6985
vn -0.2833 -0.5606 -0.7782
vn -0.0000 0.1138 -0.9935
vn 0.3398 0.1138 -0.9336
vn 0.6386 0.1138 -0.7611
vn 0.8604 0.1138 -0.4968
vn 0.9784 0.1138 -0.1725
vn 0.9784 0.1138 0.1725
vn 0.8604 0.1138 0.4968
vn 0.6386 0.1138 0.7611
vn 0.3398 0.1138 0.9336
vn -0.0000 0.1138 0.9935
vn -0.3398 0.1138 0.9336
vn -0.6386 0.1138 0.7611
vn -0.8604 0.1138 0.4968
vn -0.9784 0.1138 0.1725
vn -0.9784 0.1138 -0.1725
vn -0.8604 0.1138 -0.4968
vn -0.6386 0.1138 -0.7611
vn -0.3398 0.1138 -0.9336
vn -0.0000 -0.1783 -0.9840
vn 0.3365 -0.1783 -0.9246
vn -0.0000 -0.7783 -0.6279
vn 0.2147 -0.7783 -0.5901
vn -0.0000 -0.7782 -0.6280
vn -0.0000 -0.6819 -0.7315
vn 0.2502 -0.6819 -0.6874
vn 0.2148 -0.7782 -0.5901
vn 0.6325 -0.1783 -0.7538
vn 0.4036 -0.7783 -0.4810
vn 0.4037 -0.7782 -0.4810
vn 0.6325 -0.1783 -0.7537
vn 0.8521 -0.1783 -0.4920
vn 0.5438 -0.7783 -0.3140
vn 0.6335 -0.6819 -0.3658
vn 0.5438 -0.7782 -0.3140
vn 0.9690 -0.1783 -0.1709
vn 0.6184 -0.7783 -0.1091
vn 0.6184 -0.7782 -0.1090
vn 0.9690 -0.1783 0.1709
vn 0.6184 -0.7783 0.1090
vn 0.7204 -0.6819 0.1270
vn 0.6184 -0.7782 0.1091
vn 0.8521 -0.1783 0.4920
vn 0.5438 -0.7783 0.3139
vn 0.6335 -0.6819 0.3657
vn 0.5438 -0.7782 0.3140
vn 0.6325 -0.1783 0.7537
vn 0.4036 -0.7783 0.4810
vn 0.4702 -0.6819 0.5603
vn 0.4036 -0.7782 0.4811
vn 0.6325 -0.1783 0.7538
vn 0.3365 -0.1783 0.9246
vn 0.2148 -0.7783 0.5900
vn 0.2148 -0.7782 0.5901
vn -0.0000 -0.1783 0.9840
vn -0.0000 -0.7783 0.6279
vn -0.0000 -0.6819 0.7315
vn -0.0000 -0.7782 0.6280
vn -0.3365 -0.1783 0.9246
vn -0.2147 -0.7783 0.5901
vn -0.2502 -0.6819 0.6874
vn -0.2148 -0.7782 0.5901
vn -0.6325 -0.1783 0.7538
vn -0.4036 -0.7783 0.4810
vn -0.4037 -0.7782 0.4810
vn -0.6325 -0.1783 0.7537
vn -0.8521 -0.1783 0.4920
vn -0.5438 -0.7783 0.3140
vn -0.6335 -0.6819 0.3658
vn -0.5438 -0.7782 0.3140
vn -0.9690 -0.1783 0.1709
vn -0.6184 -0.7783 0.1091
vn -0.6184 -0.7782 0.1090
vn -0.9690 -0.1783 -0.1709
vn -0.6184 -0.7783 -0.1090
vn -0.7204 -0.6819 -0.1270
vn -0.6184 -0.7782 -0.1091
vn -0.8521 -0.1783 -0.4920
vn -0.5438 -0.7783 -0.3139
vn -0.6335 -0.6819 -0.3657
vn -0.5438 -0.7782 -0.3140
vn -0.6325 -0.1783 -0.7537
vn -0.4036 -0.7783 -0.4810
vn -0.4702 -0.6819 -0.5603
vn -0.4036 -0.7782 -0.4811
vn -0.6325 -0.1783 -0.7538
vn -0.3365 -0.1783 -0.9246
vn -0.2148 -0.7783 -0.5900
vn -0.2502 -0.6819 -0.6873
vn -0.2148 -0.7782 -0.5901
vn -0.0000 0.4800 -0.8773
vn -0.0000 0.9387 -0.3447
vn 0.1179 0.9387 -0.3239
vn 0.3000 0.4800 -0.8244
vn -0.0000 -0.7072 -0.7070
vn -0.0000 -0.5765 -0.8171
vn 0.2795 -0.5765 -0.7678
vn 0.2418 -0.7072 -0.6643
vn -0.0000 -0.3580 -0.9337
vn 0.3194 -0.3580 -0.8774
vn 0.2216 0.9387 -0.2641
vn 0.5639 0.4800 -0.6721
vn 0.5252 -0.5765 -0.6259
vn 0.4544 -0.7072 -0.5416
vn 0.6002 -0.3580 -0.7153
vn 0.2985 0.9387 -0.1724
vn 0.7597 0.4800 -0.4387
vn 0.7076 -0.5765 -0.4085
vn 0.6123 -0.7072 -0.3535
vn 0.8086 -0.3580 -0.4669
vn 0.3395 0.9387 -0.0599
vn 0.8639 0.4800 -0.1524
vn 0.8047 -0.5765 -0.1419
vn 0.6962 -0.7072 -0.1228
vn 0.9196 -0.3580 -0.1621
vn 0.3395 0.9387 0.0599
vn 0.8640 0.4800 0.1523
vn 0.8047 -0.5765 0.1419
vn 0.6962 -0.7072 0.1228
vn 0.9195 -0.3580 0.1621
vn 0.2985 0.9387 0.1724
vn 0.7598 0.4800 0.4386
vn 0.7076 -0.5765 0.4085
vn 0.6123 -0.7072 0.3535
vn 0.8086 -0.3580 0.4669
vn 0.2216 0.9387 0.2641
vn 0.5252 -0.5765 0.6259
vn 0.4544 -0.7072 0.5416
vn 0.6002 -0.3580 0.7153
vn 0.1179 0.9387 0.3239
vn 0.3001 0.4800 0.8244
vn 0.2795 -0.5765 0.7678
vn 0.2418 -0.7072 0.6643
vn 0.3194 -0.3580 0.8774
vn -0.0000 0.9387 0.3447
vn -0.0000 0.4800 0.8773
vn -0.0000 -0.5765 0.8171
vn 0.0001 -0.7072 0.7070
vn -0.0000 -0.3580 0.9337
vn -0.1179 0.9387 0.3239
vn -0.3000 0.4800 0.8244
vn -0.0001 -0.7072 0.7070
vn -0.2795 -0.5765 0.7678
vn -0.2418 -0.7072 0.6643
vn -0.3194 -0.3580 0.8774
vn -0.2216 0.9387 0.2641
vn -0.5639 0.4800 0.6721
vn -0.5252 -0.5765 0.6259
vn -0.4544 -0.7072 0.5416
vn -0.6002 -0.3580 0.7153
vn -0.2985 0.9387 0.1724
vn -0.7597 0.4800 0.4387
vn -0.7076 -0.5765 0.4085
vn -0.6123 -0.7072 0.3535
vn -0.8086 -0.3580 0.4669
vn -0.3395 0.9387 0.0599
vn -0.8639 0.4800 0.1524
vn -0.8047 -0.5765 0.1419
vn -0.6962 -0.7072 0.1228
vn -0.9196 -0.3580 0.1621
vn -0.3395 0.9387 -0.0599
vn -0.8640 0.4800 -0.1523
vn -0.8047 -0.5765 -0.1419
vn -0.6962 -0.7072 -0.1228
vn -0.9196 -0.3580 -0.1621
vn -0.2985 0.9387 -0.1724
vn -0.7598 0.4800 -0.4386
vn -0.7076 -0.5765 -0.4085
vn -0.6123 -0.7072 -0.3535
vn -0.8086 -0.3580 -0.4669
vn -0.2216 0.9387 -0.2641
vn -0.5252 -0.5765 -0.6259
vn -0.4544 -0.7072 -0.5416
vn -0.6002 -0.3580 -0.7153
vn -0.1179 0.9387 -0.3239
vn -0.3001 0.4800 -0.8244
vn -0.2795 -0.5765 -0.7678
vn -0.2418 -0.7072 -0.6643
vn -0.3194 -0.3580 -0.8774
vn -0.0000 0.4324 -0.9017
vn 0.3084 0.4324 -0.8473
vn -0.0000 0.6694 -0.7429
vn 0.2541 0.6694 -0.6981
vn 0.5796 0.4324 -0.6907
vn 0.4775 0.6694 -0.5691
vn 0.7809 0.4324 -0.4508
vn 0.6434 0.6694 -0.3715
vn 0.8880 0.4324 -0.1566
vn 0.7316 0.6694 -0.1290
vn 0.8880 0.4324 0.1566
vn 0.7316 0.6694 0.1290
vn 0.7809 0.4324 0.4508
vn 0.6434 0.6694 0.3715
vn 0.5796 0.4324 0.6907
vn 0.4775 0.6694 0.5691
vn 0.3084 0.4324 0.8473
vn 0.2541 0.6694 0.6981
vn -0.0000 0.4324 0.9017
vn -0.0000 0.6694 0.7429
vn -0.3084 0.4324 0.8473
vn -0.2541 0.6694 0.6981
vn -0.5796 0.4324 0.6907
vn -0.4775 0.6694 0.5691
vn -0.7809 0.4324 0.4508
vn -0.6434 0.6694 0.3715
vn -0.8880 0.4324 0.1566
vn -0.7316 0.6694 0.1290
vn -0.8880 0.4324 -0.1566
vn -0.7316 0.6694 -0.1290
vn -0.7809 0.4324 -0.4508
vn -0.6434 0.6694 -0.3715
vn -0.5796 0.4324 -0.6907
vn -0.4775 0.6694 -0.5691
vn -0.3084 0.4324 -0.8473
vn -0.2541 0.6694 -0.6981
vn 0.0362 0.9984 -0.0432
vn 0.0488 0.9984 -0.0282
vn -0.0362 0.9984 -0.0432
vn -0.0193 0.9984 -0.0530
vn -0.0555 0.9984 0.0098
vn -0.0555 0.9984 -0.0098
vn -0.0193 0.9984 0.0530
vn -0.0362 0.9984 0.0432
vn 0.0362 0.9984 0.0432
vn 0.0193 0.9984 0.0530
vn 0.0555 0.9984 -0.0098
vn 0.0193 0.9984 -0.0530
vn -0.0488 0.9984 -0.0282
vn -0.0488 0.9984 0.0282
vn -0.0000 0.9984 0.0564
vn -0.0000 0.9984 -0.0564
vn -0.0000 0.7720 -0.6356
vn 0.2174 0.7720 -0.5972
vn -0.0000 0.8141 -0.5808
vn 0.1986 0.8141 -0.5457
vn -0.0000 0.8876 -0.4607
vn 0.1576 0.8876 -0.4329
vn 0.4085 0.7720 -0.4869
vn 0.3733 0.8141 -0.4449
vn 0.2961 0.8876 -0.3529
vn 0.5504 0.7720 -0.3178
vn 0.5030 0.8141 -0.2904
vn 0.3990 0.8876 -0.2303
vn 0.6259 0.7720 -0.1104
vn 0.5719 0.8141 -0.1009
vn 0.4537 0.8876 -0.0800
vn 0.6259 0.7720 0.1104
vn 0.5719 0.8141 0.1008
vn 0.4537 0.8876 0.0800
vn 0.5504 0.7720 0.3178
vn 0.5030 0.8141 0.2904
vn 0.3990 0.8876 0.2303
vn 0.4085 0.7720 0.4869
vn 0.3733 0.8141 0.4449
vn 0.2961 0.8876 0.3529
vn 0.2174 0.7720 0.5972
vn 0.1986 0.8141 0.5457
vn 0.1576 0.8876 0.4329
vn -0.0000 0.7720 0.6356
vn -0.0000 0.8141 0.5808
vn -0.0000 0.8876 0.4607
vn -0.2174 0.7720 0.5973
vn -0.1986 0.8141 0.5457
vn -0.1576 0.8876 0.4329
vn -0.4085 0.7720 0.4869
vn -0.3733 0.8141 0.4449
vn -0.2961 0.8876 0.3529
vn -0.5504 0.7720 0.3178
vn -0.5030 0.8141 0.2904
vn -0.3990 0.8876 0.2303
vn -0.6259 0.7720 0.1104
vn -0.5719 0.8141 0.1009
vn -0.4537 0.8876 0.0800
vn -0.6259 0.7720 -0.1104
vn -0.5719 0.8141 -0.1008
vn -0.4537 0.8876 -0.0800
vn -0.5504 0.7720 -0.3178
vn -0.5030 0.8141 -0.2904
vn -0.3990 0.8876 -0.2303
vn -0.4085 0.7720 -0.4869
vn -0.3733 0.8141 -0.4449
vn -0.2961 0.8876 -0.3529
vn -0.2174 0.7720 -0.5972
vn -0.1986 0.8141 -0.5457
vn -0.1576 0.8876 -0.4329
vn -0.3904 0.7944 -0.4653
vn -0.2078 0.7944 -0.5708
vn -0.2227 0.7590 -0.6118
vn -0.4185 0.7590 -0.4987
vn 0.2941 0.5107 0.8079
vn -0.0000 0.5107 0.8598
vn -0.0000 0.2137 0.9769
vn 0.3341 0.2137 0.9180
vn -0.5260 0.7944 -0.3037
vn -0.5638 0.7590 -0.3255
vn 0.5583 0.4955 0.6654
vn 0.2971 0.4955 0.8162
vn 0.2497 0.6832 0.6862
vn 0.4694 0.6832 0.5594
vn -0.5982 0.7944 -0.1055
vn -0.6412 0.7590 -0.1131
vn 0.5527 0.5107 0.6586
vn 0.6279 0.2137 0.7484
vn -0.5982 0.7944 0.1055
vn -0.6412 0.7590 0.1131
vn 0.7522 0.4955 0.4343
vn 0.6324 0.6832 0.3651
vn -0.5261 0.7944 0.3037
vn -0.5638 0.7590 0.3255
vn 0.7446 0.5107 0.4299
vn 0.8460 0.2137 0.4885
vn -0.3904 0.7944 0.4653
vn -0.5260 0.7944 0.3037
vn -0.5638 0.7590 0.3256
vn -0.4185 0.7590 0.4987
vn 0.8554 0.4955 0.1508
vn 0.7191 0.6832 0.1268
vn -0.2078 0.7944 0.5708
vn -0.2227 0.7590 0.6118
vn 0.8467 0.5107 0.1493
vn 0.9621 0.2137 0.1696
vn -0.0000 0.7944 0.6074
vn -0.0000 0.7590 0.6510
vn 0.8554 0.4955 -0.1508
vn 0.7191 0.6832 -0.1268
vn 0.2078 0.7944 0.5708
vn 0.2227 0.7590 0.6118
vn 0.8467 0.5107 -0.1493
vn 0.9621 0.2137 -0.1696
vn 0.3904 0.7944 0.4653
vn 0.4185 0.7590 0.4987
vn 0.7522 0.4955 -0.4343
vn 0.6324 0.6832 -0.3651
vn 0.5260 0.7944 0.3037
vn 0.5638 0.7590 0.3255
vn 0.7446 0.5107 -0.4299
vn 0.8460 0.2137 -0.4885
vn 0.5982 0.7944 0.1055
vn 0.6412 0.7590 0.1131
vn 0.5583 0.4955 -0.6654
vn 0.4694 0.6832 -0.5594
vn 0.5982 0.7944 -0.1055
vn 0.6412 0.7590 -0.1131
vn 0.5527 0.5107 -0.6586
vn 0.6279 0.2137 -0.7483
vn 0.5260 0.7944 -0.3037
vn 0.5638 0.7590 -0.3255
vn 0.2971 0.4955 -0.8162
vn 0.2497 0.6832 -0.6862
vn 0.3904 0.7944 -0.4653
vn 0.4185 0.7590 -0.4987
vn 0.2941 0.5107 -0.8079
vn 0.3341 0.2137 -0.9180
vn 0.2078 0.7944 -0.5708
vn 0.2227 0.7590 -0.6118
vn -0.0000 0.4955 -0.8686
vn -0.0000 0.2137 -0.9769
vn -0.0000 0.5107 -0.8598
vn -0.0000 0.7944 -0.6074
vn -0.0000 0.6832 -0.7302
vn -0.2941 0.5107 -0.8079
vn -0.3341 0.2137 -0.9180
vn -0.2971 0.4955 -0.8162
vn -0.2497 0.6832 -0.6862
vn 0.1764 -0.8568 -0.4846
vn 0.2428 -0.7044 -0.6670
vn 0.4562 -0.7044 -0.5437
vn 0.3315 -0.8568 -0.3950
vn -0.0000 -0.7044 -0.7098
vn -0.0000 -0.3708 -0.9287
vn 0.3176 -0.3708 -0.8727
vn -0.0000 -0.0464 -0.9989
vn 0.3417 -0.0464 -0.9387
vn -0.0000 0.4172 -0.9088
vn 0.3108 0.4172 -0.8540
vn -0.0000 0.7590 -0.6510
vn 0.6147 -0.7044 -0.3549
vn 0.4466 -0.8568 -0.2578
vn -0.5583 0.4955 -0.6654
vn -0.4694 0.6832 -0.5594
vn 0.5970 -0.3708 -0.7114
vn 0.6421 -0.0464 -0.7652
vn 0.5842 0.4172 -0.6962
vn 0.6990 -0.7044 -0.1233
vn 0.5079 -0.8568 -0.0895
vn -0.5527 0.5107 -0.6586
vn -0.6279 0.2137 -0.7484
vn 0.8043 -0.3708 -0.4644
vn 0.8651 -0.0464 -0.4995
vn 0.7871 0.4172 -0.4544
vn 0.6990 -0.7044 0.1233
vn 0.5079 -0.8568 0.0895
vn -0.7522 0.4955 -0.4343
vn -0.6324 0.6832 -0.3651
vn 0.9146 -0.3708 -0.1613
vn 0.9837 -0.0464 -0.1735
vn 0.8950 0.4172 -0.1578
vn 0.6147 -0.7044 0.3549
vn 0.4466 -0.8568 0.2578
vn -0.7446 0.5107 -0.4299
vn -0.8460 0.2137 -0.4885
vn 0.9146 -0.3708 0.1613
vn 0.9837 -0.0464 0.1735
vn 0.8950 0.4172 0.1578
vn 0.4562 -0.7044 0.5437
vn 0.3315 -0.8568 0.3950
vn -0.8554 0.4955 -0.1508
vn -0.7191 0.6832 -0.1268
vn 0.8043 -0.3708 0.4644
vn 0.8651 -0.0464 0.4995
vn 0.7871 0.4172 0.4544
vn 0.2428 -0.7044 0.6670
vn 0.1764 -0.8568 0.4846
vn -0.8467 0.5107 -0.1493
vn -0.9621 0.2137 -0.1696
vn 0.5970 -0.3708 0.7114
vn 0.6421 -0.0464 0.7652
vn 0.5842 0.4172 0.6962
vn -0.0000 -0.7044 0.7098
vn -0.0000 -0.8568 0.5157
vn -0.8554 0.4955 0.1508
vn -0.7191 0.6832 0.1268
vn 0.3176 -0.3708 0.8727
vn 0.3417 -0.0464 0.9387
vn 0.3108 0.4172 0.8540
vn -0.2428 -0.7044 0.6670
vn -0.1764 -0.8568 0.4846
vn -0.8467 0.5107 0.1493
vn -0.9621 0.2137 0.1696
vn -0.0000 -0.3708 0.9287
vn -0.0000 -0.0464 0.9989
vn -0.0000 0.4172 0.9088
vn -0.4562 -0.7044 0.5437
vn -0.3315 -0.8568 0.3950
vn -0.7523 0.4955 0.4343
vn -0.6324 0.6832 0.3651
vn -0.3176 -0.3708 0.8727
vn -0.3417 -0.0464 0.9387
vn -0.3108 0.4172 0.8540
vn -0.6147 -0.7044 0.3549
vn -0.4466 -0.8568 0.2579
vn -0.7446 0.5107 0.4299
vn -0.8460 0.2137 0.4884
vn -0.5970 -0.3708 0.7114
vn -0.6421 -0.0464 0.7652
vn -0.5842 0.4172 0.6962
vn -0.4466 -0.8568 0.2578
vn -0.6990 -0.7044 0.1233
vn -0.5079 -0.8568 0.0895
vn -0.5583 0.4955 0.6654
vn -0.7522 0.4955 0.4344
vn -0.4694 0.6832 0.5594
vn -0.8043 -0.3708 0.4644
vn -0.8651 -0.0465 0.4995
vn -0.7871 0.4172 0.4544
vn -0.6990 -0.7044 -0.1233
vn -0.5079 -0.8568 -0.0895
vn -0.5527 0.5107 0.6586
vn -0.8460 0.2137 0.4885
vn -0.6279 0.2137 0.7483
vn -0.8043 -0.3708 0.4643
vn -0.9146 -0.3708 0.1613
vn -0.8651 -0.0464 0.4994
vn -0.9837 -0.0464 0.1735
vn -0.8950 0.4172 0.1578
vn -0.6147 -0.7044 -0.3549
vn -0.4466 -0.8568 -0.2578
vn -0.2971 0.4955 0.8162
vn -0.2497 0.6832 0.6862
vn -0.9146 -0.3708 -0.1613
vn -0.9837 -0.0464 -0.1735
vn -0.8950 0.4172 -0.1578
vn -0.4562 -0.7044 -0.5437
vn -0.3315 -0.8568 -0.3950
vn -0.2941 0.5107 0.8079
vn -0.3341 0.2137 0.9180
vn -0.8043 -0.3708 -0.4644
vn -0.8651 -0.0464 -0.4995
vn -0.7871 0.4172 -0.4544
vn -0.2428 -0.7044 -0.6670
vn -0.1764 -0.8568 -0.4846
vn -0.0000 0.4955 0.8686
vn -0.0000 0.6832 0.7302
vn -0.5970 -0.3708 -0.7114
vn -0.6421 -0.0464 -0.7652
vn -0.5842 0.4172 -0.6962
vn -0.0000 -0.8568 -0.5157
vn -0.3176 -0.3708 -0.8727
vn -0.3417 -0.0464 -0.9387
vn -0.3108 0.4172 -0.8540
vn -0.0000 0.8996 -0.4367
vn 0.1494 0.8996 -0.4103
vn 0.2807 0.8996 -0.3345
vn 0.3782 0.8996 -0.2183
vn 0.4300 0.8996 -0.0758
vn 0.4300 0.8996 0.0758
vn 0.3782 0.8996 0.2183
vn 0.2807 0.8996 0.3345
vn 0.1494 0.8996 0.4103
vn -0.0000 0.8996 0.4367
vn -0.1494 0.8996 0.4103
vn -0.2807 0.8996 0.3345
vn -0.3782 0.8996 0.2183
vn -0.4300 0.8996 0.0758
vn -0.4300 0.8996 -0.0758
vn -0.3782 0.8996 -0.2183
vn -0.2807 0.8996 -0.3345
vn -0.1494 0.8996 -0.4103
vn 0.0193 0.9984 0.0529
vt 0.307634 -0.107791
vt 0.281462 -0.179698
vt 0.500000 -0.218233
vt 0.500000 -0.141710
vt 0.278902 -0.186731
vt 0.334637 -0.033601
vt 0.500000 -0.062759
vt 0.500000 -0.225717
vt 0.398752 0.683520
vt 0.406004 0.544996
vt 0.500000 0.544996
vt 0.500000 0.683520
vt 0.410580 0.377057
vt 0.500000 0.377057
vt 0.408713 0.200789
vt 0.500000 0.200789
vt 0.639660 0.339543
vt 0.608520 0.340362
vt 0.613282 0.424591
vt 0.644335 0.422231
vt 0.555556 0.612864
vt 0.555556 0.552660
vt 0.500000 0.552660
vt 0.500000 0.612863
vt 0.555556 0.267213
vt 0.555556 0.162517
vt 0.500000 0.162517
vt 0.500000 0.267213
vt 0.138470 -0.010124
vt 0.089283 -0.068744
vt 0.084472 -0.074477
vt 0.189219 0.050356
vt 0.309717 0.683520
vt 0.323345 0.544996
vt 0.331945 0.377057
vt 0.328438 0.200789
vt 0.639660 0.251547
vt 0.608520 0.250728
vt 0.611111 0.612863
vt 0.611111 0.552660
vt 0.611111 0.267213
vt 0.611111 0.162517
vt 0.012913 0.139510
vt -0.053358 0.101249
vt -0.059840 0.097507
vt 0.081286 0.178985
vt 0.648014 0.683520
vt 0.637413 0.544996
vt 0.710529 0.544996
vt 0.726771 0.683520
vt 0.630723 0.377057
vt 0.700280 0.377057
vt 0.633452 0.200789
vt 0.704460 0.200789
vt 0.644335 0.168859
vt 0.613282 0.166499
vt 0.666667 0.612863
vt 0.666667 0.552660
vt 0.666667 0.267213
vt 0.666667 0.162517
vt -0.053895 0.323063
vt -0.129255 0.309776
vt -0.136626 0.308476
vt 0.023856 0.336773
vt 0.551405 0.683520
vt 0.547723 0.544996
vt 0.545400 0.377057
vt 0.546347 0.200789
vt 0.653122 0.101450
vt 0.622232 0.097835
vt 0.722222 0.612863
vt 0.722222 0.552660
vt 0.722222 0.267213
vt 0.722222 0.162517
vt -0.053895 0.518397
vt -0.129255 0.531685
vt -0.136626 0.532985
vt 0.023856 0.504687
vt 0.448595 0.683520
vt 0.452277 0.544996
vt 0.454600 0.377057
vt 0.453653 0.200789
vt 0.568022 0.100751
vt 0.598999 0.097983
vt 0.588172 0.052853
vt 0.557393 0.056446
vt 0.777778 0.612863
vt 0.777778 0.552660
vt 0.777778 0.267213
vt 0.777778 0.162517
vt 0.012913 0.701950
vt -0.053358 0.740212
vt -0.059840 0.743954
vt 0.081286 0.662475
vt 0.351986 0.683520
vt 0.362587 0.544996
vt 0.369277 0.377057
vt 0.366548 0.200789
vt 0.574959 0.168375
vt 0.606066 0.166867
vt 0.833333 0.612863
vt 0.833333 0.552660
vt 0.833333 0.267213
vt 0.833333 0.162517
vt 0.138470 0.851584
vt 0.089283 0.910204
vt 0.084472 0.915937
vt 0.189219 0.791105
vt 0.273229 0.683520
vt 0.289471 0.544996
vt 0.299720 0.377057
vt 0.295540 0.200789
vt 0.577369 0.251161
vt 0.608520 0.251194
vt 0.888889 0.612863
vt 0.888889 0.552660
vt 0.888889 0.267213
vt 0.888889 0.162517
vt 0.307634 0.949251
vt 0.281462 1.021159
vt 0.278902 1.028192
vt 0.334637 0.875062
vt 0.574959 0.339123
vt 0.606066 0.340795
vt 0.944444 0.612863
vt 0.944444 0.552659
vt 0.944444 0.267213
vt 0.944444 0.162517
vt 0.500000 0.983171
vt 0.500000 1.059693
vt 0.500000 1.067177
vt 0.500000 0.904220
vt 0.500000 0.683520
vt 0.500000 0.544996
vt 0.568022 0.421653
vt 0.598999 0.424862
vt 1.000000 0.612863
vt 1.000000 0.552659
vt 1.000000 0.267213
vt 1.000000 0.162517
vt 0.692366 0.949251
vt 0.718538 1.021159
vt 0.721098 1.028192
vt 0.665363 0.875062
vt 0.601248 0.683520
vt 0.593996 0.544996
vt 0.589420 0.377057
vt 0.591287 0.200789
vt 0.557393 0.488795
vt 0.588172 0.493255
vt 0.055556 0.612863
vt 0.055556 0.552659
vt 0.000000 0.552659
vt 0.000000 0.612863
vt 0.055556 0.267213
vt 0.055556 0.162517
vt 0.000000 0.162517
vt 0.000000 0.267213
vt 0.861530 0.851584
vt 0.910717 0.910204
vt 0.915528 0.915937
vt 0.810781 0.791105
vt 0.690283 0.683520
vt 0.676655 0.544996
vt 0.668055 0.377057
vt 0.671562 0.200789
vt 0.545555 0.444822
vt 0.514665 0.448438
vt 0.526724 0.493255
vt 0.557393 0.488820
vt 0.111111 0.612863
vt 0.111111 0.552659
vt 0.111111 0.267213
vt 0.111111 0.162517
vt 0.987088 0.701950
vt 1.053358 0.740212
vt 1.059840 0.743954
vt 0.918714 0.662475
vt 0.536769 0.377414
vt 0.505715 0.379774
vt 0.166667 0.612863
vt 0.166667 0.552659
vt 0.166667 0.267213
vt 0.166667 0.162517
vt 1.053895 0.518397
vt 1.129256 0.531685
vt 1.136626 0.532985
vt 0.976144 0.504687
vt 0.532094 0.294725
vt 0.500953 0.295545
vt 0.222222 0.612863
vt 0.222222 0.552659
vt 0.222222 0.267213
vt 0.222222 0.162517
vt 1.053895 0.323063
vt 1.129256 0.309776
vt 1.136626 0.308476
vt 0.976144 0.336773
vt 0.532094 0.206730
vt 0.500953 0.205911
vt 0.277778 0.612863
vt 0.277778 0.552660
vt 0.277778 0.267213
vt 0.277778 0.162517
vt 0.987088 0.139510
vt 1.053358 0.101249
vt 1.059840 0.097507
vt 0.918714 0.178985
vt 0.536769 0.124041
vt 0.505715 0.121682
vt 0.333333 0.612863
vt 0.333333 0.552660
vt 0.333333 0.267213
vt 0.333333 0.162517
vt 0.861530 -0.010124
vt 0.910717 -0.068744
vt 0.915528 -0.074477
vt 0.810781 0.050356
vt 0.545555 0.056633
vt 0.514665 0.053018
vt 0.388889 0.612863
vt 0.388889 0.552660
vt 0.388889 0.267213
vt 0.388889 0.162517
vt 0.692366 -0.107791
vt 0.718538 -0.179698
vt 0.721098 -0.186731
vt 0.665363 -0.033601
vt 0.557393 0.012635
vt 0.526724 0.008201
vt 0.444444 0.612863
vt 0.444444 0.552660
vt 0.444444 0.267213
vt 0.444444 0.162517
vt 0.222222 0.025294
vt 0.166666 0.025294
vt 0.622232 0.493255
vt 0.653122 0.489640
vt 0.500000 1.631191
vt 0.500000 1.501020
vt 0.721098 1.501020
vt 0.718538 1.631191
vt 0.915528 1.501020
vt 0.910717 1.631191
vt 0.989474 1.631191
vt 0.995207 1.501020
vt 0.823224 1.501020
vt 0.819481 1.631191
vt 0.612254 1.501020
vt 0.610955 1.631191
vt 0.387746 1.501020
vt 0.389045 1.631191
vt 0.176776 1.501020
vt 0.180519 1.631191
vt 0.004793 1.501020
vt 0.010526 1.631191
vt 0.500000 1.501020
vt 0.278902 1.501020
vt 0.281462 1.631191
vt 0.084472 1.501020
vt 0.089283 1.631191
vt 0.500000 0.808150
vt 0.606130 0.808151
vt 0.699458 0.808151
vt 0.737705 0.808151
vt 0.655151 0.808151
vt 0.553883 0.808151
vt 0.446117 0.808151
vt 0.344849 0.808151
vt 0.262295 0.808151
vt 0.500000 0.808151
vt 0.393871 0.808151
vt 0.300542 0.808151
vt 0.500000 0.141188
vt 0.593492 0.141188
vt 0.500000 0.086162
vt 0.598258 0.086162
vt 0.603712 0.661893
vt 0.531049 0.619941
vt 0.500953 0.702630
vt 0.583582 0.717199
vt 0.675707 0.141188
vt 0.684665 0.086162
vt 0.500953 0.790625
vt 0.583582 0.776055
vt 0.709399 0.141188
vt 0.636676 0.141188
vt 0.720075 0.086162
vt 0.643644 0.086162
vt 0.531049 0.873314
vt 0.603712 0.831362
vt 0.547467 0.141188
vt 0.549887 0.086162
vt 0.587612 0.940722
vt 0.641544 0.876448
vt 0.452533 0.141188
vt 0.450113 0.086162
vt 0.663818 0.984720
vt 0.692515 0.905877
vt 0.363324 0.141188
vt 0.356356 0.086162
vt 0.750477 1.000000
vt 0.750477 0.916097
vt 0.290601 0.141188
vt 0.279925 0.086162
vt 0.837135 0.984720
vt 0.808438 0.905877
vt 0.913341 0.940722
vt 0.859409 0.876448
vt 0.500000 0.086162
vt 0.969904 0.873314
vt 0.897241 0.831362
vt 0.406508 0.141188
vt 0.401742 0.086162
vt 1.000000 0.790625
vt 0.917371 0.776055
vt 0.324293 0.141188
vt 0.315335 0.086162
vt 1.000000 0.702630
vt 0.917371 0.717199
vt 0.969904 0.619941
vt 0.897241 0.661893
vt 0.913341 0.552533
vt 0.859409 0.616806
vt 0.837135 0.508535
vt 0.808439 0.587378
vt 0.750477 0.493255
vt 0.750477 0.577158
vt 0.663818 0.508535
vt 0.692515 0.587378
vt 0.587612 0.552533
vt 0.641544 0.616806
vt 0.500953 0.700333
vt 0.411440 0.716394
vt 0.411440 0.775817
vt 0.500953 0.789796
vt 0.500000 0.803645
vt 0.500000 0.740182
vt 0.444444 0.740182
vt 0.444444 0.803645
vt 0.500000 0.684160
vt 0.444444 0.684160
vt 0.391373 0.831442
vt 0.470742 0.873543
vt 0.388889 0.740182
vt 0.388889 0.803645
vt 0.388889 0.684160
vt 0.353660 0.876562
vt 0.413964 0.941472
vt 0.333333 0.740182
vt 0.333333 0.803645
vt 0.333333 0.684160
vt 0.302850 0.905733
vt 0.337466 0.985390
vt 0.277778 0.740182
vt 0.277778 0.803645
vt 0.277778 0.684160
vt 0.245070 0.915437
vt 0.250477 1.000000
vt 0.222222 0.740182
vt 0.222222 0.803645
vt 0.222222 0.684160
vt 0.187291 0.904503
vt 0.163487 0.983539
vt 0.166667 0.740182
vt 0.166667 0.803645
vt 0.166667 0.684160
vt 0.136480 0.874251
vt 0.086990 0.937994
vt 0.111111 0.740182
vt 0.111111 0.803645
vt 0.111111 0.684160
vt 0.098767 0.828330
vt 0.030211 0.868857
vt 0.055556 0.740182
vt 0.055556 0.803645
vt 0.055556 0.684160
vt 0.078701 0.772277
vt -0.000000 0.784467
vt 0.000000 0.740182
vt 0.000000 0.803645
vt 0.000000 0.684160
vt 0.078701 0.712854
vt -0.000000 0.695004
vt 1.000000 0.803645
vt 1.000000 0.740182
vt 0.944444 0.740182
vt 0.944444 0.803645
vt 1.000000 0.684160
vt 0.944444 0.684160
vt 0.098767 0.657229
vt 0.030211 0.611257
vt 0.888889 0.740182
vt 0.888889 0.803645
vt 0.888889 0.684160
vt 0.136480 0.612109
vt 0.086990 0.543328
vt 0.833333 0.740182
vt 0.833333 0.803645
vt 0.833333 0.684160
vt 0.187291 0.582939
vt 0.163487 0.499410
vt 0.777778 0.740182
vt 0.777778 0.803645
vt 0.777778 0.684160
vt 0.245070 0.573235
vt 0.250477 0.484800
vt 0.722222 0.740182
vt 0.722222 0.803645
vt 0.722222 0.684160
vt 0.302850 0.584168
vt 0.337466 0.501261
vt 0.666667 0.740182
vt 0.666667 0.803645
vt 0.666667 0.684160
vt 0.353660 0.614420
vt 0.413963 0.546806
vt 0.611111 0.740182
vt 0.611111 0.803645
vt 0.611111 0.684160
vt 0.391373 0.660341
vt 0.470742 0.615943
vt 0.555556 0.740182
vt 0.555556 0.803645
vt 0.555556 0.684160
vt 0.500000 0.493285
vt 0.444444 0.493285
vt 0.500000 0.404557
vt 0.444444 0.404557
vt 0.388889 0.493285
vt 0.388889 0.404557
vt 0.333333 0.493285
vt 0.333333 0.404557
vt 0.277778 0.493285
vt 0.277778 0.404557
vt 0.222222 0.493285
vt 0.222222 0.404557
vt 0.166667 0.493285
vt 0.166667 0.404557
vt 0.111111 0.493285
vt 0.111111 0.404557
vt 0.055556 0.493285
vt 0.055556 0.404557
vt 0.000000 0.493285
vt 0.000000 0.404557
vt 1.000000 0.493285
vt 0.944444 0.493285
vt 1.000000 0.404557
vt 0.944444 0.404557
vt 0.888889 0.493285
vt 0.888889 0.404557
vt 0.833333 0.493285
vt 0.833333 0.404557
vt 0.777778 0.493285
vt 0.777778 0.404557
vt 0.722222 0.493285
vt 0.722222 0.404557
vt 0.666667 0.493285
vt 0.666667 0.404557
vt 0.611111 0.493285
vt 0.611111 0.404557
vt 0.555556 0.493285
vt 0.555556 0.404557
vt 0.388889 0.025294
vt 0.333333 0.025294
vt 0.611111 0.025294
vt 0.555556 0.025294
vt 0.777778 0.025294
vt 0.722222 0.025294
vt 0.944444 0.025294
vt 0.888889 0.025294
vt 0.111111 0.025294
vt 0.055555 0.025294
vt 0.277778 0.025294
vt 0.444445 0.025294
vt 0.666667 0.025294
vt 0.833333 0.025294
vt 1.000000 0.025294
vt 0.500000 0.025294
vt 0.000000 0.025294
vt 0.500000 0.385015
vt 0.444444 0.385015
vt 0.500000 0.367506
vt 0.444444 0.367506
vt 0.500000 0.335471
vt 0.444444 0.335471
vt 0.388889 0.385015
vt 0.388889 0.367506
vt 0.388889 0.335471
vt 0.333333 0.385015
vt 0.333333 0.367506
vt 0.333333 0.335471
vt 0.277778 0.385015
vt 0.277778 0.367506
vt 0.277778 0.335471
vt 0.222222 0.385015
vt 0.222222 0.367506
vt 0.222222 0.335471
vt 0.166667 0.385015
vt 0.166667 0.367506
vt 0.166667 0.335471
vt 0.111111 0.385015
vt 0.111111 0.367506
vt 0.111111 0.335471
vt 0.055556 0.385015
vt 0.055556 0.367506
vt 0.055556 0.335471
vt 0.000000 0.385015
vt 0.000000 0.367506
vt 0.000000 0.335471
vt 1.000000 0.385015
vt 0.944444 0.385015
vt 1.000000 0.367506
vt 0.944444 0.367506
vt 1.000000 0.335471
vt 0.944444 0.335471
vt 0.888889 0.385015
vt 0.888889 0.367506
vt 0.888889 0.335471
vt 0.833333 0.385015
vt 0.833333 0.367506
vt 0.833333 0.335471
vt 0.777778 0.385015
vt 0.777778 0.367506
vt 0.777778 0.335471
vt 0.722222 0.385015
vt 0.722222 0.367506
vt 0.722222 0.335471
vt 0.666667 0.385015
vt 0.666667 0.367506
vt 0.666667 0.335471
vt 0.611111 0.385015
vt 0.611111 0.367506
vt 0.611111 0.335471
vt 0.555556 0.385015
vt 0.555556 0.367506
vt 0.555556 0.335471
vt 0.821705 0.390383
vt 0.766933 0.429720
vt 0.770918 0.487535
vt 0.825328 0.442298
vt 0.296957 0.200934
vt 0.243952 0.169394
vt 0.236784 0.248631
vt 0.290388 0.280235
vt 0.877633 0.357686
vt 0.880453 0.404696
vt 0.337055 0.375879
vt 0.284279 0.343846
vt 0.278591 0.406689
vt 0.332139 0.441724
vt 0.934858 0.335572
vt 0.936484 0.379266
vt 0.347646 0.231024
vt 0.342219 0.310385
vt 0.992998 0.326710
vt 0.993178 0.369074
vt 0.389315 0.402505
vt 0.385647 0.470845
vt 1.051246 0.332168
vt 1.049951 0.375351
vt 0.397012 0.256034
vt 0.393101 0.335447
vt 0.108745 0.351288
vt 0.051246 0.332168
vt 0.049951 0.375351
vt 0.106180 0.397338
vt 0.441491 0.420512
vt 0.439436 0.490539
vt 0.164991 0.381763
vt 0.161521 0.432385
vt 0.445727 0.272949
vt 0.443587 0.352396
vt 0.220004 0.419918
vt 0.216064 0.476263
vt 0.493729 0.427729
vt 0.493503 0.498432
vt 0.274230 0.461151
vt 0.270266 0.523681
vt 0.494190 0.279728
vt 0.493957 0.359188
vt 0.328294 0.500488
vt 0.324739 0.568919
vt 0.545978 0.423284
vt 0.547606 0.493571
vt 0.382731 0.533185
vt 0.379998 0.606520
vt 0.542629 0.275553
vt 0.544320 0.355005
vt 0.437786 0.555299
vt 0.436223 0.631950
vt 0.598165 0.407715
vt 0.601474 0.476543
vt 0.493322 0.564161
vt 0.493149 0.642142
vt 0.591256 0.260928
vt 0.594761 0.340350
vt 0.548916 0.558703
vt 0.550159 0.635865
vt 0.650376 0.382899
vt 0.655033 0.449401
vt 0.604113 0.539583
vt 0.606594 0.613878
vt 0.640416 0.237617
vt 0.645508 0.316992
vt 0.658690 0.509108
vt 0.662084 0.578831
vt 0.702974 0.351828
vt 0.697045 0.287748
vt 0.690709 0.208432
vt 0.712803 0.470952
vt 0.708525 0.415419
vt 0.743052 0.176892
vt 0.750138 0.256144
vt 0.756593 0.318252
vt 0.762488 0.378696
vt 0.689613 0.975128
vt 0.679121 0.908829
vt 0.619588 0.944863
vt 0.628109 1.003949
vt 0.735390 0.863715
vt 0.729943 0.788945
vt 0.674009 0.837352
vt 0.724825 0.698026
vt 0.669317 0.747708
vt 0.720739 0.617209
vt 0.665645 0.666295
vt 0.716708 0.534953
vt 0.556861 0.967470
vt 0.561462 1.022031
vt 0.812012 0.286219
vt 0.817591 0.343661
vt 0.615588 0.876016
vt 0.611996 0.787389
vt 0.609233 0.705501
vt 0.492209 0.973924
vt 0.491555 1.027192
vt 0.798626 0.146802
vt 0.805733 0.225993
vt 0.554761 0.900272
vt 0.552904 0.812284
vt 0.551493 0.730097
vt 0.427839 0.963445
vt 0.422134 1.018811
vt 0.869875 0.259593
vt 0.874380 0.314541
vt 0.492505 0.907197
vt 0.492766 0.819391
vt 0.492963 0.737119
vt 0.365811 0.937299
vt 0.356640 0.997899
vt 0.858589 0.121792
vt 0.864669 0.200932
vt 0.430458 0.895954
vt 0.432780 0.807852
vt 0.434548 0.725718
vt 0.307095 0.898637
vt 0.296400 0.966977
vt 0.930292 0.241586
vt 0.932961 0.294846
vt 0.370154 0.867899
vt 0.374073 0.779058
vt 0.377098 0.697270
vt 0.251522 0.852125
vt 0.240878 0.929775
vt 0.923367 0.104877
vt 0.927142 0.183983
vt 0.312353 0.826416
vt 0.317206 0.736484
vt 0.321024 0.655206
vt 0.198304 0.803371
vt 0.188799 0.890781
vt 0.992487 0.234370
vt 0.992786 0.286953
vt 0.256949 0.776510
vt 0.262076 0.685263
vt 0.266191 0.604599
vt 0.146533 0.758256
vt 0.138903 0.854697
vt 0.991697 0.098098
vt 0.992130 0.177191
vt 0.203305 0.724198
vt 0.208134 0.631575
vt 0.212083 0.551555
vt 0.095473 0.722222
vt 0.090225 0.825876
vt 1.054894 0.238814
vt 1.052760 0.291814
vt 0.150651 0.675792
vt 0.154701 0.581894
vt 0.158071 0.502469
vt 0.044665 0.699615
vt 0.042134 0.807795
vt 1.060464 0.102273
vt 1.057421 0.181374
vt 0.098359 0.637128
vt 0.101237 0.542212
vt 0.103663 0.463264
vt 1.042134 0.807795
vt 1.044665 0.699615
vt 0.993910 0.693162
vt 0.994258 0.802633
vt 0.115844 0.254384
vt 0.054894 0.238814
vt 0.052760 0.291814
vt 0.111715 0.308842
vt 0.046073 0.612871
vt 0.047489 0.517317
vt 0.048692 0.438667
vt 0.943150 0.703640
vt 0.946354 0.811014
vt 0.126290 0.116898
vt 0.060464 0.102273
vt 0.057421 0.181374
vt 0.120644 0.196028
vt 1.046073 0.612871
vt 0.993715 0.605947
vt 1.047489 0.517317
vt 0.993520 0.510211
vt 1.048692 0.438667
vt 0.993353 0.431646
vt 0.892308 0.729787
vt 0.898165 0.831927
vt 0.174340 0.279200
vt 0.168947 0.335984
vt 0.941371 0.617190
vt 0.939584 0.521750
vt 0.938068 0.443047
vt 0.841130 0.768448
vt 0.849264 0.862849
vt 0.187418 0.140209
vt 0.180449 0.219387
vt 0.889100 0.645245
vt 0.885910 0.550543
vt 0.883227 0.471495
vt 0.789088 0.814961
vt 0.798944 0.900051
vt 0.230299 0.310270
vt 0.224416 0.369966
vt 0.836764 0.686727
vt 0.832488 0.593117
vt 0.828944 0.513559
vt 0.746162 0.939045
vt 0.783939 0.736634
vt 0.778991 0.644338
vt 0.774962 0.564165
vt 0.679631 0.157984
vt 0.631762 0.180812
vt 0.585417 0.199045
vt 0.539844 0.210484
vt 0.494571 0.213749
vt 0.449260 0.208447
vt 0.403553 0.195217
vt 0.356924 0.175654
vt 0.308534 0.152119
vt 0.257093 0.127450
vt 0.200816 0.104622
vt 0.137721 0.086389
vt 0.066892 0.074950
vt 1.066892 0.074950
vt 0.990771 0.071685
vt 0.915459 0.076987
vt 0.846427 0.090217
vt 0.785126 0.109780
vt 0.730195 0.133315
vt 1.055555 0.025294
vt 1.111111 0.025294
vt 1.166666 0.025294
s 1
usemtl Material_002
f 1/1/1 2/2/2 3/3/3
f 1/1/1 3/3/3 4/4/4
f 5/5/5 6/6/6 7/7/7
f 5/5/5 7/7/7 8/8/8
f 9/9/9 10/10/10 11/11/11
f 9/9/9 11/11/11 12/12/12
f 10/10/10 13/13/13 14/14/14
f 10/10/10 14/14/14 11/11/11
f 13/13/13 15/15/15 16/16/16
f 13/13/13 16/16/16 14/14/14
f 17/17/17 18/18/18 19/19/19
f 17/17/17 19/19/19 20/20/20
f 21/21/21 22/22/22 23/23/23
f 21/21/21 23/23/23 24/24/24
f 25/25/25 26/26/26 27/27/27
f 25/25/25 27/27/27 28/28/28
f 29/29/29 30/30/30 2/2/2
f 29/29/29 2/2/2 1/1/1
f 31/31/31 32/32/32 6/6/6
f 31/31/31 6/6/6 5/5/5
f 33/33/33 34/34/34 10/10/10
f 33/33/33 10/10/10 9/9/9
f 34/34/34 35/35/35 13/13/13
f 34/34/34 13/13/13 10/10/10
f 35/35/35 36/36/36 15/15/15
f 35/35/35 15/15/15 13/13/13
f 37/37/37 38/38/38 18/18/18
f 37/37/37 18/18/18 17/17/17
f 39/39/39 40/40/40 22/22/22
f 39/39/39 22/22/22 21/21/21
f 41/41/41 42/42/42 26/26/26
f 41/41/41 26/26/26 25/25/25
f 43/43/43 44/44/44 30/30/30
f 43/43/43 30/30/30 29/29/29
f 45/45/45 46/46/46 32/32/32
f 45/45/45 32/32/32 31/31/31
f 47/47/47 48/48/48 49/49/49
f 47/47/47 49/49/49 50/50/50
f 48/48/48 51/51/51 52/52/35
f 48/48/48 52/52/35 49/49/49
f 51/51/51 53/53/52 54/54/36
f 51/51/51 54/54/36 52/52/35
f 55/55/53 56/56/54 38/38/38
f 55/55/53 38/38/38 37/37/37
f 57/57/55 58/58/56 40/40/40
f 57/57/55 40/40/40 39/39/39
f 59/59/57 60/60/58 42/42/42
f 59/59/57 42/42/42 41/41/41
f 61/61/59 62/62/60 44/44/44
f 61/61/59 44/44/44 43/43/43
f 63/63/61 64/64/62 46/46/46
f 63/63/61 46/46/46 45/45/45
f 65/65/63 66/66/64 48/48/48
f 65/65/63 48/48/48 47/47/47
f 66/66/64 67/67/65 51/51/51
f 66/66/64 51/51/51 48/48/48
f 67/67/65 68/68/66 53/53/52
f 67/67/65 53/53/52 51/51/51
f 69/69/67 70/70/68 56/56/54
f 69/69/67 56/56/54 55/55/53
f 71/71/69 72/72/70 58/58/56
f 71/71/69 58/58/56 57/57/55
f 73/73/71 74/74/72 60/60/58
f 73/73/71 60/60/58 59/59/57
f 75/75/73 76/76/74 62/62/60
f 75/75/73 62/62/60 61/61/59
f 77/77/75 78/78/76 64/64/62
f 77/77/75 64/64/62 63/63/61
f 79/79/77 80/80/78 66/66/64
f 79/79/77 66/66/64 65/65/63
f 80/80/78 81/81/79 67/67/65
f 80/80/78 67/67/65 66/66/64
f 81/81/79 82/82/80 68/68/66
f 81/81/79 68/68/66 67/67/65
f 83/83/81 84/84/82 85/85/68
f 83/83/81 85/85/68 86/86/67
f 87/87/83 88/88/84 72/72/70
f 87/87/83 72/72/70 71/71/69
f 89/89/85 90/90/86 74/74/72
f 89/89/85 74/74/72 73/73/71
f 91/91/87 92/92/88 76/76/74
f 91/91/87 76/76/74 75/75/73
f 93/93/89 94/94/90 78/78/76
f 93/93/89 78/78/76 77/77/75
f 95/95/91 96/96/92 80/80/78
f 95/95/91 80/80/78 79/79/77
f 96/96/92 97/97/93 81/81/79
f 96/96/92 81/81/79 80/80/78
f 97/97/93 98/98/94 82/82/80
f 97/97/93 82/82/80 81/81/79
f 99/99/95 100/100/96 84/84/82
f 99/99/95 84/84/82 83/83/81
f 101/101/97 102/102/98 88/88/84
f 101/101/97 88/88/84 87/87/83
f 103/103/99 104/104/100 90/90/86
f 103/103/99 90/90/86 89/89/85
f 105/105/101 106/106/102 92/92/88
f 105/105/101 92/92/88 91/91/87
f 107/107/103 108/108/104 94/94/90
f 107/107/103 94/94/90 93/93/89
f 109/109/105 110/110/106 96/96/92
f 109/109/105 96/96/92 95/95/91
f 110/110/106 111/111/107 97/97/93
f 110/110/106 97/97/93 96/96/92
f 111/111/107 112/112/108 98/98/94
f 111/111/107 98/98/94 97/97/93
f 113/113/109 114/114/110 100/100/96
f 113/113/109 100/100/96 99/99/95
f 115/115/111 116/116/112 102/102/98
f 115/115/111 102/102/98 101/101/97
f 117/117/113 118/118/114 104/104/100
f 117/117/113 104/104/100 103/103/99
f 119/119/115 120/120/116 106/106/102
f 119/119/115 106/106/102 105/105/101
f 121/121/117 122/122/118 108/108/104
f 121/121/117 108/108/104 107/107/103
f 123/9/119 124/10/120 125/34/121
f 123/9/119 125/34/121 126/33/122
f 124/10/120 127/13/123 128/35/107
f 124/10/120 128/35/107 125/34/121
f 127/13/123 129/15/124 130/36/108
f 127/13/123 130/36/108 128/35/107
f 131/123/125 132/124/126 114/114/110
f 131/123/125 114/114/110 113/113/109
f 133/125/127 134/126/128 116/116/112
f 133/125/127 116/116/112 115/115/111
f 135/127/129 136/128/130 118/118/114
f 135/127/129 118/118/114 117/117/113
f 137/129/131 138/130/132 120/120/116
f 137/129/131 120/120/116 119/119/115
f 139/131/133 140/132/134 122/122/118
f 139/131/133 122/122/118 121/121/117
f 141/133/135 142/134/136 124/10/120
f 141/133/135 124/10/120 123/9/119
f 142/134/136 143/14/137 127/13/123
f 142/134/136 127/13/123 124/10/120
f 143/14/137 144/16/138 129/15/124
f 143/14/137 129/15/124 127/13/123
f 145/135/139 146/136/140 132/124/126
f 145/135/139 132/124/126 131/123/125
f 147/137/141 148/138/142 134/126/128
f 147/137/141 134/126/128 133/125/127
f 149/139/143 150/140/144 136/128/130
f 149/139/143 136/128/130 135/127/129
f 151/141/145 152/142/146 138/130/132
f 151/141/145 138/130/132 137/129/131
f 153/143/147 154/144/148 140/132/134
f 153/143/147 140/132/134 139/131/133
f 155/145/149 156/146/150 142/134/136
f 155/145/149 142/134/136 141/133/135
f 156/146/150 157/147/151 143/14/137
f 156/146/150 143/14/137 142/134/136
f 157/147/151 158/148/152 144/16/138
f 157/147/151 144/16/138 143/14/137
f 159/149/153 160/150/154 146/136/140
f 159/149/153 146/136/140 145/135/139
f 161/151/155 162/152/156 163/153/142
f 161/151/155 163/153/142 164/154/157
f 165/155/158 166/156/159 167/157/144
f 165/155/158 167/157/144 168/158/143
f 169/159/160 170/160/161 152/142/146
f 169/159/160 152/142/146 151/141/145
f 171/161/162 172/162/163 154/144/148
f 171/161/162 154/144/148 153/143/147
f 173/163/164 174/164/165 156/146/150
f 173/163/164 156/146/150 155/145/149
f 174/164/165 175/165/166 157/147/151
f 174/164/165 157/147/151 156/146/150
f 175/165/166 176/166/167 158/148/152
f 175/165/166 158/148/152 157/147/151
f 177/167/168 178/168/169 179/169/154
f 177/167/168 179/169/154 180/170/170
f 181/171/171 182/172/172 162/152/156
f 181/171/171 162/152/156 161/151/155
f 183/173/173 184/174/174 166/156/159
f 183/173/173 166/156/159 165/155/158
f 185/175/175 186/176/176 170/160/161
f 185/175/175 170/160/161 169/159/160
f 187/177/177 188/178/178 172/162/163
f 187/177/177 172/162/163 171/161/162
f 189/95/179 190/96/180 191/110/181
f 189/95/179 191/110/181 192/109/182
f 190/96/180 193/97/183 194/111/166
f 190/96/180 194/111/166 191/110/181
f 193/97/183 195/98/184 196/112/167
f 193/97/183 196/112/167 194/111/166
f 197/179/185 198/180/186 178/168/169
f 197/179/185 178/168/169 177/167/168
f 199/181/187 200/182/188 182/172/172
f 199/181/187 182/172/172 181/171/171
f 201/183/189 202/184/190 184/174/174
f 201/183/189 184/174/174 183/173/173
f 203/185/191 204/186/192 186/176/176
f 203/185/191 186/176/176 185/175/175
f 205/187/193 206/188/194 188/178/178
f 205/187/193 188/178/178 187/177/177
f 207/79/195 208/80/196 190/96/180
f 207/79/195 190/96/180 189/95/179
f 208/80/196 209/81/197 193/97/183
f 208/80/196 193/97/183 190/96/180
f 209/81/197 210/82/198 195/98/184
f 209/81/197 195/98/184 193/97/183
f 211/189/199 212/190/200 198/180/186
f 211/189/199 198/180/186 197/179/185
f 213/191/201 214/192/202 200/182/188
f 213/191/201 200/182/188 199/181/187
f 215/193/203 216/194/204 202/184/190
f 215/193/203 202/184/190 201/183/189
f 217/195/205 218/196/206 204/186/192
f 217/195/205 204/186/192 203/185/191
f 219/197/207 220/198/208 206/188/194
f 219/197/207 206/188/194 205/187/193
f 221/65/209 222/66/210 208/80/196
f 221/65/209 208/80/196 207/79/195
f 222/66/210 223/67/211 209/81/197
f 222/66/210 209/81/197 208/80/196
f 223/67/211 224/68/212 210/82/198
f 223/67/211 210/82/198 209/81/197
f 225/199/213 226/200/214 212/190/200
f 225/199/213 212/190/200 211/189/199
f 227/201/215 228/202/216 214/192/202
f 227/201/215 214/192/202 213/191/201
f 229/203/217 230/204/218 216/194/204
f 229/203/217 216/194/204 215/193/203
f 231/205/219 232/206/220 218/196/206
f 231/205/219 218/196/206 217/195/205
f 233/207/221 234/208/222 220/198/208
f 233/207/221 220/198/208 219/197/207
f 235/47/223 236/48/224 222/66/210
f 235/47/223 222/66/210 221/65/209
f 236/48/224 237/51/225 223/67/211
f 236/48/224 223/67/211 222/66/210
f 237/51/225 238/53/226 224/68/212
f 237/51/225 224/68/212 223/67/211
f 239/209/227 240/210/228 226/200/214
f 239/209/227 226/200/214 225/199/213
f 241/211/229 242/212/230 228/202/216
f 241/211/229 228/202/216 227/201/215
f 243/213/231 244/214/232 230/204/218
f 243/213/231 230/204/218 229/203/217
f 245/215/233 246/216/234 232/206/220
f 245/215/233 232/206/220 231/205/219
f 247/217/235 248/218/236 234/208/222
f 247/217/235 234/208/222 233/207/221
f 249/50/237 250/49/238 236/48/224
f 249/50/237 236/48/224 235/47/223
f 250/49/238 251/52/239 237/51/225
f 250/49/238 237/51/225 236/48/224
f 251/52/239 252/54/240 238/53/226
f 251/52/239 238/53/226 237/51/225
f 253/219/241 254/220/242 240/210/228
f 253/219/241 240/210/228 239/209/227
f 255/221/243 256/222/244 242/212/230
f 255/221/243 242/212/230 241/211/229
f 257/223/245 258/224/246 244/214/232
f 257/223/245 244/214/232 243/213/231
f 259/225/247 260/226/248 246/216/234
f 259/225/247 246/216/234 245/215/233
f 261/227/249 262/228/250 248/218/236
f 261/227/249 248/218/236 247/217/235
f 263/145/251 264/146/252 265/164/253
f 263/145/251 265/164/253 266/163/254
f 264/146/252 267/147/255 268/165/239
f 264/146/252 268/165/239 265/164/253
f 267/147/255 269/148/256 270/166/240
f 267/147/255 270/166/240 268/165/239
f 271/229/257 272/230/258 254/220/242
f 271/229/257 254/220/242 253/219/241
f 273/231/259 274/232/260 256/222/244
f 273/231/259 256/222/244 255/221/243
f 275/233/261 276/234/262 258/224/246
f 275/233/261 258/224/246 257/223/245
f 202/184/190 216/194/204 277/235/263
f 202/184/190 277/235/263 278/236/264
f 4/4/4 3/3/3 260/226/248
f 4/4/4 260/226/248 259/225/247
f 8/8/8 7/7/7 262/228/250
f 8/8/8 262/228/250 261/227/249
f 12/12/12 11/11/11 264/146/252
f 12/12/12 264/146/252 263/145/251
f 11/11/11 14/14/14 267/147/255
f 11/11/11 267/147/255 264/146/252
f 14/14/14 16/16/16 269/148/256
f 14/14/14 269/148/256 267/147/255
f 20/20/20 19/19/19 279/237/258
f 20/20/20 279/237/258 280/238/257
f 24/24/24 23/23/23 274/232/260
f 24/24/24 274/232/260 273/231/259
f 28/28/28 27/27/27 276/234/262
f 28/28/28 276/234/262 275/233/261
f 281/239/265 282/240/266 283/241/267
f 281/239/265 283/241/267 284/242/268
f 284/242/268 283/241/267 285/243/269
f 284/242/268 285/243/269 286/244/270
f 287/245/271 288/246/269 289/247/272
f 287/245/271 289/247/272 290/248/273
f 290/248/273 289/247/272 291/249/274
f 290/248/273 291/249/274 292/250/275
f 292/250/275 291/249/274 293/251/276
f 292/250/275 293/251/276 294/252/277
f 294/252/277 293/251/276 295/253/278
f 294/252/277 295/253/278 296/254/279
f 296/254/279 295/253/278 297/255/280
f 296/254/279 297/255/280 298/256/281
f 299/244/281 300/243/280 301/241/282
f 299/244/281 301/241/282 302/242/283
f 302/242/283 301/241/282 303/257/284
f 302/242/283 303/257/284 304/239/285
f 304/239/285 303/257/284 305/258/286
f 304/239/285 305/258/286 306/259/287
f 306/259/287 305/258/286 307/260/288
f 306/259/287 307/260/288 308/261/289
f 309/256/290 310/255/288 311/253/291
f 309/256/290 311/253/291 312/254/292
f 312/254/292 311/253/291 313/251/293
f 312/254/292 313/251/293 314/252/294
f 314/252/294 313/251/293 315/249/295
f 314/252/294 315/249/295 316/250/296
f 316/250/296 315/249/295 317/247/297
f 316/250/296 317/247/297 318/248/298
f 318/248/298 317/247/297 319/246/299
f 318/248/298 319/246/299 320/245/300
f 321/261/300 322/260/299 323/258/301
f 321/261/300 323/258/301 324/259/302
f 324/259/302 323/258/301 282/240/266
f 324/259/302 282/240/266 281/239/265
f 325/262/303 12/12/12 263/145/251
f 325/262/303 263/145/251 326/263/304
f 326/263/304 263/145/251 266/163/254
f 326/263/304 266/163/254 327/264/305
f 328/265/305 249/50/237 235/47/223
f 328/265/305 235/47/223 329/266/306
f 329/266/306 235/47/223 221/65/209
f 329/266/306 221/65/209 330/267/307
f 330/267/307 221/65/209 207/79/195
f 330/267/307 207/79/195 331/268/308
f 331/268/308 207/79/195 189/95/179
f 331/268/308 189/95/179 332/269/309
f 332/269/309 189/95/179 192/109/182
f 332/269/309 192/109/182 333/270/310
f 334/264/310 173/163/164 155/145/149
f 334/264/310 155/145/149 335/263/311
f 335/263/311 155/145/149 141/133/135
f 335/263/311 141/133/135 336/271/312
f 336/271/312 141/133/135 123/9/119
f 336/271/312 123/9/119 337/272/313
f 337/272/313 123/9/119 126/33/122
f 337/272/313 126/33/122 338/273/314
f 339/270/314 109/109/105 95/95/91
f 339/270/314 95/95/91 340/269/315
f 340/269/315 95/95/91 79/79/77
f 340/269/315 79/79/77 341/268/316
f 341/268/316 79/79/77 65/65/63
f 341/268/316 65/65/63 342/267/317
f 342/267/317 65/65/63 47/47/47
f 342/267/317 47/47/47 343/266/318
f 343/266/318 47/47/47 50/50/50
f 343/266/318 50/50/50 344/265/319
f 345/273/319 33/33/33 9/9/9
f 345/273/319 9/9/9 346/272/320
f 346/272/320 9/9/9 12/12/12
f 346/272/320 12/12/12 325/262/303
f 16/16/16 347/274/321 348/275/322
f 16/16/16 348/275/322 269/148/256
f 347/274/321 349/276/323 350/277/324
f 347/274/321 350/277/324 348/275/322
f 351/278/325 352/279/326 353/280/327
f 351/278/325 353/280/327 354/281/328
f 269/148/256 348/275/322 355/282/329
f 269/148/256 355/282/329 270/166/240
f 348/275/322 350/277/324 356/283/330
f 348/275/322 356/283/330 355/282/329
f 354/281/328 353/280/327 357/284/241
f 354/281/328 357/284/241 358/285/331
f 252/54/240 359/286/332 360/287/333
f 252/54/240 360/287/333 238/53/226
f 359/286/332 361/288/330 362/289/334
f 359/286/332 362/289/334 360/287/333
f 358/285/331 357/284/241 363/290/335
f 358/285/331 363/290/335 364/291/336
f 238/53/226 360/287/333 365/292/337
f 238/53/226 365/292/337 224/68/212
f 360/287/333 362/289/334 366/293/338
f 360/287/333 366/293/338 365/292/337
f 364/291/336 363/290/335 367/294/213
f 364/291/336 367/294/213 368/295/339
f 224/68/212 365/292/337 369/296/340
f 224/68/212 369/296/340 210/82/198
f 365/292/337 366/293/338 370/297/341
f 365/292/337 370/297/341 369/296/340
f 368/295/339 367/294/213 371/298/342
f 368/295/339 371/298/342 372/299/343
f 210/82/198 369/296/340 373/300/344
f 210/82/198 373/300/344 195/98/184
f 369/296/340 370/297/341 374/301/345
f 369/296/340 374/301/345 373/300/344
f 372/299/343 371/298/342 375/302/346
f 372/299/343 375/302/346 376/303/347
f 195/98/184 373/300/344 377/304/348
f 195/98/184 377/304/348 196/112/167
f 373/300/344 374/301/345 378/305/349
f 373/300/344 378/305/349 377/304/348
f 376/303/347 375/302/346 379/306/350
f 376/303/347 379/306/350 380/307/351
f 176/166/167 381/282/352 382/275/353
f 176/166/167 382/275/353 158/148/152
f 381/282/352 383/283/349 384/277/354
f 381/282/352 384/277/354 382/275/353
f 380/307/351 379/306/350 385/308/170
f 380/307/351 385/308/170 386/309/355
f 158/148/152 382/275/353 387/274/356
f 158/148/152 387/274/356 144/16/138
f 382/275/353 384/277/354 388/310/357
f 382/275/353 388/310/357 387/274/356
f 386/309/355 385/308/170 389/311/358
f 386/309/355 389/311/358 390/312/359
f 144/16/138 387/274/356 391/313/360
f 144/16/138 391/313/360 129/15/124
f 387/274/356 388/310/357 392/314/361
f 387/274/356 392/314/361 391/313/360
f 390/312/359 389/311/358 393/315/362
f 390/312/359 393/315/362 394/316/363
f 129/15/124 391/313/360 395/317/364
f 129/15/124 395/317/364 130/36/108
f 391/313/360 392/314/361 396/318/365
f 391/313/360 396/318/365 395/317/364
f 394/316/363 393/315/362 397/319/109
f 394/316/363 397/319/109 398/320/366
f 112/112/108 399/304/367 400/300/368
f 112/112/108 400/300/368 98/98/94
f 399/304/367 401/305/365 402/301/369
f 399/304/367 402/301/369 400/300/368
f 398/320/366 397/319/109 403/321/370
f 398/320/366 403/321/370 404/322/371
f 98/98/94 400/300/368 405/296/372
f 98/98/94 405/296/372 82/82/80
f 400/300/368 402/301/369 406/297/373
f 400/300/368 406/297/373 405/296/372
f 404/322/371 403/321/370 407/323/81
f 404/322/371 407/323/81 408/324/374
f 82/82/80 405/296/372 409/292/375
f 82/82/80 409/292/375 68/68/66
f 405/296/372 406/297/373 410/293/376
f 405/296/372 410/293/376 409/292/375
f 408/324/374 407/323/81 411/325/377
f 408/324/374 411/325/377 412/326/378
f 68/68/66 409/292/375 413/287/379
f 68/68/66 413/287/379 53/53/52
f 409/292/375 410/293/376 414/289/380
f 409/292/375 414/289/380 413/287/379
f 412/326/378 411/325/377 415/327/381
f 412/326/378 415/327/381 416/328/382
f 53/53/52 413/287/379 417/286/383
f 53/53/52 417/286/383 54/54/36
f 413/287/379 414/289/380 418/288/384
f 413/287/379 418/288/384 417/286/383
f 416/328/382 415/327/381 419/329/385
f 416/328/382 419/329/385 420/330/386
f 36/36/36 421/317/387 422/313/388
f 36/36/36 422/313/388 15/15/15
f 421/317/387 423/318/384 424/314/389
f 421/317/387 424/314/389 422/313/388
f 420/330/386 419/329/385 425/331/390
f 420/330/386 425/331/390 426/332/391
f 15/15/15 422/313/388 347/274/321
f 15/15/15 347/274/321 16/16/16
f 422/313/388 424/314/389 349/276/323
f 422/313/388 349/276/323 347/274/321
f 426/332/391 425/331/390 352/279/326
f 426/332/391 352/279/326 351/278/325
f 427/333/392 428/334/393 429/335/394
f 427/333/392 429/335/394 430/336/395
f 431/337/396 432/338/397 433/339/398
f 431/337/396 433/339/398 434/340/399
f 432/338/397 435/341/400 436/342/401
f 432/338/397 436/342/401 433/339/398
f 435/341/400 24/24/24 273/231/259
f 435/341/400 273/231/259 436/342/401
f 430/336/395 429/335/394 437/343/402
f 430/336/395 437/343/402 438/344/403
f 434/340/399 433/339/398 439/345/404
f 434/340/399 439/345/404 440/346/405
f 433/339/398 436/342/401 441/347/406
f 433/339/398 441/347/406 439/345/404
f 436/342/401 273/231/259 255/221/243
f 436/342/401 255/221/243 441/347/406
f 438/344/403 437/343/402 442/348/407
f 438/344/403 442/348/407 443/349/408
f 440/346/405 439/345/404 444/350/409
f 440/346/405 444/350/409 445/351/410
f 439/345/404 441/347/406 446/352/411
f 439/345/404 446/352/411 444/350/409
f 441/347/406 255/221/243 241/211/229
f 441/347/406 241/211/229 446/352/411
f 443/349/408 442/348/407 447/353/412
f 443/349/408 447/353/412 448/354/413
f 445/351/410 444/350/409 449/355/414
f 445/351/410 449/355/414 450/356/415
f 444/350/409 446/352/411 451/357/416
f 444/350/409 451/357/416 449/355/414
f 446/352/411 241/211/229 227/201/215
f 446/352/411 227/201/215 451/357/416
f 448/354/413 447/353/412 452/358/417
f 448/354/413 452/358/417 453/359/418
f 450/356/415 449/355/414 454/360/419
f 450/356/415 454/360/419 455/361/420
f 449/355/414 451/357/416 456/362/421
f 449/355/414 456/362/421 454/360/419
f 451/357/416 227/201/215 213/191/201
f 451/357/416 213/191/201 456/362/421
f 453/359/418 452/358/417 457/363/422
f 453/359/418 457/363/422 458/364/423
f 455/361/420 454/360/419 459/365/424
f 455/361/420 459/365/424 460/366/425
f 454/360/419 456/362/421 461/367/426
f 454/360/419 461/367/426 459/365/424
f 456/362/421 213/191/201 199/181/187
f 456/362/421 199/181/187 461/367/426
f 458/364/423 457/363/422 462/368/427
f 458/364/423 462/368/427 463/369/169
f 460/366/425 459/365/424 464/370/428
f 460/366/425 464/370/428 465/371/429
f 459/365/424 461/367/426 466/372/430
f 459/365/424 466/372/430 464/370/428
f 461/367/426 199/181/187 181/171/171
f 461/367/426 181/171/171 466/372/430
f 463/369/169 462/368/427 467/373/431
f 463/369/169 467/373/431 468/374/432
f 465/371/429 464/370/428 469/375/433
f 465/371/429 469/375/433 470/376/434
f 464/370/428 466/372/430 471/377/435
f 464/370/428 471/377/435 469/375/433
f 466/372/430 181/171/171 161/151/155
f 466/372/430 161/151/155 471/377/435
f 468/374/432 467/373/431 472/378/436
f 468/374/432 472/378/436 473/379/437
f 470/376/434 469/375/433 474/380/438
f 470/376/434 474/380/438 475/381/439
f 469/375/433 471/377/435 476/382/440
f 469/375/433 476/382/440 474/380/438
f 471/377/435 161/151/155 164/154/157
f 471/377/435 164/154/157 476/382/440
f 473/379/437 472/378/436 477/383/441
f 473/379/437 477/383/441 478/384/442
f 479/385/443 480/386/438 481/387/444
f 479/385/443 481/387/444 482/388/445
f 480/386/438 483/389/440 484/390/446
f 480/386/438 484/390/446 481/387/444
f 483/389/440 147/137/141 133/125/127
f 483/389/440 133/125/127 484/390/446
f 478/384/442 477/383/441 485/391/447
f 478/384/442 485/391/447 486/392/448
f 482/388/445 481/387/444 487/393/449
f 482/388/445 487/393/449 488/394/450
f 481/387/444 484/390/446 489/395/451
f 481/387/444 489/395/451 487/393/449
f 484/390/446 133/125/127 115/115/111
f 484/390/446 115/115/111 489/395/451
f 486/392/448 485/391/447 490/396/452
f 486/392/448 490/396/452 491/397/453
f 488/394/450 487/393/449 492/398/454
f 488/394/450 492/398/454 493/399/455
f 487/393/449 489/395/451 494/400/456
f 487/393/449 494/400/456 492/398/454
f 489/395/451 115/115/111 101/101/97
f 489/395/451 101/101/97 494/400/456
f 491/397/453 490/396/452 495/401/457
f 491/397/453 495/401/457 496/402/458
f 493/399/455 492/398/454 497/403/459
f 493/399/455 497/403/459 498/404/460
f 492/398/454 494/400/456 499/405/461
f 492/398/454 499/405/461 497/403/459
f 494/400/456 101/101/97 87/87/83
f 494/400/456 87/87/83 499/405/461
f 496/402/458 495/401/457 500/406/462
f 496/402/458 500/406/462 501/407/463
f 498/404/460 497/403/459 502/408/464
f 498/404/460 502/408/464 503/409/465
f 497/403/459 499/405/461 504/410/466
f 497/403/459 504/410/466 502/408/464
f 499/405/461 87/87/83 71/71/69
f 499/405/461 71/71/69 504/410/466
f 501/407/463 500/406/462 505/411/467
f 501/407/463 505/411/467 506/412/468
f 503/409/465 502/408/464 507/413/469
f 503/409/465 507/413/469 508/414/470
f 502/408/464 504/410/466 509/415/471
f 502/408/464 509/415/471 507/413/469
f 504/410/466 71/71/69 57/57/55
f 504/410/466 57/57/55 509/415/471
f 506/412/468 505/411/467 510/416/472
f 506/412/468 510/416/472 511/417/38
f 508/414/470 507/413/469 512/418/473
f 508/414/470 512/418/473 513/419/474
f 507/413/469 509/415/471 514/420/475
f 507/413/469 514/420/475 512/418/473
f 509/415/471 57/57/55 39/39/39
f 509/415/471 39/39/39 514/420/475
f 511/417/38 510/416/472 515/421/476
f 511/417/38 515/421/476 516/422/477
f 513/419/474 512/418/473 517/423/478
f 513/419/474 517/423/478 518/424/479
f 512/418/473 514/420/475 519/425/480
f 512/418/473 519/425/480 517/423/478
f 514/420/475 39/39/39 21/21/21
f 514/420/475 21/21/21 519/425/480
f 516/422/477 515/421/476 428/334/393
f 516/422/477 428/334/393 427/333/392
f 518/424/479 517/423/478 432/338/397
f 518/424/479 432/338/397 431/337/396
f 517/423/478 519/425/480 435/341/400
f 517/423/478 435/341/400 432/338/397
f 519/425/480 21/21/21 24/24/24
f 519/425/480 24/24/24 435/341/400
f 23/23/23 520/426/481 521/427/482
f 23/23/23 521/427/482 274/232/260
f 520/426/481 522/428/483 523/429/484
f 520/426/481 523/429/484 521/427/482
f 274/232/260 521/427/482 524/430/485
f 274/232/260 524/430/485 256/222/244
f 521/427/482 523/429/484 525/431/486
f 521/427/482 525/431/486 524/430/485
f 256/222/244 524/430/485 526/432/487
f 256/222/244 526/432/487 242/212/230
f 524/430/485 525/431/486 527/433/488
f 524/430/485 527/433/488 526/432/487
f 242/212/230 526/432/487 528/434/489
f 242/212/230 528/434/489 228/202/216
f 526/432/487 527/433/488 529/435/490
f 526/432/487 529/435/490 528/434/489
f 228/202/216 528/434/489 530/436/491
f 228/202/216 530/436/491 214/192/202
f 528/434/489 529/435/490 531/437/492
f 528/434/489 531/437/492 530/436/491
f 214/192/202 530/436/491 532/438/493
f 214/192/202 532/438/493 200/182/188
f 530/436/491 531/437/492 533/439/494
f 530/436/491 533/439/494 532/438/493
f 200/182/188 532/438/493 534/440/495
f 200/182/188 534/440/495 182/172/172
f 532/438/493 533/439/494 535/441/496
f 532/438/493 535/441/496 534/440/495
f 182/172/172 534/440/495 536/442/497
f 182/172/172 536/442/497 162/152/156
f 534/440/495 535/441/496 537/443/498
f 534/440/495 537/443/498 536/442/497
f 162/152/156 536/442/497 538/444/499
f 162/152/156 538/444/499 163/153/142
f 536/442/497 537/443/498 539/445/500
f 536/442/497 539/445/500 538/444/499
f 148/138/142 540/446/499 541/447/501
f 148/138/142 541/447/501 134/126/128
f 540/446/499 542/448/500 543/449/502
f 540/446/499 543/449/502 541/447/501
f 134/126/128 541/447/501 544/450/503
f 134/126/128 544/450/503 116/116/112
f 541/447/501 543/449/502 545/451/504
f 541/447/501 545/451/504 544/450/503
f 116/116/112 544/450/503 546/452/505
f 116/116/112 546/452/505 102/102/98
f 544/450/503 545/451/504 547/453/506
f 544/450/503 547/453/506 546/452/505
f 102/102/98 546/452/505 548/454/507
f 102/102/98 548/454/507 88/88/84
f 546/452/505 547/453/506 549/455/508
f 546/452/505 549/455/508 548/454/507
f 88/88/84 548/454/507 550/456/509
f 88/88/84 550/456/509 72/72/70
f 548/454/507 549/455/508 551/457/510
f 548/454/507 551/457/510 550/456/509
f 72/72/70 550/456/509 552/458/511
f 72/72/70 552/458/511 58/58/56
f 550/456/509 551/457/510 553/459/512
f 550/456/509 553/459/512 552/458/511
f 58/58/56 552/458/511 554/460/513
f 58/58/56 554/460/513 40/40/40
f 552/458/511 553/459/512 555/461/514
f 552/458/511 555/461/514 554/460/513
f 40/40/40 554/460/513 556/462/515
f 40/40/40 556/462/515 22/22/22
f 554/460/513 555/461/514 557/463/516
f 554/460/513 557/463/516 556/462/515
f 22/22/22 556/462/515 520/426/481
f 22/22/22 520/426/481 23/23/23
f 556/462/515 557/463/516 522/428/483
f 556/462/515 522/428/483 520/426/481
f 244/214/232 258/224/246 558/464/517
f 244/214/232 558/464/517 559/465/518
f 26/26/26 42/42/42 560/466/519
f 26/26/26 560/466/519 561/467/520
f 74/74/72 90/90/86 562/468/521
f 74/74/72 562/468/521 563/469/522
f 118/118/114 136/128/130 564/470/523
f 118/118/114 564/470/523 565/471/524
f 166/156/159 184/174/174 566/472/525
f 166/156/159 566/472/525 567/473/526
f 216/194/204 230/204/218 568/474/527
f 216/194/204 568/474/527 277/235/263
f 258/224/246 276/234/262 569/475/528
f 258/224/246 569/475/528 558/464/517
f 42/42/42 60/60/58 570/476/529
f 42/42/42 570/476/529 560/466/519
f 90/90/86 104/104/100 571/477/530
f 90/90/86 571/477/530 562/468/521
f 136/128/130 150/140/144 572/478/531
f 136/128/130 572/478/531 564/470/523
f 184/174/174 202/184/190 278/236/264
f 184/174/174 278/236/264 566/472/525
f 230/204/218 244/214/232 559/465/518
f 230/204/218 559/465/518 568/474/527
f 276/234/262 27/27/27 573/479/532
f 276/234/262 573/479/532 569/475/528
f 27/27/27 26/26/26 561/467/520
f 27/27/27 561/467/520 573/479/532
f 60/60/58 74/74/72 563/469/522
f 60/60/58 563/469/522 570/476/529
f 104/104/100 118/118/114 565/471/524
f 104/104/100 565/471/524 571/477/530
f 167/157/144 166/156/159 567/473/526
f 167/157/144 567/473/526 574/480/531
f 522/428/483 575/481/533 576/482/534
f 522/428/483 576/482/534 523/429/484
f 575/481/533 577/483/535 578/484/536
f 575/481/533 578/484/536 576/482/534
f 577/483/535 579/485/537 580/486/538
f 577/483/535 580/486/538 578/484/536
f 579/485/537 28/28/28 275/233/261
f 579/485/537 275/233/261 580/486/538
f 523/429/484 576/482/534 581/487/539
f 523/429/484 581/487/539 525/431/486
f 576/482/534 578/484/536 582/488/540
f 576/482/534 582/488/540 581/487/539
f 578/484/536 580/486/538 583/489/541
f 578/484/536 583/489/541 582/488/540
f 580/486/538 275/233/261 257/223/245
f 580/486/538 257/223/245 583/489/541
f 525/431/486 581/487/539 584/490/542
f 525/431/486 584/490/542 527/433/488
f 581/487/539 582/488/540 585/491/543
f 581/487/539 585/491/543 584/490/542
f 582/488/540 583/489/541 586/492/544
f 582/488/540 586/492/544 585/491/543
f 583/489/541 257/223/245 243/213/231
f 583/489/541 243/213/231 586/492/544
f 527/433/488 584/490/542 587/493/545
f 527/433/488 587/493/545 529/435/490
f 584/490/542 585/491/543 588/494/546
f 584/490/542 588/494/546 587/493/545
f 585/491/543 586/492/544 589/495/547
f 585/491/543 589/495/547 588/494/546
f 586/492/544 243/213/231 229/203/217
f 586/492/544 229/203/217 589/495/547
f 529/435/490 587/493/545 590/496/548
f 529/435/490 590/496/548 531/437/492
f 587/493/545 588/494/546 591/497/549
f 587/493/545 591/497/549 590/496/548
f 588/494/546 589/495/547 592/498/550
f 588/494/546 592/498/550 591/497/549
f 589/495/547 229/203/217 215/193/203
f 589/495/547 215/193/203 592/498/550
f 531/437/492 590/496/548 593/499/551
f 531/437/492 593/499/551 533/439/494
f 590/496/548 591/497/549 594/500/552
f 590/496/548 594/500/552 593/499/551
f 591/497/549 592/498/550 595/501/553
f 591/497/549 595/501/553 594/500/552
f 592/498/550 215/193/203 201/183/189
f 592/498/550 201/183/189 595/501/553
f 533/439/494 593/499/551 596/502/554
f 533/439/494 596/502/554 535/441/496
f 593/499/551 594/500/552 597/503/555
f 593/499/551 597/503/555 596/502/554
f 594/500/552 595/501/553 598/504/556
f 594/500/552 598/504/556 597/503/555
f 595/501/553 201/183/189 183/173/173
f 595/501/553 183/173/173 598/504/556
f 535/441/496 596/502/554 599/505/557
f 535/441/496 599/505/557 537/443/498
f 596/502/554 597/503/555 600/506/558
f 596/502/554 600/506/558 599/505/557
f 597/503/555 598/504/556 601/507/559
f 597/503/555 601/507/559 600/506/558
f 598/504/556 183/173/173 165/155/158
f 598/504/556 165/155/158 601/507/559
f 537/443/498 599/505/557 602/508/560
f 537/443/498 602/508/560 539/445/500
f 599/505/557 600/506/558 603/509/561
f 599/505/557 603/509/561 602/508/560
f 600/506/558 601/507/559 604/510/562
f 600/506/558 604/510/562 603/509/561
f 601/507/559 165/155/158 168/158/143
f 601/507/559 168/158/143 604/510/562
f 542/448/500 605/511/560 606/512/563
f 542/448/500 606/512/563 543/449/502
f 605/511/560 607/513/561 608/514/564
f 605/511/560 608/514/564 606/512/563
f 607/513/561 609/515/562 610/516/565
f 607/513/561 610/516/565 608/514/564
f 609/515/562 149/139/143 135/127/129
f 609/515/562 135/127/129 610/516/565
f 543/449/502 606/512/563 611/517/566
f 543/449/502 611/517/566 545/451/504
f 606/512/563 608/514/564 612/518/567
f 606/512/563 612/518/567 611/517/566
f 608/514/564 610/516/565 613/519/568
f 608/514/564 613/519/568 612/518/567
f 610/516/565 135/127/129 117/117/113
f 610/516/565 117/117/113 613/519/568
f 545/451/504 611/517/566 614/520/569
f 545/451/504 614/520/569 547/453/506
f 611/517/566 612/518/567 615/521/570
f 611/517/566 615/521/570 614/520/569
f 612/518/567 613/519/568 616/522/571
f 612/518/567 616/522/571 615/521/570
f 613/519/568 117/117/113 103/103/99
f 613/519/568 103/103/99 616/522/571
f 547/453/506 614/520/569 617/523/572
f 547/453/506 617/523/572 549/455/508
f 614/520/569 615/521/570 618/524/573
f 614/520/569 618/524/573 617/523/572
f 615/521/570 616/522/571 619/525/574
f 615/521/570 619/525/574 618/524/573
f 616/522/571 103/103/99 89/89/85
f 616/522/571 89/89/85 619/525/574
f 549/455/508 617/523/572 620/526/575
f 549/455/508 620/526/575 551/457/510
f 617/523/572 618/524/573 621/527/576
f 617/523/572 621/527/576 620/526/575
f 618/524/573 619/525/574 622/528/577
f 618/524/573 622/528/577 621/527/576
f 619/525/574 89/89/85 73/73/71
f 619/525/574 73/73/71 622/528/577
f 551/457/510 620/526/575 623/529/578
f 551/457/510 623/529/578 553/459/512
f 620/526/575 621/527/576 624/530/579
f 620/526/575 624/530/579 623/529/578
f 621/527/576 622/528/577 625/531/580
f 621/527/576 625/531/580 624/530/579
f 622/528/577 73/73/71 59/59/57
f 622/528/577 59/59/57 625/531/580
f 553/459/512 623/529/578 626/532/581
f 553/459/512 626/532/581 555/461/514
f 623/529/578 624/530/579 627/533/582
f 623/529/578 627/533/582 626/532/581
f 624/530/579 625/531/580 628/534/583
f 624/530/579 628/534/583 627/533/582
f 625/531/580 59/59/57 41/41/41
f 625/531/580 41/41/41 628/534/583
f 555/461/514 626/532/581 629/535/584
f 555/461/514 629/535/584 557/463/516
f 626/532/581 627/533/582 630/536/585
f 626/532/581 630/536/585 629/535/584
f 627/533/582 628/534/583 631/537/586
f 627/533/582 631/537/586 630/536/585
f 628/534/583 41/41/41 25/25/25
f 628/534/583 25/25/25 631/537/586
f 557/463/516 629/535/584 575/481/533
f 557/463/516 575/481/533 522/428/483
f 629/535/584 630/536/585 577/483/535
f 629/535/584 577/483/535 575/481/533
f 630/536/585 631/537/586 579/485/537
f 630/536/585 579/485/537 577/483/535
f 631/537/586 25/25/25 28/28/28
f 631/537/586 28/28/28 579/485/537
f 632/538/587 633/539/588 634/540/589
f 632/538/587 634/540/589 635/541/590
f 636/542/591 637/543/592 638/544/593
f 636/542/591 638/544/593 639/545/594
f 640/546/595 632/538/587 635/541/590
f 640/546/595 635/541/590 641/547/596
f 642/548/597 643/549/598 644/550/599
f 642/548/597 644/550/599 645/551/600
f 646/552/601 640/546/595 641/547/596
f 646/552/601 641/547/596 647/553/602
f 648/554/603 636/542/591 639/545/594
f 648/554/603 639/545/594 649/555/604
f 650/556/605 646/552/601 647/553/602
f 650/556/605 647/553/602 651/557/606
f 652/558/607 642/548/597 645/551/600
f 652/558/607 645/551/600 653/559/608
f 654/560/609 650/556/605 651/557/606
f 654/560/609 651/557/606 655/561/610
f 656/562/611 648/554/603 649/555/604
f 656/562/611 649/555/604 657/563/612
f 658/564/613 659/565/614 660/566/615
f 658/564/613 660/566/615 661/567/616
f 662/568/617 652/558/607 653/559/608
f 662/568/617 653/559/608 663/569/618
f 664/570/619 658/564/613 661/567/616
f 664/570/619 661/567/616 665/571/620
f 666/572/621 656/562/611 657/563/612
f 666/572/621 657/563/612 667/573/622
f 668/574/623 664/570/619 665/571/620
f 668/574/623 665/571/620 669/575/624
f 670/576/625 662/568/617 663/569/618
f 670/576/625 663/569/618 671/577/626
f 672/578/627 668/574/623 669/575/624
f 672/578/627 669/575/624 673/579/628
f 674/580/629 666/572/621 667/573/622
f 674/580/629 667/573/622 675/581/630
f 676/582/631 672/578/627 673/579/628
f 676/582/631 673/579/628 677/583/632
f 678/584/633 670/576/625 671/577/626
f 678/584/633 671/577/626 679/585/634
f 680/586/635 676/582/631 677/583/632
f 680/586/635 677/583/632 681/587/636
f 682/588/637 674/580/629 675/581/630
f 682/588/637 675/581/630 683/589/638
f 684/590/639 680/586/635 681/587/636
f 684/590/639 681/587/636 685/591/640
f 686/592/641 678/584/633 679/585/634
f 686/592/641 679/585/634 687/593/642
f 688/594/643 684/590/639 685/591/640
f 688/594/643 685/591/640 689/595/644
f 690/596/645 682/588/637 683/589/638
f 690/596/645 683/589/638 691/597/646
f 692/598/647 688/594/643 689/595/644
f 692/598/647 689/595/644 693/599/648
f 694/600/649 686/592/641 687/593/642
f 694/600/649 687/593/642 695/601/650
f 696/602/651 692/598/647 693/599/648
f 696/602/651 693/599/648 697/603/652
f 698/604/653 690/596/645 691/597/646
f 698/604/653 691/597/646 699/605/654
f 700/606/655 696/602/651 697/603/652
f 700/606/655 697/603/652 701/607/656
f 702/608/657 703/609/658 699/605/654
f 702/608/657 699/605/654 694/600/649
f 703/609/658 704/610/659 698/604/653
f 703/609/658 698/604/653 699/605/654
f 705/611/660 706/612/661 695/601/650
f 705/611/660 695/601/650 700/606/655
f 707/613/662 704/610/659 703/609/658
f 707/613/662 703/609/658 708/614/663
f 709/615/664 702/608/657 706/612/661
f 709/615/664 706/612/661 710/616/665
f 711/617/666 712/618/667 713/619/668
f 711/617/666 713/619/668 714/620/669
f 715/621/670 716/622/671 717/623/672
f 715/621/670 717/623/672 712/618/667
f 716/622/671 718/624/673 719/625/674
f 716/622/671 719/625/674 717/623/672
f 718/624/673 720/626/675 721/627/676
f 718/624/673 721/627/676 719/625/674
f 720/626/675 722/628/677 701/607/656
f 720/626/675 701/607/656 721/627/676
f 714/620/669 713/619/668 723/629/678
f 714/620/669 723/629/678 724/630/679
f 725/631/680 709/615/664 710/616/665
f 725/631/680 710/616/665 726/632/681
f 712/618/667 717/623/672 727/633/682
f 712/618/667 727/633/682 713/619/668
f 717/623/672 719/625/674 728/634/683
f 717/623/672 728/634/683 727/633/682
f 719/625/674 721/627/676 729/635/684
f 719/625/674 729/635/684 728/634/683
f 721/627/676 701/607/656 697/603/652
f 721/627/676 697/603/652 729/635/684
f 724/630/679 723/629/678 730/636/685
f 724/630/679 730/636/685 731/637/686
f 732/638/687 707/613/662 708/614/663
f 732/638/687 708/614/663 733/639/688
f 713/619/668 727/633/682 734/640/689
f 713/619/668 734/640/689 723/629/678
f 727/633/682 728/634/683 735/641/690
f 727/633/682 735/641/690 734/640/689
f 728/634/683 729/635/684 736/642/691
f 728/634/683 736/642/691 735/641/690
f 729/635/684 697/603/652 693/599/648
f 729/635/684 693/599/648 736/642/691
f 731/637/686 730/636/685 737/643/692
f 731/637/686 737/643/692 738/644/693
f 739/645/694 725/631/680 726/632/681
f 739/645/694 726/632/681 740/646/695
f 723/629/678 734/640/689 741/647/696
f 723/629/678 741/647/696 730/636/685
f 734/640/689 735/641/690 742/648/697
f 734/640/689 742/648/697 741/647/696
f 735/641/690 736/642/691 743/649/698
f 735/641/690 743/649/698 742/648/697
f 736/642/691 693/599/648 689/595/644
f 736/642/691 689/595/644 743/649/698
f 738/644/693 737/643/692 744/650/699
f 738/644/693 744/650/699 745/651/700
f 746/652/701 732/638/687 733/639/688
f 746/652/701 733/639/688 747/653/702
f 730/636/685 741/647/696 748/654/703
f 730/636/685 748/654/703 737/643/692
f 741/647/696 742/648/697 749/655/704
f 741/647/696 749/655/704 748/654/703
f 742/648/697 743/649/698 750/656/705
f 742/648/697 750/656/705 749/655/704
f 743/649/698 689/595/644 685/591/640
f 743/649/698 685/591/640 750/656/705
f 745/651/700 744/650/699 751/657/706
f 745/651/700 751/657/706 752/658/707
f 753/659/708 739/645/694 740/646/695
f 753/659/708 740/646/695 754/660/709
f 737/643/692 748/654/703 755/661/710
f 737/643/692 755/661/710 744/650/699
f 748/654/703 749/655/704 756/662/711
f 748/654/703 756/662/711 755/661/710
f 749/655/704 750/656/705 757/663/712
f 749/655/704 757/663/712 756/662/711
f 750/656/705 685/591/640 681/587/636
f 750/656/705 681/587/636 757/663/712
f 752/658/707 751/657/706 758/664/713
f 752/658/707 758/664/713 759/665/714
f 760/666/715 746/652/701 747/653/702
f 760/666/715 747/653/702 761/667/716
f 744/650/699 755/661/710 762/668/717
f 744/650/699 762/668/717 751/657/706
f 755/661/710 756/662/711 763/669/718
f 755/661/710 763/669/718 762/668/717
f 756/662/711 757/663/712 764/670/719
f 756/662/711 764/670/719 763/669/718
f 757/663/712 681/587/636 677/583/632
f 757/663/712 677/583/632 764/670/719
f 759/665/714 758/664/713 765/671/720
f 759/665/714 765/671/720 766/672/721
f 767/673/722 753/659/708 754/660/709
f 767/673/722 754/660/709 768/674/723
f 751/657/706 762/668/717 769/675/724
f 751/657/706 769/675/724 758/664/713
f 762/668/717 763/669/718 770/676/725
f 762/668/717 770/676/725 769/675/724
f 763/669/718 764/670/719 771/677/726
f 763/669/718 771/677/726 770/676/725
f 764/670/719 677/583/632 673/579/628
f 764/670/719 673/579/628 771/677/726
f 766/672/721 765/671/720 772/678/727
f 766/672/721 772/678/727 773/679/728
f 774/680/729 760/666/715 761/667/716
f 774/680/729 761/667/716 775/681/730
f 758/664/713 769/675/724 776/682/731
f 758/664/713 776/682/731 765/671/720
f 769/675/724 770/676/725 777/683/732
f 769/675/724 777/683/732 776/682/731
f 770/676/725 771/677/726 778/684/733
f 770/676/725 778/684/733 777/683/732
f 771/677/726 673/579/628 669/575/624
f 771/677/726 669/575/624 778/684/733
f 773/679/728 772/678/727 779/685/734
f 773/679/728 779/685/734 780/686/735
f 781/687/736 767/673/722 768/674/723
f 781/687/736 768/674/723 782/688/737
f 765/671/720 776/682/731 783/689/738
f 765/671/720 783/689/738 772/678/727
f 776/682/731 777/683/732 784/690/739
f 776/682/731 784/690/739 783/689/738
f 777/683/732 778/684/733 785/691/740
f 777/683/732 785/691/740 784/690/739
f 778/684/733 669/575/624 665/571/620
f 778/684/733 665/571/620 785/691/740
f 780/686/735 779/685/734 786/692/741
f 780/686/735 786/692/741 787/693/742
f 788/694/743 774/680/729 775/681/730
f 788/694/743 775/681/730 789/695/744
f 772/678/727 783/689/738 790/696/745
f 772/678/727 790/696/745 779/685/734
f 783/689/738 784/690/739 791/697/746
f 783/689/738 791/697/746 790/696/745
f 784/690/739 785/691/740 792/698/747
f 784/690/739 792/698/747 791/697/746
f 785/691/740 665/571/620 661/567/616
f 785/691/740 661/567/616 792/698/747
f 793/699/748 794/700/741 795/701/749
f 793/699/748 795/701/749 796/702/750
f 797/703/751 798/704/752 799/705/737
f 797/703/751 799/705/737 800/706/753
f 779/685/734 790/696/745 801/707/754
f 779/685/734 801/707/754 786/692/741
f 790/696/745 791/697/746 802/708/755
f 790/696/745 802/708/755 801/707/754
f 791/697/746 792/698/747 803/709/756
f 791/697/746 803/709/756 802/708/755
f 792/698/747 661/567/616 660/566/615
f 792/698/747 660/566/615 803/709/756
f 796/702/750 795/701/749 804/710/757
f 796/702/750 804/710/757 805/711/758
f 806/712/759 807/713/743 808/714/760
f 806/712/759 808/714/760 809/715/761
f 794/700/741 810/716/762 811/717/763
f 794/700/741 811/717/763 795/701/749
f 810/716/762 812/718/764 813/719/765
f 810/716/762 813/719/765 811/717/763
f 812/718/764 814/720/756 815/721/766
f 812/718/764 815/721/766 813/719/765
f 814/720/756 655/561/610 651/557/606
f 814/720/756 651/557/606 815/721/766
f 805/711/758 804/710/757 816/722/767
f 805/711/758 816/722/767 817/723/768
f 818/724/769 797/703/751 800/706/753
f 818/724/769 800/706/753 819/725/770
f 795/701/749 811/717/763 820/726/771
f 795/701/749 820/726/771 804/710/757
f 811/717/763 813/719/765 821/727/772
f 811/717/763 821/727/772 820/726/771
f 813/719/765 815/721/766 822/728/773
f 813/719/765 822/728/773 821/727/772
f 815/721/766 651/557/606 647/553/602
f 815/721/766 647/553/602 822/728/773
f 817/723/768 816/722/767 823/729/774
f 817/723/768 823/729/774 824/730/775
f 825/731/776 806/712/759 809/715/761
f 825/731/776 809/715/761 826/732/777
f 804/710/757 820/726/771 827/733/778
f 804/710/757 827/733/778 816/722/767
f 820/726/771 821/727/772 828/734/779
f 820/726/771 828/734/779 827/733/778
f 821/727/772 822/728/773 829/735/780
f 821/727/772 829/735/780 828/734/779
f 822/728/773 647/553/602 641/547/596
f 822/728/773 641/547/596 829/735/780
f 824/730/775 823/729/774 830/736/781
f 824/730/775 830/736/781 831/737/782
f 832/738/783 818/724/769 819/725/770
f 832/738/783 819/725/770 833/739/784
f 816/722/767 827/733/778 834/740/785
f 816/722/767 834/740/785 823/729/774
f 827/733/778 828/734/779 835/741/786
f 827/733/778 835/741/786 834/740/785
f 828/734/779 829/735/780 836/742/787
f 828/734/779 836/742/787 835/741/786
f 829/735/780 641/547/596 635/541/590
f 829/735/780 635/541/590 836/742/787
f 831/737/782 830/736/781 715/621/670
f 831/737/782 715/621/670 837/743/788
f 637/543/592 825/731/776 826/732/777
f 637/543/592 826/732/777 638/544/593
f 823/729/774 834/740/785 838/744/789
f 823/729/774 838/744/789 830/736/781
f 834/740/785 835/741/786 839/745/790
f 834/740/785 839/745/790 838/744/789
f 835/741/786 836/742/787 840/746/791
f 835/741/786 840/746/791 839/745/790
f 836/742/787 635/541/590 634/540/589
f 836/742/787 634/540/589 840/746/791
f 633/539/588 705/611/660 722/628/677
f 633/539/588 722/628/677 634/540/589
f 643/549/598 832/738/783 833/739/784
f 643/549/598 833/739/784 644/550/599
f 830/736/781 838/744/789 716/622/671
f 830/736/781 716/622/671 715/621/670
f 838/744/789 839/745/790 718/624/673
f 838/744/789 718/624/673 716/622/671
f 839/745/790 840/746/791 720/626/675
f 839/745/790 720/626/675 718/624/673
f 840/746/791 634/540/589 722/628/677
f 840/746/791 722/628/677 720/626/675
f 837/743/788 715/621/670 712/618/667
f 837/743/788 712/618/667 711/617/666
f 704/610/659 841/747/792 842/748/793
f 704/610/659 842/748/793 698/604/653
f 698/604/653 842/748/793 843/749/794
f 698/604/653 843/749/794 690/596/645
f 690/596/645 843/749/794 844/750/795
f 690/596/645 844/750/795 682/588/637
f 682/588/637 844/750/795 845/751/796
f 682/588/637 845/751/796 674/580/629
f 674/580/629 845/751/796 846/752/797
f 674/580/629 846/752/797 666/572/621
f 666/572/621 846/752/797 847/753/798
f 666/572/621 847/753/798 656/562/611
f 656/562/611 847/753/798 848/754/799
f 656/562/611 848/754/799 648/554/603
f 648/554/603 848/754/799 849/755/800
f 648/554/603 849/755/800 636/542/591
f 636/542/591 849/755/800 850/756/801
f 636/542/591 850/756/801 637/543/592
f 637/543/592 850/756/801 851/757/802
f 637/543/592 851/757/802 825/731/776
f 825/731/776 851/757/802 852/758/803
f 825/731/776 852/758/803 806/712/759
f 806/712/759 852/758/803 853/759/804
f 806/712/759 853/759/804 807/713/743
f 788/694/743 854/760/804 855/761/805
f 788/694/743 855/761/805 774/680/729
f 774/680/729 855/761/805 856/762/806
f 774/680/729 856/762/806 760/666/715
f 760/666/715 856/762/806 857/763/807
f 760/666/715 857/763/807 746/652/701
f 746/652/701 857/763/807 858/764/808
f 746/652/701 858/764/808 732/638/687
f 732/638/687 858/764/808 859/765/809
f 732/638/687 859/765/809 707/613/662
f 707/613/662 859/765/809 841/747/792
f 707/613/662 841/747/792 704/610/659
f 710/616/665 706/612/661 705/611/660
f 710/616/665 705/611/660 633/539/588
f 722/628/677 705/611/660 700/606/655
f 722/628/677 700/606/655 701/607/656
f 695/601/650 687/593/642 696/602/651
f 695/601/650 696/602/651 700/606/655
f 687/593/642 679/585/634 692/598/647
f 687/593/642 692/598/647 696/602/651
f 679/585/634 671/577/626 688/594/643
f 679/585/634 688/594/643 692/598/647
f 671/577/626 663/569/618 684/590/639
f 671/577/626 684/590/639 688/594/643
f 663/569/618 653/559/608 680/586/635
f 663/569/618 680/586/635 684/590/639
f 653/559/608 645/551/600 676/582/631
f 653/559/608 676/582/631 680/586/635
f 645/551/600 644/550/599 672/578/627
f 645/551/600 672/578/627 676/582/631
f 644/550/599 833/739/784 668/574/623
f 644/550/599 668/574/623 672/578/627
f 833/739/784 819/725/770 664/570/619
f 833/739/784 664/570/619 668/574/623
f 819/725/770 800/706/753 658/564/613
f 819/725/770 658/564/613 664/570/619
f 800/706/753 799/705/737 659/565/614
f 800/706/753 659/565/614 658/564/613
f 782/688/737 768/674/723 650/556/605
f 782/688/737 650/556/605 654/560/609
f 768/674/723 754/660/709 646/552/601
f 768/674/723 646/552/601 650/556/605
f 754/660/709 740/646/695 640/546/595
f 754/660/709 640/546/595 646/552/601
f 740/646/695 726/632/681 632/538/587
f 740/646/695 632/538/587 640/546/595
f 726/632/681 710/616/665 633/539/588
f 726/632/681 633/539/588 632/538/587
f 639/545/594 638/544/593 832/738/783
f 639/545/594 832/738/783 643/549/598
f 638/544/593 826/732/777 818/724/769
f 638/544/593 818/724/769 832/738/783
f 826/732/777 809/715/761 797/703/751
f 826/732/777 797/703/751 818/724/769
f 809/715/761 808/714/760 798/704/752
f 809/715/761 798/704/752 797/703/751
f 789/695/744 775/681/730 767/673/722
f 789/695/744 767/673/722 781/687/736
f 775/681/730 761/667/716 753/659/708
f 775/681/730 753/659/708 767/673/722
f 761/667/716 747/653/702 739/645/694
f 761/667/716 739/645/694 753/659/708
f 747/653/702 733/639/688 725/631/680
f 747/653/702 725/631/680 739/645/694
f 733/639/688 708/614/663 709/615/664
f 733/639/688 709/615/664 725/631/680
f 708/614/663 703/609/658 702/608/657
f 708/614/663 702/608/657 709/615/664
f 706/612/661 702/608/657 694/600/649
f 706/612/661 694/600/649 695/601/650
f 699/605/654 691/597/646 686/592/641
f 699/605/654 686/592/641 694/600/649
f 691/597/646 683/589/638 678/584/633
f 691/597/646 678/584/633 686/592/641
f 683/589/638 675/581/630 670/576/625
f 683/589/638 670/576/625 678/584/633
f 675/581/630 667/573/622 662/568/617
f 675/581/630 662/568/617 670/576/625
f 667/573/622 657/563/612 652/558/607
f 667/573/622 652/558/607 662/568/617
f 657/563/612 649/555/604 642/548/597
f 657/563/612 642/548/597 652/558/607
f 649/555/604 639/545/594 643/549/598
f 649/555/604 643/549/598 642/548/597
f 43/43/43 75/75/73 61/61/59
f 75/75/73 43/43/43 91/91/87
f 91/91/87 43/43/43 29/29/29
f 91/91/87 29/29/29 105/105/101
f 105/105/101 29/29/29 1/1/1
f 105/105/101 1/1/1 119/119/115
f 119/119/115 1/1/1 4/4/4
f 119/119/115 4/4/4 137/129/131
f 137/129/131 4/4/4 259/225/247
f 137/129/131 259/225/247 151/141/145
f 151/141/145 259/225/247 245/215/233
f 151/141/145 245/215/233 169/159/160
f 169/159/160 245/215/233 231/205/219
f 169/159/160 231/205/219 185/175/175
f 185/175/175 231/205/219 217/195/205
f 185/175/175 217/195/205 203/185/191
f 571/477/530 563/469/522 562/468/521
f 563/469/522 571/477/530 570/476/529
f 570/476/529 571/477/530 565/471/524
f 570/476/529 565/471/524 560/466/519
f 560/466/519 565/471/524 564/470/523
f 560/466/519 564/470/523 561/467/520
f 561/467/520 564/470/523 572/478/531
f 561/467/520 572/478/531 573/479/532
f 573/479/532 572/478/531 860/766/810
f 573/479/532 860/766/810 569/475/528
f 569/475/528 860/766/810 861/767/525
f 569/475/528 861/767/525 558/464/517
f 558/464/517 861/767/525 862/768/264
f 558/464/517 862/768/264 559/465/518
f 559/465/518 862/768/264 277/235/263
f 559/465/518 277/235/263 568/474/527
