# Blender 5.2.0 LTS
# www.blender.org
mtllib Rook_W1_Material_011_0.mtl
o Rook_W1_Material_011_0.001
v -0.397870 -3.346834 -1.093139
v -0.452002 -3.279927 -1.241865
v 0.000000 -3.279927 -1.321565
v 0.000000 -3.346834 -1.163294
v -0.457296 -3.010697 -1.256411
v -0.342020 -3.019086 -0.939693
v 0.000000 -3.019086 -1.000000
v 0.000000 -3.010696 -1.337045
v -0.642564 -2.163967 -0.765777
v -0.341901 -2.163967 -0.939365
v -0.388554 -2.270907 -1.067544
v -0.730243 -2.270907 -0.870269
v 0.280642 -1.664399 0.771058
v 0.000000 -1.664399 0.820543
v -0.000000 -1.813652 0.821706
v 0.281040 -1.813652 0.772151
v -0.209410 -1.319863 -0.575350
v -0.194412 -1.033354 -0.534142
v -0.000000 -1.033354 -0.568422
v -0.000000 -1.319862 -0.612274
v -0.184947 -0.686005 -0.508138
v -0.000000 -0.686005 -0.540750
v -0.188808 -0.321431 -0.518745
v -0.000000 -0.321431 -0.552037
v -0.238662 0.056909 -0.655720
v -0.243108 0.141713 -0.667933
v -0.000000 0.141713 -0.710799
v -0.000000 0.056909 -0.697802
v -0.335517 0.834843 -0.921824
v -0.342020 1.027765 -0.939693
v 0.000000 1.027765 -1.000000
v -0.000000 0.834843 -0.980985
v -0.747751 -3.346834 -0.891135
v -0.849486 -3.279927 -1.012378
v -0.859436 -3.010697 -1.024236
v -0.642788 -3.019086 -0.766044
v -0.865723 -2.163967 -0.499826
v -0.983854 -2.270907 -0.568028
v 0.543354 -1.946726 0.647545
v 0.289113 -1.946726 0.794331
v 0.309307 -2.066363 0.849814
v 0.581307 -2.066363 0.692775
v -0.393562 -1.319863 -0.469029
v -0.365374 -1.033354 -0.435436
v -0.347587 -0.686005 -0.414238
v -0.354842 -0.321431 -0.422885
v -0.448539 0.056909 -0.534548
v -0.456893 0.141713 -0.544504
v -0.630565 0.834843 -0.751478
v -0.642788 1.027765 -0.766044
v -1.007442 -3.346834 -0.581647
v -1.144509 -3.279927 -0.660783
v -1.157915 -3.010697 -0.668522
v -0.866025 -3.019086 -0.500000
v -0.984464 -2.163967 -0.173588
v -1.118797 -2.270907 -0.197274
v 0.527435 -1.664399 0.628572
v 0.528183 -1.813652 0.629463
v -0.530245 -1.319863 -0.306137
v -0.492267 -1.033354 -0.284211
v -0.365374 -1.033354 -0.435436
v -0.393562 -1.319863 -0.469029
v -0.468303 -0.686005 -0.270375
v -0.347587 -0.686005 -0.414238
v -0.478078 -0.321431 -0.276018
v -0.354842 -0.321431 -0.422885
v -0.604315 0.056909 -0.348901
v -0.615570 0.141713 -0.355400
v -0.456893 0.141713 -0.544504
v -0.448539 0.056909 -0.534548
v -0.849558 0.834843 -0.490492
v -0.866025 1.027765 -0.500000
v -0.642788 1.027765 -0.766044
v -0.630565 0.834843 -0.751478
v -0.866025 1.081854 -0.500000
v -0.866025 1.370344 -0.500000
v -0.642788 1.370344 -0.766044
v -0.642788 1.081854 -0.766044
v -1.145621 -3.346834 -0.202004
v -1.301488 -3.279927 -0.229487
v -1.316732 -3.010697 -0.232175
v -0.984808 -3.019086 -0.173648
v -0.984464 -2.163967 0.173588
v -1.118797 -2.270907 0.197274
v 0.732059 -1.946726 0.422655
v 0.543354 -1.946726 0.647545
v 0.581307 -2.066363 0.692775
v 0.783193 -2.066363 0.452177
v -0.602972 -1.319863 -0.106320
v -0.559786 -1.033354 -0.098705
v -0.532534 -0.686005 -0.093900
v -0.543650 -0.321431 -0.095860
v -0.687201 0.056909 -0.121172
v -0.700000 0.141713 -0.123429
v -0.966081 0.834843 -0.170346
v -0.984808 1.027765 -0.173648
v -1.145621 -3.346834 0.202004
v -1.301488 -3.279927 0.229487
v -1.316732 -3.010697 0.232175
v -0.984808 -3.019086 0.173648
v -0.865723 -2.163967 0.499826
v -0.983854 -2.270907 0.568028
v 0.710611 -1.664399 0.410271
v 0.527435 -1.664399 0.628572
v 0.528183 -1.813652 0.629463
v 0.711618 -1.813652 0.410853
v -0.602972 -1.319863 0.106320
v -0.559786 -1.033354 0.098705
v -0.532534 -0.686005 0.093900
v -0.543650 -0.321431 0.095860
v -0.687201 0.056909 0.121172
v -0.700000 0.141713 0.123429
v -0.966081 0.834843 0.170346
v -0.984808 1.027765 0.173648
v -1.007442 -3.346834 0.581647
v -1.144509 -3.279927 0.660783
v -1.157915 -3.010697 0.668522
v -0.866025 -3.019086 0.500000
v -0.642564 -2.163967 0.765777
v -0.730243 -2.270907 0.870269
v 0.832467 -1.946726 0.146786
v 0.890614 -2.066363 0.157039
v -0.530245 -1.319863 0.306137
v -0.492267 -1.033354 0.284211
v -0.468303 -0.686005 0.270375
v -0.478078 -0.321431 0.276018
v -0.604315 0.056909 0.348901
v -0.615570 0.141713 0.355400
v -0.849558 0.834843 0.490492
v -0.866025 1.027765 0.500000
v -0.866025 1.081854 0.500000
v -0.866025 1.370344 0.500000
v -0.984808 1.370344 0.173648
v -0.984808 1.081854 0.173648
v -0.747751 -3.346834 0.891135
v -0.849486 -3.279927 1.012378
v -0.859436 -3.010697 1.024236
v -0.642788 -3.019086 0.766044
v -0.341901 -2.163967 0.939365
v -0.388554 -2.270907 1.067544
v 0.808077 -1.664399 0.142486
v 0.809223 -1.813652 0.142688
v -0.393562 -1.319863 0.469029
v -0.365374 -1.033354 0.435436
v -0.347587 -0.686005 0.414238
v -0.354842 -0.321431 0.422885
v -0.448539 0.056909 0.534548
v -0.456893 0.141713 0.544504
v -0.630565 0.834843 0.751478
v -0.642788 1.027765 0.766044
v -0.397870 -3.346834 1.093139
v -0.452002 -3.279927 1.241865
v -0.457296 -3.010697 1.256411
v -0.342020 -3.019086 0.939693
v 0.000000 -2.163967 0.999651
v 0.000000 -2.270907 1.136056
v 0.832467 -1.946726 -0.146786
v 0.890614 -2.066363 -0.157039
v -0.209410 -1.319863 0.575350
v -0.194412 -1.033354 0.534142
v -0.365374 -1.033354 0.435436
v -0.393562 -1.319863 0.469029
v -0.184947 -0.686005 0.508138
v -0.347587 -0.686005 0.414238
v -0.188808 -0.321431 0.518745
v -0.354842 -0.321431 0.422885
v -0.238662 0.056909 0.655720
v -0.243108 0.141713 0.667933
v -0.456893 0.141713 0.544504
v -0.448539 0.056909 0.534548
v -0.335517 0.834843 0.921824
v -0.342020 1.027765 0.939693
v -0.642788 1.027765 0.766044
v -0.630565 0.834843 0.751478
v 0.000000 -3.346834 1.163294
v 0.000000 -3.279927 1.321565
v 0.000000 -3.010697 1.337045
v 0.000000 -3.019086 1.000000
v 0.341901 -2.163967 0.939365
v 0.388554 -2.270907 1.067544
v 0.808077 -1.664399 -0.142486
v 0.809223 -1.813652 -0.142688
v -0.000000 -1.319863 0.612274
v -0.000000 -1.033354 0.568422
v -0.000000 -0.686005 0.540750
v -0.000000 -0.321431 0.552037
v -0.000000 0.056909 0.697802
v -0.000000 0.141713 0.710799
v -0.000000 0.834843 0.980985
v 0.000000 1.027765 1.000000
v 0.000000 1.081854 1.000000
v 0.000000 1.370344 1.000000
v -0.342020 1.370344 0.939693
v -0.342020 1.081854 0.939693
v 0.397870 -3.346834 1.093139
v 0.452002 -3.279927 1.241865
v 0.457296 -3.010697 1.256411
v 0.342020 -3.019086 0.939693
v 0.642564 -2.163967 0.765777
v 0.730243 -2.270907 0.870269
v 0.732059 -1.946726 -0.422655
v 0.783193 -2.066363 -0.452177
v 0.209410 -1.319863 0.575350
v 0.194412 -1.033354 0.534142
v 0.184947 -0.686005 0.508138
v 0.188808 -0.321431 0.518745
v 0.238662 0.056909 0.655720
v 0.243108 0.141713 0.667933
v 0.335517 0.834843 0.921824
v 0.342020 1.027765 0.939693
v 0.747751 -3.346834 0.891135
v 0.849486 -3.279927 1.012378
v 0.859436 -3.010697 1.024236
v 0.642788 -3.019086 0.766044
v 0.865723 -2.163967 0.499826
v 0.983854 -2.270907 0.568028
v 0.710611 -1.664399 -0.410271
v 0.711618 -1.813652 -0.410853
v 0.393562 -1.319863 0.469029
v 0.365374 -1.033354 0.435436
v 0.347587 -0.686005 0.414238
v 0.354842 -0.321431 0.422885
v 0.448539 0.056909 0.534548
v 0.456893 0.141713 0.544504
v 0.630565 0.834843 0.751478
v 0.642788 1.027765 0.766044
v 1.007442 -3.346834 0.581647
v 1.144509 -3.279927 0.660783
v 1.157915 -3.010697 0.668522
v 0.866025 -3.019086 0.500000
v 0.984464 -2.163967 0.173588
v 1.118797 -2.270907 0.197274
v 0.543354 -1.946726 -0.647544
v 0.581307 -2.066363 -0.692775
v 0.530245 -1.319863 0.306137
v 0.492267 -1.033354 0.284211
v 0.365374 -1.033354 0.435436
v 0.393562 -1.319863 0.469029
v 0.468303 -0.686005 0.270375
v 0.347587 -0.686005 0.414238
v 0.478078 -0.321431 0.276018
v 0.354842 -0.321431 0.422885
v 0.604315 0.056909 0.348901
v 0.615570 0.141713 0.355400
v 0.456893 0.141713 0.544504
v 0.448539 0.056909 0.534548
v 0.849558 0.834843 0.490492
v 0.866025 1.027765 0.500000
v 0.642788 1.027765 0.766044
v 0.630565 0.834843 0.751478
v 0.866025 1.081854 0.500000
v 0.866025 1.370344 0.500000
v 0.642788 1.370344 0.766044
v 0.642788 1.081854 0.766044
v 1.145621 -3.346834 0.202004
v 1.301488 -3.279927 0.229487
v 1.316732 -3.010697 0.232175
v 0.984808 -3.019086 0.173648
v 0.984464 -2.163967 -0.173588
v 1.118797 -2.270907 -0.197274
v 0.527435 -1.664399 -0.628572
v 0.528183 -1.813652 -0.629463
v 0.602972 -1.319863 0.106320
v 0.559786 -1.033354 0.098705
v 0.532534 -0.686005 0.093900
v 0.543650 -0.321431 0.095860
v 0.687201 0.056909 0.121172
v 0.700000 0.141713 0.123429
v 0.966081 0.834843 0.170346
v 0.984808 1.027765 0.173648
v 1.145621 -3.346834 -0.202004
v 1.301488 -3.279927 -0.229487
v 1.316732 -3.010697 -0.232175
v 0.984808 -3.019086 -0.173648
v 0.865723 -2.163967 -0.499826
v 0.983854 -2.270907 -0.568028
v 0.289113 -1.946726 -0.794331
v 0.543354 -1.946726 -0.647544
v 0.581307 -2.066363 -0.692775
v 0.309307 -2.066363 -0.849814
v 0.602972 -1.319863 -0.106320
v 0.559786 -1.033354 -0.098705
v 0.532534 -0.686005 -0.093900
v 0.543650 -0.321431 -0.095860
v 0.687201 0.056909 -0.121172
v 0.700000 0.141713 -0.123429
v 0.966081 0.834843 -0.170346
v 0.984808 1.027765 -0.173648
v 1.007442 -3.346834 -0.581647
v 1.144509 -3.279927 -0.660783
v 1.157915 -3.010697 -0.668522
v 0.866025 -3.019086 -0.500000
v 0.642564 -2.163967 -0.765777
v 0.730243 -2.270907 -0.870269
v 0.280642 -1.664399 -0.771058
v 0.527435 -1.664399 -0.628572
v 0.528183 -1.813652 -0.629463
v 0.281040 -1.813652 -0.772151
v 0.530245 -1.319863 -0.306137
v 0.492267 -1.033354 -0.284211
v 0.468303 -0.686005 -0.270375
v 0.478078 -0.321431 -0.276018
v 0.604315 0.056909 -0.348901
v 0.615570 0.141713 -0.355400
v 0.849558 0.834843 -0.490492
v 0.866025 1.027765 -0.500000
v 0.866025 1.081854 -0.500000
v 0.866025 1.370344 -0.500000
v 0.984808 1.370344 -0.173648
v 0.984808 1.081854 -0.173648
v 0.747751 -3.346834 -0.891135
v 0.849486 -3.279927 -1.012378
v 0.859436 -3.010697 -1.024236
v 0.642788 -3.019086 -0.766044
v 0.341901 -2.163967 -0.939365
v 0.388554 -2.270907 -1.067544
v 0.000000 -1.946725 -0.845309
v -0.000000 -1.813651 -0.821706
v 0.393562 -1.319863 -0.469029
v 0.365374 -1.033354 -0.435436
v 0.347587 -0.686005 -0.414238
v 0.354842 -0.321431 -0.422885
v 0.448539 0.056909 -0.534548
v 0.456893 0.141713 -0.544504
v 0.630565 0.834843 -0.751478
v 0.642788 1.027765 -0.766044
v 0.397870 -3.346834 -1.093139
v 0.452002 -3.279927 -1.241865
v 0.457296 -3.010697 -1.256411
v 0.342020 -3.019086 -0.939693
v 0.000000 -1.664399 -0.820543
v 0.000000 -2.163966 -0.999651
v 0.000000 -2.066362 -0.904353
v 0.341901 -2.163967 -0.939365
v 0.209410 -1.319863 -0.575350
v 0.194412 -1.033354 -0.534142
v 0.365374 -1.033354 -0.435436
v 0.393562 -1.319863 -0.469029
v 0.184947 -0.686005 -0.508138
v 0.347587 -0.686005 -0.414238
v 0.188808 -0.321431 -0.518745
v 0.354842 -0.321431 -0.422885
v 0.238662 0.056909 -0.655720
v 0.243108 0.141713 -0.667933
v 0.456893 0.141713 -0.544504
v 0.448539 0.056909 -0.534548
v 0.335517 0.834843 -0.921824
v 0.342020 1.027765 -0.939693
v 0.642788 1.027765 -0.766044
v 0.630565 0.834843 -0.751478
v -0.866025 1.370344 -0.500000
v -0.866025 1.081854 -0.500000
v -0.649888 1.082551 -0.375213
v -0.649888 1.370344 -0.375213
v -0.280642 -1.664399 -0.771058
v -0.281040 -1.813652 -0.772151
v -0.289113 -1.946726 -0.794331
v -0.309307 -2.066363 -0.849814
v 0.000000 1.081854 -1.000000
v 0.000000 1.370344 -1.000000
v 0.342020 1.370344 -0.939693
v 0.342020 1.081854 -0.939693
v 0.000000 -3.279927 -1.321565
v 0.000000 -3.010696 -1.337045
v 0.457296 -3.010697 -1.256411
v 0.452002 -3.279927 -1.241865
v 0.859436 -3.010697 -1.024236
v 0.849486 -3.279927 -1.012378
v 0.849486 -3.279927 -1.012378
v 0.859436 -3.010697 -1.024236
v 1.157915 -3.010697 -0.668522
v 1.144509 -3.279927 -0.660783
v 1.316732 -3.010697 -0.232175
v 1.301488 -3.279927 -0.229487
v 1.316732 -3.010697 0.232175
v 1.301488 -3.279927 0.229487
v 1.157915 -3.010697 0.668522
v 1.144509 -3.279927 0.660783
v 0.859436 -3.010697 1.024236
v 0.849486 -3.279927 1.012378
v 0.849486 -3.279927 1.012378
v 0.859436 -3.010697 1.024236
v 0.457296 -3.010697 1.256411
v 0.452002 -3.279927 1.241865
v 0.000000 -3.010697 1.337045
v 0.000000 -3.279927 1.321565
v -0.457296 -3.010697 1.256411
v -0.452002 -3.279927 1.241865
v -0.859436 -3.010697 1.024236
v -0.849486 -3.279927 1.012378
v -0.849486 -3.279927 1.012378
v -0.859436 -3.010697 1.024236
v -1.157915 -3.010697 0.668522
v -1.144509 -3.279927 0.660783
v -1.316732 -3.010697 0.232175
v -1.301488 -3.279927 0.229487
v -1.316732 -3.010697 -0.232175
v -1.301488 -3.279927 -0.229487
v -1.157915 -3.010697 -0.668522
v -1.144509 -3.279927 -0.660783
v -0.859436 -3.010697 -1.024236
v -0.849486 -3.279927 -1.012378
v -0.849486 -3.279927 -1.012378
v -0.859436 -3.010697 -1.024236
v -0.457296 -3.010697 -1.256411
v -0.452002 -3.279927 -1.241865
v 0.342020 -3.019086 -0.939693
v 0.410567 -2.850044 -1.128022
v 0.771613 -2.850044 -0.919572
v 0.642788 -3.019086 -0.766044
v 0.000000 -2.850043 -1.200416
v 0.000000 -2.707792 -1.265147
v 0.432706 -2.707793 -1.188849
v 0.410567 -2.850044 -1.128022
v 0.000000 -2.546028 -1.284253
v 0.439241 -2.546028 -1.206804
v 0.000000 -2.407156 -1.265147
v 0.432706 -2.407156 -1.188849
v 0.000000 -2.407156 -1.265147
v 0.000000 -2.270906 -1.136057
v 0.388554 -2.270907 -1.067544
v 0.432706 -2.407156 -1.188849
v 1.039591 -2.850044 -0.600208
v 0.866025 -3.019086 -0.500000
v -0.543354 -1.946726 -0.647544
v -0.581307 -2.066363 -0.692775
v 0.813221 -2.707793 -0.969159
v 0.771613 -2.850044 -0.919572
v 0.825502 -2.546028 -0.983795
v 0.813221 -2.407156 -0.969159
v 0.432706 -2.407156 -1.188849
v 0.813221 -2.407156 -0.969159
v 1.182179 -2.850044 -0.208450
v 0.984808 -3.019086 -0.173648
v -0.527435 -1.664399 -0.628572
v -0.528183 -1.813652 -0.629463
v 0.771613 -2.850044 -0.919572
v 0.813221 -2.707793 -0.969159
v 1.095649 -2.707793 -0.632573
v 1.039591 -2.850044 -0.600208
v 0.825502 -2.546028 -0.983795
v 1.112196 -2.546028 -0.642127
v 0.813221 -2.407156 -0.969159
v 1.095649 -2.407156 -0.632573
v 1.095649 -2.407156 -0.632573
v 1.182179 -2.850044 0.208450
v 0.984808 -3.019086 0.173648
v -0.732059 -1.946726 -0.422655
v -0.543354 -1.946726 -0.647544
v -0.581307 -2.066363 -0.692775
v -0.783193 -2.066363 -0.452177
v 1.245926 -2.707793 -0.219690
v 1.182179 -2.850044 -0.208450
v 1.264743 -2.546028 -0.223008
v 1.245926 -2.407156 -0.219690
v 1.095649 -2.407156 -0.632573
v 0.983854 -2.270907 -0.568028
v 1.118797 -2.270907 -0.197274
v 1.245926 -2.407156 -0.219690
v 1.039591 -2.850044 0.600208
v 0.866025 -3.019086 0.500000
v -0.710611 -1.664399 -0.410271
v -0.527435 -1.664399 -0.628572
v -0.528183 -1.813652 -0.629463
v -0.711618 -1.813652 -0.410853
v 1.245926 -2.707793 0.219690
v 1.182179 -2.850044 0.208450
v 1.264743 -2.546028 0.223008
v 1.245926 -2.407156 0.219690
v 1.118797 -2.270907 0.197274
v 1.245926 -2.407156 0.219690
v 0.771613 -2.850044 0.919572
v 0.642788 -3.019086 0.766044
v -0.832467 -1.946726 -0.146786
v -0.890614 -2.066363 -0.157039
v 1.095649 -2.707793 0.632573
v 1.039591 -2.850044 0.600208
v 1.112196 -2.546028 0.642127
v 1.095649 -2.407156 0.632573
v 0.983854 -2.270907 0.568028
v 1.095649 -2.407156 0.632573
v 0.410567 -2.850044 1.128022
v 0.342020 -3.019086 0.939693
v -0.808077 -1.664399 -0.142486
v -0.809223 -1.813652 -0.142688
v 0.813221 -2.707793 0.969159
v 0.771613 -2.850044 0.919572
v 0.825502 -2.546028 0.983795
v 0.813221 -2.407156 0.969159
v 1.095649 -2.407156 0.632573
v 0.813221 -2.407156 0.969159
v 0.000000 -2.850044 1.200416
v 0.000000 -3.019086 1.000000
v -0.832467 -1.946726 0.146786
v -0.890614 -2.066363 0.157039
v 0.771613 -2.850044 0.919572
v 0.813221 -2.707793 0.969159
v 0.432706 -2.707793 1.188849
v 0.410567 -2.850044 1.128022
v 0.825502 -2.546028 0.983795
v 0.439241 -2.546028 1.206804
v 0.813221 -2.407156 0.969159
v 0.432706 -2.407156 1.188849
v 0.432706 -2.407156 1.188849
v -0.410567 -2.850044 1.128022
v -0.342020 -3.019086 0.939693
v -0.808077 -1.664399 0.142486
v -0.809223 -1.813652 0.142688
v 0.000000 -2.707793 1.265147
v 0.000000 -2.850044 1.200416
v 0.000000 -2.546028 1.284253
v 0.000000 -2.407156 1.265147
v 0.432706 -2.407156 1.188849
v 0.388554 -2.270907 1.067544
v 0.000000 -2.270907 1.136056
v 0.000000 -2.407156 1.265147
v -0.771613 -2.850044 0.919572
v -0.642788 -3.019086 0.766044
v -0.732059 -1.946726 0.422655
v -0.783193 -2.066363 0.452177
v -0.432706 -2.707793 1.188849
v -0.410567 -2.850044 1.128022
v -0.439241 -2.546028 1.206804
v -0.432706 -2.407156 1.188849
v -0.388554 -2.270907 1.067544
v -0.432706 -2.407156 1.188849
v -1.039591 -2.850044 0.600208
v -0.866025 -3.019086 0.500000
v -0.710611 -1.664399 0.410271
v -0.711618 -1.813652 0.410853
v -0.813221 -2.707793 0.969159
v -0.771613 -2.850044 0.919572
v -0.825502 -2.546028 0.983795
v -0.813221 -2.407156 0.969159
v -0.432706 -2.407156 1.188849
v -0.813221 -2.407156 0.969159
v -1.182179 -2.850044 0.208450
v -0.984808 -3.019086 0.173648
v -0.543354 -1.946726 0.647545
v -0.581307 -2.066363 0.692775
v -0.771613 -2.850044 0.919572
v -0.813221 -2.707793 0.969159
v -1.095649 -2.707793 0.632573
v -1.039591 -2.850044 0.600208
v -0.825502 -2.546028 0.983795
v -1.112196 -2.546028 0.642127
v -0.813221 -2.407156 0.969159
v -1.095649 -2.407156 0.632573
v -1.095649 -2.407156 0.632573
v -1.182179 -2.850044 -0.208450
v -0.984808 -3.019086 -0.173648
v -0.527435 -1.664399 0.628572
v -0.528183 -1.813652 0.629463
v -1.245926 -2.707793 0.219690
v -1.182179 -2.850044 0.208450
v -1.264743 -2.546028 0.223008
v -1.245926 -2.407156 0.219690
v -1.095649 -2.407156 0.632573
v -0.983854 -2.270907 0.568028
v -1.118797 -2.270907 0.197274
v -1.245926 -2.407156 0.219690
v -1.039591 -2.850044 -0.600208
v -0.866025 -3.019086 -0.500000
v -0.289113 -1.946726 0.794331
v -0.543354 -1.946726 0.647545
v -0.581307 -2.066363 0.692775
v -0.309307 -2.066363 0.849814
v -1.245926 -2.707793 -0.219690
v -1.182179 -2.850044 -0.208450
v -1.264743 -2.546028 -0.223008
v -1.245926 -2.407156 -0.219690
v -1.118797 -2.270907 -0.197274
v -1.245926 -2.407156 -0.219690
v -0.771613 -2.850044 -0.919572
v -0.642788 -3.019086 -0.766044
v -0.280642 -1.664399 0.771058
v -0.527435 -1.664399 0.628572
v -0.528183 -1.813652 0.629463
v -0.281040 -1.813652 0.772151
v -1.095649 -2.707793 -0.632573
v -1.039591 -2.850044 -0.600208
v -1.112196 -2.546028 -0.642127
v -1.095649 -2.407156 -0.632573
v -0.983854 -2.270907 -0.568028
v -1.095649 -2.407156 -0.632573
v -0.410567 -2.850044 -1.128022
v -0.342020 -3.019086 -0.939693
v 0.000000 -1.946726 0.845309
v 0.000000 -2.066363 0.904353
v -0.813221 -2.707793 -0.969159
v -0.771613 -2.850044 -0.919572
v -0.825502 -2.546028 -0.983795
v -0.813221 -2.407156 -0.969159
v -1.095649 -2.407156 -0.632573
v -0.813221 -2.407156 -0.969159
v 0.000000 -2.850043 -1.200416
v 0.000000 -3.019086 -1.000000
v -0.771613 -2.850044 -0.919572
v -0.813221 -2.707793 -0.969159
v -0.432706 -2.707793 -1.188849
v -0.410567 -2.850044 -1.128022
v -0.825502 -2.546028 -0.983795
v -0.439241 -2.546028 -1.206804
v -0.813221 -2.407156 -0.969159
v -0.432706 -2.407156 -1.188849
v -0.432706 -2.407156 -1.188849
v 0.000000 -2.163966 -0.999651
v 0.000000 -2.270906 -1.136057
v -0.432706 -2.407156 -1.188849
v -0.388554 -2.270907 -1.067544
v 0.000000 -1.664399 -0.820543
v -0.000000 -1.577635 -0.641797
v 0.219507 -1.577636 -0.603092
v 0.280642 -1.664399 -0.771058
v -0.000000 -1.577635 -0.641797
v 0.219507 -1.577636 -0.603092
v 0.412539 -1.577636 -0.491645
v 0.527435 -1.664399 -0.628572
v 0.412539 -1.577636 -0.491645
v 0.555812 -1.577636 -0.320898
v 0.710611 -1.664399 -0.410271
v 0.412539 -1.577636 -0.491645
v 0.555812 -1.577636 -0.320898
v 0.632046 -1.577636 -0.111447
v 0.808077 -1.664399 -0.142486
v 0.632046 -1.577636 -0.111447
v 0.632046 -1.577636 0.111447
v 0.808077 -1.664399 0.142486
v 0.632046 -1.577636 0.111447
v 0.555812 -1.577636 0.320898
v 0.710611 -1.664399 0.410271
v 0.555812 -1.577636 0.320898
v 0.412539 -1.577636 0.491645
v 0.527435 -1.664399 0.628572
v 0.412539 -1.577636 0.491645
v 0.219507 -1.577636 0.603092
v 0.280642 -1.664399 0.771058
v 0.412539 -1.577636 0.491645
v 0.219507 -1.577636 0.603092
v -0.000000 -1.577636 0.641797
v 0.000000 -1.664399 0.820543
v -0.000000 -1.577636 0.641797
v -0.219507 -1.577636 0.603092
v -0.280642 -1.664399 0.771058
v -0.219507 -1.577636 0.603092
v -0.412539 -1.577636 0.491645
v -0.527435 -1.664399 0.628572
v -0.412539 -1.577636 0.491645
v -0.555812 -1.577636 0.320898
v -0.710611 -1.664399 0.410271
v -0.412539 -1.577636 0.491645
v -0.555812 -1.577636 0.320898
v -0.632046 -1.577636 0.111447
v -0.808077 -1.664399 0.142486
v -0.632046 -1.577636 0.111447
v -0.632046 -1.577636 -0.111447
v -0.808077 -1.664399 -0.142486
v -0.632046 -1.577636 -0.111447
v -0.555812 -1.577636 -0.320898
v -0.710611 -1.664399 -0.410271
v -0.555812 -1.577636 -0.320898
v -0.412539 -1.577636 -0.491645
v -0.527435 -1.664399 -0.628572
v -0.412539 -1.577636 -0.491645
v -0.219507 -1.577636 -0.603092
v -0.280642 -1.664399 -0.771058
v -0.412539 -1.577636 -0.491645
v -0.219507 -1.577636 -0.603092
v -0.341901 -2.163967 -0.939365
v 0.309307 -2.066363 -0.849814
v 0.581307 -2.066363 -0.692775
v 0.783193 -2.066363 -0.452177
v 0.890614 -2.066363 -0.157039
v 0.984464 -2.163967 0.173588
v 0.984464 -2.163967 -0.173588
v 0.890614 -2.066363 0.157039
v 0.783193 -2.066363 0.452177
v 0.581307 -2.066363 0.692775
v 0.309307 -2.066363 0.849814
v 0.000000 -2.163967 0.999651
v 0.341901 -2.163967 0.939365
v -0.341901 -2.163967 0.939365
v -0.309307 -2.066363 0.849814
v -0.581307 -2.066363 0.692775
v -0.783193 -2.066363 0.452177
v -0.890614 -2.066363 0.157039
v -0.984464 -2.163967 -0.173588
v -0.984464 -2.163967 0.173588
v -0.890614 -2.066363 -0.157039
v -0.783193 -2.066363 -0.452177
v -0.581307 -2.066363 -0.692775
v -0.309307 -2.066363 -0.849814
v -0.000000 -0.198159 -0.565372
v 0.193369 -0.198159 -0.531276
v -0.000000 -0.084348 -0.594195
v 0.203227 -0.084348 -0.558361
v -0.000000 0.009023 -0.640715
v -0.000000 0.056909 -0.697802
v 0.238662 0.056909 -0.655720
v 0.219138 0.009023 -0.602076
v 0.363414 -0.198159 -0.433100
v 0.381941 -0.084348 -0.455180
v 0.448539 0.056909 -0.534548
v 0.411844 0.009023 -0.490817
v 0.363414 -0.198159 -0.433100
v 0.489627 -0.198159 -0.282686
v 0.381941 -0.084348 -0.455180
v 0.514588 -0.084348 -0.297098
v 0.604315 0.056909 -0.348901
v 0.554876 0.009023 -0.320358
v 0.556783 -0.198159 -0.098176
v 0.585168 -0.084348 -0.103181
v 0.687201 0.056909 -0.121172
v 0.630982 0.009023 -0.111259
v 0.556783 -0.198159 0.098176
v 0.585168 -0.084348 0.103181
v 0.687201 0.056909 0.121172
v 0.630982 0.009023 0.111259
v 0.489627 -0.198159 0.282686
v 0.514588 -0.084348 0.297098
v 0.604315 0.056909 0.348901
v 0.554876 0.009023 0.320358
v 0.363414 -0.198159 0.433100
v 0.381941 -0.084348 0.455180
v 0.448539 0.056909 0.534548
v 0.411844 0.009023 0.490817
v 0.363414 -0.198159 0.433100
v 0.193369 -0.198159 0.531276
v 0.381941 -0.084348 0.455180
v 0.203227 -0.084348 0.558361
v 0.238662 0.056909 0.655720
v 0.219138 0.009023 0.602076
v -0.000000 -0.198159 0.565372
v -0.000000 -0.084348 0.594195
v -0.000000 0.056909 0.697802
v -0.000000 0.009023 0.640715
v -0.193369 -0.198159 0.531276
v -0.203227 -0.084348 0.558361
v -0.238662 0.056909 0.655720
v -0.219138 0.009023 0.602076
v -0.363414 -0.198159 0.433100
v -0.381941 -0.084348 0.455180
v -0.448539 0.056909 0.534548
v -0.411844 0.009023 0.490817
v -0.363414 -0.198159 0.433100
v -0.489627 -0.198159 0.282686
v -0.381941 -0.084348 0.455180
v -0.514588 -0.084348 0.297098
v -0.604315 0.056909 0.348901
v -0.554876 0.009023 0.320358
v -0.556783 -0.198159 0.098176
v -0.585168 -0.084348 0.103181
v -0.687201 0.056909 0.121172
v -0.630982 0.009023 0.111259
v -0.556783 -0.198159 -0.098176
v -0.585168 -0.084348 -0.103181
v -0.687201 0.056909 -0.121172
v -0.630982 0.009023 -0.111259
v -0.489627 -0.198159 -0.282686
v -0.514588 -0.084348 -0.297098
v -0.604315 0.056909 -0.348901
v -0.554876 0.009023 -0.320358
v -0.363414 -0.198159 -0.433100
v -0.381941 -0.084348 -0.455180
v -0.448539 0.056909 -0.534548
v -0.411844 0.009023 -0.490817
v -0.363414 -0.198159 -0.433100
v -0.193369 -0.198159 -0.531276
v -0.381941 -0.084348 -0.455180
v -0.203227 -0.084348 -0.558361
v -0.238662 0.056909 -0.655720
v -0.219138 0.009023 -0.602076
v -0.000000 0.141713 -0.710799
v -0.000000 0.174741 -0.653605
v 0.223546 0.174741 -0.614187
v 0.243108 0.141713 -0.667933
v -0.000000 0.174741 -0.653605
v -0.000000 0.448999 -0.942954
v 0.322509 0.448999 -0.886087
v 0.223546 0.174741 -0.614187
v -0.000000 0.448999 -0.942954
v -0.000000 0.641921 -0.961970
v 0.329013 0.641921 -0.903956
v 0.322509 0.448999 -0.886087
v 0.420129 0.174741 -0.500690
v 0.456893 0.141713 -0.544504
v 0.606119 0.448999 -0.722345
v 0.420129 0.174741 -0.500690
v 0.618342 0.641921 -0.736911
v 0.606119 0.448999 -0.722345
v 0.566038 0.174741 -0.326802
v 0.615570 0.141713 -0.355400
v 0.816622 0.448999 -0.471477
v 0.566038 0.174741 -0.326802
v 0.606119 0.448999 -0.722345
v 0.618342 0.641921 -0.736911
v 0.833090 0.641921 -0.480985
v 0.816622 0.448999 -0.471477
v 0.643675 0.174741 -0.113497
v 0.700000 0.141713 -0.123429
v 0.928629 0.448999 -0.163742
v 0.643675 0.174741 -0.113497
v 0.947355 0.641921 -0.167044
v 0.928629 0.448999 -0.163742
v 0.643675 0.174741 0.113497
v 0.700000 0.141713 0.123429
v 0.928629 0.448999 0.163742
v 0.643675 0.174741 0.113497
v 0.947355 0.641921 0.167044
v 0.928629 0.448999 0.163742
v 0.566038 0.174741 0.326802
v 0.615570 0.141713 0.355400
v 0.816622 0.448999 0.471477
v 0.566038 0.174741 0.326802
v 0.833090 0.641921 0.480985
v 0.816622 0.448999 0.471477
v 0.420129 0.174741 0.500690
v 0.456893 0.141713 0.544504
v 0.606119 0.448999 0.722345
v 0.420129 0.174741 0.500690
v 0.618342 0.641921 0.736911
v 0.606119 0.448999 0.722345
v 0.223546 0.174741 0.614187
v 0.243108 0.141713 0.667933
v 0.322509 0.448999 0.886087
v 0.223546 0.174741 0.614187
v 0.606119 0.448999 0.722345
v 0.618342 0.641921 0.736911
v 0.329013 0.641921 0.903956
v 0.322509 0.448999 0.886087
v -0.000000 0.174741 0.653605
v -0.000000 0.141713 0.710799
v -0.000000 0.448999 0.942954
v -0.000000 0.174741 0.653605
v -0.000000 0.641921 0.961970
v -0.000000 0.448999 0.942954
v -0.223546 0.174741 0.614187
v -0.243108 0.141713 0.667933
v -0.322509 0.448999 0.886087
v -0.223546 0.174741 0.614187
v -0.329013 0.641921 0.903956
v -0.322509 0.448999 0.886087
v -0.420129 0.174741 0.500690
v -0.456893 0.141713 0.544504
v -0.606119 0.448999 0.722345
v -0.420129 0.174741 0.500690
v -0.618342 0.641921 0.736911
v -0.606119 0.448999 0.722345
v -0.566038 0.174741 0.326802
v -0.615570 0.141713 0.355400
v -0.816622 0.448999 0.471477
v -0.566038 0.174741 0.326802
v -0.606119 0.448999 0.722345
v -0.618342 0.641921 0.736911
v -0.833090 0.641921 0.480985
v -0.816622 0.448999 0.471477
v -0.643675 0.174741 0.113497
v -0.700000 0.141713 0.123429
v -0.928629 0.448999 0.163742
v -0.643675 0.174741 0.113497
v -0.947355 0.641921 0.167044
v -0.928629 0.448999 0.163742
v -0.643675 0.174741 -0.113497
v -0.700000 0.141713 -0.123429
v -0.928629 0.448999 -0.163742
v -0.643675 0.174741 -0.113497
v -0.947355 0.641921 -0.167044
v -0.928629 0.448999 -0.163742
v -0.566038 0.174741 -0.326802
v -0.615570 0.141713 -0.355400
v -0.816622 0.448999 -0.471477
v -0.566038 0.174741 -0.326802
v -0.833090 0.641921 -0.480985
v -0.816622 0.448999 -0.471477
v -0.420129 0.174741 -0.500690
v -0.456893 0.141713 -0.544504
v -0.606119 0.448999 -0.722345
v -0.420129 0.174741 -0.500690
v -0.618342 0.641921 -0.736911
v -0.606119 0.448999 -0.722345
v -0.223546 0.174741 -0.614187
v -0.243108 0.141713 -0.667933
v -0.322509 0.448999 -0.886087
v -0.223546 0.174741 -0.614187
v -0.606119 0.448999 -0.722345
v -0.618342 0.641921 -0.736911
v -0.329013 0.641921 -0.903956
v -0.322509 0.448999 -0.886087
v -0.207727 -0.036462 -0.570726
v -0.000000 -0.036462 -0.607354
v -0.219138 0.009023 -0.602076
v -0.000000 0.009023 -0.640715
v -0.390400 -0.036462 -0.465260
v -0.411844 0.009023 -0.490817
v -0.525984 -0.036462 -0.303677
v -0.390400 -0.036462 -0.465260
v -0.554876 0.009023 -0.320358
v -0.411844 0.009023 -0.490817
v -0.598127 -0.036462 -0.105466
v -0.630982 0.009023 -0.111259
v -0.598127 -0.036462 0.105466
v -0.630982 0.009023 0.111259
v -0.525984 -0.036462 0.303677
v -0.554876 0.009023 0.320358
v -0.390400 -0.036462 0.465260
v -0.411844 0.009023 0.490817
v -0.207727 -0.036462 0.570726
v -0.390400 -0.036462 0.465260
v -0.219138 0.009023 0.602076
v -0.411844 0.009023 0.490817
v -0.000000 -0.036462 0.607354
v -0.000000 0.009023 0.640715
v 0.207727 -0.036462 0.570726
v 0.219138 0.009023 0.602076
v 0.390400 -0.036462 0.465260
v 0.411844 0.009023 0.490817
v 0.525984 -0.036462 0.303677
v 0.390400 -0.036462 0.465260
v 0.554876 0.009023 0.320358
v 0.411844 0.009023 0.490817
v 0.598127 -0.036462 0.105466
v 0.630982 0.009023 0.111259
v 0.598127 -0.036462 -0.105466
v 0.630982 0.009023 -0.111259
v 0.525984 -0.036462 -0.303677
v 0.554876 0.009023 -0.320358
v 0.390400 -0.036462 -0.465260
v 0.411844 0.009023 -0.490817
v 0.207727 -0.036462 -0.570726
v 0.390400 -0.036462 -0.465260
v 0.219138 0.009023 -0.602076
v 0.411844 0.009023 -0.490817
v -0.649888 1.370344 -0.375213
v -0.482365 1.370344 -0.574860
v -0.642788 1.370344 -0.766044
v -0.866025 1.370344 -0.500000
v -0.649888 1.370344 0.375213
v -0.739025 1.370344 0.130310
v -0.984808 1.370344 0.173648
v -0.866025 1.370344 0.500000
v 0.000000 1.370344 0.750426
v -0.256661 1.370344 0.705170
v -0.342020 1.370344 0.939693
v 0.000000 1.370344 1.000000
v 0.649888 1.370344 0.375213
v 0.482365 1.370344 0.574860
v 0.642788 1.370344 0.766044
v 0.866025 1.370344 0.500000
v 0.649888 1.370344 -0.375213
v 0.739025 1.370344 -0.130310
v 0.984808 1.370344 -0.173648
v 0.866025 1.370344 -0.500000
v 0.000000 1.370344 -0.750426
v 0.256661 1.370344 -0.705170
v 0.342020 1.370344 -0.939693
v 0.000000 1.370344 -1.000000
v 0.642788 1.081854 -0.766044
v 0.642788 1.081854 -0.766044
v 0.984808 1.081854 0.173648
v 0.642788 1.081854 0.766044
v 0.342020 1.081854 0.939693
v -0.642788 1.081854 0.766044
v -0.642788 1.081854 0.766044
v -0.984808 1.081854 -0.173648
v -0.642788 1.081854 -0.766044
v -0.342020 1.081854 -0.939693
v 0.000000 1.082551 -0.750426
v -0.256661 1.082551 -0.705170
v -0.256661 0.795465 -0.705170
v 0.000000 0.795465 -0.750426
v -0.482365 1.370344 -0.574860
v -0.649888 1.370344 -0.375213
v -0.649888 1.082551 -0.375213
v -0.482365 1.082551 -0.574860
v 0.256661 1.370344 -0.705170
v 0.000000 1.370344 -0.750426
v 0.256661 1.082551 -0.705170
v 0.866025 1.370344 0.500000
v 0.866025 1.081854 0.500000
v 0.649888 1.082551 0.375213
v 0.649888 1.370344 0.375213
v 0.482365 1.370344 0.574860
v 0.649888 1.370344 0.375213
v 0.649888 1.082551 0.375213
v 0.482365 1.082551 0.574860
v -0.866025 1.370344 0.500000
v -0.866025 1.081854 0.500000
v -0.649888 1.082551 0.375213
v -0.649888 1.370344 0.375213
v -0.739025 1.370344 0.130310
v -0.649888 1.370344 0.375213
v -0.649888 1.082551 0.375213
v -0.739025 1.082551 0.130310
v 0.866025 1.370344 -0.500000
v 0.866025 1.081854 -0.500000
v 0.649888 1.082551 -0.375213
v 0.649888 1.370344 -0.375213
v 0.739025 1.370344 -0.130310
v 0.649888 1.370344 -0.375213
v 0.649888 1.082551 -0.375213
v 0.739025 1.082551 -0.130310
v 0.000000 1.370344 1.000000
v 0.000000 1.081854 1.000000
v 0.000000 1.082551 0.750426
v 0.000000 1.370344 0.750426
v -0.256661 1.370344 0.705170
v 0.000000 1.370344 0.750426
v 0.000000 1.082551 0.750426
v -0.256661 1.082551 0.705170
v 0.000000 1.370344 -1.000000
v 0.000000 1.081854 -1.000000
v 0.000000 1.082551 -0.750426
v 0.000000 1.370344 -0.750426
v 0.739025 1.082551 0.130310
v 0.984808 1.081854 0.173648
v 0.984808 1.081854 -0.173648
v 0.739025 1.082551 -0.130310
v 0.482365 1.082551 -0.574860
v 0.642788 1.081854 -0.766044
v 0.342020 1.081854 -0.939693
v 0.256661 1.082551 -0.705170
v -0.256661 1.082551 -0.705170
v -0.342020 1.081854 -0.939693
v -0.642788 1.081854 -0.766044
v -0.482365 1.082551 -0.574860
v -0.739025 1.082551 -0.130310
v -0.984808 1.081854 -0.173648
v -0.984808 1.081854 0.173648
v -0.739025 1.082551 0.130310
v -0.482365 1.082551 0.574860
v -0.642788 1.081854 0.766044
v -0.342020 1.081854 0.939693
v -0.256661 1.082551 0.705170
v 0.256661 1.082551 0.705170
v 0.342020 1.081854 0.939693
v 0.642788 1.081854 0.766044
v 0.482365 1.082551 0.574860
v 0.482365 1.082551 0.574860
v 0.642788 1.081854 0.766044
v 0.642788 1.370344 0.766044
v 0.482365 1.370344 0.574860
v -0.256661 1.082551 0.705170
v -0.342020 1.081854 0.939693
v -0.342020 1.370344 0.939693
v -0.256661 1.370344 0.705170
v 0.000000 1.082551 0.750426
v 0.000000 1.081854 1.000000
v 0.739025 1.082551 -0.130310
v 0.984808 1.081854 -0.173648
v 0.984808 1.370344 -0.173648
v 0.739025 1.370344 -0.130310
v 0.649888 1.082551 -0.375213
v 0.866025 1.081854 -0.500000
v 0.256661 1.082551 -0.705170
v 0.342020 1.081854 -0.939693
v 0.342020 1.370344 -0.939693
v 0.256661 1.370344 -0.705170
v -0.482365 1.082551 -0.574860
v -0.642788 1.081854 -0.766044
v -0.642788 1.370344 -0.766044
v -0.482365 1.370344 -0.574860
v 0.000000 1.082551 -0.750426
v 0.000000 1.081854 -1.000000
v -0.649888 1.082551 -0.375213
v -0.866025 1.081854 -0.500000
v -0.739025 1.082551 0.130310
v -0.984808 1.081854 0.173648
v -0.984808 1.370344 0.173648
v -0.739025 1.370344 0.130310
v -0.649888 1.082551 0.375213
v -0.866025 1.081854 0.500000
v 0.482365 1.082551 -0.574860
v 0.482365 0.795465 -0.574860
v 0.649888 0.795465 -0.375213
v 0.000000 0.795465 0.750426
v -0.256661 0.795465 0.705170
v -0.482365 1.082551 -0.574860
v -0.482365 0.795465 -0.574860
v 0.482365 1.082551 -0.574860
v 0.256661 0.795465 -0.705170
v 0.482365 0.795465 -0.574860
v 0.256661 1.082551 0.705170
v 0.256661 0.795465 0.705170
v -0.649888 0.795465 -0.375213
v -0.482365 0.795465 -0.574860
v 0.482365 1.082551 0.574860
v 0.482365 0.795465 0.574860
v -0.739025 1.082551 -0.130310
v -0.739025 0.795465 -0.130310
v 0.649888 0.795465 0.375213
v 0.482365 0.795465 0.574860
v -0.739025 0.795465 0.130310
v 0.739025 1.082551 0.130310
v 0.739025 0.795465 0.130310
v -0.649888 0.795465 0.375213
v 0.739025 0.795465 -0.130310
v -0.482365 1.082551 0.574860
v -0.482365 0.795465 0.574860
v -0.482365 1.082551 0.574860
v -0.482365 0.795465 0.574860
v 0.649888 1.082551 0.375213
v 0.866025 1.081854 0.500000
v -0.256661 0.795465 -0.705170
v -0.482365 0.795465 -0.574860
v -0.649888 0.795465 -0.375213
v -0.739025 0.795465 -0.130310
v -0.739025 0.795465 0.130310
v -0.649888 0.795465 0.375213
v -0.482365 0.795465 0.574860
v -0.256661 0.795465 0.705170
v 0.000000 0.795465 0.750426
v 0.256661 0.795465 0.705170
v 0.482365 0.795465 0.574860
v 0.649888 0.795465 0.375213
v 0.739025 0.795465 0.130310
v 0.739025 0.795465 -0.130310
v 0.649888 0.795465 -0.375213
v 0.482365 0.795465 -0.574860
v 0.256661 0.795465 -0.705170
v 0.000000 0.795465 -0.750426
vn -0.0751 -0.9756 -0.2064
vn -0.1332 -0.9211 -0.3659
vn -0.0000 -0.9211 -0.3894
vn -0.0000 -0.9756 -0.2197
vn 0.0085 0.9997 0.0234
vn -0.0000 0.9997 0.0249
vn -0.4266 0.7481 -0.5084
vn -0.2270 0.7481 -0.6236
vn -0.2318 0.7353 -0.6368
vn -0.4356 0.7353 -0.5191
vn 0.3420 0.0078 0.9397
vn -0.0000 0.0078 1.0000
vn -0.0000 0.0924 0.9957
vn 0.3406 0.0924 0.9357
vn -0.3390 0.1323 -0.9314
vn -0.3397 0.1159 -0.9334
vn -0.0000 0.1159 -0.9933
vn -0.0000 0.1323 -0.9912
vn -0.3419 0.0244 -0.9394
vn -0.0000 0.0244 -0.9997
vn -0.3412 -0.0696 -0.9374
vn -0.0000 -0.0696 -0.9976
vn -0.3381 -0.1515 -0.9288
vn -0.3381 -0.1515 -0.9289
vn -0.0000 -0.1515 -0.9885
vn -0.3404 -0.0981 -0.9352
vn -0.3416 -0.0488 -0.9386
vn -0.0000 -0.0488 -0.9988
vn -0.0000 -0.0981 -0.9952
vn -0.1412 -0.9756 -0.1683
vn -0.2503 -0.9211 -0.2983
vn 0.0160 0.9997 0.0191
vn -0.5747 0.7481 -0.3318
vn -0.5869 0.7353 -0.3389
vn 0.6097 0.3164 0.7267
vn 0.3244 0.3164 0.8914
vn 0.2771 0.5861 0.7614
vn 0.5208 0.5860 0.6207
vn -0.6371 0.1323 -0.7593
vn -0.6384 0.1159 -0.7609
vn -0.6426 0.0244 -0.7658
vn -0.6412 -0.0696 -0.7642
vn -0.6353 -0.1515 -0.7572
vn -0.6397 -0.0981 -0.7624
vn -0.6420 -0.0488 -0.7652
vn -0.1902 -0.9756 -0.1098
vn -0.3372 -0.9211 -0.1947
vn 0.0216 0.9997 0.0124
vn -0.6535 0.7481 -0.1152
vn -0.6674 0.7354 -0.1177
vn 0.6427 0.0078 0.7660
vn 0.6400 0.0924 0.7628
vn -0.8584 0.1323 -0.4956
vn -0.8602 0.1159 -0.4966
vn -0.6385 0.1159 -0.7608
vn -0.6372 0.1323 -0.7593
vn -0.8658 0.0244 -0.4999
vn -0.8639 -0.0696 -0.4988
vn -0.8560 -0.1515 -0.4942
vn -0.6354 -0.1515 -0.7572
vn -0.8618 -0.0981 -0.4976
vn -0.8650 -0.0488 -0.4994
vn -0.6421 -0.0488 -0.7651
vn -0.6397 -0.0981 -0.7623
vn -0.8352 -0.0000 -0.5500
vn -0.7660 -0.0000 -0.6428
vn -0.6866 -0.0000 -0.7270
vn -0.2163 -0.9756 -0.0381
vn -0.3835 -0.9211 -0.0676
vn 0.0245 0.9997 0.0043
vn -0.6535 0.7481 0.1152
vn -0.6674 0.7354 0.1177
vn 0.8215 0.3164 0.4743
vn 0.6098 0.3164 0.7267
vn 0.7017 0.5860 0.4051
vn -0.9762 0.1323 -0.1721
vn -0.9782 0.1159 -0.1725
vn -0.9845 0.0244 -0.1736
vn -0.9824 -0.0696 -0.1732
vn -0.9734 -0.1515 -0.1716
vn -0.9734 -0.1515 -0.1717
vn -0.9801 -0.0981 -0.1728
vn -0.9836 -0.0488 -0.1734
vn -0.2163 -0.9756 0.0381
vn -0.3835 -0.9211 0.0676
vn 0.0245 0.9997 -0.0043
vn -0.5747 0.7481 0.3318
vn -0.5869 0.7353 0.3388
vn 0.8660 0.0078 0.5000
vn 0.6428 0.0078 0.7660
vn 0.6401 0.0924 0.7627
vn 0.8623 0.0924 0.4979
vn -0.9762 0.1323 0.1721
vn -0.9782 0.1159 0.1725
vn -0.9845 0.0244 0.1736
vn -0.9824 -0.0696 0.1732
vn -0.9734 -0.1515 0.1716
vn -0.9801 -0.0981 0.1728
vn -0.9836 -0.0488 0.1734
vn -0.1902 -0.9756 0.1098
vn -0.3372 -0.9211 0.1947
vn 0.0216 0.9997 -0.0124
vn -0.4266 0.7481 0.5083
vn -0.4356 0.7353 0.5191
vn 0.9342 0.3164 0.1647
vn 0.7980 0.5861 0.1407
vn -0.8584 0.1323 0.4956
vn -0.8602 0.1159 0.4966
vn -0.8658 0.0244 0.4999
vn -0.8639 -0.0696 0.4988
vn -0.8560 -0.1515 0.4942
vn -0.8618 -0.0981 0.4976
vn -0.8650 -0.0488 0.4994
vn -0.8939 -0.0000 0.4483
vn -0.9397 -0.0000 0.3420
vn -0.9729 -0.0000 0.2311
vn -0.1412 -0.9756 0.1683
vn -0.2503 -0.9211 0.2983
vn 0.0160 0.9997 -0.0191
vn -0.2270 0.7481 0.6236
vn -0.2318 0.7353 0.6368
vn 0.9848 0.0078 0.1736
vn 0.9806 0.0924 0.1729
vn -0.6372 0.1323 0.7593
vn -0.6385 0.1159 0.7609
vn -0.6426 0.0244 0.7658
vn -0.6412 -0.0696 0.7642
vn -0.6354 -0.1515 0.7572
vn -0.6397 -0.0981 0.7623
vn -0.6421 -0.0488 0.7651
vn -0.0751 -0.9756 0.2064
vn -0.1332 -0.9211 0.3659
vn 0.0085 0.9997 -0.0234
vn -0.0000 0.7481 0.6636
vn -0.0000 0.7354 0.6777
vn 0.9342 0.3164 -0.1647
vn 0.7980 0.5861 -0.1407
vn -0.3390 0.1323 0.9314
vn -0.3397 0.1159 0.9334
vn -0.6384 0.1159 0.7609
vn -0.6371 0.1323 0.7593
vn -0.3419 0.0244 0.9394
vn -0.3412 -0.0696 0.9374
vn -0.3381 -0.1515 0.9288
vn -0.6353 -0.1515 0.7572
vn -0.3404 -0.0981 0.9352
vn -0.3416 -0.0488 0.9386
vn -0.6420 -0.0488 0.7652
vn -0.6397 -0.0981 0.7624
vn -0.0000 -0.9756 0.2197
vn -0.0000 -0.9211 0.3894
vn -0.0000 0.9997 -0.0249
vn 0.2270 0.7481 0.6236
vn 0.2318 0.7353 0.6368
vn 0.9848 0.0078 -0.1736
vn 0.9806 0.0924 -0.1729
vn -0.0000 0.1323 0.9912
vn -0.0000 0.1159 0.9933
vn -0.0000 0.0244 0.9997
vn -0.0000 -0.0696 0.9976
vn -0.0000 -0.1515 0.9885
vn -0.0000 -0.0981 0.9952
vn -0.0000 -0.0488 0.9988
vn -0.0587 -0.0000 0.9983
vn -0.1736 -0.0000 0.9848
vn -0.2863 -0.0000 0.9581
vn 0.0751 -0.9756 0.2064
vn 0.1332 -0.9211 0.3659
vn -0.0085 0.9997 -0.0234
vn 0.4266 0.7481 0.5084
vn 0.4356 0.7353 0.5191
vn 0.8215 0.3164 -0.4743
vn 0.7017 0.5860 -0.4051
vn 0.3390 0.1323 0.9314
vn 0.3397 0.1159 0.9334
vn 0.3419 0.0244 0.9394
vn 0.3412 -0.0696 0.9374
vn 0.3381 -0.1515 0.9288
vn 0.3381 -0.1515 0.9289
vn 0.3404 -0.0981 0.9352
vn 0.3416 -0.0488 0.9386
vn 0.1412 -0.9756 0.1683
vn 0.2503 -0.9211 0.2983
vn -0.0160 0.9997 -0.0191
vn 0.5747 0.7481 0.3318
vn 0.5869 0.7353 0.3389
vn 0.8660 0.0078 -0.5000
vn 0.8623 0.0924 -0.4979
vn 0.6371 0.1323 0.7593
vn 0.6384 0.1159 0.7609
vn 0.6426 0.0244 0.7658
vn 0.6412 -0.0696 0.7642
vn 0.6353 -0.1515 0.7572
vn 0.6397 -0.0981 0.7624
vn 0.6420 -0.0488 0.7652
vn 0.1902 -0.9756 0.1098
vn 0.3372 -0.9211 0.1947
vn -0.0216 0.9997 -0.0124
vn 0.6535 0.7481 0.1152
vn 0.6674 0.7354 0.1177
vn 0.6098 0.3164 -0.7267
vn 0.5208 0.5860 -0.6207
vn 0.8584 0.1323 0.4956
vn 0.8602 0.1159 0.4966
vn 0.6385 0.1159 0.7608
vn 0.6372 0.1323 0.7593
vn 0.8658 0.0244 0.4999
vn 0.8639 -0.0696 0.4988
vn 0.8560 -0.1515 0.4942
vn 0.6354 -0.1515 0.7572
vn 0.8618 -0.0981 0.4976
vn 0.8650 -0.0488 0.4994
vn 0.6421 -0.0488 0.7651
vn 0.6397 -0.0981 0.7623
vn 0.8352 -0.0000 0.5500
vn 0.7660 -0.0000 0.6428
vn 0.6866 -0.0000 0.7270
vn 0.2163 -0.9756 0.0381
vn 0.3835 -0.9211 0.0676
vn -0.0245 0.9997 -0.0043
vn 0.6535 0.7481 -0.1152
vn 0.6674 0.7354 -0.1177
vn 0.6428 0.0078 -0.7660
vn 0.6401 0.0924 -0.7628
vn 0.9762 0.1323 0.1721
vn 0.9782 0.1159 0.1725
vn 0.9845 0.0244 0.1736
vn 0.9824 -0.0696 0.1732
vn 0.9734 -0.1515 0.1716
vn 0.9734 -0.1515 0.1717
vn 0.9801 -0.0981 0.1728
vn 0.9836 -0.0488 0.1734
vn 0.2163 -0.9756 -0.0381
vn 0.3835 -0.9211 -0.0676
vn -0.0245 0.9997 0.0043
vn 0.5747 0.7481 -0.3318
vn 0.5869 0.7353 -0.3388
vn 0.3244 0.3164 -0.8914
vn 0.6097 0.3164 -0.7267
vn 0.2771 0.5860 -0.7614
vn 0.9762 0.1323 -0.1721
vn 0.9782 0.1159 -0.1725
vn 0.9845 0.0244 -0.1736
vn 0.9824 -0.0696 -0.1732
vn 0.9734 -0.1515 -0.1716
vn 0.9801 -0.0981 -0.1728
vn 0.9836 -0.0488 -0.1734
vn 0.1902 -0.9756 -0.1098
vn 0.3372 -0.9211 -0.1947
vn -0.0216 0.9997 0.0124
vn 0.4266 0.7481 -0.5083
vn 0.4356 0.7353 -0.5191
vn 0.3420 0.0078 -0.9397
vn 0.6427 0.0078 -0.7660
vn 0.6400 0.0924 -0.7628
vn 0.3406 0.0924 -0.9357
vn 0.8584 0.1323 -0.4956
vn 0.8602 0.1159 -0.4966
vn 0.8658 0.0244 -0.4999
vn 0.8639 -0.0696 -0.4988
vn 0.8560 -0.1515 -0.4942
vn 0.8618 -0.0981 -0.4976
vn 0.8650 -0.0488 -0.4994
vn 0.8939 -0.0000 -0.4483
vn 0.9397 -0.0000 -0.3420
vn 0.9729 -0.0000 -0.2311
vn 0.1412 -0.9756 -0.1683
vn 0.2503 -0.9211 -0.2983
vn -0.0160 0.9997 0.0191
vn 0.2270 0.7481 -0.6236
vn 0.2318 0.7353 -0.6368
vn -0.0000 0.3164 -0.9486
vn -0.0000 0.0924 -0.9957
vn 0.6372 0.1323 -0.7593
vn 0.6385 0.1159 -0.7609
vn 0.6426 0.0244 -0.7658
vn 0.6412 -0.0696 -0.7642
vn 0.6354 -0.1515 -0.7572
vn 0.6397 -0.0981 -0.7623
vn 0.6421 -0.0488 -0.7651
vn 0.0751 -0.9756 -0.2064
vn 0.1332 -0.9211 -0.3659
vn -0.0085 0.9997 0.0234
vn -0.0000 0.0078 -1.0000
vn -0.0000 0.7481 -0.6636
vn -0.0000 0.5861 -0.8103
vn 0.3390 0.1323 -0.9314
vn 0.3397 0.1159 -0.9334
vn 0.6384 0.1159 -0.7609
vn 0.6371 0.1323 -0.7593
vn 0.3419 0.0244 -0.9394
vn 0.3412 -0.0696 -0.9374
vn 0.3381 -0.1515 -0.9288
vn 0.6353 -0.1515 -0.7572
vn 0.3404 -0.0981 -0.9352
vn 0.3416 -0.0488 -0.9386
vn 0.6420 -0.0488 -0.7652
vn 0.6397 -0.0981 -0.7624
vn -0.5000 -0.0000 0.8660
vn -0.3420 0.0078 -0.9397
vn -0.3406 0.0924 -0.9357
vn -0.3244 0.3164 -0.8914
vn -0.2771 0.5861 -0.7614
vn 0.0587 -0.0000 -0.9983
vn 0.1736 -0.0000 -0.9848
vn 0.2863 -0.0000 -0.9581
vn -0.0000 -0.0574 -0.9984
vn 0.3415 -0.0574 -0.9381
vn 0.6417 -0.0574 -0.7648
vn 0.6418 -0.0574 -0.7648
vn 0.8646 -0.0574 -0.4992
vn 0.9832 -0.0574 -0.1734
vn 0.9832 -0.0574 0.1734
vn 0.8646 -0.0574 0.4992
vn 0.6418 -0.0574 0.7648
vn 0.6417 -0.0574 0.7648
vn 0.3415 -0.0574 0.9381
vn -0.0000 -0.0574 0.9984
vn -0.3415 -0.0574 0.9381
vn -0.6417 -0.0574 0.7648
vn -0.6418 -0.0574 0.7648
vn -0.8646 -0.0574 0.4992
vn -0.9832 -0.0574 0.1734
vn -0.9832 -0.0574 -0.1734
vn -0.8646 -0.0574 -0.4992
vn -0.6418 -0.0574 -0.7648
vn -0.6417 -0.0574 -0.7648
vn -0.3415 -0.0574 -0.9381
vn 0.2205 -0.7644 -0.6059
vn 0.2755 -0.5926 -0.7569
vn 0.5178 -0.5926 -0.6170
vn 0.4144 -0.7644 -0.4939
vn -0.0000 -0.5926 -0.8055
vn -0.0000 -0.2646 -0.9643
vn 0.3298 -0.2646 -0.9062
vn -0.0000 0.0094 -1.0000
vn 0.3420 0.0094 -0.9397
vn -0.0000 0.1363 -0.9907
vn 0.3388 0.1363 -0.9309
vn -0.0000 0.6878 -0.7259
vn -0.0000 0.7353 -0.6777
vn 0.2483 0.6878 -0.6822
vn 0.6976 -0.5926 -0.4027
vn 0.5584 -0.7644 -0.3224
vn -0.6097 0.3164 -0.7267
vn -0.5208 0.5860 -0.6207
vn 0.6198 -0.2646 -0.7388
vn 0.5178 -0.5926 -0.6171
vn 0.6427 0.0094 -0.7660
vn 0.6368 0.1363 -0.7589
vn 0.2483 0.6878 -0.6821
vn 0.4666 0.6878 -0.5561
vn 0.7932 -0.5926 -0.1399
vn 0.6349 -0.7644 -0.1120
vn -0.6427 0.0078 -0.7660
vn -0.6400 0.0924 -0.7628
vn 0.6199 -0.2646 -0.7387
vn 0.8351 -0.2646 -0.4822
vn 0.6976 -0.5926 -0.4028
vn 0.6428 0.0095 -0.7660
vn 0.8660 0.0094 -0.5000
vn 0.8579 0.1363 -0.4953
vn 0.6287 0.6878 -0.3630
vn 0.7932 -0.5926 0.1399
vn 0.6349 -0.7644 0.1120
vn -0.8215 0.3164 -0.4743
vn -0.6098 0.3164 -0.7267
vn -0.7017 0.5860 -0.4051
vn 0.9497 -0.2646 -0.1675
vn 0.7933 -0.5926 -0.1399
vn 0.9848 0.0094 -0.1736
vn 0.9756 0.1363 -0.1720
vn 0.6287 0.6878 -0.3629
vn 0.6674 0.7353 -0.1177
vn 0.7149 0.6878 -0.1261
vn 0.6975 -0.5926 0.4027
vn 0.5584 -0.7644 0.3224
vn -0.8660 0.0078 -0.5000
vn -0.6428 0.0078 -0.7660
vn -0.6401 0.0924 -0.7627
vn -0.8623 0.0924 -0.4979
vn 0.9497 -0.2646 0.1675
vn 0.7933 -0.5926 0.1399
vn 0.9848 0.0094 0.1736
vn 0.9756 0.1363 0.1720
vn 0.6674 0.7353 0.1177
vn 0.7149 0.6878 0.1261
vn 0.5177 -0.5926 0.6170
vn 0.4144 -0.7644 0.4939
vn -0.9342 0.3164 -0.1647
vn -0.7980 0.5861 -0.1407
vn 0.8351 -0.2646 0.4822
vn 0.6976 -0.5926 0.4028
vn 0.8660 0.0094 0.5000
vn 0.8579 0.1363 0.4953
vn 0.5869 0.7353 0.3388
vn 0.6287 0.6878 0.3629
vn 0.2755 -0.5926 0.7569
vn 0.2205 -0.7644 0.6059
vn -0.9848 0.0078 -0.1736
vn -0.9806 0.0924 -0.1729
vn 0.6199 -0.2646 0.7387
vn 0.5178 -0.5926 0.6171
vn 0.6428 0.0094 0.7660
vn 0.6368 0.1363 0.7589
vn 0.6287 0.6878 0.3630
vn 0.4666 0.6878 0.5561
vn -0.0000 -0.5926 0.8055
vn -0.0000 -0.7644 0.6447
vn -0.9342 0.3164 0.1647
vn -0.7980 0.5861 0.1407
vn 0.6198 -0.2646 0.7388
vn 0.3298 -0.2646 0.9062
vn 0.2755 -0.5926 0.7570
vn 0.6427 0.0095 0.7660
vn 0.3420 0.0094 0.9397
vn 0.3388 0.1363 0.9309
vn 0.2483 0.6878 0.6821
vn -0.2755 -0.5926 0.7569
vn -0.2205 -0.7644 0.6059
vn -0.9848 0.0078 0.1736
vn -0.9806 0.0924 0.1729
vn -0.0000 -0.2646 0.9643
vn -0.0000 0.0094 1.0000
vn -0.0000 0.1363 0.9907
vn 0.2483 0.6878 0.6822
vn -0.0000 0.7353 0.6777
vn -0.0000 0.6878 0.7259
vn -0.5178 -0.5926 0.6170
vn -0.4144 -0.7644 0.4939
vn -0.8215 0.3164 0.4743
vn -0.7017 0.5860 0.4051
vn -0.3298 -0.2646 0.9062
vn -0.3420 0.0094 0.9397
vn -0.3388 0.1363 0.9309
vn -0.2483 0.6878 0.6822
vn -0.6976 -0.5926 0.4027
vn -0.5584 -0.7644 0.3224
vn -0.8660 0.0078 0.5000
vn -0.8623 0.0924 0.4979
vn -0.6198 -0.2646 0.7388
vn -0.5178 -0.5926 0.6171
vn -0.6427 0.0094 0.7660
vn -0.6368 0.1363 0.7589
vn -0.2483 0.6878 0.6821
vn -0.4666 0.6878 0.5561
vn -0.7932 -0.5926 0.1399
vn -0.6349 -0.7644 0.1120
vn -0.6098 0.3164 0.7267
vn -0.5208 0.5860 0.6207
vn -0.6199 -0.2646 0.7387
vn -0.8351 -0.2646 0.4822
vn -0.6976 -0.5926 0.4028
vn -0.6428 0.0095 0.7660
vn -0.8660 0.0094 0.5000
vn -0.8579 0.1363 0.4953
vn -0.6287 0.6878 0.3630
vn -0.7932 -0.5926 -0.1399
vn -0.6349 -0.7644 -0.1120
vn -0.6428 0.0078 0.7660
vn -0.6401 0.0924 0.7628
vn -0.9497 -0.2646 0.1675
vn -0.7933 -0.5926 0.1399
vn -0.9848 0.0094 0.1736
vn -0.9756 0.1363 0.1720
vn -0.6287 0.6878 0.3629
vn -0.6674 0.7353 0.1177
vn -0.7149 0.6878 0.1261
vn -0.6975 -0.5926 -0.4027
vn -0.5584 -0.7644 -0.3224
vn -0.3244 0.3164 0.8914
vn -0.6097 0.3164 0.7267
vn -0.2771 0.5861 0.7614
vn -0.9497 -0.2646 -0.1675
vn -0.7933 -0.5926 -0.1399
vn -0.9848 0.0094 -0.1736
vn -0.9756 0.1363 -0.1720
vn -0.6674 0.7353 -0.1177
vn -0.7149 0.6878 -0.1261
vn -0.5177 -0.5926 -0.6170
vn -0.4144 -0.7644 -0.4939
vn -0.3420 0.0078 0.9397
vn -0.6427 0.0078 0.7660
vn -0.6400 0.0924 0.7628
vn -0.3406 0.0924 0.9357
vn -0.8351 -0.2646 -0.4822
vn -0.6976 -0.5926 -0.4028
vn -0.8660 0.0094 -0.5000
vn -0.8579 0.1363 -0.4953
vn -0.5869 0.7353 -0.3388
vn -0.6287 0.6878 -0.3629
vn -0.2755 -0.5926 -0.7569
vn -0.2205 -0.7644 -0.6059
vn -0.0000 0.3164 0.9486
vn -0.0000 0.5861 0.8103
vn -0.6199 -0.2646 -0.7387
vn -0.5178 -0.5926 -0.6171
vn -0.6428 0.0094 -0.7660
vn -0.6368 0.1363 -0.7589
vn -0.6287 0.6878 -0.3630
vn -0.4666 0.6878 -0.5561
vn -0.0000 -0.7644 -0.6447
vn -0.6198 -0.2646 -0.7388
vn -0.3298 -0.2646 -0.9062
vn -0.2755 -0.5926 -0.7570
vn -0.6427 0.0095 -0.7660
vn -0.3420 0.0094 -0.9397
vn -0.3388 0.1363 -0.9309
vn -0.2483 0.6878 -0.6821
vn -0.2483 0.6878 -0.6822
vn -0.0000 0.8996 -0.4367
vn 0.1494 0.8996 -0.4103
vn -0.0000 0.1138 -0.9935
vn 0.3398 0.1138 -0.9336
vn 0.2807 0.8996 -0.3345
vn 0.6386 0.1138 -0.7611
vn 0.3782 0.8996 -0.2183
vn 0.8604 0.1138 -0.4968
vn 0.4300 0.8996 -0.0758
vn 0.9784 0.1138 -0.1725
vn 0.4300 0.8996 0.0758
vn 0.9784 0.1138 0.1725
vn 0.3782 0.8996 0.2183
vn 0.8604 0.1138 0.4968
vn 0.2807 0.8996 0.3345
vn 0.6386 0.1138 0.7611
vn 0.1494 0.8996 0.4103
vn 0.3398 0.1138 0.9336
vn -0.0000 0.8996 0.4367
vn -0.0000 0.1138 0.9935
vn -0.1494 0.8996 0.4103
vn -0.3398 0.1138 0.9336
vn -0.2807 0.8996 0.3345
vn -0.6386 0.1138 0.7611
vn -0.3782 0.8996 0.2183
vn -0.8604 0.1138 0.4968
vn -0.4300 0.8996 0.0758
vn -0.9784 0.1138 0.1725
vn -0.4300 0.8996 -0.0758
vn -0.9784 0.1138 -0.1725
vn -0.3782 0.8996 -0.2183
vn -0.8604 0.1138 -0.4968
vn -0.2807 0.8996 -0.3345
vn -0.6386 0.1138 -0.7611
vn -0.1494 0.8996 -0.4103
vn -0.3398 0.1138 -0.9336
vn -0.2269 0.7481 -0.6236
vn 0.2772 0.5861 -0.7614
vn 0.5208 0.5861 -0.6207
vn 0.7017 0.5861 -0.4051
vn 0.7979 0.5861 -0.1407
vn 0.7979 0.5861 0.1407
vn 0.7017 0.5861 0.4051
vn 0.5208 0.5861 0.6207
vn 0.2269 0.7481 0.6236
vn -0.2269 0.7481 0.6236
vn -0.2772 0.5861 0.7614
vn -0.5208 0.5861 0.6207
vn -0.7017 0.5861 0.4051
vn -0.7979 0.5861 0.1407
vn -0.7979 0.5861 -0.1407
vn -0.7017 0.5861 -0.4051
vn -0.5208 0.5861 -0.6207
vn -0.0000 -0.1783 -0.9840
vn 0.3365 -0.1783 -0.9246
vn -0.0000 -0.2555 -0.9668
vn 0.3307 -0.2555 -0.9085
vn -0.0000 -0.6904 -0.7234
vn -0.0000 -0.7661 -0.6427
vn 0.2198 -0.7661 -0.6039
vn 0.2474 -0.6904 -0.6798
vn 0.6325 -0.1783 -0.7538
vn 0.6214 -0.2555 -0.7407
vn 0.4131 -0.7661 -0.4923
vn 0.4650 -0.6904 -0.5542
vn 0.6325 -0.1783 -0.7537
vn 0.8521 -0.1783 -0.4920
vn 0.6215 -0.2555 -0.7406
vn 0.8373 -0.2555 -0.4834
vn 0.5566 -0.7661 -0.3213
vn 0.6265 -0.6904 -0.3617
vn 0.9690 -0.1783 -0.1709
vn 0.9521 -0.2555 -0.1679
vn 0.6329 -0.7661 -0.1116
vn 0.7124 -0.6904 -0.1256
vn 0.9690 -0.1783 0.1709
vn 0.9521 -0.2555 0.1679
vn 0.6329 -0.7661 0.1116
vn 0.7124 -0.6904 0.1256
vn 0.8521 -0.1783 0.4920
vn 0.8373 -0.2555 0.4834
vn 0.5566 -0.7661 0.3213
vn 0.6265 -0.6904 0.3617
vn 0.6325 -0.1783 0.7537
vn 0.6215 -0.2555 0.7406
vn 0.4131 -0.7661 0.4923
vn 0.4650 -0.6904 0.5542
vn 0.6325 -0.1783 0.7538
vn 0.3365 -0.1783 0.9246
vn 0.6214 -0.2555 0.7406
vn 0.3307 -0.2555 0.9085
vn 0.2198 -0.7661 0.6039
vn 0.2474 -0.6904 0.6798
vn -0.0000 -0.1783 0.9840
vn -0.0000 -0.2555 0.9668
vn -0.0000 -0.7661 0.6427
vn -0.0000 -0.6904 0.7234
vn -0.3365 -0.1783 0.9246
vn -0.3307 -0.2555 0.9085
vn -0.2198 -0.7661 0.6039
vn -0.2474 -0.6904 0.6798
vn -0.6325 -0.1783 0.7538
vn -0.6214 -0.2555 0.7407
vn -0.4131 -0.7661 0.4923
vn -0.4650 -0.6904 0.5542
vn -0.6325 -0.1783 0.7537
vn -0.8521 -0.1783 0.4920
vn -0.6215 -0.2555 0.7406
vn -0.8373 -0.2555 0.4834
vn -0.5566 -0.7661 0.3213
vn -0.6265 -0.6904 0.3617
vn -0.9690 -0.1783 0.1709
vn -0.9521 -0.2555 0.1679
vn -0.6329 -0.7661 0.1116
vn -0.7124 -0.6904 0.1256
vn -0.9690 -0.1783 -0.1709
vn -0.9521 -0.2555 -0.1679
vn -0.6329 -0.7661 -0.1116
vn -0.7124 -0.6904 -0.1256
vn -0.8521 -0.1783 -0.4920
vn -0.8373 -0.2555 -0.4834
vn -0.5566 -0.7661 -0.3213
vn -0.6265 -0.6904 -0.3617
vn -0.6325 -0.1783 -0.7537
vn -0.6215 -0.2555 -0.7406
vn -0.4131 -0.7661 -0.4923
vn -0.4650 -0.6904 -0.5542
vn -0.6325 -0.1783 -0.7538
vn -0.3365 -0.1783 -0.9246
vn -0.6214 -0.2555 -0.7406
vn -0.3307 -0.2555 -0.9085
vn -0.2198 -0.7661 -0.6039
vn -0.2474 -0.6904 -0.6798
vn -0.0000 0.8660 -0.5001
vn 0.1710 0.8660 -0.4699
vn -0.0000 -0.7258 -0.6879
vn 0.2353 -0.7258 -0.6464
vn 0.3214 0.8660 -0.3831
vn 0.4422 -0.7258 -0.5270
vn 0.4331 0.8660 -0.2500
vn 0.5958 -0.7258 -0.3440
vn 0.4925 0.8660 -0.0868
vn 0.6775 -0.7258 -0.1195
vn 0.4925 0.8660 0.0868
vn 0.6775 -0.7258 0.1195
vn 0.4331 0.8660 0.2500
vn 0.5958 -0.7258 0.3440
vn 0.3214 0.8660 0.3831
vn 0.4422 -0.7258 0.5270
vn 0.1710 0.8660 0.4699
vn 0.2353 -0.7258 0.6464
vn -0.0000 0.8660 0.5001
vn -0.0000 -0.7258 0.6879
vn -0.1710 0.8660 0.4699
vn -0.2353 -0.7258 0.6464
vn -0.3214 0.8660 0.3831
vn -0.4422 -0.7258 0.5270
vn -0.4331 0.8660 0.2500
vn -0.5958 -0.7258 0.3440
vn -0.4925 0.8660 0.0868
vn -0.6775 -0.7258 0.1195
vn -0.4925 0.8660 -0.0868
vn -0.6775 -0.7258 -0.1195
vn -0.4331 0.8660 -0.2500
vn -0.5958 -0.7258 -0.3440
vn -0.3214 0.8660 -0.3831
vn -0.4422 -0.7258 -0.5270
vn -0.1710 0.8660 -0.4699
vn -0.2353 -0.7258 -0.6464
vn -0.3065 -0.4435 -0.8422
vn -0.0000 -0.4435 -0.8963
vn -0.0000 -0.6904 -0.7235
vn -0.5761 -0.4435 -0.6866
vn -0.7762 -0.4435 -0.4481
vn -0.5762 -0.4435 -0.6866
vn -0.4651 -0.6904 -0.5542
vn -0.8827 -0.4435 -0.1556
vn -0.7125 -0.6904 -0.1256
vn -0.8827 -0.4435 0.1556
vn -0.7125 -0.6904 0.1256
vn -0.7762 -0.4435 0.4481
vn -0.5761 -0.4435 0.6866
vn -0.4651 -0.6904 0.5542
vn -0.3066 -0.4435 0.8422
vn -0.0000 -0.4435 0.8963
vn -0.0000 -0.6904 0.7235
vn 0.3065 -0.4435 0.8422
vn 0.5761 -0.4435 0.6866
vn 0.7762 -0.4435 0.4481
vn 0.5762 -0.4435 0.6866
vn 0.4651 -0.6904 0.5542
vn 0.8827 -0.4435 0.1556
vn 0.7125 -0.6904 0.1256
vn 0.8827 -0.4435 -0.1556
vn 0.7125 -0.6904 -0.1256
vn 0.7762 -0.4435 -0.4481
vn 0.5761 -0.4435 -0.6866
vn 0.4651 -0.6904 -0.5542
vn 0.3066 -0.4435 -0.8422
vn -0.0000 1.0000 -0.0000
vn 0.6428 -0.0000 -0.7661
vn 0.6428 -0.0000 -0.7660
vn 0.9848 -0.0000 0.1736
vn 0.6866 -0.0000 0.7271
vn 0.3420 -0.0000 0.9397
vn -0.6428 -0.0000 0.7661
vn -0.6428 -0.0000 0.7660
vn -0.9848 -0.0000 -0.1736
vn -0.6866 -0.0000 -0.7271
vn -0.3420 -0.0000 -0.9397
vn -0.0000 -0.0000 1.0000
vn 0.5000 -0.0000 -0.8660
vn 0.5000 -0.0000 0.8660
vn -0.5000 -0.0000 -0.8660
vn 1.0000 -0.0000 -0.0000
vn -1.0000 -0.0000 -0.0000
vn 0.0028 1.0000 0.0005
vn 0.0027 1.0000 0.0005
vn 0.0028 1.0000 -0.0000
vn 0.0018 1.0000 -0.0021
vn 0.0014 1.0000 -0.0025
vn -0.0010 1.0000 -0.0026
vn -0.0014 1.0000 -0.0025
vn -0.0028 1.0000 -0.0005
vn -0.0027 1.0000 -0.0005
vn -0.0028 1.0000 -0.0000
vn -0.0018 1.0000 0.0021
vn -0.0014 1.0000 0.0025
vn 0.0010 1.0000 0.0026
vn 0.0014 1.0000 0.0025
vn -0.7660 -0.0000 0.6428
vn -0.9397 -0.0000 -0.3420
vn 0.0005 1.0000 0.0028
vn 0.1736 -0.0000 0.9848
vn 0.0022 1.0000 -0.0018
vn 0.9397 -0.0000 0.3420
vn 0.7660 -0.0000 -0.6428
vn -0.0005 1.0000 -0.0028
vn -0.0027 1.0000 -0.0010
vn -0.1736 -0.0000 -0.9848
vn -0.0022 1.0000 0.0018
vn -0.8660 -0.0000 0.5000
vn -0.0000 -0.0000 -1.0000
vn 0.3420 -0.0000 -0.9397
vn 0.6428 -0.0000 0.7661
vn -0.3420 -0.0000 0.9397
vn 0.8660 -0.0000 0.5000
vn 0.6428 -0.0000 0.7660
vn -0.6428 -0.0000 -0.7661
vn 0.9848 -0.0000 0.1737
vn -0.8660 -0.0000 -0.5000
vn -0.6428 -0.0000 -0.7660
vn 0.9848 -0.0000 -0.1736
vn -0.9848 -0.0000 -0.1737
vn 0.8660 -0.0000 -0.5000
vn -0.9848 -0.0000 0.1736
vn 0.0027 1.0000 0.0010
vt 0.415655 0.268264
vt 0.404180 0.236736
vt 0.500000 0.219840
vt 0.500000 0.253392
vt 0.403057 0.233652
vt 0.427495 0.300793
vt 0.500000 0.288009
vt 0.500000 0.216558
vt 0.363782 0.337662
vt 0.427520 0.300863
vt 0.417630 0.273690
vt 0.345195 0.315511
vt 0.559494 0.655137
vt 0.500000 0.655137
vt 0.500000 0.686777
vt 0.559578 0.686777
vt 0.455607 0.582098
vt 0.458786 0.521361
vt 0.500000 0.521361
vt 0.500000 0.582098
vt 0.460793 0.447726
vt 0.500000 0.447726
vt 0.459974 0.370440
vt 0.500000 0.370440
vt 0.449406 0.290235
vt 0.448463 0.272257
vt 0.500000 0.272257
vt 0.500000 0.290235
vt 0.428873 0.125320
vt 0.427495 0.084422
vt 0.500000 0.084422
vt 0.500000 0.125320
vt 0.341483 0.311087
vt 0.319917 0.285385
vt 0.317807 0.282871
vt 0.363735 0.337605
vt 0.316474 0.394041
vt 0.291432 0.379583
vt 0.615186 0.714988
vt 0.561289 0.714988
vt 0.565570 0.740350
vt 0.623232 0.740350
vt 0.416568 0.582098
vt 0.422544 0.521361
vt 0.426315 0.447726
vt 0.424777 0.370440
vt 0.404914 0.290235
vt 0.403143 0.272257
vt 0.366326 0.125320
vt 0.363735 0.084422
vt 0.286431 0.376696
vt 0.257374 0.359920
vt 0.254532 0.358279
vt 0.316410 0.394004
vt 0.291302 0.463201
vt 0.262825 0.458180
vt 0.611812 0.655137
vt 0.611970 0.686777
vt 0.564898 0.582098
vt 0.560250 0.521361
vt 0.592309 0.521361
vt 0.599430 0.582098
vt 0.557317 0.447726
vt 0.587815 0.447726
vt 0.558513 0.370440
vt 0.589648 0.370440
vt 0.573964 0.290235
vt 0.575342 0.272257
vt 0.615430 0.272257
vt 0.613319 0.290235
vt 0.603980 0.125320
vt 0.605996 0.084422
vt 0.662395 0.084422
vt 0.659307 0.125320
vt 0.605996 0.072955
vt 0.605996 0.011798
vt 0.662395 0.011798
vt 0.662395 0.072955
vt 0.257139 0.457177
vt 0.224096 0.451351
vt 0.220864 0.450781
vt 0.291229 0.463188
vt 0.291302 0.536799
vt 0.262825 0.541820
vt 0.410401 0.714988
vt 0.362726 0.714988
vt 0.353138 0.740350
vt 0.404143 0.740350
vt 0.522539 0.582098
vt 0.520925 0.521361
vt 0.519906 0.447726
vt 0.520321 0.370440
vt 0.525687 0.290235
vt 0.526166 0.272257
vt 0.536112 0.125320
vt 0.536812 0.084422
vt 0.257139 0.542823
vt 0.224096 0.548649
vt 0.220864 0.549219
vt 0.291229 0.536812
vt 0.316474 0.605959
vt 0.291432 0.620417
vt 0.413026 0.655137
vt 0.366748 0.655137
vt 0.366559 0.686777
vt 0.412903 0.686777
vt 0.477461 0.582098
vt 0.479075 0.521361
vt 0.480094 0.447726
vt 0.479678 0.370440
vt 0.474313 0.290235
vt 0.473834 0.272257
vt 0.463888 0.125320
vt 0.463188 0.084422
vt 0.286431 0.623304
vt 0.257374 0.640080
vt 0.254532 0.641721
vt 0.316410 0.605996
vt 0.363782 0.662338
vt 0.345195 0.684489
vt 0.468883 0.714988
vt 0.466709 0.740350
vt 0.435102 0.582098
vt 0.439750 0.521361
vt 0.442683 0.447726
vt 0.441487 0.370440
vt 0.426036 0.290235
vt 0.424658 0.272257
vt 0.396020 0.125320
vt 0.394004 0.084422
vt 0.394004 0.072955
vt 0.394004 0.011798
vt 0.463188 0.011798
vt 0.463188 0.072955
vt 0.341483 0.688913
vt 0.319917 0.714615
vt 0.317807 0.717129
vt 0.363735 0.662395
vt 0.427520 0.699137
vt 0.417630 0.726310
vt 0.469794 0.655137
vt 0.469751 0.686777
vt 0.400570 0.582098
vt 0.407691 0.521361
vt 0.412185 0.447726
vt 0.410352 0.370440
vt 0.386681 0.290235
vt 0.384570 0.272257
vt 0.340693 0.125320
vt 0.337605 0.084422
vt 0.415655 0.731736
vt 0.404180 0.763264
vt 0.403057 0.766348
vt 0.427495 0.699207
vt 0.500000 0.711917
vt 0.500000 0.740834
vt 0.531117 0.714988
vt 0.533291 0.740350
vt 0.500000 0.746608
vt 0.500000 0.780160
vt 0.500000 0.783442
vt 0.500000 0.711991
vt 0.572480 0.699137
vt 0.582370 0.726310
vt 0.530206 0.655137
vt 0.530249 0.686777
vt 0.500000 0.582098
vt 0.500000 0.521361
vt 0.500000 0.084422
vt 0.500000 0.072955
vt 0.500000 0.011798
vt 0.427495 0.011798
vt 0.427495 0.072955
vt 0.584345 0.731736
vt 0.595820 0.763264
vt 0.596943 0.766348
vt 0.572505 0.699207
vt 0.636218 0.662338
vt 0.654805 0.684489
vt 0.589599 0.714988
vt 0.595857 0.740350
vt 0.544393 0.582098
vt 0.541214 0.521361
vt 0.539207 0.447726
vt 0.540026 0.370440
vt 0.550594 0.290235
vt 0.551537 0.272257
vt 0.571127 0.125320
vt 0.572505 0.084422
vt 0.658517 0.688913
vt 0.680084 0.714615
vt 0.682193 0.717129
vt 0.636265 0.662395
vt 0.683526 0.605959
vt 0.708568 0.620417
vt 0.586974 0.655137
vt 0.587097 0.686777
vt 0.583432 0.582098
vt 0.577456 0.521361
vt 0.573685 0.447726
vt 0.575223 0.370440
vt 0.595086 0.290235
vt 0.596857 0.272257
vt 0.633674 0.125320
vt 0.636265 0.084422
vt 0.713569 0.623304
vt 0.742626 0.640080
vt 0.745468 0.641721
vt 0.683590 0.605996
vt 0.708698 0.536799
vt 0.737175 0.541820
vt 0.637274 0.714988
vt 0.646862 0.740350
vt 0.337605 0.011798
vt 0.337605 0.072955
vt 0.742862 0.542823
vt 0.775904 0.548649
vt 0.779136 0.549219
vt 0.708771 0.536812
vt 0.708698 0.463201
vt 0.737175 0.458180
vt 0.633252 0.655137
vt 0.633441 0.686777
vt 0.742862 0.457177
vt 0.775904 0.451351
vt 0.779136 0.450781
vt 0.708771 0.463188
vt 0.683526 0.394041
vt 0.708568 0.379583
vt 0.713569 0.376696
vt 0.742626 0.359920
vt 0.745468 0.358279
vt 0.683590 0.394004
vt 0.636218 0.337662
vt 0.654805 0.315511
vt 0.536812 0.011798
vt 0.536812 0.072955
vt 0.658517 0.311087
vt 0.680084 0.285385
vt 0.682193 0.282871
vt 0.636265 0.337605
vt 0.572480 0.300863
vt 0.582370 0.273690
vt 0.500000 0.714987
vt 0.500000 0.686777
vt 0.584345 0.268264
vt 0.595820 0.236736
vt 0.596943 0.233652
vt 0.572505 0.300793
vt 0.500000 0.655137
vt 0.500000 0.761041
vt 0.500000 0.740349
vt 0.572480 0.761041
vt 0.316410 0.011798
vt 0.316410 0.072955
vt 0.362230 0.072808
vt 0.362230 0.011798
vt 0.440506 0.655137
vt 0.440422 0.686777
vt 0.438711 0.714988
vt 0.434430 0.740350
vt 0.500000 0.072955
vt 0.500000 0.011798
vt 0.572505 0.011798
vt 0.572505 0.072955
vt 0.500000 0.997615
vt 0.500000 0.940540
vt 0.596943 0.940540
vt 0.595820 0.997615
vt 0.682193 0.940540
vt 0.680084 0.997615
vt 0.714615 0.997615
vt 0.717129 0.940540
vt 0.641721 0.940540
vt 0.640080 0.997615
vt 0.549219 0.940540
vt 0.548649 0.997615
vt 0.450781 0.940540
vt 0.451351 0.997615
vt 0.358279 0.940540
vt 0.359920 0.997615
vt 0.282871 0.940540
vt 0.285385 0.997615
vt 0.500000 0.940540
vt 0.403057 0.940540
vt 0.404180 0.997615
vt 0.317807 0.940540
vt 0.319917 0.997615
vt 0.587036 0.260869
vt 0.663575 0.305059
vt 0.500000 0.906483
vt 0.500000 0.876327
vt 0.591730 0.876327
vt 0.587036 0.906483
vt 0.500000 0.842034
vt 0.593115 0.842034
vt 0.500000 0.812595
vt 0.591730 0.812595
vt 0.500000 0.783711
vt 0.582370 0.783711
vt 0.720384 0.372761
vt 0.384814 0.714988
vt 0.376768 0.740350
vt 0.672396 0.876327
vt 0.663575 0.906483
vt 0.674999 0.842034
vt 0.672396 0.812595
vt 0.591730 0.247975
vt 0.672396 0.294547
vt 0.750612 0.455810
vt 0.388188 0.655137
vt 0.388030 0.686777
vt 0.694941 0.906483
vt 0.705453 0.876327
vt 0.634100 0.876327
vt 0.627239 0.906483
vt 0.708556 0.842034
vt 0.636125 0.842034
vt 0.705453 0.812595
vt 0.634100 0.812595
vt 0.732268 0.365900
vt 0.750612 0.544190
vt 0.546572 0.876327
vt 0.544190 0.906483
vt 0.547276 0.842034
vt 0.546572 0.812595
vt 0.620417 0.783711
vt 0.541820 0.783711
vt 0.720384 0.627239
vt 0.453428 0.876327
vt 0.455810 0.906483
vt 0.452724 0.842034
vt 0.453428 0.812595
vt 0.458180 0.783711
vt 0.663575 0.694941
vt 0.365900 0.876327
vt 0.372761 0.906483
vt 0.363875 0.842034
vt 0.365900 0.812595
vt 0.379583 0.783711
vt 0.587036 0.739131
vt 0.294547 0.876327
vt 0.305059 0.906483
vt 0.291444 0.842034
vt 0.294547 0.812595
vt 0.732268 0.634100
vt 0.672396 0.705453
vt 0.500000 0.754478
vt 0.591730 0.752025
vt 0.412964 0.739131
vt 0.500000 0.876327
vt 0.500000 0.906483
vt 0.500000 0.842034
vt 0.500000 0.812595
vt 0.500000 0.783711
vt 0.336425 0.694941
vt 0.408270 0.876327
vt 0.412964 0.906483
vt 0.406885 0.842034
vt 0.408270 0.812595
vt 0.417630 0.783711
vt 0.279616 0.627239
vt 0.327604 0.876327
vt 0.336425 0.906483
vt 0.325001 0.842034
vt 0.327604 0.812595
vt 0.408270 0.752025
vt 0.327604 0.705453
vt 0.249388 0.544190
vt 0.267732 0.634100
vt 0.249388 0.455810
vt 0.279616 0.372761
vt 0.336425 0.305059
vt 0.412964 0.260869
vt 0.500000 0.714988
vt 0.500000 0.740350
vt 0.267732 0.365900
vt 0.327604 0.294547
vt 0.500000 0.245522
vt 0.408270 0.247975
vt 0.500000 0.288083
vt 0.500000 0.259166
vt 0.500000 0.326052
vt 0.500000 0.363945
vt 0.546534 0.372150
vt 0.559494 0.336542
vt 0.500000 0.636744
vt 0.546534 0.636744
vt 0.587455 0.395776
vt 0.611812 0.366748
vt 0.587455 0.636744
vt 0.617827 0.431972
vt 0.650643 0.413026
vt 0.604224 0.636744
vt 0.568028 0.636744
vt 0.633988 0.476374
vt 0.671305 0.469794
vt 0.523626 0.636744
vt 0.633988 0.523626
vt 0.671305 0.530206
vt 0.476374 0.636744
vt 0.617827 0.568028
vt 0.650643 0.586974
vt 0.431972 0.636744
vt 0.587455 0.604224
vt 0.611812 0.633252
vt 0.395776 0.636744
vt 0.546534 0.627850
vt 0.559494 0.663458
vt 0.500000 0.636055
vt 0.500000 0.673948
vt 0.500000 0.636744
vt 0.453466 0.627850
vt 0.440506 0.663458
vt 0.453466 0.636744
vt 0.412545 0.604224
vt 0.388188 0.633252
vt 0.412545 0.636744
vt 0.382173 0.568028
vt 0.349357 0.586974
vt 0.366012 0.523626
vt 0.328695 0.530206
vt 0.366012 0.476374
vt 0.328695 0.469794
vt 0.382173 0.431972
vt 0.349357 0.413026
vt 0.412545 0.395776
vt 0.388188 0.366748
vt 0.453466 0.372150
vt 0.440506 0.336542
vt 0.427520 0.761041
vt 0.565570 0.319847
vt 0.623232 0.353138
vt 0.666030 0.404143
vt 0.688802 0.466709
vt 0.463201 0.761041
vt 0.536799 0.761041
vt 0.688802 0.533291
vt 0.666030 0.595857
vt 0.623232 0.646862
vt 0.565570 0.680153
vt 0.500000 0.761041
vt 0.434430 0.680153
vt 0.376768 0.646862
vt 0.333970 0.595857
vt 0.311198 0.533291
vt 0.311198 0.466709
vt 0.333970 0.404143
vt 0.376768 0.353138
vt 0.434430 0.319847
vt 0.500000 0.344307
vt 0.540992 0.344307
vt 0.500000 0.320180
vt 0.543082 0.320180
vt 0.500000 0.364174
vt 0.500000 0.352072
vt 0.550594 0.360993
vt 0.546455 0.372365
vt 0.577041 0.344307
vt 0.580968 0.320180
vt 0.595086 0.386681
vt 0.587307 0.395951
vt 0.591813 0.344307
vt 0.559927 0.344307
vt 0.596494 0.320180
vt 0.562982 0.320180
vt 0.628109 0.426036
vt 0.617629 0.432087
vt 0.520812 0.344307
vt 0.521873 0.320180
vt 0.645681 0.474313
vt 0.633762 0.476414
vt 0.479188 0.344307
vt 0.478127 0.320180
vt 0.645681 0.525687
vt 0.633762 0.523586
vt 0.440073 0.344307
vt 0.437018 0.320180
vt 0.628109 0.573964
vt 0.617629 0.567913
vt 0.408187 0.344307
vt 0.403506 0.320180
vt 0.595086 0.613319
vt 0.587307 0.604049
vt 0.550594 0.639007
vt 0.546455 0.627635
vt 0.500000 0.320180
vt 0.500000 0.647928
vt 0.500000 0.635826
vt 0.459008 0.344307
vt 0.456918 0.320180
vt 0.449406 0.639007
vt 0.453545 0.627635
vt 0.422959 0.344307
vt 0.419032 0.320180
vt 0.404914 0.613319
vt 0.412693 0.604049
vt 0.371891 0.573964
vt 0.382371 0.567913
vt 0.354319 0.525687
vt 0.366238 0.523586
vt 0.354319 0.474313
vt 0.366238 0.476414
vt 0.371891 0.426036
vt 0.382371 0.432087
vt 0.404914 0.386681
vt 0.412693 0.395951
vt 0.449406 0.360993
vt 0.453545 0.372365
vt 0.500000 0.349317
vt 0.500000 0.361442
vt 0.547390 0.369798
vt 0.551537 0.358404
vt 0.500000 0.300102
vt 0.568369 0.312157
vt 0.500000 0.207115
vt 0.500000 0.166217
vt 0.569748 0.166217
vt 0.568369 0.207115
vt 0.589064 0.393858
vt 0.596857 0.384570
vt 0.628492 0.346869
vt 0.631083 0.166217
vt 0.628492 0.207115
vt 0.619995 0.430721
vt 0.630495 0.424658
vt 0.673117 0.400051
vt 0.653131 0.207115
vt 0.656219 0.166217
vt 0.601965 0.166217
vt 0.599949 0.207115
vt 0.636453 0.475940
vt 0.648394 0.473834
vt 0.696861 0.465288
vt 0.535412 0.166217
vt 0.534712 0.207115
vt 0.636453 0.524060
vt 0.648394 0.526166
vt 0.696861 0.534712
vt 0.464588 0.166217
vt 0.465288 0.207115
vt 0.619995 0.569279
vt 0.630495 0.575342
vt 0.673117 0.599949
vt 0.398035 0.166217
vt 0.400051 0.207115
vt 0.589064 0.606142
vt 0.596857 0.615430
vt 0.628492 0.653131
vt 0.343781 0.166217
vt 0.346869 0.207115
vt 0.547390 0.630202
vt 0.551537 0.641596
vt 0.568369 0.687843
vt 0.500000 0.638558
vt 0.500000 0.650683
vt 0.500000 0.699898
vt 0.500000 0.166217
vt 0.500000 0.207115
vt 0.452610 0.630202
vt 0.448463 0.641596
vt 0.431631 0.687843
vt 0.430252 0.166217
vt 0.431631 0.207115
vt 0.410936 0.606142
vt 0.403143 0.615430
vt 0.371508 0.653131
vt 0.368917 0.166217
vt 0.371508 0.207115
vt 0.380005 0.569279
vt 0.369505 0.575342
vt 0.326883 0.599949
vt 0.363547 0.524060
vt 0.351606 0.526166
vt 0.303139 0.534712
vt 0.363547 0.475940
vt 0.351606 0.473834
vt 0.303139 0.465288
vt 0.380005 0.430721
vt 0.369505 0.424658
vt 0.326883 0.400051
vt 0.410936 0.393858
vt 0.403143 0.384570
vt 0.371508 0.346869
vt 0.452610 0.369798
vt 0.448463 0.358404
vt 0.431631 0.312157
vt 0.455964 0.310029
vt 0.500000 0.310029
vt 0.453545 0.300386
vt 0.500000 0.300386
vt 0.417239 0.310029
vt 0.412693 0.300386
vt 0.564377 0.310029
vt 0.598631 0.310029
vt 0.567913 0.300386
vt 0.604049 0.300386
vt 0.522358 0.310029
vt 0.523586 0.300386
vt 0.477642 0.310029
vt 0.476414 0.300386
vt 0.435623 0.310029
vt 0.432087 0.300386
vt 0.401369 0.310029
vt 0.395951 0.300386
vt 0.500000 0.310029
vt 0.544036 0.310029
vt 0.546455 0.300386
vt 0.582761 0.310029
vt 0.587307 0.300386
vt 0.362230 0.420458
vt 0.397743 0.378135
vt 0.362230 0.579542
vt 0.343333 0.527625
vt 0.500000 0.659084
vt 0.445590 0.649490
vt 0.637770 0.579542
vt 0.602257 0.621865
vt 0.637770 0.420458
vt 0.656667 0.472375
vt 0.500000 0.340916
vt 0.554410 0.350510
vt 0.636265 0.072955
vt 0.363735 0.072955
vt 0.500000 0.072808
vt 0.445590 0.072808
vt 0.445590 0.133668
vt 0.500000 0.133667
vt 0.621865 0.011798
vt 0.579542 0.011798
vt 0.579542 0.072808
vt 0.621865 0.072808
vt 0.554410 0.011798
vt 0.554410 0.072808
vt 0.683590 0.011798
vt 0.683590 0.072955
vt 0.637770 0.072808
vt 0.637770 0.011798
vt 0.378135 0.011798
vt 0.420458 0.011798
vt 0.420458 0.072808
vt 0.378135 0.072808
vt 0.472375 0.011798
vt 0.472375 0.072808
vt 0.527625 0.011798
vt 0.527625 0.072808
vt 0.288009 0.011798
vt 0.288009 0.072955
vt 0.340916 0.072808
vt 0.340916 0.011798
vt 0.445590 0.011798
vt 0.500000 0.072808
vt 0.711991 0.011798
vt 0.711991 0.072955
vt 0.659084 0.072808
vt 0.659084 0.011798
vt 0.656667 0.527625
vt 0.602257 0.378135
vt 0.445590 0.350510
vt 0.343333 0.472375
vt 0.397743 0.621865
vt 0.554410 0.649490
vt 0.350510 0.072808
vt 0.300793 0.072955
vt 0.300793 0.011798
vt 0.350510 0.011798
vt 0.656667 0.072808
vt 0.708771 0.072955
vt 0.708771 0.011798
vt 0.656667 0.011798
vt 0.649490 0.072808
vt 0.699207 0.072955
vt 0.699207 0.011798
vt 0.649490 0.011798
vt 0.343333 0.072808
vt 0.291229 0.072955
vt 0.291229 0.011798
vt 0.343333 0.011798
vt 0.621865 0.133668
vt 0.579542 0.133668
vt 0.500000 0.133668
vt 0.397743 0.072808
vt 0.397743 0.133668
vt 0.602257 0.072808
vt 0.554410 0.133668
vt 0.602257 0.133668
vt 0.527625 0.133668
vt 0.420458 0.133668
vt 0.378135 0.133668
vt 0.472375 0.133668
s 1
usemtl Material_011
f 1/1/1 2/2/2 3/3/3
f 1/1/1 3/3/3 4/4/4
f 5/5/5 6/6/5 7/7/6
f 5/5/5 7/7/6 8/8/6
f 9/9/7 10/10/8 11/11/9
f 9/9/7 11/11/9 12/12/10
f 13/13/11 14/14/12 15/15/13
f 13/13/11 15/15/13 16/16/14
f 17/17/15 18/18/16 19/19/17
f 17/17/15 19/19/17 20/20/18
f 18/18/16 21/21/19 22/22/20
f 18/18/16 22/22/20 19/19/17
f 21/21/19 23/23/21 24/24/22
f 21/21/19 24/24/22 22/22/20
f 25/25/23 26/26/24 27/27/25
f 25/25/23 27/27/25 28/28/25
f 29/29/26 30/30/27 31/31/28
f 29/29/26 31/31/28 32/32/29
f 33/33/30 34/34/31 2/2/2
f 33/33/30 2/2/2 1/1/1
f 35/35/32 36/36/32 6/6/5
f 35/35/32 6/6/5 5/5/5
f 37/37/33 9/9/7 12/12/10
f 37/37/33 12/12/10 38/38/34
f 39/39/35 40/40/36 41/41/37
f 39/39/35 41/41/37 42/42/38
f 43/43/39 44/44/40 18/18/16
f 43/43/39 18/18/16 17/17/15
f 44/44/40 45/45/41 21/21/19
f 44/44/40 21/21/19 18/18/16
f 45/45/41 46/46/42 23/23/21
f 45/45/41 23/23/21 21/21/19
f 47/47/43 48/48/43 26/26/24
f 47/47/43 26/26/24 25/25/23
f 49/49/44 50/50/45 30/30/27
f 49/49/44 30/30/27 29/29/26
f 51/51/46 52/52/47 34/34/31
f 51/51/46 34/34/31 33/33/30
f 53/53/48 54/54/48 36/36/32
f 53/53/48 36/36/32 35/35/32
f 55/55/49 37/37/33 38/38/34
f 55/55/49 38/38/34 56/56/50
f 57/57/51 13/13/11 16/16/14
f 57/57/51 16/16/14 58/58/52
f 59/59/53 60/60/54 61/61/55
f 59/59/53 61/61/55 62/62/56
f 60/60/54 63/63/57 64/64/41
f 60/60/54 64/64/41 61/61/55
f 63/63/57 65/65/58 66/66/42
f 63/63/57 66/66/42 64/64/41
f 67/67/59 68/68/59 69/69/60
f 67/67/59 69/69/60 70/70/60
f 71/71/61 72/72/62 73/73/63
f 71/71/61 73/73/63 74/74/64
f 75/75/65 76/76/66 77/77/66
f 75/75/65 77/77/66 78/78/67
f 79/79/68 80/80/69 52/52/47
f 79/79/68 52/52/47 51/51/46
f 81/81/70 82/82/70 54/54/48
f 81/81/70 54/54/48 53/53/48
f 83/83/71 55/55/49 56/56/50
f 83/83/71 56/56/50 84/84/72
f 85/85/73 86/86/74 87/87/38
f 85/85/73 87/87/38 88/88/75
f 89/89/76 90/90/77 60/60/54
f 89/89/76 60/60/54 59/59/53
f 90/90/77 91/91/78 63/63/57
f 90/90/77 63/63/57 60/60/54
f 91/91/78 92/92/79 65/65/58
f 91/91/78 65/65/58 63/63/57
f 93/93/80 94/94/81 68/68/59
f 93/93/80 68/68/59 67/67/59
f 95/95/82 96/96/83 72/72/62
f 95/95/82 72/72/62 71/71/61
f 97/97/84 98/98/85 80/80/69
f 97/97/84 80/80/69 79/79/68
f 99/99/86 100/100/86 82/82/70
f 99/99/86 82/82/70 81/81/70
f 101/101/87 83/83/71 84/84/72
f 101/101/87 84/84/72 102/102/88
f 103/103/89 104/104/90 105/105/91
f 103/103/89 105/105/91 106/106/92
f 107/107/93 108/108/94 90/90/77
f 107/107/93 90/90/77 89/89/76
f 108/108/94 109/109/95 91/91/78
f 108/108/94 91/91/78 90/90/77
f 109/109/95 110/110/96 92/92/79
f 109/109/95 92/92/79 91/91/78
f 111/111/97 112/112/97 94/94/81
f 111/111/97 94/94/81 93/93/80
f 113/113/98 114/114/99 96/96/83
f 113/113/98 96/96/83 95/95/82
f 115/115/100 116/116/101 98/98/85
f 115/115/100 98/98/85 97/97/84
f 117/117/102 118/118/102 100/100/86
f 117/117/102 100/100/86 99/99/86
f 119/119/103 101/101/87 102/102/88
f 119/119/103 102/102/88 120/120/104
f 121/121/105 85/85/73 88/88/75
f 121/121/105 88/88/75 122/122/106
f 123/123/107 124/124/108 108/108/94
f 123/123/107 108/108/94 107/107/93
f 124/124/108 125/125/109 109/109/95
f 124/124/108 109/109/95 108/108/94
f 125/125/109 126/126/110 110/110/96
f 125/125/109 110/110/96 109/109/95
f 127/127/111 128/128/111 112/112/97
f 127/127/111 112/112/97 111/111/97
f 129/129/112 130/130/113 114/114/99
f 129/129/112 114/114/99 113/113/98
f 131/131/114 132/132/115 133/133/115
f 131/131/114 133/133/115 134/134/116
f 135/135/117 136/136/118 116/116/101
f 135/135/117 116/116/101 115/115/100
f 137/137/119 138/138/119 118/118/102
f 137/137/119 118/118/102 117/117/102
f 139/139/120 119/119/103 120/120/104
f 139/139/120 120/120/104 140/140/121
f 141/141/122 103/103/89 106/106/92
f 141/141/122 106/106/92 142/142/123
f 143/143/124 144/144/125 124/124/108
f 143/143/124 124/124/108 123/123/107
f 144/144/125 145/145/126 125/125/109
f 144/144/125 125/125/109 124/124/108
f 145/145/126 146/146/127 126/126/110
f 145/145/126 126/126/110 125/125/109
f 147/147/128 148/148/128 128/128/111
f 147/147/128 128/128/111 127/127/111
f 149/149/129 150/150/130 130/130/113
f 149/149/129 130/130/113 129/129/112
f 151/151/131 152/152/132 136/136/118
f 151/151/131 136/136/118 135/135/117
f 153/153/133 154/154/133 138/138/119
f 153/153/133 138/138/119 137/137/119
f 155/155/134 139/139/120 140/140/121
f 155/155/134 140/140/121 156/156/135
f 157/157/136 121/121/105 122/122/106
f 157/157/136 122/122/106 158/158/137
f 159/17/138 160/18/139 161/44/140
f 159/17/138 161/44/140 162/43/141
f 160/18/139 163/21/142 164/45/126
f 160/18/139 164/45/126 161/44/140
f 163/21/142 165/23/143 166/46/127
f 163/21/142 166/46/127 164/45/126
f 167/25/144 168/26/144 169/48/145
f 167/25/144 169/48/145 170/47/145
f 171/29/146 172/30/147 173/50/148
f 171/29/146 173/50/148 174/49/149
f 175/159/150 176/160/151 152/152/132
f 175/159/150 152/152/132 151/151/131
f 177/161/152 178/162/152 154/154/133
f 177/161/152 154/154/133 153/153/133
f 179/163/153 155/155/134 156/156/135
f 179/163/153 156/156/135 180/164/154
f 181/165/155 141/141/122 142/142/123
f 181/165/155 142/142/123 182/166/156
f 183/167/157 184/168/158 160/18/139
f 183/167/157 160/18/139 159/17/138
f 184/168/158 185/22/159 163/21/142
f 184/168/158 163/21/142 160/18/139
f 185/22/159 186/24/160 165/23/143
f 185/22/159 165/23/143 163/21/142
f 187/28/161 188/27/161 168/26/144
f 187/28/161 168/26/144 167/25/144
f 189/32/162 190/169/163 172/30/147
f 189/32/162 172/30/147 171/29/146
f 191/170/164 192/171/165 193/172/165
f 191/170/164 193/172/165 194/173/166
f 195/174/167 196/175/168 176/160/151
f 195/174/167 176/160/151 175/159/150
f 197/176/169 198/177/169 178/162/152
f 197/176/169 178/162/152 177/161/152
f 199/178/170 179/163/153 180/164/154
f 199/178/170 180/164/154 200/179/171
f 201/180/172 157/157/136 158/158/137
f 201/180/172 158/158/137 202/181/173
f 203/182/174 204/183/175 184/168/158
f 203/182/174 184/168/158 183/167/157
f 204/183/175 205/184/176 185/22/159
f 204/183/175 185/22/159 184/168/158
f 205/184/176 206/185/177 186/24/160
f 205/184/176 186/24/160 185/22/159
f 207/186/178 208/187/179 188/27/161
f 207/186/178 188/27/161 187/28/161
f 209/188/180 210/189/181 190/169/163
f 209/188/180 190/169/163 189/32/162
f 211/190/182 212/191/183 196/175/168
f 211/190/182 196/175/168 195/174/167
f 213/192/184 214/193/184 198/177/169
f 213/192/184 198/177/169 197/176/169
f 215/194/185 199/178/170 200/179/171
f 215/194/185 200/179/171 216/195/186
f 217/196/187 181/165/155 182/166/156
f 217/196/187 182/166/156 218/197/188
f 219/198/189 220/199/190 204/183/175
f 219/198/189 204/183/175 203/182/174
f 220/199/190 221/200/191 205/184/176
f 220/199/190 205/184/176 204/183/175
f 221/200/191 222/201/192 206/185/177
f 221/200/191 206/185/177 205/184/176
f 223/202/193 224/203/193 208/187/179
f 223/202/193 208/187/179 207/186/178
f 225/204/194 226/205/195 210/189/181
f 225/204/194 210/189/181 209/188/180
f 227/206/196 228/207/197 212/191/183
f 227/206/196 212/191/183 211/190/182
f 229/208/198 230/209/198 214/193/184
f 229/208/198 214/193/184 213/192/184
f 231/210/199 215/194/185 216/195/186
f 231/210/199 216/195/186 232/211/200
f 233/212/201 201/180/172 202/181/173
f 233/212/201 202/181/173 234/213/202
f 235/123/203 236/124/204 237/144/205
f 235/123/203 237/144/205 238/143/206
f 236/124/204 239/125/207 240/145/191
f 236/124/204 240/145/191 237/144/205
f 239/125/207 241/126/208 242/146/192
f 239/125/207 242/146/192 240/145/191
f 243/127/209 244/128/209 245/148/210
f 243/127/209 245/148/210 246/147/210
f 247/129/211 248/130/212 249/150/213
f 247/129/211 249/150/213 250/149/214
f 251/131/215 252/132/216 253/214/216
f 251/131/215 253/214/216 254/215/217
f 255/216/218 256/217/219 228/207/197
f 255/216/218 228/207/197 227/206/196
f 257/218/220 258/219/220 230/209/198
f 257/218/220 230/209/198 229/208/198
f 259/220/221 231/210/199 232/211/200
f 259/220/221 232/211/200 260/221/222
f 261/222/223 217/196/187 218/197/188
f 261/222/223 218/197/188 262/223/224
f 263/107/225 264/108/226 236/124/204
f 263/107/225 236/124/204 235/123/203
f 264/108/226 265/109/227 239/125/207
f 264/108/226 239/125/207 236/124/204
f 265/109/227 266/110/228 241/126/208
f 265/109/227 241/126/208 239/125/207
f 267/111/229 268/112/230 244/128/209
f 267/111/229 244/128/209 243/127/209
f 269/113/231 270/114/232 248/130/212
f 269/113/231 248/130/212 247/129/211
f 271/224/233 272/225/234 256/217/219
f 271/224/233 256/217/219 255/216/218
f 273/226/235 274/227/235 258/219/220
f 273/226/235 258/219/220 257/218/220
f 275/228/236 259/220/221 260/221/222
f 275/228/236 260/221/222 276/229/237
f 277/40/238 278/39/239 279/42/202
f 277/40/238 279/42/202 280/41/240
f 281/89/241 282/90/242 264/108/226
f 281/89/241 264/108/226 263/107/225
f 282/90/242 283/91/243 265/109/227
f 282/90/242 265/109/227 264/108/226
f 283/91/243 284/92/244 266/110/228
f 283/91/243 266/110/228 265/109/227
f 285/93/245 286/94/245 268/112/230
f 285/93/245 268/112/230 267/111/229
f 287/95/246 288/96/247 270/114/232
f 287/95/246 270/114/232 269/113/231
f 289/230/248 290/231/249 272/225/234
f 289/230/248 272/225/234 271/224/233
f 291/232/250 292/233/250 274/227/235
f 291/232/250 274/227/235 273/226/235
f 293/234/251 275/228/236 276/229/237
f 293/234/251 276/229/237 294/235/252
f 295/13/253 296/57/254 297/58/255
f 295/13/253 297/58/255 298/16/256
f 299/59/257 300/60/258 282/90/242
f 299/59/257 282/90/242 281/89/241
f 300/60/258 301/63/259 283/91/243
f 300/60/258 283/91/243 282/90/242
f 301/63/259 302/65/260 284/92/244
f 301/63/259 284/92/244 283/91/243
f 303/67/261 304/68/261 286/94/245
f 303/67/261 286/94/245 285/93/245
f 305/71/262 306/72/263 288/96/247
f 305/71/262 288/96/247 287/95/246
f 307/75/264 308/76/265 309/236/265
f 307/75/264 309/236/265 310/237/266
f 311/238/267 312/239/268 290/231/249
f 311/238/267 290/231/249 289/230/248
f 313/240/269 314/241/269 292/233/250
f 313/240/269 292/233/250 291/232/250
f 315/242/270 293/234/251 294/235/252
f 315/242/270 294/235/252 316/243/271
f 317/244/272 318/245/273 298/16/256
f 317/244/272 298/16/256 277/40/238
f 319/62/274 320/61/275 300/60/258
f 319/62/274 300/60/258 299/59/257
f 320/61/275 321/64/276 301/63/259
f 320/61/275 301/63/259 300/60/258
f 321/64/276 322/66/277 302/65/260
f 321/64/276 302/65/260 301/63/259
f 323/70/278 324/69/278 304/68/261
f 323/70/278 304/68/261 303/67/261
f 325/74/279 326/73/280 306/72/263
f 325/74/279 306/72/263 305/71/262
f 327/246/281 328/247/282 312/239/268
f 327/246/281 312/239/268 311/238/267
f 329/248/283 330/249/283 314/241/269
f 329/248/283 314/241/269 313/240/269
f 318/245/273 331/250/284 295/13/253
f 318/245/273 295/13/253 298/16/256
f 332/251/285 333/252/286 280/41/240
f 332/251/285 280/41/240 334/253/270
f 335/182/287 336/183/288 337/199/289
f 335/182/287 337/199/289 338/198/290
f 336/183/288 339/184/291 340/200/276
f 336/183/288 340/200/276 337/199/289
f 339/184/291 341/185/292 342/201/277
f 339/184/291 342/201/277 340/200/276
f 343/186/293 344/187/293 345/203/294
f 343/186/293 345/203/294 346/202/294
f 347/188/295 348/189/296 349/205/297
f 347/188/295 349/205/297 350/204/298
f 351/254/299 352/255/299 353/256/299
f 351/254/299 353/256/299 354/257/299
f 4/4/4 3/3/3 328/247/282
f 4/4/4 328/247/282 327/246/281
f 8/8/6 7/7/6 330/249/283
f 8/8/6 330/249/283 329/248/283
f 355/258/300 331/250/284 318/245/273
f 355/258/300 318/245/273 356/259/301
f 357/260/302 317/244/272 333/252/286
f 357/260/302 333/252/286 358/261/303
f 20/20/18 19/19/17 336/183/288
f 20/20/18 336/183/288 335/182/287
f 19/19/17 22/22/20 339/184/291
f 19/19/17 339/184/291 336/183/288
f 22/22/20 24/24/22 341/185/292
f 22/22/20 341/185/292 339/184/291
f 28/28/25 27/27/25 344/187/293
f 28/28/25 344/187/293 343/186/293
f 32/32/29 31/31/28 348/189/296
f 32/32/29 348/189/296 347/188/295
f 359/262/304 360/263/305 361/264/305
f 359/262/304 361/264/305 362/265/306
f 363/266/307 364/267/307 365/268/308
f 363/266/307 365/268/308 366/269/308
f 366/269/308 365/268/308 367/270/309
f 366/269/308 367/270/309 368/271/309
f 369/272/310 370/273/310 371/274/311
f 369/272/310 371/274/311 372/275/311
f 372/275/311 371/274/311 373/276/312
f 372/275/311 373/276/312 374/277/312
f 374/277/312 373/276/312 375/278/313
f 374/277/312 375/278/313 376/279/313
f 376/279/313 375/278/313 377/280/314
f 376/279/313 377/280/314 378/281/314
f 378/281/314 377/280/314 379/282/315
f 378/281/314 379/282/315 380/283/315
f 381/271/316 382/270/316 383/268/317
f 381/271/316 383/268/317 384/269/317
f 384/269/317 383/268/317 385/284/318
f 384/269/317 385/284/318 386/266/318
f 386/266/318 385/284/318 387/285/319
f 386/266/318 387/285/319 388/286/319
f 388/286/319 387/285/319 389/287/320
f 388/286/319 389/287/320 390/288/320
f 391/283/321 392/282/321 393/280/322
f 391/283/321 393/280/322 394/281/322
f 394/281/322 393/280/322 395/278/323
f 394/281/322 395/278/323 396/279/323
f 396/279/323 395/278/323 397/276/324
f 396/279/323 397/276/324 398/277/324
f 398/277/324 397/276/324 399/274/325
f 398/277/324 399/274/325 400/275/325
f 400/275/325 399/274/325 401/273/326
f 400/275/325 401/273/326 402/272/326
f 403/288/327 404/287/327 405/285/328
f 403/288/327 405/285/328 406/286/328
f 406/286/328 405/285/328 364/267/307
f 406/286/328 364/267/307 363/266/307
f 407/249/329 408/289/330 409/290/331
f 407/249/329 409/290/331 410/241/332
f 411/291/333 412/292/334 413/293/335
f 411/291/333 413/293/335 414/294/330
f 412/292/334 415/295/336 416/296/337
f 412/292/334 416/296/337 413/293/335
f 415/295/336 417/297/338 418/298/339
f 415/295/336 418/298/339 416/296/337
f 419/297/340 420/299/341 421/300/271
f 419/297/340 421/300/271 422/298/342
f 410/241/332 409/290/331 423/301/343
f 410/241/332 423/301/343 424/233/344
f 425/302/345 357/260/302 358/261/303
f 425/302/345 358/261/303 426/303/346
f 414/294/330 413/293/335 427/304/347
f 414/294/330 427/304/347 428/305/348
f 413/293/335 416/296/337 429/306/349
f 413/293/335 429/306/349 427/304/347
f 416/296/337 418/298/339 430/307/350
f 416/296/337 430/307/350 429/306/349
f 431/308/351 316/243/271 294/235/252
f 431/308/351 294/235/252 432/309/352
f 424/233/344 423/301/343 433/310/353
f 424/233/344 433/310/353 434/227/354
f 435/311/355 355/258/300 356/259/301
f 435/311/355 356/259/301 436/312/356
f 437/313/331 438/314/357 439/315/358
f 437/313/331 439/315/358 440/316/359
f 438/314/357 441/317/360 442/318/361
f 438/314/357 442/318/361 439/315/358
f 441/317/360 443/319/350 444/320/362
f 441/317/360 444/320/362 442/318/361
f 432/309/352 294/235/252 276/229/237
f 432/309/352 276/229/237 445/321/363
f 434/227/354 433/310/353 446/322/364
f 434/227/354 446/322/364 447/219/365
f 448/180/366 449/212/367 450/213/346
f 448/180/366 450/213/346 451/181/368
f 440/316/359 439/315/358 452/323/369
f 440/316/359 452/323/369 453/324/370
f 439/315/358 442/318/361 454/325/371
f 439/315/358 454/325/371 452/323/369
f 442/318/361 444/320/362 455/326/372
f 442/318/361 455/326/372 454/325/371
f 456/320/373 457/327/237 458/328/374
f 456/320/373 458/328/374 459/326/375
f 447/219/365 446/322/364 460/329/376
f 447/219/365 460/329/376 461/209/377
f 462/196/378 463/222/379 464/223/380
f 462/196/378 464/223/380 465/197/381
f 453/324/370 452/323/369 466/330/382
f 453/324/370 466/330/382 467/331/383
f 452/323/369 454/325/371 468/332/384
f 452/323/369 468/332/384 466/330/382
f 454/325/371 455/326/372 469/333/385
f 454/325/371 469/333/385 468/332/384
f 459/326/375 458/328/374 470/334/386
f 459/326/375 470/334/386 471/333/387
f 461/209/377 460/329/376 472/335/388
f 461/209/377 472/335/388 473/193/389
f 474/157/390 448/180/366 451/181/368
f 474/157/390 451/181/368 475/158/391
f 467/331/383 466/330/382 476/336/392
f 467/331/383 476/336/392 477/337/393
f 466/330/382 468/332/384 478/338/394
f 466/330/382 478/338/394 476/336/392
f 468/332/384 469/333/385 479/339/395
f 468/332/384 479/339/395 478/338/394
f 471/333/387 470/334/386 480/340/396
f 471/333/387 480/340/396 481/339/397
f 473/193/389 472/335/388 482/341/398
f 473/193/389 482/341/398 483/177/399
f 484/165/400 462/196/378 465/197/381
f 484/165/400 465/197/381 485/166/401
f 477/337/393 476/336/392 486/342/402
f 477/337/393 486/342/402 487/343/403
f 476/336/392 478/338/394 488/344/404
f 476/336/392 488/344/404 486/342/402
f 478/338/394 479/339/395 489/345/405
f 478/338/394 489/345/405 488/344/404
f 490/346/406 216/195/186 200/179/171
f 490/346/406 200/179/171 491/347/407
f 483/177/399 482/341/398 492/348/408
f 483/177/399 492/348/408 493/162/409
f 494/121/410 474/157/390 475/158/391
f 494/121/410 475/158/391 495/122/411
f 496/305/403 497/304/412 498/293/413
f 496/305/403 498/293/413 499/294/414
f 497/304/412 500/306/415 501/296/416
f 497/304/412 501/296/416 498/293/413
f 500/306/415 502/307/405 503/298/417
f 500/306/415 503/298/417 501/296/416
f 491/347/407 200/179/171 180/164/154
f 491/347/407 180/164/154 504/349/418
f 493/162/409 492/348/408 505/350/419
f 493/162/409 505/350/419 506/154/420
f 507/141/421 484/165/400 485/166/401
f 507/141/421 485/166/401 508/142/422
f 499/294/414 498/293/413 509/351/423
f 499/294/414 509/351/423 510/352/408
f 498/293/413 501/296/416 511/353/424
f 498/293/413 511/353/424 509/351/423
f 501/296/416 503/298/417 512/354/425
f 501/296/416 512/354/425 511/353/424
f 513/298/426 514/300/154 515/355/427
f 513/298/426 515/355/427 516/354/428
f 506/154/420 505/350/419 517/356/429
f 506/154/420 517/356/429 518/138/430
f 519/85/431 494/121/410 495/122/411
f 519/85/431 495/122/411 520/88/432
f 510/352/408 509/351/423 521/357/433
f 510/352/408 521/357/433 522/358/419
f 509/351/423 511/353/424 523/359/434
f 509/351/423 523/359/434 521/357/433
f 511/353/424 512/354/425 524/360/435
f 511/353/424 524/360/435 523/359/434
f 516/354/428 515/355/427 525/361/121
f 516/354/428 525/361/121 526/360/436
f 518/138/430 517/356/429 527/362/437
f 518/138/430 527/362/437 528/118/438
f 529/103/439 507/141/421 508/142/422
f 529/103/439 508/142/422 530/106/440
f 522/358/419 521/357/433 531/363/441
f 522/358/419 531/363/441 532/364/442
f 521/357/433 523/359/434 533/365/443
f 521/357/433 533/365/443 531/363/441
f 523/359/434 524/360/435 534/366/444
f 523/359/434 534/366/444 533/365/443
f 535/367/445 140/140/121 120/120/104
f 535/367/445 120/120/104 536/368/446
f 528/118/438 527/362/437 537/369/447
f 528/118/438 537/369/447 538/100/448
f 539/86/449 519/85/431 520/88/432
f 539/86/449 520/88/432 540/87/450
f 541/343/429 542/342/451 543/336/452
f 541/343/429 543/336/452 544/337/453
f 542/342/451 545/344/454 546/338/455
f 542/342/451 546/338/455 543/336/452
f 545/344/454 547/345/444 548/339/456
f 545/344/454 548/339/456 546/338/455
f 536/368/446 120/120/104 102/102/88
f 536/368/446 102/102/88 549/370/457
f 538/100/448 537/369/447 550/371/458
f 538/100/448 550/371/458 551/82/459
f 552/104/460 529/103/439 530/106/440
f 552/104/460 530/106/440 553/105/461
f 544/337/453 543/336/452 554/330/462
f 544/337/453 554/330/462 555/331/463
f 543/336/452 546/338/455 556/332/464
f 543/336/452 556/332/464 554/330/462
f 546/338/455 548/339/456 557/333/465
f 546/338/455 557/333/465 556/332/464
f 558/339/466 559/340/88 560/334/467
f 558/339/466 560/334/467 561/333/468
f 551/82/459 550/371/458 562/372/469
f 551/82/459 562/372/469 563/54/470
f 564/260/471 565/302/472 566/303/450
f 564/260/471 566/303/450 567/261/473
f 555/331/463 554/330/462 568/323/474
f 555/331/463 568/323/474 569/324/475
f 554/330/462 556/332/464 570/325/476
f 554/330/462 570/325/476 568/323/474
f 556/332/464 557/333/465 571/326/477
f 556/332/464 571/326/477 570/325/476
f 561/333/468 560/334/467 572/328/478
f 561/333/468 572/328/478 573/326/479
f 563/54/470 562/372/469 574/373/480
f 563/54/470 574/373/480 575/36/481
f 576/258/482 577/311/483 578/312/484
f 576/258/482 578/312/484 579/259/485
f 569/324/475 568/323/474 580/315/486
f 569/324/475 580/315/486 581/316/487
f 568/323/474 570/325/476 582/318/488
f 568/323/474 582/318/488 580/315/486
f 570/325/476 571/326/477 583/320/489
f 570/325/476 583/320/489 582/318/488
f 573/326/479 572/328/478 584/327/490
f 573/326/479 584/327/490 585/320/491
f 575/36/481 574/373/480 586/374/492
f 575/36/481 586/374/492 587/6/493
f 588/375/494 564/260/471 567/261/473
f 588/375/494 567/261/473 589/376/495
f 581/316/487 580/315/486 590/314/496
f 581/316/487 590/314/496 591/313/497
f 580/315/486 582/318/488 592/317/498
f 580/315/486 592/317/498 590/314/496
f 582/318/488 583/320/489 593/319/499
f 582/318/488 593/319/499 592/317/498
f 594/377/500 38/38/34 12/12/10
f 594/377/500 12/12/10 595/378/501
f 587/6/493 586/374/492 596/379/333
f 587/6/493 596/379/333 597/7/502
f 14/14/12 576/258/482 579/259/485
f 14/14/12 579/259/485 15/15/13
f 598/364/497 599/363/503 600/357/504
f 598/364/497 600/357/504 601/358/505
f 599/363/503 602/365/506 603/359/507
f 599/363/503 603/359/507 600/357/504
f 602/365/506 604/366/499 605/360/508
f 602/365/506 605/360/508 603/359/507
f 595/378/501 12/12/10 11/11/9
f 595/378/501 11/11/9 606/380/509
f 10/10/8 607/381/285 608/382/341
f 10/10/8 608/382/341 11/11/9
f 40/40/36 588/375/494 589/376/495
f 40/40/36 589/376/495 41/41/37
f 601/358/505 600/357/504 412/292/334
f 601/358/505 412/292/334 411/291/333
f 600/357/504 603/359/507 415/295/336
f 600/357/504 415/295/336 412/292/334
f 603/359/507 605/360/508 417/297/338
f 603/359/507 417/297/338 415/295/336
f 609/360/510 610/361/9 420/299/341
f 609/360/510 420/299/341 419/297/340
f 597/7/502 596/379/333 408/289/330
f 597/7/502 408/289/330 407/249/329
f 611/383/511 612/384/511 613/385/512
f 611/383/511 613/385/512 614/386/512
f 615/387/513 20/20/18 335/182/287
f 615/387/513 335/182/287 616/388/514
f 614/386/512 613/385/512 617/389/515
f 614/386/512 617/389/515 618/390/515
f 616/388/514 335/182/287 338/198/290
f 616/388/514 338/198/290 619/391/516
f 618/390/515 617/389/515 620/392/517
f 618/390/515 620/392/517 621/393/517
f 622/394/516 319/62/274 299/59/257
f 622/394/516 299/59/257 623/395/518
f 621/393/517 620/392/517 624/396/519
f 621/393/517 624/396/519 625/397/519
f 623/395/518 299/59/257 281/89/241
f 623/395/518 281/89/241 626/398/520
f 625/397/519 624/396/519 627/399/521
f 625/397/519 627/399/521 628/400/521
f 626/398/520 281/89/241 263/107/225
f 626/398/520 263/107/225 629/401/522
f 628/400/521 627/399/521 630/402/523
f 628/400/521 630/402/523 631/403/523
f 629/401/522 263/107/225 235/123/203
f 629/401/522 235/123/203 632/404/524
f 631/403/523 630/402/523 633/405/525
f 631/403/523 633/405/525 634/406/525
f 632/404/524 235/123/203 238/143/206
f 632/404/524 238/143/206 635/407/526
f 634/406/525 633/405/525 636/408/527
f 634/406/525 636/408/527 637/409/527
f 638/391/526 219/198/189 203/182/174
f 638/391/526 203/182/174 639/388/528
f 637/409/527 636/408/527 640/410/529
f 637/409/527 640/410/529 641/411/529
f 639/388/528 203/182/174 183/167/157
f 639/388/528 183/167/157 642/412/530
f 641/411/529 640/410/529 643/413/531
f 641/411/529 643/413/531 644/414/531
f 642/412/530 183/167/157 159/17/138
f 642/412/530 159/17/138 645/415/532
f 644/414/531 643/413/531 646/416/533
f 644/414/531 646/416/533 647/417/533
f 645/415/532 159/17/138 162/43/141
f 645/415/532 162/43/141 648/418/534
f 647/417/533 646/416/533 649/419/535
f 647/417/533 649/419/535 650/420/535
f 651/407/534 143/143/124 123/123/107
f 651/407/534 123/123/107 652/404/536
f 650/420/535 649/419/535 653/421/537
f 650/420/535 653/421/537 654/422/537
f 652/404/536 123/123/107 107/107/93
f 652/404/536 107/107/93 655/401/538
f 654/422/537 653/421/537 656/423/539
f 654/422/537 656/423/539 657/424/539
f 655/401/538 107/107/93 89/89/76
f 655/401/538 89/89/76 658/398/540
f 657/424/539 656/423/539 659/425/541
f 657/424/539 659/425/541 660/426/541
f 658/398/540 89/89/76 59/59/53
f 658/398/540 59/59/53 661/395/542
f 660/426/541 659/425/541 662/427/543
f 660/426/541 662/427/543 663/428/543
f 661/395/542 59/59/53 62/62/56
f 661/395/542 62/62/56 664/394/544
f 663/428/543 662/427/543 665/429/545
f 663/428/543 665/429/545 666/430/545
f 667/418/544 43/43/39 17/17/15
f 667/418/544 17/17/15 668/415/546
f 666/430/545 665/429/545 612/384/511
f 666/430/545 612/384/511 611/383/511
f 668/415/546 17/17/15 20/20/18
f 668/415/546 20/20/18 615/387/513
f 358/261/303 333/252/286 332/251/285
f 358/261/303 332/251/285 669/431/547
f 608/382/341 607/381/285 315/242/270
f 608/382/341 315/242/270 316/243/271
f 670/432/548 671/433/549 293/234/251
f 670/432/548 293/234/251 315/242/270
f 671/433/549 672/434/550 275/228/236
f 671/433/549 275/228/236 293/234/251
f 672/434/550 673/435/551 259/220/221
f 672/434/550 259/220/221 275/228/236
f 158/158/137 122/122/106 674/436/199
f 158/158/137 674/436/199 675/437/221
f 676/438/552 677/439/553 215/194/185
f 676/438/552 215/194/185 231/210/199
f 677/439/553 678/440/554 199/178/170
f 677/439/553 199/178/170 215/194/185
f 678/440/554 679/441/37 179/163/153
f 678/440/554 179/163/153 199/178/170
f 41/41/37 589/376/495 680/442/134
f 41/41/37 680/442/134 681/253/555
f 589/376/495 567/261/473 682/431/556
f 589/376/495 682/431/556 680/442/134
f 683/443/557 684/444/558 119/119/103
f 683/443/557 119/119/103 139/139/120
f 684/444/558 685/445/559 101/101/87
f 684/444/558 101/101/87 119/119/103
f 685/445/559 686/446/560 83/83/71
f 685/445/559 83/83/71 101/101/87
f 495/122/411 475/158/391 687/437/49
f 495/122/411 687/437/49 688/436/71
f 689/447/561 690/448/562 37/37/33
f 689/447/561 37/37/33 55/55/49
f 690/448/562 691/449/563 9/9/7
f 690/448/562 9/9/7 37/37/33
f 691/449/563 692/450/303 10/10/8
f 691/449/563 10/10/8 9/9/7
f 16/16/14 15/15/13 588/375/494
f 16/16/14 588/375/494 40/40/36
f 15/15/13 579/259/485 564/260/471
f 15/15/13 564/260/471 588/375/494
f 579/259/485 578/312/484 565/302/472
f 579/259/485 565/302/472 564/260/471
f 553/105/461 530/106/440 519/85/431
f 553/105/461 519/85/431 539/86/449
f 530/106/440 508/142/422 494/121/410
f 530/106/440 494/121/410 519/85/431
f 508/142/422 485/166/401 474/157/390
f 508/142/422 474/157/390 494/121/410
f 485/166/401 465/197/381 448/180/366
f 485/166/401 448/180/366 474/157/390
f 465/197/381 464/223/380 449/212/367
f 465/197/381 449/212/367 448/180/366
f 436/312/356 356/259/301 357/260/302
f 436/312/356 357/260/302 425/302/345
f 356/259/301 318/245/273 317/244/272
f 356/259/301 317/244/272 357/260/302
f 333/252/286 317/244/272 277/40/238
f 333/252/286 277/40/238 280/41/240
f 298/16/256 297/58/255 278/39/239
f 298/16/256 278/39/239 277/40/238
f 262/223/224 218/197/188 201/180/172
f 262/223/224 201/180/172 233/212/201
f 218/197/188 182/166/156 157/157/136
f 218/197/188 157/157/136 201/180/172
f 182/166/156 142/142/123 121/121/105
f 182/166/156 121/121/105 157/157/136
f 142/142/123 106/106/92 85/85/73
f 142/142/123 85/85/73 121/121/105
f 106/106/92 105/105/91 86/86/74
f 106/106/92 86/86/74 85/85/73
f 58/58/52 16/16/14 40/40/36
f 58/58/52 40/40/36 39/39/35
f 24/24/22 693/451/564 694/452/565
f 24/24/22 694/452/565 341/185/292
f 693/451/564 695/453/566 696/454/567
f 693/451/564 696/454/567 694/452/565
f 697/455/568 698/456/569 699/457/570
f 697/455/568 699/457/570 700/458/571
f 341/185/292 694/452/565 701/459/572
f 341/185/292 701/459/572 342/201/277
f 694/452/565 696/454/567 702/460/573
f 694/452/565 702/460/573 701/459/572
f 700/458/571 699/457/570 703/461/574
f 700/458/571 703/461/574 704/462/575
f 322/66/277 705/463/576 706/464/577
f 322/66/277 706/464/577 302/65/260
f 705/463/576 707/465/578 708/466/579
f 705/463/576 708/466/579 706/464/577
f 704/462/575 703/461/574 709/467/580
f 704/462/575 709/467/580 710/468/581
f 302/65/260 706/464/577 711/469/582
f 302/65/260 711/469/582 284/92/244
f 706/464/577 708/466/579 712/470/583
f 706/464/577 712/470/583 711/469/582
f 710/468/581 709/467/580 713/471/584
f 710/468/581 713/471/584 714/472/585
f 284/92/244 711/469/582 715/473/586
f 284/92/244 715/473/586 266/110/228
f 711/469/582 712/470/583 716/474/587
f 711/469/582 716/474/587 715/473/586
f 714/472/585 713/471/584 717/475/588
f 714/472/585 717/475/588 718/476/589
f 266/110/228 715/473/586 719/477/590
f 266/110/228 719/477/590 241/126/208
f 715/473/586 716/474/587 720/478/591
f 715/473/586 720/478/591 719/477/590
f 718/476/589 717/475/588 721/479/592
f 718/476/589 721/479/592 722/480/593
f 241/126/208 719/477/590 723/481/594
f 241/126/208 723/481/594 242/146/192
f 719/477/590 720/478/591 724/482/595
f 719/477/590 724/482/595 723/481/594
f 722/480/593 721/479/592 725/483/596
f 722/480/593 725/483/596 726/484/597
f 222/201/192 727/459/598 728/452/599
f 222/201/192 728/452/599 206/185/177
f 727/459/598 729/460/600 730/454/601
f 727/459/598 730/454/601 728/452/599
f 726/484/597 725/483/596 731/485/602
f 726/484/597 731/485/602 732/486/603
f 206/185/177 728/452/599 733/451/604
f 206/185/177 733/451/604 186/24/160
f 728/452/599 730/454/601 734/487/605
f 728/452/599 734/487/605 733/451/604
f 732/486/603 731/485/602 735/488/606
f 732/486/603 735/488/606 736/489/607
f 186/24/160 733/451/604 737/490/608
f 186/24/160 737/490/608 165/23/143
f 733/451/604 734/487/605 738/491/609
f 733/451/604 738/491/609 737/490/608
f 736/489/607 735/488/606 739/492/610
f 736/489/607 739/492/610 740/493/611
f 165/23/143 737/490/608 741/494/612
f 165/23/143 741/494/612 166/46/127
f 737/490/608 738/491/609 742/495/613
f 737/490/608 742/495/613 741/494/612
f 740/493/611 739/492/610 743/496/614
f 740/493/611 743/496/614 744/497/615
f 146/146/127 745/481/616 746/477/617
f 146/146/127 746/477/617 126/126/110
f 745/481/616 747/482/618 748/478/619
f 745/481/616 748/478/619 746/477/617
f 744/497/615 743/496/614 749/498/620
f 744/497/615 749/498/620 750/499/621
f 126/126/110 746/477/617 751/473/622
f 126/126/110 751/473/622 110/110/96
f 746/477/617 748/478/619 752/474/623
f 746/477/617 752/474/623 751/473/622
f 750/499/621 749/498/620 753/500/624
f 750/499/621 753/500/624 754/501/625
f 110/110/96 751/473/622 755/469/626
f 110/110/96 755/469/626 92/92/79
f 751/473/622 752/474/623 756/470/627
f 751/473/622 756/470/627 755/469/626
f 754/501/625 753/500/624 757/502/628
f 754/501/625 757/502/628 758/503/629
f 92/92/79 755/469/626 759/464/630
f 92/92/79 759/464/630 65/65/58
f 755/469/626 756/470/627 760/466/631
f 755/469/626 760/466/631 759/464/630
f 758/503/629 757/502/628 761/504/632
f 758/503/629 761/504/632 762/505/633
f 65/65/58 759/464/630 763/463/634
f 65/65/58 763/463/634 66/66/42
f 759/464/630 760/466/631 764/465/635
f 759/464/630 764/465/635 763/463/634
f 762/505/633 761/504/632 765/506/636
f 762/505/633 765/506/636 766/507/637
f 46/46/42 767/494/638 768/490/639
f 46/46/42 768/490/639 23/23/21
f 767/494/638 769/495/640 770/491/641
f 767/494/638 770/491/641 768/490/639
f 766/507/637 765/506/636 771/508/642
f 766/507/637 771/508/642 772/509/643
f 23/23/21 768/490/639 693/451/564
f 23/23/21 693/451/564 24/24/22
f 768/490/639 770/491/641 695/453/566
f 768/490/639 695/453/566 693/451/564
f 772/509/643 771/508/642 698/456/569
f 772/509/643 698/456/569 697/455/568
f 773/510/644 774/511/644 775/512/645
f 773/510/644 775/512/645 776/513/645
f 777/511/646 778/514/646 779/515/647
f 777/511/646 779/515/647 780/512/647
f 781/516/29 782/517/29 783/518/295
f 781/516/29 783/518/295 784/519/295
f 782/517/29 32/32/29 347/188/295
f 782/517/29 347/188/295 783/518/295
f 776/513/645 775/512/645 785/520/648
f 776/513/645 785/520/648 786/521/648
f 780/512/647 779/515/647 787/522/649
f 780/512/647 787/522/649 788/520/649
f 784/519/295 783/518/295 789/523/298
f 784/519/295 789/523/298 790/524/298
f 783/518/295 347/188/295 350/204/298
f 783/518/295 350/204/298 789/523/298
f 786/521/648 785/520/648 791/525/650
f 786/521/648 791/525/650 792/526/650
f 788/520/649 787/522/649 793/527/651
f 788/520/649 793/527/651 794/525/651
f 795/528/279 796/529/279 797/530/262
f 795/528/279 797/530/262 798/531/262
f 796/529/279 325/74/279 305/71/262
f 796/529/279 305/71/262 797/530/262
f 792/526/650 791/525/650 799/532/652
f 792/526/650 799/532/652 800/533/652
f 794/525/651 793/527/651 801/534/653
f 794/525/651 801/534/653 802/532/653
f 798/531/262 797/530/262 803/535/246
f 798/531/262 803/535/246 804/536/246
f 797/530/262 305/71/262 287/95/246
f 797/530/262 287/95/246 803/535/246
f 800/533/652 799/532/652 805/537/654
f 800/533/652 805/537/654 806/538/654
f 802/532/653 801/534/653 807/539/655
f 802/532/653 807/539/655 808/537/655
f 804/536/246 803/535/246 809/540/231
f 804/536/246 809/540/231 810/541/231
f 803/535/246 287/95/246 269/113/231
f 803/535/246 269/113/231 809/540/231
f 806/538/654 805/537/654 811/542/656
f 806/538/654 811/542/656 812/543/656
f 808/537/655 807/539/655 813/544/657
f 808/537/655 813/544/657 814/542/657
f 810/541/231 809/540/231 815/545/211
f 810/541/231 815/545/211 816/546/211
f 809/540/231 269/113/231 247/129/211
f 809/540/231 247/129/211 815/545/211
f 812/543/656 811/542/656 817/547/658
f 812/543/656 817/547/658 818/548/658
f 814/542/657 813/544/657 819/549/659
f 814/542/657 819/549/659 820/547/659
f 816/546/211 815/545/211 821/550/214
f 816/546/211 821/550/214 822/551/214
f 815/545/211 247/129/211 250/149/214
f 815/545/211 250/149/214 821/550/214
f 818/548/658 817/547/658 823/552/660
f 818/548/658 823/552/660 824/553/660
f 820/547/659 819/549/659 825/554/661
f 820/547/659 825/554/661 826/552/661
f 827/524/194 828/523/194 829/518/180
f 827/524/194 829/518/180 830/519/180
f 828/523/194 225/204/194 209/188/180
f 828/523/194 209/188/180 829/518/180
f 824/553/660 823/552/660 831/555/662
f 824/553/660 831/555/662 832/556/662
f 826/552/661 825/554/661 833/557/663
f 826/552/661 833/557/663 834/555/663
f 830/519/180 829/518/180 835/558/162
f 830/519/180 835/558/162 836/559/162
f 829/518/180 209/188/180 189/32/162
f 829/518/180 189/32/162 835/558/162
f 832/556/662 831/555/662 837/560/664
f 832/556/662 837/560/664 838/561/664
f 834/555/663 833/557/663 839/562/665
f 834/555/663 839/562/665 840/560/665
f 836/559/162 835/558/162 841/563/146
f 836/559/162 841/563/146 842/564/146
f 835/558/162 189/32/162 171/29/146
f 835/558/162 171/29/146 841/563/146
f 838/561/664 837/560/664 843/565/666
f 838/561/664 843/565/666 844/566/666
f 840/560/665 839/562/665 845/567/667
f 840/560/665 845/567/667 846/565/667
f 842/564/146 841/563/146 847/568/149
f 842/564/146 847/568/149 848/569/149
f 841/563/146 171/29/146 174/49/149
f 841/563/146 174/49/149 847/568/149
f 844/566/666 843/565/666 849/570/668
f 844/566/666 849/570/668 850/571/668
f 846/565/667 845/567/667 851/572/669
f 846/565/667 851/572/669 852/570/669
f 853/551/129 854/550/129 855/545/112
f 853/551/129 855/545/112 856/546/112
f 854/550/129 149/149/129 129/129/112
f 854/550/129 129/129/112 855/545/112
f 850/571/668 849/570/668 857/573/670
f 850/571/668 857/573/670 858/574/670
f 852/570/669 851/572/669 859/575/671
f 852/570/669 859/575/671 860/573/671
f 856/546/112 855/545/112 861/540/98
f 856/546/112 861/540/98 862/541/98
f 855/545/112 129/129/112 113/113/98
f 855/545/112 113/113/98 861/540/98
f 858/574/670 857/573/670 863/576/672
f 858/574/670 863/576/672 864/577/672
f 860/573/671 859/575/671 865/578/673
f 860/573/671 865/578/673 866/576/673
f 862/541/98 861/540/98 867/535/82
f 862/541/98 867/535/82 868/536/82
f 861/540/98 113/113/98 95/95/82
f 861/540/98 95/95/82 867/535/82
f 864/577/672 863/576/672 869/579/674
f 864/577/672 869/579/674 870/580/674
f 866/576/673 865/578/673 871/581/675
f 866/576/673 871/581/675 872/579/675
f 868/536/82 867/535/82 873/530/61
f 868/536/82 873/530/61 874/531/61
f 867/535/82 95/95/82 71/71/61
f 867/535/82 71/71/61 873/530/61
f 870/580/674 869/579/674 875/582/676
f 870/580/674 875/582/676 876/583/676
f 872/579/675 871/581/675 877/584/677
f 872/579/675 877/584/677 878/582/677
f 874/531/61 873/530/61 879/529/64
f 874/531/61 879/529/64 880/528/64
f 873/530/61 71/71/61 74/74/64
f 873/530/61 74/74/64 879/529/64
f 876/583/676 875/582/676 881/585/678
f 876/583/676 881/585/678 882/586/678
f 878/582/677 877/584/677 883/587/679
f 878/582/677 883/587/679 884/585/679
f 885/569/44 886/568/44 887/563/26
f 885/569/44 887/563/26 888/564/26
f 886/568/44 49/49/44 29/29/26
f 886/568/44 29/29/26 887/563/26
f 882/586/678 881/585/678 774/511/644
f 882/586/678 774/511/644 773/510/644
f 884/585/679 883/587/679 778/514/646
f 884/585/679 778/514/646 777/511/646
f 888/564/26 887/563/26 782/517/29
f 888/564/26 782/517/29 781/516/29
f 887/563/26 29/29/26 32/32/29
f 887/563/26 32/32/29 782/517/29
f 770/491/641 889/588/680 890/589/681
f 770/491/641 890/589/681 695/453/566
f 889/588/680 891/590/643 892/591/682
f 889/588/680 892/591/682 890/589/681
f 769/495/640 893/592/683 889/588/680
f 769/495/640 889/588/680 770/491/641
f 893/592/683 894/593/637 891/590/643
f 893/592/683 891/590/643 889/588/680
f 760/466/631 895/594/684 896/595/685
f 760/466/631 896/595/685 764/465/635
f 895/594/684 897/596/633 898/597/686
f 895/594/684 898/597/686 896/595/685
f 756/470/627 899/598/687 895/594/684
f 756/470/627 895/594/684 760/466/631
f 899/598/687 900/599/688 897/596/633
f 899/598/687 897/596/633 895/594/684
f 752/474/623 901/600/689 899/598/687
f 752/474/623 899/598/687 756/470/627
f 901/600/689 902/601/690 900/599/688
f 901/600/689 900/599/688 899/598/687
f 748/478/619 903/602/691 901/600/689
f 748/478/619 901/600/689 752/474/623
f 903/602/691 904/603/621 902/601/690
f 903/602/691 902/601/690 901/600/689
f 747/482/618 905/604/692 903/602/691
f 747/482/618 903/602/691 748/478/619
f 905/604/692 906/605/693 904/603/621
f 905/604/692 904/603/621 903/602/691
f 738/491/609 907/588/694 908/592/692
f 738/491/609 908/592/692 742/495/613
f 907/588/694 909/590/611 910/593/615
f 907/588/694 910/593/615 908/592/692
f 734/487/605 911/606/695 907/588/694
f 734/487/605 907/588/694 738/491/609
f 911/606/695 912/591/696 909/590/611
f 911/606/695 909/590/611 907/588/694
f 730/454/601 913/607/697 911/606/695
f 730/454/601 911/606/695 734/487/605
f 913/607/697 914/608/603 912/591/696
f 913/607/697 912/591/696 911/606/695
f 729/460/600 915/609/698 913/607/697
f 729/460/600 913/607/697 730/454/601
f 915/609/698 916/610/597 914/608/603
f 915/609/698 914/608/603 913/607/697
f 720/478/591 917/602/699 918/604/700
f 720/478/591 918/604/700 724/482/595
f 917/602/699 919/603/593 920/605/701
f 917/602/699 920/605/701 918/604/700
f 716/474/587 921/600/702 917/602/699
f 716/474/587 917/602/699 720/478/591
f 921/600/702 922/601/703 919/603/593
f 921/600/702 919/603/593 917/602/699
f 712/470/583 923/598/704 921/600/702
f 712/470/583 921/600/702 716/474/587
f 923/598/704 924/599/705 922/601/703
f 923/598/704 922/601/703 921/600/702
f 708/466/579 925/594/706 923/598/704
f 708/466/579 923/598/704 712/470/583
f 925/594/706 926/596/581 924/599/705
f 925/594/706 924/599/705 923/598/704
f 707/465/578 927/595/707 925/594/706
f 707/465/578 925/594/706 708/466/579
f 927/595/707 928/597/708 926/596/581
f 927/595/707 926/596/581 925/594/706
f 696/454/567 929/607/709 930/609/707
f 696/454/567 930/609/707 702/460/573
f 929/607/709 931/608/571 932/610/575
f 929/607/709 932/610/575 930/609/707
f 695/453/566 890/589/681 929/607/709
f 695/453/566 929/607/709 696/454/567
f 890/589/681 892/591/682 931/608/571
f 890/589/681 931/608/571 929/607/709
f 933/611/710 934/612/710 935/36/710
f 933/611/710 935/36/710 936/54/710
f 937/613/710 938/614/710 939/100/710
f 937/613/710 939/100/710 940/118/710
f 941/615/710 942/616/710 943/154/710
f 941/615/710 943/154/710 944/162/710
f 945/617/710 946/618/710 947/193/710
f 945/617/710 947/193/710 948/209/710
f 949/619/710 950/620/710 951/227/710
f 949/619/710 951/227/710 952/233/710
f 953/621/710 954/622/710 955/249/710
f 953/621/710 955/249/710 956/7/710
f 31/31/28 359/262/304 362/265/306
f 31/31/28 362/265/306 348/189/296
f 348/189/296 362/265/306 957/623/711
f 348/189/296 957/623/711 349/205/297
f 326/73/280 958/78/712 307/75/264
f 326/73/280 307/75/264 306/72/263
f 306/72/263 307/75/264 310/237/266
f 306/72/263 310/237/266 288/96/247
f 288/96/247 310/237/266 959/134/713
f 288/96/247 959/134/713 270/114/232
f 270/114/232 959/134/713 251/131/215
f 270/114/232 251/131/215 248/130/212
f 248/130/212 251/131/215 254/215/217
f 248/130/212 254/215/217 249/150/213
f 226/205/195 960/623/714 961/265/715
f 226/205/195 961/265/715 210/189/181
f 210/189/181 961/265/715 191/170/164
f 210/189/181 191/170/164 190/169/163
f 190/169/163 191/170/164 194/173/166
f 190/169/163 194/173/166 172/30/147
f 172/30/147 194/173/166 962/624/716
f 172/30/147 962/624/716 173/50/148
f 150/150/130 963/215/717 131/131/114
f 150/150/130 131/131/114 130/130/113
f 130/130/113 131/131/114 134/134/116
f 130/130/113 134/134/116 114/114/99
f 114/114/99 134/134/116 964/237/718
f 114/114/99 964/237/718 96/96/83
f 96/96/83 964/237/718 75/75/65
f 96/96/83 75/75/65 72/72/62
f 72/72/62 75/75/65 78/78/67
f 72/72/62 78/78/67 73/73/63
f 50/50/45 965/624/719 966/173/720
f 50/50/45 966/173/720 30/30/27
f 30/30/27 966/173/720 359/262/304
f 30/30/27 359/262/304 31/31/28
f 967/625/164 968/626/715 969/627/715
f 967/625/164 969/627/715 970/628/721
f 971/629/216 972/630/216 973/631/215
f 971/629/216 973/631/215 974/632/217
f 975/633/165 976/263/165 967/625/164
f 975/633/165 967/625/164 977/634/166
f 978/635/722 979/636/722 980/637/722
f 978/635/722 980/637/722 981/638/722
f 982/639/66 983/640/66 984/641/65
f 982/639/66 984/641/65 985/642/67
f 986/254/723 987/255/723 988/256/723
f 986/254/723 988/256/723 989/257/723
f 990/643/265 991/640/265 992/641/264
f 990/643/265 992/641/264 993/644/266
f 994/635/724 995/636/724 996/637/724
f 994/635/724 996/637/724 997/638/724
f 998/645/115 999/630/115 1000/631/114
f 998/645/115 1000/631/114 1001/646/116
f 1002/647/725 1003/648/725 1004/649/725
f 1002/647/725 1004/649/725 1005/650/725
f 1006/651/305 1007/171/305 1008/652/304
f 1006/651/305 1008/652/304 1009/626/306
f 1010/653/726 1011/654/726 1012/655/726
f 1010/653/726 1012/655/726 1013/656/726
f 1014/657/727 1015/219/728 1016/227/729
f 1014/657/727 1016/227/729 1017/620/729
f 1018/658/730 1019/241/730 1020/249/731
f 1018/658/730 1020/249/731 1021/622/731
f 1022/659/732 1023/6/732 1024/36/733
f 1022/659/732 1024/36/733 1025/612/733
f 1026/660/734 1027/82/735 1028/100/736
f 1026/660/734 1028/100/736 1029/614/736
f 1030/661/737 1031/138/737 1032/154/738
f 1030/661/737 1032/154/738 1033/616/738
f 1034/662/739 1035/177/739 1036/193/740
f 1034/662/739 1036/193/740 1037/618/740
f 1038/642/741 1039/215/741 1040/214/741
f 1038/642/741 1040/214/741 1041/639/741
f 1042/663/742 1043/664/742 1044/665/742
f 1042/663/742 1044/665/742 1045/666/742
f 1046/615/743 1047/162/743 1035/177/739
f 1046/615/743 1035/177/739 1034/662/739
f 1048/667/744 1049/668/744 1050/669/744
f 1048/667/744 1050/669/744 1051/670/744
f 1052/619/745 1053/233/745 1019/241/730
f 1052/619/745 1019/241/730 1018/658/730
f 1054/671/746 1055/672/746 1056/673/746
f 1054/671/746 1056/673/746 1057/674/746
f 1058/632/747 1059/78/747 1060/77/747
f 1058/632/747 1060/77/747 1061/629/747
f 1062/621/748 1063/7/748 1023/6/732
f 1062/621/748 1023/6/732 1022/659/732
f 1064/611/749 1065/54/749 1027/82/735
f 1064/611/749 1027/82/735 1026/660/734
f 1066/675/750 1067/676/750 1068/677/750
f 1066/675/750 1068/677/750 1069/678/750
f 1070/613/751 1071/118/751 1031/138/737
f 1070/613/751 1031/138/737 1030/661/737
f 1000/631/114 1072/632/717 1073/679/717
f 1000/631/114 1073/679/717 1074/680/752
f 1009/626/306 1008/652/304 1075/681/753
f 1009/626/306 1075/681/753 1076/627/754
f 968/626/715 1077/682/217 1078/683/755
f 968/626/715 1078/683/755 969/627/715
f 1079/684/716 977/634/166 1080/685/756
f 1079/684/716 1080/685/756 1081/686/716
f 1008/652/304 1082/634/720 1083/685/720
f 1008/652/304 1083/685/720 1075/681/753
f 974/632/217 973/631/215 1084/680/757
f 974/632/217 1084/680/757 1085/679/758
f 977/634/166 967/625/164 970/628/721
f 977/634/166 970/628/721 1080/685/756
f 1082/634/720 1086/684/67 1087/686/759
f 1082/634/720 1087/686/759 1083/685/720
f 973/631/215 1088/646/713 1089/687/760
f 973/631/215 1089/687/760 1084/680/757
f 985/642/67 984/641/65 1090/688/761
f 985/642/67 1090/688/761 1091/689/762
f 1088/646/713 993/644/266 1092/690/763
f 1088/646/713 1092/690/763 1089/687/760
f 984/641/65 1093/644/718 1094/690/764
f 984/641/65 1094/690/764 1090/688/761
f 993/644/266 992/641/264 1095/688/765
f 993/644/266 1095/688/765 1092/690/763
f 1093/644/718 1001/646/116 1096/687/766
f 1093/644/718 1096/687/766 1094/690/764
f 992/641/264 1097/642/712 1098/689/712
f 992/641/264 1098/689/712 1095/688/765
f 1001/646/116 1000/631/114 1074/680/752
f 1001/646/116 1074/680/752 1096/687/766
f 1099/682/711 1009/626/306 1076/627/754
f 1099/682/711 1076/627/754 1100/683/711
f 1101/617/767 1102/209/767 1015/219/728
f 1101/617/767 1015/219/728 1014/657/727
f 51/51/46 97/97/84 79/79/68
f 97/97/84 51/51/46 115/115/100
f 115/115/100 51/51/46 33/33/30
f 115/115/100 33/33/30 135/135/117
f 135/135/117 33/33/30 1/1/1
f 135/135/117 1/1/1 151/151/131
f 151/151/131 1/1/1 4/4/4
f 151/151/131 4/4/4 175/159/150
f 175/159/150 4/4/4 327/246/281
f 175/159/150 327/246/281 195/174/167
f 195/174/167 327/246/281 311/238/267
f 195/174/167 311/238/267 211/190/182
f 211/190/182 311/238/267 289/230/248
f 211/190/182 289/230/248 227/206/196
f 227/206/196 289/230/248 271/224/233
f 227/206/196 271/224/233 255/216/218
f 1108/613/710 1106/660/710 1107/614/710
f 1106/660/710 1108/613/710 1105/611/710
f 1105/611/710 1108/613/710 1109/661/710
f 1105/611/710 1109/661/710 1104/612/710
f 1104/612/710 1109/661/710 1110/616/710
f 1104/612/710 1110/616/710 1103/659/710
f 1103/659/710 1110/616/710 1111/615/710
f 1103/659/710 1111/615/710 1120/621/710
f 1120/621/710 1111/615/710 1112/662/710
f 1120/621/710 1112/662/710 1119/622/710
f 1119/622/710 1112/662/710 1113/618/710
f 1119/622/710 1113/618/710 1118/658/710
f 1118/658/710 1113/618/710 1114/617/710
f 1118/658/710 1114/617/710 1117/619/710
f 1117/619/710 1114/617/710 1115/657/710
f 1117/619/710 1115/657/710 1116/620/710
