v -0.0449263 0.749978 -2
v -0.134857 0.835231 -1.99309
v 0 0.835236 -1.99713
v 0.134547 0.668234 -1.99035
v -0.0449281 0.668202 -1.99437
v 0.135072 0.750025 -1.99595
v -0.226244 0.749966 -1.9877
v -0.0445584 0.922196 -1.98876
v 0.0879437 0.962362 -1.98185
v 0.134942 0.835327 -1.99308
v -0.1787 0.922119 -1.98073
v 0.133333 0.591608 -1.97452
v -0.0447149 0.591579 -1.97849
v -0.271002 0.835236 -1.97866
v 0.318365 0.750025 -1.97505
v 0.317306 0.668227 -1.96953
v 0.177773 0.962359 -1.97582
v -0.0880585 1.01054 -1.97332
v 0 1.01054 -1.97528
v -0.225768 0.668187 -1.98209
v 0.314636 0.591601 -1.95387
v -0.410575 0.83524 -1.95505
v -0.223337 1.01067 -1.96312
v 0.268718 0.962355 -1.96552
v 0.317957 0.835332 -1.97221
v -0.316504 0.922183 -1.96397
v 0.131579 0.520043 -1.9499
v -0.0442661 0.520012 -1.9538
v -0.224119 0.59156 -1.96629
v -0.0438109 1.1005 -1.95701
v -0.175848 1.10039 -1.94911
v 0.310629 0.520035 -1.92952
v 0.408965 0.922287 -1.94682
v -0.359428 1.01054 -1.9423
v -0.26556 1.10039 -1.93893
v 0.132324 1.10058 -1.95301
v -0.411207 0.74997 -1.95785
v 0.50283 0.668221 -1.93055
v -0.454444 0.922119 -1.93615
v 0.456355 0.835236 -1.94429
v -0.410222 0.668184 -1.95231
v 0.498706 0.591597 -1.91521
v -0.221399 0.519996 -1.94175
v -0.0850464 1.28394 -1.90582
v 0 1.28394 -1.90772
v 0.311657 1.1006 -1.93255
v 0.359428 1.01054 -1.9423
v 0.129361 0.453424 -1.91796
v -0.043589 0.453396 -1.9218
v 0.129045 1.28414 -1.90378
v -0.21561 1.28406 -1.89596
v 0.504416 0.750023 -1.93595
v -0.549527 0.835236 -1.92004
v -0.550316 0.75 -1.9228
v 0.305453 0.453408 -1.89792
v -0.407078 0.591558 -1.93673
v 0.492356 0.520018 -1.89135
v 0.549527 0.835236 -1.92004
v -0.547226 0.922119 -1.912
v -0.402231 1.10052 -1.91578
v -0.548771 0.668243 -1.9174
v -0.347134 1.28394 -1.87587
v 0.258868 1.28394 -1.89007
v 0.547226 0.922119 -1.912
v -0.498085 1.01071 -1.91201
v -0.217851 0.453371 -1.90992
v -0.402111 0.519986 -1.91254
v -0.591559 0.591556 -1.8886
v -0.435923 1.28394 -1.85724
v 0.39242 1.28416 -1.8674
v 0.447192 1.10039 -1.90525
v 0.498285 1.01082 -1.91194
v -0.538493 1.10039 -1.88149
v -0.642574 0.835236 -1.89093
v -0.643497 0.75 -1.89365
v 0.643497 0.75 -1.89365
v 0.641691 0.668243 -1.88833
v 0.12677 0.391635 -1.88017
v 0.484243 0.453397 -1.86038
v -0.638719 0.962348 -1.87817
v 0.642574 0.835236 -1.89093
v -0.0427746 0.391609 -1.88392
v -0.641691 0.668243 -1.88833
v -0.169289 0.391754 -1.87641
v 0.299395 0.39162 -1.86052
v 0.637856 0.962347 -1.87846
v -0.041216 1.47212 -1.84366
v -0.165669 1.47188 -1.83629
v 0.0821948 1.47188 -1.84192
v -0.395593 0.453362 -1.88119
v 0.674299 0.520011 -1.83441
v 0.208726 1.47223 -1.83226
v -0.250188 1.47188 -1.8267
v -0.675659 1.10055 -1.83729
v 0.736189 0.75 -1.85958
v 0.734123 0.668243 -1.85436
v -0.736189 0.75 -1.85958
v -0.735133 0.835236 -1.85691
v 0.735133 0.835236 -1.85691
v -0.300392 0.391578 -1.86033
v 0.474648 0.391603 -1.82372
v 0.68293 0.591587 -1.85754
v -0.734123 0.668243 -1.85436
v 0.0408756 0.334569 -1.84169
v 0.729809 0.962347 -1.84469
v -0.730651 0.962349 -1.84435
v -0.124885 0.334525 -1.83788
v 0.207818 0.334561 -1.8304
v -0.569897 1.28411 -1.82114
v 0.584977 1.10062 -1.86811
v -0.584298 0.519977 -1.865
v 0.66318 0.453382 -1.80437
v -0.378864 1.47217 -1.80482
v 0.335494 1.47188 -1.81297
v -0.728281 0.59165 -1.8396
v -0.430511 0.391754 -1.83419
v 0.378139 0.334541 -1.80295
v -0.249923 0.334717 -1.82476
v -0.828015 0.75 -1.82055
v -0.826828 0.835236 -1.81794
v 0.828015 0.75 -1.82055
v 0.825691 0.668243 -1.81543
v -0.507323 1.47188 -1.77258
v 0.826828 0.835236 -1.81794
v -0.825691 0.668243 -1.81543
v 0.819121 0.59165 -1.80099
v 0.720373 1.10039 -1.81963
v 0.570281 1.28418 -1.821
v -0.70222 1.28394 -1.77377
v -0.379135 0.334501 -1.80271
v -0.574774 0.453353 -1.83442
v -0.765238 0.519975 -1.79837
v -0.821709 0.96236 -1.80562
v 0.820909 0.962363 -1.80599
v 0.650061 0.391586 -1.76882
v -0.0788208 1.66333 -1.76631
v 0.0398813 1.6639 -1.76782
v 0.120873 0.282114 -1.79286
v -0.00115142 0.256189 -1.77269
v -0.0800942 0.282294 -1.79485
v -0.819121 0.59165 -1.80099
v -0.810226 1.10039 -1.78143
v 0.158869 1.66333 -1.76091
v -0.19981 1.66385 -1.757
v 0.285498 0.282091 -1.77411
v -0.203676 0.282053 -1.78531
v 0.549863 0.334523 -1.75821
v -0.593224 1.47188 -1.74571
v 0.46517 1.47228 -1.7845
v -0.321723 1.66333 -1.73855
v 0.281577 1.66402 -1.7457
v 0.918589 0.75 -1.77657
v 0.91601 0.668243 -1.77158
v -0.917272 0.835236 -1.77402
v -0.918589 0.75 -1.77657
v -0.563494 0.391557 -1.79824
v 0.746962 1.28419 -1.75596
v 0.810226 1.10039 -1.78143
v 0.917272 0.835236 -1.77402
v 0.839501 0.453367 -1.72941
v 0.908721 0.59165 -1.75748
v -0.91601 0.668243 -1.77158
v -0.404012 1.66333 -1.72129
v -0.506785 0.334717 -1.7707
v 0.452596 0.282065 -1.73901
v -0.32692 0.282294 -1.76664
v 0.910756 0.962353 -1.76239
v -0.911545 0.962352 -1.76198
v 0.853563 0.519999 -1.75819
v -0.908721 0.59165 -1.75748
v -0.898854 1.10039 -1.7384
v 0.117666 0.234232 -1.74634
v 0.404012 1.66333 -1.72129
v -0.0780154 0.234375 -1.74826
v -0.453546 0.282021 -1.73872
v -0.157245 0.234375 -1.74292
v 0.27798 0.23421 -1.72809
v -0.752781 0.453343 -1.76886
v 0.822925 0.391572 -1.69533
v 0.720439 0.334504 -1.69548
v -0.586259 0.311631 -1.7266
v 0.898854 1.10039 -1.7384
v -0.833603 1.28414 -1.71655
v -0.279066 0.234177 -1.72788
v -0.942049 0.51997 -1.7124
v -1.00608 0.835236 -1.72521
v -1.00752 0.75 -1.72769
v 1.00752 0.75 -1.72769
v 1.00469 0.668243 -1.72284
v 1.00608 0.835236 -1.72521
v -0.721523 1.47225 -1.69718
v 0.636821 1.47231 -1.73071
v -0.528113 1.66401 -1.68761
v -1.00469 0.668243 -1.72284
v 0.996698 0.59165 -1.70913
v 0.619858 0.282039 -1.68665
v 0 1.85742 -1.68359
v 0.44076 0.23419 -1.69391
v -0.999741 0.962358 -1.71348
v 0.998985 0.962356 -1.71392
v -0.113503 1.85819 -1.67985
v 0.113856 1.85835 -1.67975
v -0.228456 1.85742 -1.66802
v -0.996698 0.59165 -1.70913
v 0.984276 0.520111 -1.68783
v -0.985874 1.10039 -1.69057
v -0.737975 0.391549 -1.73397
v -0.670784 0.31163 -1.69555
v 0.228456 1.85742 -1.66802
v -0.0376389 0.151357 -1.6579
v 0.111572 0.151382 -1.65461
v -0.399884 0.234375 -1.7037
v 0.528485 1.66413 -1.68744
v -0.650816 1.66333 -1.64393
v 0.263478 0.15135 -1.63729
v -0.148997 0.151611 -1.6515
v -0.345862 1.85837 -1.64773
v 0.346234 1.85851 -1.64759
v 0.876203 1.28394 -1.69459
v 0.985874 1.10039 -1.69057
v -0.961031 1.28394 -1.64797
v -0.846824 1.47188 -1.63777
v 0.805975 1.47233 -1.65872
v 1.09442 0.75 -1.67399
v 1.09135 0.668243 -1.66929
v -1.09442 0.75 -1.67399
v -1.09285 0.835236 -1.67159
v 0.603703 0.234173 -1.64292
v 1.09285 0.835236 -1.67159
v 1.08266 0.59165 -1.65601
v -1.09135 0.668243 -1.66929
v -0.463255 1.85742 -1.61861
v 0.417693 0.151317 -1.60488
v -0.341295 0.151287 -1.62279
v 1.08519 0.96236 -1.66067
v -1.08592 0.96236 -1.6602
v -0.754515 0.31163 -1.65999
v 0.887085 0.334484 -1.61456
v -0.731993 1.66333 -1.60942
v 0.650816 1.66333 -1.64393
v 0.784672 0.282016 -1.61657
v 1.06917 0.520111 -1.63537
v -1.08266 0.59165 -1.65601
v -0.926671 0.453338 -1.68431
v 0.990306 0.391554 -1.60333
v -1.07091 1.10039 -1.63803
v -0.523466 0.234149 -1.67018
v -0.541694 1.85742 -1.59407
v 0.463255 1.85742 -1.61861
v 0.961031 1.28394 -1.64797
v -1.04392 1.28394 -1.59675
v 1.07091 1.10039 -1.63803
v 1.01028 0.45336 -1.63555
v -1.06917 0.520111 -1.63537
v -0.0333961 2.25009 -1.49996
v 0.572061 0.151287 -1.55654
v -0.134782 2.25 -1.49393
v 0.0668704 2.25 -1.49851
v 0.166013 2.25104 -1.4907
v -0.837099 0.31163 -1.61991
v 0.581385 1.85867 -1.57997
v -1.1789 0.75 -1.61561
v -1.17721 0.835236 -1.61329
v 1.1789 0.75 -1.61561
v 1.17559 0.668243 -1.61107
v -0.90844 0.391539 -1.65108
v 1.17721 0.835236 -1.61329
v 0.764248 0.234157 -1.57467
v -1.17559 0.668243 -1.61107
v 1.16624 0.59165 -1.59825
v -0.238455 2.2501 -1.48129
v 1.16901 0.962358 -1.60278
v -1.16971 0.962362 -1.60227
v 0.00585835 0.0409681 -1.52649
v 0.106915 0.0851838 -1.57448
v -0.495852 0.151261 -1.58242
v -0.0703532 0.0855469 -1.57656
v -1.16624 0.59165 -1.59825
v 1.1517 0.520111 -1.57833
v -0.342758 2.25 -1.46031
v 0.272945 2.25 -1.47496
v -1.15357 1.10039 -1.5809
v -0.22895 0.131318 -1.61808
v 0.251515 0.0851397 -1.55791
v -0.969422 1.4723 -1.56885
v 0.969783 1.47235 -1.5686
v 1.04392 1.28394 -1.59675
v -0.658667 1.8586 -1.54939
v -0.201573 0.0409709 -1.51314
v 0.378593 2.25016 -1.4518
v -1.12451 1.28394 -1.54106
v 1.15357 1.10039 -1.5809
v 0.772804 1.6642 -1.59045
v -0.85179 1.66415 -1.54962
v 0.944293 0.281996 -1.52883
v -0.918201 0.311623 -1.57535
v -0.685499 0.234138 -1.61048
v -1.1517 0.520111 -1.57833
v -0.272328 0.0409687 -1.50202
v 0.398275 0.0851009 -1.52698
v 1.047 0.334468 -1.51576
v -0.610376 0.151611 -1.54178
v 0.724146 0.151256 -1.49185
v -0.447957 2.25012 -1.43195
v 1.2606 0.75 -1.55271
v 1.25706 0.668243 -1.54835
v -1.25879 0.835236 -1.55048
v -1.2606 0.75 -1.55271
v -0.343499 0.0409688 -1.48735
v 1.25879 0.835236 -1.55048
v 1.24706 0.59165 -1.53603
v -1.25706 0.668243 -1.54835
v -0.773266 1.85742 -1.49551
v -1.09349 0.45334 -1.58112
v 1.14934 0.391544 -1.49346
v 1.25005 0.962359 -1.54041
v -1.25072 0.962356 -1.53986
v 1.23151 0.520111 -1.51688
v -1.24706 0.59165 -1.53603
v 1.12451 1.28394 -1.54106
v -0.803766 0.234375 -1.5545
v 0.919719 0.234139 -1.48921
v -1.23351 1.10039 -1.51935
v -0.434234 0.0855469 -1.51721
v 0.545154 0.0850647 -1.48089
v -0.552142 2.25 -1.39468
v -0.724994 0.151227 -1.4914
v -0.967503 1.66333 -1.47986
v -0.997431 0.311626 -1.52642
v 1.23351 1.10039 -1.51935
v -1.20243 1.28394 -1.48106
v 1.17251 0.453349 -1.52346
v -1.23151 0.520111 -1.51688
v 0.103716 0.035233 -1.51827
v -1.07199 0.391531 -1.5499
v -0.0678282 0.0353027 -1.51997
v -0.136712 0.0353027 -1.51533
v 0.243161 0.0352282 -1.50228
v 0.735781 1.85874 -1.51423
v -0.848128 1.85742 -1.45436
v -0.544416 0.0851098 -1.48121
v -0.621012 2.25 -1.36541
v 0.518248 2.25016 -1.40803
v 0.871452 0.151233 -1.41087
v -1.33722 0.835236 -1.48336
v -1.33915 0.75 -1.48549
v 1.33915 0.75 -1.48549
v 1.33539 0.668243 -1.48132
v -1.25033 0.453337 -1.46027
v 0.384714 0.0352228 -1.47242
v 1.33722 0.835236 -1.48336
v -1.33539 0.668243 -1.48132
v 1.32476 0.59165 -1.46954
v -1.32862 0.962358 -1.47318
v 1.32798 0.962363 -1.47375
v -1.0787 1.66422 -1.40115
v 0.92986 1.66424 -1.50403
v 0.689871 0.0850342 -1.41924
v 1.09593 0.281981 -1.42406
v -1.07447 0.311622 -1.4732
v 1.20243 1.28394 -1.48106
v -1.12501 1.47233 -1.4613
v -1.32476 0.59165 -1.46954
v 1.30825 0.520111 -1.45122
v -1.31037 1.10039 -1.45358
v 0.621012 2.25 -1.36541
v 1.19735 0.334461 -1.40003
v -0.0306976 0.0157676 -1.50563
v 0.0969646 0.015954 -1.50296
v -1.27735 1.28394 -1.41695
v 1.31037 1.10039 -1.45358
v 0.52635 0.03522 -1.42795
v -1.30825 0.520111 -1.45122
v 0.24336 0.0159478 -1.48637
v -0.835337 0.151611 -1.43243
v -0.920753 0.234122 -1.48855
v -0.582082 0.0398002 -1.41041
v -0.17336 0.0160493 -1.49618
v 0.131178 5.55091e-06 -1.49451
v -0.033792 3.28559e-06 -1.50016
v 1.06743 0.234127 -1.38717
v -0.012789 2.29326 -1.47567
v -0 0 0
v -1.5 0 0
v 0.372966 0.0159676 -1.4592
v -0.722603 2.25015 -1.31493
v -0.453681 0.0352338 -1.45268
v 0.132553 2.29307 -1.46923
v -0.166114 2.29312 -1.46617
v 1.29724 0.391542 -1.36696
v 0.262042 7.16781e-09 -1.47694
v -0.205177 1.87969e-06 -1.48639
v 1.12536 1.47235 -1.46102
v -1.14897 0.311628 -1.41588
v -0.268431 2.29307 -1.45057
v 0.235576 2.29314 -1.45662
v 1.41421 0.75 -1.41421
v 1.41024 0.668243 -1.41024
v -1.41421 0.75 -1.41421
v -1.41219 0.835236 -1.41219
v 1.41219 0.835236 -1.41219
v 1.39902 0.59165 -1.39902
v -1.41024 0.668243 -1.41024
v -0.312742 0.0152408 -1.47265
v 1.27735 1.28394 -1.41695
v -0.95707 1.85876 -1.38504
v 0.885303 1.85879 -1.43195
v 1.40246 0.962356 -1.40307
v -1.40307 0.962356 -1.40246
v 0 2.32383 -1.44922
v -0.155368 2.32419 -1.44097
v -0.759946 0.085053 -1.38302
v 0.830017 0.0850114 -1.34209
v 1.38159 0.520111 -1.38159
v -1.39902 0.59165 -1.39902
v 0.665919 0.0352169 -1.36846
v -1.38383 1.10039 -1.38383
v -0.351323 3.0682e-08 -1.45827
v 1.01138 0.151215 -1.31417
v -0.943286 0.151206 -1.36386
v -1.03154 0.234375 -1.41366
v 0.52103 0.0160014 -1.41325
v -1.22571 0.391536 -1.43145
v 0.152997 2.3235 -1.44209
v 0.33709 2.29307 -1.43617
v -0.371255 2.29313 -1.42811
v 0.410174 2.06246e-06 -1.44337
v -0.820815 2.25 -1.25549
v 0.723194 2.25017 -1.3146
v 1.38383 1.10039 -1.38383
v -1.34896 1.28394 -1.34896
v 1.32336 0.453339 -1.39443
v -1.38159 0.520111 -1.38159
v -0.296485 2.32388 -1.41893
v 0.299389 2.32389 -1.41831
v 0 2.34228 -1.42441
v -0.450266 0.0160255 -1.43737
v 0.155047 2.34229 -1.41648
v -0.148232 2.34234 -1.41709
v -0.474642 2.29307 -1.39675
v -0.629906 0.0353027 -1.38497
v -0.398764 2.32383 -1.39328
v -1.18385 1.66333 -1.31323
v 1.27004 1.47235 -1.33718
v 1.07905 1.66426 -1.40087
v 1.23693 0.281972 -1.30345
v -1.22059 0.311628 -1.35462
v 0.992396 1.85742 -1.36001
v -1.06117 1.85742 -1.30706
v -0.497758 3.41997e-06 -1.41562
v -0.596857 0.0159753 -1.38281
v -0.289065 2.34231 -1.39512
v 0.296621 2.34232 -1.39353
v -0.150726 2.34843 -1.39554
v 0 2.34844 -1.40312
v 0.441629 2.29314 -1.40794
v 1.34896 1.28394 -1.34896
v -1.26971 1.47234 -1.33749
v 0.654015 0.0151539 -1.35597
v -1.48549 0.75 -1.33915
v -1.48336 0.835236 -1.33722
v 1.48549 0.75 -1.33915
v 1.48132 0.668243 -1.33539
v 1.48336 0.835236 -1.33722
v 0.147815 2.34845 -1.39585
v -1.48132 0.668243 -1.33539
v 1.46954 0.59165 -1.32476
v -0.884177 2.25 -1.21171
v 0.853403 2.25018 -1.23406
v -1.47375 0.962363 -1.32798
v 1.47318 0.962358 -1.32862
v 0.57115 1.01677e-05 -1.38733
v 0 2.34228 -1.38769
v 0.801076 0.035214 -1.294
v 0 2.25 -1.4
v 0 2.29307 -1.38379
v -0.123634 2.22187 -1.37037
v 0 2.22187 -1.37594
v 0.126476 2.29137 -1.37835
v -0.618225 -1.97768e-08 -1.36667
v 1.33551 0.334457 -1.26891
v -1.46954 0.59165 -1.32476
v 1.45122 0.520111 -1.30825
v 0.144036 2.34222 -1.38065
v -0.151517 2.34228 -1.37992
v 0.434539 2.32389 -1.38292
v 0.578239 2.29315 -1.35758
v -0.49898 2.32389 -1.36101
v -1.45358 1.10039 -1.31037
v 1.20478 0.23412 -1.26969
v -0.576707 2.29313 -1.35824
v -0.148671 2.25009 -1.39272
v -0.186708 2.22187 -1.36321
v 0.123634 2.22187 -1.37037
v 0.144999 2.2499 -1.39287
v -0.421872 2.34232 -1.36088
v 0.429436 2.34232 -1.35851
v -0.289453 2.34225 -1.35753
v -0.831044 0.0409687 -1.28046
v 0.963126 0.0850001 -1.25
v -0.124041 2.32383 -1.37488
v 0 2.32383 -1.38047
v -0.125984 2.29486 -1.37757
v 0.223339 2.22182 -1.35799
v 0.289018 2.24998 -1.37024
v 0.277413 2.29279 -1.35628
v 0.352757 2.34845 -1.36016
v -0.357958 2.34844 -1.3588
v -1.41695 1.28394 -1.27735
v 1.45358 1.10039 -1.31037
v 0.124041 2.32383 -1.37488
v -0.219833 2.32404 -1.36333
v -1.45122 0.520111 -1.30825
v 0.252509 2.34228 -1.36453
v 0.2249 2.32353 -1.36224
v -0.28044 2.22183 -1.3474
v -0.282065 2.25001 -1.37176
v -0.251798 2.29307 -1.36069
v -0.0567109 2.21479 -1.36329
v -0.631979 2.32389 -1.3046
v 0.704822 -1.57563e-07 -1.3241
v 0.130544 2.21251 -1.34978
v -1.28213 1.66425 -1.21776
v -1.28905 0.311623 -1.28964
v -0.381836 2.34228 -1.33413
v -0.710222 2.29314 -1.29346
v -0.315444 2.32383 -1.34394
v -0.732308 0.035223 -1.33413
v 0.274573 2.21483 -1.3357
v -0.171418 2.21251 -1.34015
v 0 2.2125 -1.35
v -0.348646 2.29309 -1.33956
v 0.419552 2.24998 -1.33609
v 0.413889 2.2931 -1.32086
v -0.385221 2.25 -1.34596
v 0.315444 2.32383 -1.34394
v -1.39443 0.453339 -1.32336
v 1.43145 0.391536 -1.22571
v 1.14151 0.151204 -1.20286
v -1.1385 0.234118 -1.32944
v -0.270753 2.21478 -1.33622
v 0.790324 0.0160499 -1.28231
v 0.345812 2.34225 -1.34429
v -0.069059 2.21492 -1.33626
v -0.483311 2.34225 -1.30121
v 1.41695 1.28394 -1.27735
v 0.561287 2.34232 -1.30957
v -0.550861 2.34844 -1.29094
v -0.553835 2.34232 -1.31274
v 0.568716 2.32389 -1.33338
v 0.412185 2.32382 -1.31793
v -0.408725 2.22183 -1.3142
v 0.349458 2.22183 -1.33117
v 0.120128 2.21484 -1.33151
v -0.895692 0.0409678 -1.2361
v 1.55271 0.75 -1.2606
v 1.54835 0.668243 -1.25706
v -1.55048 0.835236 -1.25879
v -1.55271 0.75 -1.2606
v -0.723407 0.015994 -1.32118
v 1.55048 0.835236 -1.25879
v -0.118973 2.22187 -1.31871
v 0 2.22187 -1.32406
v 1.53603 0.59165 -1.24706
v -1.54835 0.668243 -1.25706
v -0.412929 2.32381 -1.31769
v 0.475049 2.34225 -1.30426
v -1.36696 0.391542 -1.29724
v 1.53986 0.962356 -1.25072
v -1.54041 0.962359 -1.25005
v 0.118973 2.22187 -1.31871
v -0.445232 2.29307 -1.31021
v -0.269716 2.21485 -1.30995
v 0.411607 2.21482 -1.29981
v 0.477559 2.22183 -1.29078
v 0.549207 2.24998 -1.28825
v 0.542035 2.2931 -1.27367
v -0.482286 2.24998 -1.31476
v -0.536189 2.22183 -1.26756
v 1.51688 0.520111 -1.23151
v -1.53603 0.59165 -1.24706
v -0.116811 2.25 -1.29474
v 0 2.25 -1.3
v -0.737827 5.28579e-06 -1.30672
v -0.403053 2.21482 -1.30249
v -1.51935 1.10039 -1.23351
v 0.929423 0.0352138 -1.20514
v 0.116811 2.25 -1.29474
v -0.259416 2.22196 -1.29871
v 0.262029 2.21488 -1.31141
v -0.4037 2.21486 -1.27485
v -0.508143 2.32383 -1.28354
v 1.09477 1.85885 -1.27894
v 1.21776 1.66425 -1.28213
v -1.15907 1.85883 -1.22098
v -0.404851 2.2125 -1.28997
v 0.711708 2.29315 -1.29263
v -0.730059 2.32383 -1.2519
v 1.51935 1.10039 -1.23351
v -1.48106 1.28394 -1.20243
v 0.540033 2.32382 -1.27092
v -0.541347 2.29309 -1.27397
v 1.46027 0.453337 -1.25033
v -1.51688 0.520111 -1.23151
v -0.975277 2.25017 -1.14021
v 0.945447 2.25 -1.16453
v 0.547671 2.34844 -1.2923
v 1.36491 0.281969 -1.16876
v -1.35405 0.311628 -1.22122
v -0.235835 2.2496 -1.27854
v 0.238431 2.25032 -1.27785
v 0.261899 2.22183 -1.2986
v -0.610755 2.24998 -1.26024
v 0 2.26363 -1.29741
v -0.116578 2.26363 -1.29216
v -1.07857 0.1512 -1.2596
v 0.331529 2.2125 -1.31098
v -0.115898 2.27644 -1.28463
v 0 2.27644 -1.28984
v 0.116578 2.26363 -1.29216
v -0.677781 2.34844 -1.22908
v -0.236081 2.26363 -1.27575
v -0.234704 2.27644 -1.26831
v 0.115898 2.27644 -1.28463
v 0.236081 2.26363 -1.27575
v 0.537792 2.21482 -1.25289
v -0.603726 2.32381 -1.24194
v 0.602471 2.34225 -1.25053
v -0.113301 2.29981 -1.25584
v 0 2.29981 -1.26094
v -0.357706 2.25 -1.24982
v -0.958217 0.0409688 -1.18829
v 1.0869 0.084996 -1.14401
v 0.699814 2.32389 -1.2695
v -1.52346 0.453349 -1.17251
v -0.398027 2.22192 -1.26317
v 0.395308 2.21486 -1.27748
v -0.229444 2.29981 -1.23989
v 0.113301 2.29981 -1.25584
v 0.234704 2.27644 -1.26831
v -0.529357 2.21482 -1.25648
v -0.527454 2.21487 -1.22884
v -1.40103 1.47235 -1.19923
v 1.48106 1.28394 -1.20243
v -0.610541 2.34225 -1.24661
v -0.354911 2.27644 -1.24005
v 0.841549 6.34015e-06 -1.24248
v -0.660791 2.22183 -1.20731
v 0.675867 2.24998 -1.22656
v 0.667253 2.2931 -1.21279
v -0.822921 2.32389 -1.19341
v 0.91612 0.0151599 -1.19467
v -0.450256 2.25004 -1.21994
v 0.388553 2.22192 -1.2662
v 1.32944 0.234118 -1.1385
v 0.229444 2.29981 -1.23989
v 1.45923 0.334453 -1.12443
v -0.0521991 2.32068 -1.21538
v -1.61329 0.835236 -1.17721
v -1.61561 0.75 -1.1789
v 1.61561 0.75 -1.1789
v 1.61107 0.668243 -1.17559
v -0.861676 0.0159796 -1.23537
v -0.666586 2.29309 -1.21316
v 0.664978 2.32382 -1.21026
v 1.61329 0.835236 -1.17721
v -1.61107 0.668243 -1.17559
v 1.59825 0.59165 -1.16624
v -0.221199 2.32053 -1.19533
v 0.170137 2.32071 -1.20452
v -0.838324 2.29314 -1.21437
v 0.381593 2.25029 -1.24306
v -1.60278 0.962358 -1.16901
v 1.60227 0.962362 -1.16971
v 0.60373 2.22182 -1.23682
v -0.713492 2.34234 -1.23413
v 0.793027 2.32383 -1.21299
v 1.0334 2.25017 -1.0878
v 1.22098 1.85883 -1.15907
v -1.06066 2.25 -1.06066
v -1.25048 1.85742 -1.12729
v 1.31323 1.66333 -1.18385
v -0.378143 2.26383 -1.24158
v -0.415006 2.27644 -1.22126
v 0.377534 2.2632 -1.24207
v -1.59825 0.59165 -1.16624
v 1.57833 0.520111 -1.1517
v 0.674689 2.34844 -1.23078
v -1.5809 1.10039 -1.15357
v -0.735196 2.24998 -1.19195
v -0.52061 2.22192 -1.2178
v 0.519183 2.21486 -1.23236
v 0.378123 2.2764 -1.23379
v -1.26969 0.23412 -1.20478
v 1.2596 0.1512 -1.07857
v 0.839736 2.29315 -1.21339
v -1.37264 1.66333 -1.11441
v 1.40132 1.47234 -1.19889
v 1.5809 1.10039 -1.15357
v -1.54106 1.28394 -1.12451
v -1.41535 0.311626 -1.14962
v 0.72592 2.34225 -1.18316
v -0.726369 2.32381 -1.17444
v -1.01835 0.0409697 -1.13718
v -1.57833 0.520111 -1.1517
v -0.53821 2.25 -1.18335
v 0.515984 2.22192 -1.21977
v -0.477571 2.26363 -1.20632
v 0.723616 2.34234 -1.22822
v -0.648315 2.21487 -1.16961
v 1.04875 0.0352147 -1.10288
v -0.652833 2.21482 -1.197
v 0.399628 2.29985 -1.19718
v 0.474785 2.27644 -1.19928
v -0.393377 2.29993 -1.19912
v -0.871781 -5.2371e-08 -1.22066
v -0.0494377 2.33916 -1.15601
v -0.865995 2.34232 -1.13143
v -0.381861 2.32096 -1.15434
v -0.733666 2.34225 -1.17837
v 0.796601 2.34844 -1.15563
v -0.929813 2.29307 -1.14527
v 1.5499 0.391531 -1.07199
v 0.661003 2.21482 -1.19251
v -0.652021 2.2125 -1.18458
v 0.103894 2.33906 -1.15157
v -0.780353 2.22182 -1.13372
v 0.79736 2.24998 -1.1513
v 0.787382 2.2931 -1.13848
v 0.507557 2.25004 -1.19724
v -0.50329 2.27649 -1.18799
v 0.508577 2.26367 -1.194
v -0.627833 2.25004 -1.1388
v 1.54106 1.28394 -1.12451
v 0.591437 2.2125 -1.21592
v -0.786748 2.2931 -1.13892
v 0.784843 2.32381 -1.13621
v -0.264943 2.33904 -1.12703
v 0.265203 2.33932 -1.12564
v 0.356702 2.32066 -1.16236
v -0.799537 2.34844 -1.1536
v 0.929813 2.29307 -1.14527
v 0.725881 2.22182 -1.16934
v 0.640302 2.21487 -1.17402
v -0.640355 2.22192 -1.15933
v -1.49346 0.391544 -1.14934
v -0.566366 2.26367 -1.16771
v 1.03357 0.0161013 -1.09579
v -0.592418 2.27644 -1.14575
v 0.595894 2.26363 -1.15247
v 1.67399 0.75 -1.09442
v 1.66929 0.668243 -1.09135
v -1.67399 0.75 -1.09442
v -1.67159 0.835236 -1.09285
v 0.779124 2.21482 -1.11892
v 1.67159 0.835236 -1.09285
v 0.635873 2.22192 -1.1618
v 1.65601 0.59165 -1.08266
v -1.66929 0.668243 -1.09135
v 0.58284 2.29988 -1.11923
v 0.565331 2.27649 -1.15975
v -1.20286 0.151204 -1.14151
v -1.07582 0.0409685 -1.08296
v 1.19922 0.0850045 -1.02567
v -0.532115 2.32077 -1.09283
v 1.6602 0.96236 -1.08592
v -1.66067 0.96236 -1.08519
v -0.853428 2.24998 -1.11038
v 0.885741 2.3239 -1.14755
v 0.950302 -1.19564e-08 -1.16057
v -0.975242 0.0159673 -1.14793
v -0.950252 -1.24499e-09 -1.16061
v 1.63537 0.520111 -1.06917
v -1.65601 0.59165 -1.08266
v -0.764179 2.21487 -1.09743
v -1.01547 2.29315 -1.07066
v -1.63803 1.10039 -1.07091
v 1.5172 1.47232 -1.04841
v -1.45449 1.66424 -1.00561
v -0.842868 2.32381 -1.09386
v 0.843283 2.34225 -1.1026
v 1.47788 0.281971 -1.02217
v -1.47271 0.311623 -1.07515
v -0.0435129 2.37137 -1.00435
v 0.625261 2.25004 -1.14021
v -0.653585 2.26363 -1.12076
v -1.59675 1.28394 -1.04392
v 1.63803 1.10039 -1.07091
v 1.58112 0.45334 -1.09349
v -1.63537 0.520111 -1.06917
v -0.771361 2.21482 -1.12429
v 0.12505 2.37276 -0.990796
v 0.872627 2.34232 -1.12632
v 0.539762 2.32036 -1.09174
v -0.577267 2.29987 -1.12212
v 0.649772 2.27644 -1.11422
v -0.941299 2.32389 -1.10245
v -0.711373 2.25 -1.08809
v -0.228654 2.37138 -0.978992
v 0.911214 2.34844 -1.06759
v -0.850561 2.34225 -1.09699
v 1.43948 0.234118 -0.995727
v 0.911546 2.24998 -1.06319
v 0.900307 2.2931 -1.05146
v -0.892812 2.22182 -1.04746
v -1.13975 2.25018 -0.975802
v 1.14021 2.25017 -0.975277
v 1.30706 1.85742 -1.06117
v -0.978044 2.34232 -1.03611
v -1.51693 1.47235 -1.04877
v 1.59675 1.28394 -1.04392
v 0.711373 2.25 -1.08809
v -0.67682 2.27649 -1.09844
v 0.682991 2.26367 -1.10357
v -0.755199 2.22192 -1.08803
v 0.756569 2.21487 -1.10269
v 1.05171 3.66842e-06 -1.07043
v -1.09579 0.0161013 -1.03357
v 0.897546 2.32381 -1.04946
v -0.899716 2.2931 -1.05197
v -1.13042 0.0409695 -1.02585
v 1.15702 0.0352166 -0.988691
v 1.40115 1.66422 -1.0787
v -1.33372 1.85884 -1.02734
v 0.73509 2.27649 -1.06034
v -0.715301 2.29985 -1.03883
v -0.36982 2.37129 -0.934147
v 0.326892 2.3714 -0.950653
v 0.841873 2.22182 -1.08882
v 1.56673 0.334453 -0.969021
v -0.794601 2.25004 -1.02941
v 0.750942 2.22192 -1.09097
v -0.492841 2.33913 -1.04686
v -0.913945 2.34844 -1.06526
v 1.36386 0.151206 -0.943286
v -1.38717 0.234127 -1.06743
v 0.890107 2.21482 -1.03283
v 1.01673 2.29315 -1.06946
v -1.05011 2.32389 -0.99935
v -1.72769 0.75 -1.00752
v -1.72521 0.835236 -1.00608
v 1.72769 0.75 -1.00752
v 1.72284 0.668243 -1.00469
v 1.72521 0.835236 -1.00608
v -1.72284 0.668243 -1.00469
v 1.70913 0.59165 -0.996698
v -0.873021 2.21487 -1.013
v -0.637632 2.32069 -1.03502
v 1.71348 0.962358 -0.999741
v -1.71392 0.962356 -0.998985
v 0.792235 2.25004 -1.03123
v -0.7373 2.26367 -1.06805
v -0.963383 2.24998 -1.01646
v -0.785773 2.27649 -1.02335
v 0.764761 2.26363 -1.04805
v -1.52596 0.311627 -0.998148
v -1.70913 0.59165 -0.996698
v -1.69057 1.10039 -0.985874
v -0.951175 2.32381 -1.00111
v 0.952475 2.34225 -1.00978
v 0.99935 2.32389 -1.05011
v 1.14793 0.0159673 -0.975242
v -1.64797 1.28394 -0.961031
v 1.69057 1.10039 -0.985874
v 0.859148 2.22192 -1.00797
v -1.71285 0.519995 -0.941263
v 1.68431 0.453338 -0.926671
v -0.882894 2.21482 -1.03901
v 0.949678 2.22182 -0.996193
v -1.07043 3.66842e-06 -1.05171
v -1.21171 2.25 -0.884177
v -1.1206 2.29315 -0.960077
v -0.879343 2.2125 -1.02729
v 0.984137 2.34232 -1.03032
v -1.18191 0.0409684 -0.966074
v 0.690304 2.32065 -1.00079
v 0.718999 2.29985 -1.03627
v -1.63555 0.45336 -1.01028
v 1.65108 0.391539 -0.90844
v -0.518932 2.37149 -0.861121
v 0.414654 2.37419 -0.900251
v -0.843231 2.26367 -0.986572
v 0.494697 2.33917 -1.04631
v 0.82527 2.2125 -1.0712
v -1.31417 0.151215 -1.01138
v 1.29837 0.0850242 -0.896903
v 1.64797 1.28394 -0.961031
v -1.40916 1.85742 -0.921279
v 1.50429 1.66418 -0.9295
v 1.01658 2.34844 -0.967797
v -0.959167 2.34225 -1.00342
v -0.818343 2.29985 -0.959766
v 1.01646 2.24998 -0.963383
v 1.00407 2.2931 -0.952878
v -0.996193 2.22182 -0.949678
v -0.86311 2.22192 -1.00458
v 0.865942 2.21487 -1.01906
v -1.60333 0.391554 -0.990306
v -0.896525 2.25004 -0.941976
v 1.00111 2.32381 -0.951175
v -1.00353 2.2931 -0.953444
v -1.0798 2.34232 -0.929578
v -0.740449 2.32057 -0.964485
v -0.674222 2.33923 -0.939989
v 0.992007 2.21482 -0.935395
v 0.894351 2.25004 -0.944041
v -1.52733 1.66333 -0.890682
v 1.61614 1.47229 -0.888336
v 1.16021 3.02103e-07 -0.950711
v -1.16057 -1.19564e-08 -0.950302
v -1.19467 0.0151599 -0.91612
v 1.57434 0.281978 -0.866236
v -1.57493 0.311622 -0.918926
v 1.77657 0.75 -0.918589
v 1.77158 0.668243 -0.91601
v -1.77402 0.835236 -0.917272
v -1.77657 0.75 -0.918589
v -0.887115 2.27649 -0.936865
v 0.844424 2.26367 -0.985551
v -1.01906 2.34844 -0.965188
v 1.77402 0.835236 -0.917272
v 1.75748 0.59165 -0.908721
v -1.77158 0.668243 -0.91601
v -0.0730618 2.40321 -0.803338
v -0.972956 2.21487 -0.91744
v 1.76198 0.962352 -0.911545
v -1.76239 0.962353 -0.910756
v 0.840255 2.27649 -0.97911
v 1.7124 0.51997 -0.942049
v -1.75748 0.59165 -0.908721
v -1.7384 1.10039 -0.898854
v -1.29786 0.0850038 -0.897596
v 1.25257 0.0352189 -0.864441
v 1.38504 1.85876 -0.95707
v -1.06319 2.24998 -0.911546
v 0.143103 2.42732 -0.632914
v -1.14755 2.3239 -0.885741
v 1.12172 2.29315 -0.958761
v 1.7384 1.10039 -0.898854
v 0.958636 2.22192 -0.913872
v 1.53346 0.234127 -0.843837
v 0.705759 2.33878 -0.919684
v -1.04946 2.32381 -0.897546
v 1.05166 2.34225 -0.906018
v 0.821781 2.29985 -0.956823
v -1.38791 0.151611 -0.907385
v -0.985457 2.21482 -0.942293
v 1.10245 2.32389 -0.941299
v -1.72941 0.453367 -0.839501
v -0.940595 2.26367 -0.89423
v 1.71655 1.28414 -0.833603
v -1.61591 1.47234 -0.888711
v -1.22906 0.0353027 -0.896841
v 1.23537 0.0159796 -0.861676
v -0.913071 2.29985 -0.870137
v 1.45288 0.151217 -0.799395
v -1.48921 0.234139 -0.919719
v 1.08526 2.34232 -0.923197
v 1.65678 0.334465 -0.805411
v -0.96223 2.22192 -0.910087
v 0.966533 2.21487 -0.924204
v -1.24248 6.34015e-06 -0.841549
v 0.791951 2.32057 -0.922664
v -1.05765 2.34225 -0.899016
v -1.08882 2.22182 -0.841873
v 1.11038 2.24998 -0.853428
v 1.09697 2.2931 -0.844263
v -0.835957 2.32057 -0.882992
v -0.988997 2.25004 -0.844369
v -0.294411 2.40431 -0.743797
v 0.538911 2.37285 -0.839293
v -0.669994 2.37125 -0.750092
v -1.59045 1.6642 -0.772804
v -1.61951 0.311631 -0.837869
v -1.0965 2.2931 -0.844874
v 1.09386 2.32381 -0.842868
v 1.04746 2.22182 -0.892812
v -1.27611 2.25018 -0.78913
v 1.23446 2.25016 -0.852841
v 1.47537 1.85868 -0.810969
v 0.987051 2.25004 -0.846643
v 1.82055 0.75 -0.828015
v 1.81543 0.668243 -0.825691
v -1.81794 0.835236 -0.826828
v -1.82055 0.75 -0.828015
v -0.97911 2.27649 -0.840255
v 0.941676 2.26367 -0.893091
v 1.81794 0.835236 -0.826828
v 1.80099 0.59165 -0.819121
v -1.81543 0.668243 -0.825691
v -1.1697 2.34232 -0.813558
v 1.80562 0.96236 -0.821709
v -1.80599 0.962363 -0.820909
v 0.936865 2.27649 -0.887115
v -1.80099 0.59165 -0.819121
v -1.45338 0.151245 -0.798558
v 1.38302 0.085053 -0.759946
v -1.78143 1.10039 -0.810226
v -1.06237 2.21487 -0.812217
v -0.816353 2.33911 -0.82005
v 1.78143 1.10039 -0.810226
v -1.71635 1.28419 -0.833979
v -1.11315 2.34844 -0.854956
v -1.79872 0.520003 -0.76443
v 1.76886 0.453343 -0.752781
v -1.294 0.035214 -0.801076
v -0.486141 2.40043 -0.664586
v 0.916193 2.29985 -0.86685
v 1.59067 1.66412 -0.772428
v -1.47511 1.85879 -0.811342
v -1.26019 0.0158386 -0.823887
v 1.04777 2.22192 -0.810132
v 1.11097 2.34844 -0.857796
v -1.21339 2.29315 -0.839736
v 1.73397 0.391549 -0.737975
v -1.1513 2.24998 -0.79736
v -1.57467 0.234157 -0.764248
v -1.69699 1.47232 -0.721903
v 1.13928 2.34225 -0.793024
v -1.13621 2.32381 -0.784843
v 1.25687 2.5072e-06 -0.819792
v -1.0278 2.26367 -0.792457
v -1.23225 2.3239 -0.763511
v 1.21437 2.29314 -0.838324
v -1.07738 2.21482 -0.835637
v -1.69533 0.391572 -0.822925
v -0.997933 2.29985 -0.771335
v -1.36325 0.0855469 -0.794997
v 1.33413 0.035223 -0.732308
v 0.882992 2.32057 -0.835957
v 1.08316 2.21482 -0.828132
v -1.0712 2.2125 -0.82527
v 0.670549 2.37123 -0.749977
v 1.19341 2.32389 -0.822921
v 1.02729 2.2125 -0.879343
v -1.33243 2.25 -0.688942
v 1.69718 1.47225 -0.721523
v 1.6534 0.281993 -0.703689
v -1.65963 0.31163 -0.755304
v -0.922664 2.32057 -0.791951
v 1.0567 2.21487 -0.819579
v -1.05094 2.22192 -0.806014
v 1.17444 2.34232 -0.806697
v -1.07058 2.25004 -0.73818
v 1.32118 0.015994 -0.723407
v -1.85958 0.75 -0.736189
v -1.85691 0.835236 -0.735133
v 1.85958 0.75 -0.736189
v 1.85436 0.668243 -0.734123
v -1.14448 2.34225 -0.785495
v 1.85691 0.835236 -0.735133
v -1.85436 0.668243 -0.734123
v -1.16934 2.22182 -0.725881
v 1.19195 2.24998 -0.735196
v 1.17768 2.2931 -0.727443
v 1.61048 0.234138 -0.685499
v -0.0601849 2.429 -0.633135
v -1.84469 0.962347 -0.729809
v 1.84435 0.962349 -0.730651
v -1.29263 2.29315 -0.711708
v 1.06889 2.25004 -0.740628
v 1.79837 0.519975 -0.765238
v -1.85754 0.591587 -0.68293
v -1.81963 1.10039 -0.720373
v -1.06034 2.27649 -0.73509
v 1.02875 2.26367 -0.791218
v 0.861132 2.33911 -0.772892
v -0.768799 2.37142 -0.646578
v -1.17727 2.2931 -0.728096
v 1.17444 2.32381 -0.726369
v 1.02335 2.27649 -0.785773
v -1.53253 1.85742 -0.697021
v 1.13372 2.22182 -0.780353
v 1.52585 0.151236 -0.649386
v -1.13996 2.21487 -0.699149
v -1.41924 0.0850342 -0.689871
v 1.00069 2.29985 -0.767759
v -0.236734 2.42909 -0.58998
v 1.77377 1.28394 -0.70222
v 1.12526 2.22192 -0.698507
v 1.72873 0.334479 -0.636446
v -1.19487 2.34844 -0.736432
v 1.2505 2.34232 -0.682864
v 0.804992 2.37139 -0.603514
v 1.31493 2.25015 -0.722603
v 1.54939 1.8586 -0.658667
v 1.193 2.34844 -0.739452
v 0.204327 2.42883 -0.602279
v -1.35151 0.0353027 -0.69881
v -1.10357 2.26367 -0.682991
v 0.964485 2.32057 -0.740449
v -0.938293 2.33877 -0.679335
v -1.22656 2.24998 -0.675867
v -1.64393 1.66333 -0.650816
v -1.69523 0.311629 -0.671597
v -1.52625 0.151271 -0.64853
v 1.45238 0.0850887 -0.617194
v -1.07171 2.29985 -0.665017
v -1.21026 2.32382 -0.664978
v 1.21418 2.34225 -0.672745
v -1.32263 0.0159715 -0.720582
v -1.15733 2.21482 -0.720829
v 1.20731 2.22183 -0.660791
v 0.54811 2.40032 -0.615398
v 1.16227 2.21482 -0.712847
v -1.00079 2.32065 -0.690304
v 1.29346 2.29314 -0.710222
v -1.30322 2.32389 -0.634811
v 1.18458 2.2125 -0.652021
v 1.89365 0.75 -0.643497
v 1.88833 0.668243 -0.641691
v -1.89365 0.75 -0.643497
v -1.89093 0.835236 -0.642574
v 1.89093 0.835236 -0.642574
v -1.88302 0.922119 -0.639884
v -1.88833 0.668243 -0.641691
v 1.8573 0.591551 -0.683536
v 0.372778 2.42973 -0.512733
v 1.87817 0.962348 -0.638719
v 1.65967 1.66405 -0.610241
v -1.12797 2.22192 -0.694125
v 1.13512 2.21487 -0.706976
v 1.27104 2.32389 -0.697034
v -1.24653 2.34232 -0.690081
v 0.98644 2.33923 -0.604776
v 1.865 0.519977 -0.584298
v -1.86811 1.10062 -0.584977
v 1.40092 0.0352287 -0.594618
v -1.14021 2.25004 -0.625261
v -1.64292 0.234173 -0.603703
v 1.83729 1.10055 -0.675659
v -1.79083 1.28418 -0.658956
v -1.86527 0.520018 -0.58348
v 1.83442 0.453353 -0.574774
v -1.26326 2.34844 -0.611709
v 1.05222 2.3204 -0.611385
v 1.1388 2.25004 -0.627833
v -1.12974 2.27649 -0.62317
v 1.10438 2.26367 -0.681671
v -1.80437 0.453382 -0.66318
v 1.79824 0.391557 -0.563494
v -1.21853 2.34225 -0.664822
v 1.09844 2.27649 -0.67682
v 1.26024 2.24998 -0.610755
v 1.24526 2.29309 -0.604488
v -1.23682 2.22182 -0.60373
v 1.32396 6.02716e-10 -0.705076
v -1.3241 -1.57563e-07 -0.704822
v 1.82114 1.28411 -0.569897
v -1.74571 1.47188 -0.593224
v 1.38281 0.0159753 -0.596857
v 1.24194 2.32381 -0.603726
v -1.24492 2.2931 -0.605166
v -1.38058 2.25017 -0.587478
v -1.76882 0.391586 -0.650061
v -0.402141 2.42915 -0.4921
v 1.07406 2.29985 -0.661218
v -1.35758 2.29315 -0.578239
v 1.22843 2.21482 -0.591562
v -1.20484 2.21486 -0.580209
v 1.74571 1.47188 -0.593224
v -1.72632 0.311632 -0.587103
v 1.71469 0.282013 -0.537322
v -0.490429 2.42785 -0.420321
v 1.19019 2.22192 -0.58097
v -1.02549 2.33891 -0.535357
v 1.67018 0.234149 -0.523466
v -1.16704 2.26367 -0.567737
v 1.31274 2.34232 -0.553835
v -1.48089 0.0850647 -0.545154
v -1.57997 1.85867 -0.581385
v 1.26173 2.34844 -0.614858
v 1.58242 0.151261 -0.495852
v 1.9228 0.75 -0.550316
v 1.9174 0.668243 -0.548771
v -1.28825 2.24998 -0.549207
v -1.92503 0.922296 -0.501666
v 1.92004 0.835236 -0.549527
v 1.912 0.922119 -0.547226
v -1.88555 1.01082 -0.590382
v 1.27563 2.34225 -0.547296
v -1.27092 2.32382 -0.540033
v -1.90214 0.59165 -0.544405
v -0.00133636 2.46106 -0.45689
v 1.89903 1.01054 -0.543515
v 1.13546 2.29985 -0.549114
v -1.22439 2.21482 -0.599877
v -1.40008 0.0352172 -0.596559
v -1.83407 1.28394 -0.524923
v 1.88149 1.10039 -0.538493
v -1.21592 2.2125 -0.591437
v 1.38145 7.45641e-06 -0.586254
v -1.38378 0.0159393 -0.594815
v 1.38086 2.25014 -0.586871
v 1.60678 1.85849 -0.502798
v -1.42024 2.25 -0.482623
v -1.86038 0.453397 -0.484243
v -1.19241 2.22192 -0.576408
v 1.20088 2.21487 -0.588371
v -0.128232 2.4611 -0.438539
v 0.147164 2.4613 -0.43287
v -1.35994 2.32389 -0.501874
v 1.35824 2.29313 -0.576707
v -1.58274 0.1513 -0.494991
v 1.50616 0.0851283 -0.471077
v -1.19724 2.25004 -0.507557
v 1.7825 0.334491 -0.464987
v -1.30957 2.34232 -0.561287
v 1.33461 2.32389 -0.565846
v 1.19611 2.25004 -0.510219
v -1.18663 2.27649 -0.506493
v 1.16771 2.26367 -0.566366
v -1.68744 1.66413 -0.528485
v -1.75291 0.311628 -0.502158
v -1.13353 2.29985 -0.553076
v 1.16129 2.27649 -0.562176
v 0.512561 2.42989 -0.370022
v -0.87094 2.37144 -0.501618
v 0.914085 2.37132 -0.419507
v -1.27911 2.34225 -0.539111
v 1.45268 0.0352338 -0.453681
v -1.29078 2.22183 -0.477559
v 1.31476 2.24998 -0.482286
v 1.29923 2.29309 -0.47751
v -1.07761 2.32063 -0.564244
v -1.29897 2.2931 -0.478208
v 1.29586 2.32381 -0.477075
v 1.26756 2.22183 -0.536189
v -1.61861 1.85742 -0.463255
v 1.69982 1.66333 -0.486498
v -1.69391 0.23419 -0.44076
v 1.43737 0.0160255 -0.450266
v -1.25658 2.21486 -0.457459
v -1.39159 3.53959e-06 -0.561325
v 1.94837 0.741632 -0.451626
v -1.93315 0.835331 -0.503737
v -1.93595 0.750023 -0.504416
v 1.95336 0.688225 -0.417649
v -0.704687 2.40145 -0.412878
v 1.93917 0.821963 -0.481043
v -1.93055 0.668221 -0.50283
v 1.91504 0.591553 -0.499312
v 1.24213 2.22192 -0.459539
v -1.92302 1.01054 -0.451362
v 1.9359 0.849968 -0.486574
v 1.93004 0.900627 -0.490165
v 1.91254 0.519986 -0.402111
v 1.92758 0.922233 -0.489494
v 1.9226 0.967181 -0.483599
v 1.92201 0.972677 -0.482343
v 1.91845 1.00674 -0.473431
v 1.90525 1.10039 -0.447192
v -1.8674 1.28416 -0.39242
v -1.21774 2.26367 -0.44874
v -1.90216 0.520111 -0.446466
v 1.88119 0.453362 -0.395593
v -0.251745 2.46113 -0.381296
v 1.8441 0.391569 -0.387837
v 1.85724 1.28394 -0.435923
v -1.7845 1.47228 -0.46517
v 1.36088 2.34232 -0.421872
v 1.19912 2.29993 -0.393377
v -1.82372 0.391603 -0.474648
v 1.33991 2.34844 -0.423379
v -1.31391 2.34228 -0.446489
v -1.33609 2.24998 -0.419552
v 1.31391 2.34228 -0.446489
v -1.52698 0.0851009 -0.398275
v 1.78464 1.47219 -0.464788
v -1.73047 1.66406 -0.363647
v -1.77507 0.311626 -0.4171
v 1.75843 0.282034 -0.369819
v -1.27804 2.21482 -0.474923
v 1.3142 2.22183 -0.408725
v 1.1213 2.32037 -0.471319
v -1.07409 2.33895 -0.429303
v 1.28118 2.21482 -0.466409
v 1.71278 0.234164 -0.360326
v -1.24385 2.22192 -0.454868
v 1.2535 2.21486 -0.46581
v 1.93869 0.825397 -0.482415
v -1.45205 0.0352211 -0.455649
v 2.07326 0.872679 -0.474259
v -1.24515 2.24988 -0.375922
v 1.7306 1.66393 -0.363281
v -1.63905 1.85742 -0.38471
v 1.44337 2.06246e-06 -0.410174
v -1.43867 0.0160732 -0.446111
v -1.40794 2.29314 -0.441629
v 1.43195 2.25012 -0.447957
v 2.00397 0.776211 -0.456936
v 1.91493 1.04261 -0.459401
v 2.07177 0.943694 -0.4813
v 2.18139 0.923398 -0.463439
v 1.62279 0.151287 -0.341295
v 1.9605 1.05323 -0.456936
v 1.24586 2.25009 -0.37377
v 1.0941 2.33902 -0.380152
v -1.22126 2.27644 -0.415006
v 1.21826 2.26366 -0.447335
v 2.08635 1.02057 -0.471483
v 2.22305 1.02247 -0.461835
v 1.21146 2.27649 -0.443801
v -1.40236 2.32389 -0.366949
v 1.40844 2.29313 -0.440073
v 2.12799 0.824653 -0.448674
v 2.06059 1.08381 -0.44917
v 2.25995 0.901095 -0.433328
v -1.35851 2.34232 -0.429436
v 1.38384 2.32388 -0.431628
v -1.154 2.32071 -0.384731
v -1.4518 2.25016 -0.378593
v 0.744251 2.40133 -0.338146
v 2.01397 0.712483 -0.418858
v 1.94622 0.76084 -0.460661
v 1.91434 1.0489 -0.456487
v 1.91303 1.06355 -0.44902
v 1.91275 1.0666 -0.447464
v 1.9113 1.08378 -0.43747
v 1.90939 1.10831 -0.420484
v 2.29427 1.14905 -0.436475
v 2.17832 1.13924 -0.433937
v -1.34154 2.34845 -0.418185
v 2.32119 1.10075 -0.441298
v 2.29544 1.00131 -0.445156
v -1.96379 0.835236 -0.363404
v 2.09927 0.745417 -0.414036
v -1.62303 0.151335 -0.340442
v 1.54452 0.0851727 -0.323996
v -0.039083 2.47979 -0.373574
v 1.94548 0.59165 -0.360017
v -1.96109 0.668243 -0.362904
v -1.95058 1.01079 -0.31452
v -1.93687 0.591597 -0.406476
v 2.05023 1.14542 -0.411426
v 2.17589 0.782464 -0.408052
v -1.34429 2.34225 -0.345812
v -1.9157 1.10061 -0.402526
v 1.35546 2.24999 -0.351916
v -1.33117 2.22183 -0.349458
v 1.33956 2.29309 -0.348646
v 2.36452 0.990351 -0.414074
v -0.355532 2.46113 -0.286987
v 0.0541449 2.47968 -0.371322
v -0.13972 2.47948 -0.350216
v -1.31793 2.32382 -0.412185
v -1.92822 0.513661 -0.301606
v -1.33937 2.2931 -0.349343
v 1.32718 2.32383 -0.379847
v 2.24444 0.823329 -0.401004
v 2.27257 1.20655 -0.414685
v 1.32048 2.21482 -0.339477
v 2.30551 0.867711 -0.392987
v 2.16307 1.19612 -0.397416
v -1.82058 1.47225 -0.293667
v 1.87587 1.28394 -0.347134
v 2.3854 1.0906 -0.423226
v -1.30636 2.21489 -0.289556
v 1.48957 0.035239 -0.311815
v 1.81857 0.334506 -0.29367
v 2.42791 1.06538 -0.3972
v 2.3597 0.915316 -0.3841
v 1.28129 2.2218 -0.336031
v -1.11162 2.33906 -0.318152
v 1.82068 1.47215 -0.293296
v 2.02293 0.655385 -0.365549
v 1.90764 1.13306 -0.401514
v 1.9058 1.16701 -0.367244
v -1.79289 0.311625 -0.332245
v 2.40762 0.965843 -0.374439
v 2.25372 1.25831 -0.379766
v 2.11054 0.690317 -0.36134
v 1.47265 0.0152408 -0.312742
v -1.24733 2.26363 -0.356994
v -1.24005 2.27644 -0.354911
v 1.24733 2.26363 -0.356994
v 2.42764 1.31705 -0.388619
v 2.48445 1.15046 -0.378111
v 1.24005 2.27644 -0.354911
v -1.19718 2.29985 -0.399628
v -1.46578 0.0158386 -0.344041
v -1.45062 6.20678e-06 -0.384294
v 2.18916 0.729454 -0.356118
v 1.9837 1.18344 -0.36338
v -1.44389 2.29314 -0.304087
v 2.45986 1.19569 -0.39685
v 2.41891 1.21639 -0.410124
v 2.06863 1.21099 -0.356118
v 2.25944 0.772489 -0.349967
v -0.205631 2.47947 -0.314527
v -1.65549 1.85742 -0.306352
v 1.95343 0.671426 -0.404597
v 2.32199 0.819113 -0.342971
v 0.304892 2.46138 -0.340608
v -1.72809 0.23421 -0.27798
v 2.31048 1.31336 -0.3641
v 2.46843 1.04464 -0.359252
v 2.14814 1.24631 -0.346732
v 2.37744 0.869019 -0.335215
v 1.39512 2.34231 -0.289065
v 2.56156 1.31913 -0.34074
v 2.36826 1.3093 -0.384915
v 1.16385 2.32064 -0.351806
v 2.51976 1.13199 -0.341778
v -1.37024 2.24998 -0.289018
v -1.47496 2.25 -0.272945
v 1.64773 1.85837 -0.345862
v 2.42642 0.921897 -0.326783
v 2.21631 1.28957 -0.335215
v 0.157172 2.48001 -0.341542
v 1.34212 2.34225 -0.354122
v -1.35242 2.32386 -0.279129
v 1.35129 2.32381 -0.284203
v -0.59117 2.42909 -0.233817
v -1.31824 2.21482 -0.348047
v 0.0199396 2.50042 -0.30433
v -1.31098 2.2125 -0.331529
v 2.27838 1.34097 -0.321605
v 2.48831 1.0039 -0.31363
v -0.0819313 2.50026 -0.293595
v 2.37086 1.39194 -0.341778
v 2.57418 1.25191 -0.317907
v 1.28997 2.2125 -0.404851
v 2.53475 1.35413 -0.357514
v -0.770038 2.40397 -0.224284
v 2.0305 0.607128 -0.297009
v 1.30347 2.21487 -0.30236
v -1.28006 2.22203 -0.338724
v 1.90491 1.1899 -0.339054
v 1.90427 1.21345 -0.304021
v 1.90426 1.21732 -0.297406
v 1.90439 1.22197 -0.289648
v 2.12005 0.643749 -0.293589
v 0.0156325 2.86534 -0.350725
v -0.0168754 2.89714 -0.364529
v 0.049792 2.89715 -0.361527
v 0.0169583 2.92587 -0.363815
v -0.049576 2.92586 -0.360841
v 2.50952 1.5051 -0.335918
v -1.97549 0.750316 -0.315898
v -1.98484 0.835332 -0.225943
v -0.0136024 2.93847 -0.357144
v -1.96393 0.922287 -0.316651
v -0.0315168 2.86542 -0.349336
v 0.0803072 2.86533 -0.3418
v -1.97594 0.668243 -0.270629
v 1.9541 0.633681 -0.368797
v -0.0649369 2.93882 -0.350911
v 0.0516881 2.93847 -0.353665
v 0.0840856 2.92588 -0.354411
v 1.95376 0.601667 -0.330008
v 2.02775 1.24499 -0.292116
v 2.20038 0.684652 -0.289346
v -1.55791 0.0851397 -0.251515
v 1.93579 0.520111 -0.265129
v -1.96941 0.603417 -0.225577
v -1.93893 1.10039 -0.26556
v -0.0841283 2.89713 -0.355131
v 0.117562 2.89715 -0.345532
v -0.100115 2.92584 -0.3498
v -1.26831 2.27644 -0.234704
v -1.27575 2.26363 -0.236081
v 1.27575 2.26363 -0.236081
v 0.000350692 2.95097 -0.344444
v 2.27211 0.729521 -0.284348
v -1.23989 2.29981 -0.229444
v 1.26831 2.27644 -0.234704
v 2.54078 1.09529 -0.298279
v -0.0750142 2.95102 -0.336753
v 0.045915 2.82978 -0.32229
v -0.0136212 2.82983 -0.325269
v -0.081052 2.86531 -0.341609
v 0.145298 2.86532 -0.319663
v -0.150748 2.92587 -0.331637
v 2.33592 0.778039 -0.278664
v 2.1105 1.27728 -0.284348
v -0.114662 2.93889 -0.338343
v 0.1515 2.92588 -0.331291
v 1.87227 0.391583 -0.213598
v -1.89813 0.453537 -0.304713
v -0.168279 2.50035 -0.254718
v 0.112643 2.49992 -0.283887
v -1.48914 0.0352254 -0.313783
v 1.89007 1.28394 -0.258868
v 1.23989 2.29981 -0.229444
v 2.4186 1.47721 -0.317907
v 2.46293 1.48429 -0.334523
v 2.61792 1.37638 -0.293262
v 0.106568 2.82989 -0.307741
v -0.0593655 2.83125 -0.320803
v 0 2.97133 -0.303752
v 1.47697 -5.88324e-09 -0.261853
v -1.48637 0.0159478 -0.24336
v 0.074019 2.95086 -0.337352
v 0.115986 2.9389 -0.33788
v -0.141995 2.95084 -0.314639
v 2.18035 1.31415 -0.275713
v 2.39243 0.82989 -0.272362
v -1.86052 0.39162 -0.299395
v 1.46839 2.25011 -0.308089
v 0.065733 2.97134 -0.297157
v 2.59614 1.2201 -0.277446
v 2.34984 1.42864 -0.298279
v 2.51237 1.40288 -0.359445
v 2.60165 1.55441 -0.307688
v -0.0637105 2.97129 -0.297518
v -0.129111 2.86542 -0.326127
v -0.151677 2.89713 -0.331991
v 0.183844 2.89714 -0.315337
v -0.179556 2.9389 -0.308868
v -0.108099 2.83205 -0.308802
v -1.43084 2.32389 -0.232145
v 1.44422 2.29312 -0.302537
v 2.57619 1.71422 -0.280345
v -1.73563 1.70297 -0.237914
v 2.44231 0.884756 -0.265511
v 1.78531 0.282053 -0.203676
v -1.80648 0.311625 -0.24789
v 1.2055 2.32068 -0.163554
v -1.14564 2.33918 -0.162037
v 0.144403 2.95084 -0.313533
v 0.180812 2.93891 -0.308127
v -1.39353 2.34232 -0.296621
v 1.41893 2.32388 -0.296485
v 1.73897 0.234181 -0.198481
v 2.2398 1.35824 -0.265511
v 2.48619 0.942321 -0.25818
v 0 2.7583 -0.260293
v -0.17745 2.86529 -0.302998
v 0.165549 2.82977 -0.280382
v -0.199486 2.89717 -0.305127
v 0.206766 2.8653 -0.283821
v 0.215211 2.92588 -0.293952
v 0.251164 2.47955 -0.279765
v -0.266897 2.47969 -0.265195
v -1.64279 1.91791 -0.21235
v -0.0478371 2.75517 -0.253111
v 0.0472334 2.76176 -0.259009
v 0.126673 2.97145 -0.276209
v -0.151987 2.97131 -0.265218
v 1.39242 2.34844 -0.182804
v 2.46542 1.5919 -0.285626
v 2.69282 1.62035 -0.243605
v 1.38165 2.24974 -0.227622
v 1.36169 2.29145 -0.247914
v -1.35799 2.22182 -0.223339
v 1.64762 0.151319 -0.187956
v 1.13695 2.33906 -0.210395
v -0.96588 2.37155 -0.282822
v 2.39664 1.50901 -0.277446
v 2.27417 1.39004 -0.25818
v 2.52472 1.00227 -0.250437
v 1.36968 2.34225 -0.225
v -0.2025 2.95084 -0.27958
v -1.36081 2.29478 -0.24833
v 1.95282 0.581453 -0.299063
v 0.179479 2.50054 -0.247439
v 1.35114 2.22181 -0.263371
v -1.35248 2.21496 -0.181029
v 2.66269 1.74996 -0.261658
v 1.33762 2.21253 -0.223082
v 2.55855 1.06428 -0.242351
v 2.66459 1.63663 -0.267677
v -1.60645 1.99157 -0.224869
v -1.60834 1.9875 -0.225
v -1.61461 1.97472 -0.22301
v 0.204697 2.95084 -0.277971
v -1.30196 2.22187 -0.24093
v 0.244232 2.89714 -0.271288
v -0.214524 2.92588 -0.294456
v 0 2.52356 -0.245312
v -0.238708 2.93891 -0.265829
v -0.0956454 2.75486 -0.23889
v 0.0967418 2.76238 -0.24542
v -1.2783 2.25 -0.236552
v 1.30196 2.22187 -0.24093
v 0.0446378 2.52356 -0.241217
v -0.0673491 2.52338 -0.237123
v 1.56808 0.0852185 -0.17811
v -1.64777 0.151367 -0.187115
v 2.03342 0.588526 -0.255123
v 1.9528 0.580903 -0.298196
v 0.239809 2.93891 -0.264835
v -0.03947 2.9868 -0.235708
v 2.33208 1.45965 -0.242351
v 2.6147 1.19322 -0.225425
v 1.95161 0.559739 -0.258827
v 1.95228 0.570912 -0.280802
v 1.2783 2.25 -0.236552
v 1.90418 1.24818 -0.234021
v 1.93105 1.24091 -0.255123
v 2.12739 0.607845 -0.210782
v 2.20902 0.65011 -0.207735
v 1.90451 1.25956 -0.202612
v 1.99136 1.27331 -0.210782
v 0.21917 2.82971 -0.240756
v -0.167402 2.83211 -0.281186
v 2.64274 1.36261 -0.256915
v 2.43384 1.59277 -0.256603
v -0.425018 2.46111 -0.167725
v 0.0749558 2.98689 -0.225179
v -0.237611 2.50036 -0.191687
v 2.28189 0.696393 -0.204147
v 0.179836 2.9714 -0.245081
v 1.51218 0.0352452 -0.171134
v 2.62884 1.7614 -0.267786
v 2.34666 0.746372 -0.200066
v -0.244669 2.89714 -0.270894
v 0.260501 2.86529 -0.235469
v -0.270276 2.92588 -0.244292
v 0.270849 2.92588 -0.243657
v -0.12784 2.98678 -0.19954
v 1.95187 0.563935 -0.267342
v 2.66697 1.96259 -0.221651
v 2.70451 1.76839 -0.242643
v 2.12522 1.32109 -0.202262
v 2.40399 0.799722 -0.195542
v 2.37807 1.53589 -0.225425
v 2.66151 1.33672 -0.209973
v -0.255455 2.95084 -0.232196
v -1.51195 0.03523 -0.17307
v 1.49626 0.0160103 -0.172364
v -0.141557 2.75468 -0.2147
v 0.144066 2.7625 -0.221104
v -1.59897 2.00848 -0.221484
v -1.48613 2.25 -0.203543
v 2.45455 0.85612 -0.190624
v 2.2094 1.37165 -0.193977
v -0.235469 2.86529 -0.260501
v -1.99191 0.75 -0.179709
v -1.98697 0.684844 -0.194292
v -1.98073 0.922119 -0.1787
v -0.133543 2.52359 -0.206725
v -1.98023 0.652036 -0.216773
v 2.71703 1.61167 -0.213596
v -1.95301 1.10058 -0.132324
v 1.95173 0.561679 -0.262991
v 2.73323 1.75325 -0.222423
v -1.89589 1.28415 -0.215985
v 2.49901 0.915243 -0.18536
v -1.94614 0.522376 -0.184336
v -1.96284 0.580733 -0.22159
v -1.95725 0.559752 -0.212664
v -1.95096 0.538231 -0.198538
v 1.94595 0.520111 -0.175563
v 1.90992 0.453371 -0.217851
v -1.47698 -2.92035e-09 -0.261798
v -1.9141 0.453516 -0.172689
v 0.0358524 2.68359 -0.193742
v 0 2.68359 -0.197031
v 1.41709 2.34234 -0.148232
v 1.9 1.28394 -0.171417
v -1.83629 1.47188 -0.165669
v 1.95032 0.54113 -0.214833
v 2.03634 0.569923 -0.213237
v 2.68438 1.90664 -0.235547
v 2.53802 0.976766 -0.179801
v 2.26134 1.41712 -0.18536
v 0.294605 2.89713 -0.215523
v -0.288081 2.93891 -0.211308
v 0.0725262 2.68359 -0.183197
v -0.0358524 2.68359 -0.193742
v 2.41519 1.61712 -0.207949
v 1.83788 0.334525 -0.124885
v -1.88017 0.391635 -0.12677
v -1.37101 2.34225 -0.216756
v 0.10708 2.52413 -0.22054
v 2.7515 1.88297 -0.220825
v -1.39287 2.2499 -0.144999
v -0.221244 2.83214 -0.241173
v -1.37323 2.32399 -0.147222
v 0.288954 2.93891 -0.21012
v 1.37346 2.32367 -0.142724
v 2.57225 1.04036 -0.173996
v 1.83629 1.47188 -0.165669
v -1.816 0.311632 -0.164318
v 0.263808 2.82972 -0.190805
v 1.34009 2.21253 -0.102352
v -1.33674 2.21253 -0.139152
v -0.019757 2.55034 -0.199421
v 1.95103 0.55097 -0.239883
v 2.75896 1.73968 -0.194115
v 0.226847 2.97141 -0.202326
v -0.224135 2.97126 -0.20576
v 0.257289 2.95084 -0.230163
v -1.31871 2.22187 -0.118973
v 2.58067 1.83577 -0.242228
v 2.62901 1.1725 -0.161844
v 2.31838 1.48356 -0.173996
v 0.107817 2.68359 -0.164914
v -0.0725262 2.68359 -0.183197
v 0.0542205 2.55019 -0.193124
v -1.29474 2.25 -0.116811
v 1.31871 2.22187 -0.118973
v -1.67861 1.86195 -0.1066
v 1.757 1.66385 -0.19981
v -1.74634 0.234232 -0.117666
v 0 2.99659 -0.140125
v -0.0254975 2.99659 -0.137785
v 1.29474 2.25 -0.116811
v -1.29216 2.26363 -0.116578
v -1.28463 2.27644 -0.115898
v 1.29216 2.26363 -0.116578
v 0.156727 2.98684 -0.179393
v 2.7513 2.02924 -0.211616
v 2.72226 1.90428 -0.230124
v 2.4515 1.71432 -0.189247
v -1.25584 2.29981 -0.113301
v 1.28463 2.27644 -0.115898
v 2.73764 1.59666 -0.173547
v 0.40481 2.46112 -0.211875
v 0.0254975 2.99659 -0.137785
v 2.7985 1.9721 -0.205432
v -0.182519 2.75464 -0.181126
v 0.186278 2.76245 -0.186865
v -0.294951 2.89714 -0.215051
v 0.302998 2.86529 -0.17745
v -0.314364 2.92588 -0.184097
v 1.25584 2.29981 -0.113301
v -1.20452 2.32071 -0.170137
v 0.31479 2.92587 -0.183372
v -1.62074 1.96211 -0.221439
v -1.62945 1.94649 -0.210432
v -1.64051 1.92726 -0.19299
v 1.67289 1.85824 -0.19024
v -0.0735299 2.5497 -0.186362
v 0.9671 2.37366 -0.229891
v 0.0515791 2.99659 -0.130286
v -0.0515791 2.99659 -0.130286
v 2.36376 1.55661 -0.161844
v -1.61841 1.96707 -0.221348
v -2.59283 1.09278 -0.22142
v -2.31323 0.831484 -0.221409
v -2.11292 0.681318 -0.224921
v -2.12191 0.710447 -0.221002
v -2.06117 1.98436 -0.224982
v -2.10241 1.96157 -0.221484
v -2.35878 1.94669 -0.221439
v -2.49522 1.95302 -0.224998
v -2.53752 1.91949 -0.221449
v -2.69539 1.89146 -0.224995
v -2.66667 1.8782 -0.221423
v -2.78641 1.82704 -0.224999
v -2.75683 1.81851 -0.221393
v -2.83777 1.73928 -0.225004
v -2.80847 1.73705 -0.221387
v -2.84963 1.62665 -0.225007
v -2.82156 1.60733 -0.221396
v -2.81303 1.41817 -0.22501
v -2.78503 1.43356 -0.221445
v -2.66213 1.13511 -0.225008
v -2.71248 1.26601 -0.221401
v -2.39724 0.864358 -0.224997
v -2.46744 0.958952 -0.22141
v -2.59091 1.95225 -0.221553
v -2.7239 1.90398 -0.221571
v -2.81551 1.83466 -0.221574
v -2.86644 1.7406 -0.221557
v -2.8773 1.61967 -0.221508
v -2.86329 1.51272 -0.221484
v -2.84604 1.4424 -0.221484
v -2.82169 1.37136 -0.221484
v -2.79017 1.29989 -0.221484
v -2.72585 1.18628 -0.221521
v -2.65144 1.08598 -0.221484
v -2.59015 1.01584 -0.221484
v -2.47781 0.906777 -0.221535
v -2.35964 0.813122 -0.221484
v -2.26692 0.749118 -0.221484
v -2.16609 0.687399 -0.221484
v -2.07788 2.00459 -0.221567
v -2.40541 1.98446 -0.221515
v -0.297399 2.95084 -0.175261
v 2.5733 1.91288 -0.207807
v 2.81006 1.86233 -0.17666
v 2.51623 1.83471 -0.200466
v -1.58825 2.03292 -0.216049
v -2.12359 0.734563 -0.209839
v -2.11413 0.634972 -0.211194
v -2.46513 1.99709 -0.210938
v -2.36294 2.00883 -0.210938
v -2.60867 1.97 -0.211175
v -2.07954 2.02463 -0.211297
v -2.31709 0.757053 -0.21107
v -2.4537 0.858707 -0.210938
v -2.56814 0.959228 -0.211048
v -2.69615 1.10128 -0.211031
v -2.7932 1.24685 -0.211016
v -2.85977 1.39386 -0.21101
v -2.88977 1.50614 -0.210938
v -2.90447 1.61964 -0.210996
v -2.8986 1.71668 -0.210938
v -2.88219 1.77504 -0.210938
v -2.85489 1.82562 -0.210938
v -2.81676 1.869 -0.210938
v -2.76783 1.90571 -0.210938
v -2.70816 1.93633 -0.210938
v -2.09437 1.94156 -0.210938
v -2.3459 1.92752 -0.21084
v -2.51626 1.9023 -0.210734
v -2.64578 1.86237 -0.210795
v -2.71406 1.82124 -0.210938
v -2.74885 1.78732 -0.210938
v -2.77382 1.74777 -0.210938
v -2.79192 1.68642 -0.210576
v -2.791 1.59288 -0.210938
v -2.77672 1.50518 -0.210829
v -2.74621 1.40623 -0.210938
v -2.70445 1.30954 -0.210812
v -2.64478 1.2065 -0.210938
v -2.5739 1.10761 -0.210776
v -2.45319 0.975808 -0.210747
v -2.30473 0.85064 -0.210725
v -0.283821 2.8653 -0.206766
v 2.79393 1.89802 -0.198511
v 0.109772 2.54972 -0.167566
v -0.109442 2.55 -0.167399
v 0.139322 2.68359 -0.139322
v -0.107817 2.68359 -0.164914
v 0.298763 2.95084 -0.172938
v -1.58345 2.04966 -0.190795
v 2.78859 2.02099 -0.208526
v 0.182277 2.52402 -0.164998
v -0.192728 2.52383 -0.152268
v 1.94984 0.534709 -0.196205
v 1.94918 0.526206 -0.166839
v 2.03986 0.550357 -0.141151
v -0.177523 2.98681 -0.158108
v -1.57448 0.0851838 -0.106915
v 2.78071 1.72821 -0.157718
v 1.92598 1.27328 -0.165639
v 2.86898 2.06898 -0.190557
v 2.86496 2.0131 -0.181178
v -2.17007 0.782804 -0.193359
v -2.07666 0.729642 -0.193359
v -2.0447 1.92489 -0.19384
v -2.2914 1.91257 -0.193359
v -2.46079 1.89254 -0.193359
v -2.53201 1.87785 -0.193359
v -2.5941 1.85951 -0.193359
v -2.64694 1.83711 -0.193359
v -2.69043 1.81025 -0.193359
v -2.72445 1.77851 -0.193359
v -2.74889 1.74149 -0.193359
v -2.76364 1.69879 -0.193359
v -2.76874 1.63372 -0.192917
v -2.7574 1.53906 -0.193359
v -2.73498 1.44999 -0.193197
v -2.6971 1.35287 -0.193359
v -2.64738 1.25542 -0.193194
v -2.55754 1.12288 -0.193174
v -2.47185 1.02446 -0.193359
v -2.40693 0.960731 -0.193359
v -2.33508 0.898867 -0.193359
v -2.25617 0.839385 -0.193359
v -2.79044 1.91854 -0.193359
v -2.72949 1.95069 -0.193359
v -2.84038 1.87999 -0.193359
v -2.87928 1.83444 -0.193359
v -2.90712 1.78131 -0.193359
v -2.92384 1.72003 -0.193359
v -2.92942 1.65 -0.193359
v -2.92571 1.57517 -0.193359
v -2.91452 1.49998 -0.193359
v -2.89577 1.42464 -0.193359
v -2.86936 1.34933 -0.193359
v -2.83519 1.27426 -0.193359
v -2.79319 1.19962 -0.193359
v -2.74326 1.12559 -0.193359
v -2.68531 1.05239 -0.193359
v -2.61925 0.980194 -0.193359
v -2.545 0.909208 -0.193359
v -2.46245 0.839626 -0.193359
v -2.37152 0.77164 -0.193359
v -2.27212 0.705448 -0.193359
v -2.11453 0.61439 -0.194478
v -2.65757 1.97701 -0.193359
v -2.57471 1.99809 -0.193359
v -2.43047 2.02187 -0.193444
v -2.13459 2.0416 -0.193359
v -1.84979 2.04704 -0.193359
v -1.5871 2.03873 -0.203604
v 2.03662 1.28801 -0.203121
v 2.21459 0.627879 -0.111287
v 1.15601 2.33916 -0.0494377
v -0.335916 2.47967 -0.169798
v 0.0766775 2.99659 -0.117284
v -0.0766775 2.99659 -0.117284
v 2.67607 1.31634 -0.151634
v 2.40039 1.63469 -0.149297
v 1.99546 1.3026 -0.0890862
v 2.0432 1.31257 -0.111287
v 2.28818 0.675073 -0.109365
v -0.26594 2.83215 -0.190758
v -0.280519 2.50014 -0.120828
v 0.245767 2.50026 -0.180452
v 2.69745 2.07833 -0.192173
v -1.48997 0 -0.173196
v -1.50296 0.015954 -0.0969646
v 2.35357 0.725992 -0.107178
v -1.46591 2.29261 -0.170773
v -1.49707 2.25049 -0.0947384
v -1.57883 2.06484 -0.16875
v 1.49076 2.2501 -0.169386
v 2.84061 1.92087 -0.168904
v 2.6295 2.02897 -0.18552
v 2.55869 1.95095 -0.17666
v 2.82896 2.12486 -0.196912
v 2.87138 2.11986 -0.193927
v -1.44336 2.32383 -0.130219
v 1.46617 2.29312 -0.166114
v 2.12059 1.34264 -0.109471
v 2.41143 0.780307 -0.104755
v 0.331991 2.89713 -0.151677
v -0.324759 2.93891 -0.148855
v 2.96217 2.15908 -0.180194
v 2.82719 2.1733 -0.187974
v 0 2.64723 -0.175896
v 0.0320066 2.64723 -0.172959
v 0.0325136 2.57231 -0.174345
v -0.0677665 2.56449 -0.171175
v -1.41648 2.34229 -0.155047
v 1.44097 2.32419 -0.155368
v 1.9494 0.52893 -0.177155
v 1.94937 0.528592 -0.175874
v 2.46244 0.837692 -0.10212
v 2.18232 1.37829 -0.104755
v 0.325362 2.9389 -0.147555
v 2.92236 2.20384 -0.18895
v 2.92563 2.08529 -0.172488
v 2.52505 1.93688 -0.145845
v 2.83345 1.85408 -0.143536
v -0.0320066 2.64723 -0.172959
v 0.0647464 2.64723 -0.163546
v 2.87533 1.97715 -0.161908
v -2.08077 0.750876 -0.16875
v -2.27437 0.686541 -0.16875
v -2.37666 0.75368 -0.16875
v -2.04344 0.557989 -0.16875
v -2.16332 0.621261 -0.16875
v -1.85004 2.06403 -0.16875
v -2.27941 1.89644 -0.16875
v -2.4447 1.87764 -0.16875
v -2.51428 1.86385 -0.16875
v -2.57498 1.84664 -0.16875
v -2.62669 1.82562 -0.16875
v -2.66926 1.8004 -0.16875
v -2.7026 1.77061 -0.16875
v -2.72656 1.73587 -0.16875
v -2.74103 1.69579 -0.16875
v -2.74587 1.65 -0.16875
v -2.74068 1.57461 -0.168503
v -2.7217 1.4868 -0.16875
v -2.69158 1.39609 -0.168584
v -2.62966 1.26766 -0.168613
v -2.56677 1.16997 -0.16875
v -2.51738 1.10496 -0.16875
v -2.46153 1.04073 -0.16875
v -2.39909 0.977827 -0.16875
v -2.38831 2.04297 -0.16875
v -2.14133 2.05836 -0.16875
v -2.49513 2.0301 -0.16875
v -2.6753 1.99101 -0.16875
v -2.5908 2.01299 -0.16875
v -2.7486 1.96356 -0.16875
v -2.81069 1.93004 -0.16875
v -2.86155 1.88983 -0.16875
v -2.90114 1.84233 -0.16875
v -2.92945 1.78693 -0.16875
v -2.94645 1.72302 -0.16875
v -2.95213 1.65 -0.16875
v -2.94828 1.5722 -0.16875
v -2.9367 1.49447 -0.16875
v -2.9173 1.41695 -0.16875
v -2.88999 1.3398 -0.16875
v -2.85469 1.26317 -0.16875
v -2.81131 1.18719 -0.16875
v -2.75976 1.11204 -0.16875
v -2.69998 1.03784 -0.16875
v -2.63186 0.964759 -0.16875
v -2.55532 0.892939 -0.16875
v -2.47028 0.82253 -0.16875
v -2.17091 0.802787 -0.16875
v -2.25392 0.858292 -0.16875
v -2.32993 0.916827 -0.16875
v -2.0801 1.90609 -0.16875
v -1.65505 1.90401 -0.1568
v -1.65105 1.91021 -0.168854
v -1.39307 2.34845 -0.177936
v 0.296873 2.82981 -0.133766
v 2.97097 2.20141 -0.185991
v 2.50726 0.897817 -0.0993001
v 2.75354 1.58508 -0.124598
v -1.38208 2.34228 -0.124691
v 1.39434 2.25 -0.125796
v 1.37819 2.29307 -0.12434
v -1.37037 2.22187 -0.123634
v -0.276583 2.9713 -0.130064
v 1.38208 2.34228 -0.124691
v 2.68374 2.1109 -0.172488
v 2.97431 2.13176 -0.167665
v -1.37819 2.29307 -0.12434
v 3.04172 2.21483 -0.177439
v 3.10506 2.27541 -0.182596
v 3.0423 2.27358 -0.185668
v 1.37037 2.22187 -0.123634
v 0.0655002 2.57231 -0.164813
v 2.91484 2.03086 -0.155757
v 2.59909 2.03539 -0.161908
v 2.81375 2.1988 -0.17768
v 2.25309 1.43454 -0.0993001
v 2.54658 0.960354 -0.0963221
v 3.17013 2.27934 -0.17276
v 2.98022 2.27184 -0.182652
v 2.88984 2.25 -0.175781
v 3.15309 2.30001 -0.173035
v 3.0629 2.29819 -0.175771
v -0.0320287 2.57231 -0.174436
v 0.000254246 2.57231 -0.177351
v -1.99289 0.71499 -0.157058
v 0.164914 2.68359 -0.107817
v -0.139322 2.68359 -0.139322
v 0.099083 2.99659 -0.099083
v -0.0647464 2.64723 -0.163546
v 0.096252 2.64723 -0.147224
v 2.73231 2.16666 -0.16571
v 3.02934 2.1749 -0.164101
v -0.647486 2.42727 -0.0517588
v -0.099083 2.99659 -0.099083
v 2.93754 2.2768 -0.17276
v 3.21114 2.3012 -0.164795
v 2.58106 1.02498 -0.0932121
v -1.99801 0.75 -0.0891605
v -1.9965 0.733617 -0.115635
v -1.98875 0.922236 -0.0446997
v -1.97123 1.01078 -0.133523
v -0.215841 2.75477 -0.139962
v 0.220468 2.76224 -0.144629
v 2.95978 2.08168 -0.150535
v 0.100742 2.56449 -0.154091
v -0.100742 2.56449 -0.154091
v 2.86506 1.91409 -0.137235
v 2.82559 2.24344 -0.160495
v 3.08759 2.2141 -0.163191
v 0.0303544 2.6124 -0.164031
v 0 2.6124 -0.166816
v -1.90582 1.28394 -0.0850464
v 3.22364 2.27992 -0.158363
v 3.08782 2.31126 -0.163374
v 3.20873 2.31448 -0.158176
v 1.949 0.523847 -0.157907
v 1.94872 0.520112 -0.141443
v 1.91996 0.453516 -0.0856776
v 0.59947 2.42956 -0.208281
v 2.30956 1.49895 -0.0932121
v 2.63822 1.15916 -0.0867019
v 0 2.59577 -0.167983
v -0.0305667 2.59577 -0.165179
v 2.79748 1.71937 -0.113234
v 2.43478 1.72524 -0.136853
v -0.140813 2.54998 -0.142056
v 0.141791 2.54971 -0.141527
v 1.49557 -8.14267e-06 -0.12383
v 2.94487 2.29586 -0.158651
v 0.0614042 2.6124 -0.155104
v -0.0303544 2.6124 -0.164031
v 2.88403 2.27622 -0.158363
v 3.26542 2.30231 -0.151062
v -1.93791 0.496781 -0.150478
v -1.93097 0.475811 -0.101211
v -1.91996 0.453516 -0.0856776
v 0.323987 2.47994 -0.191547
v 3.01076 2.12932 -0.146326
v 1.90538 1.28165 -0.106672
v 1.90499 1.27437 -0.14794
v 0.0305667 2.59577 -0.165179
v -0.0622908 2.5874 -0.157891
v 2.90103 1.97173 -0.13155
v -2.07441 1.89192 -0.137109
v -2.32558 0.932006 -0.137109
v -2.25201 0.874272 -0.137109
v -2.17161 0.819676 -0.137109
v -2.08425 0.768823 -0.137109
v -2.14703 2.07253 -0.137109
v -1.85026 2.0784 -0.137109
v -2.03996 0.540043 -0.137109
v -2.16262 0.604372 -0.137109
v -2.39845 2.0566 -0.137109
v -2.50711 2.04329 -0.137109
v -2.60439 2.02558 -0.137109
v -2.69028 2.00284 -0.137109
v -2.76476 1.97444 -0.137109
v -2.82782 1.93975 -0.137109
v -2.87944 1.89815 -0.137109
v -2.91961 1.849 -0.137109
v -2.94833 1.79168 -0.137109
v -2.96556 1.72556 -0.137109
v -2.97131 1.65 -0.137109
v -2.96736 1.56969 -0.137109
v -2.95545 1.48981 -0.137109
v -2.9355 1.41045 -0.137109
v -2.90743 1.33174 -0.137109
v -2.87116 1.25379 -0.137109
v -2.82662 1.1767 -0.137109
v -2.77371 1.10058 -0.137109
v -2.71237 1.02555 -0.137109
v -2.64251 0.951715 -0.137109
v -2.56405 0.879189 -0.137109
v -2.47691 0.808081 -0.137109
v -2.38101 0.738501 -0.137109
v -2.27627 0.670561 -0.137109
v -2.39247 0.992276 -0.137109
v -2.4528 1.05448 -0.137109
v -2.50672 1.11801 -0.137109
v -2.55438 1.18226 -0.137109
v -2.59591 1.24664 -0.137109
v -2.64752 1.34196 -0.13701
v -2.6851 1.43447 -0.137109
v -2.71181 1.52291 -0.137452
v -2.72416 1.60167 -0.137109
v -2.72669 1.65 -0.137109
v -2.72191 1.69326 -0.137109
v -2.70768 1.73112 -0.137109
v -2.68412 1.76394 -0.137109
v -2.65137 1.79208 -0.137109
v -2.60956 1.8159 -0.137109
v -2.55883 1.83576 -0.137109
v -2.4993 1.85202 -0.137109
v -2.43111 1.86504 -0.137109
v -2.26928 1.8828 -0.137109
v -1.5752 2.07897 -0.137391
v 3.06842 2.17345 -0.143215
v 2.65937 2.12962 -0.148036
v 0.332183 2.8653 -0.113721
v -0.33223 2.89715 -0.151161
v -0.344636 2.92588 -0.117978
v 0.344901 2.92587 -0.117212
v 1.94834 0.515089 -0.115087
v 0.262721 2.97145 -0.152707
v -0.225179 2.98689 -0.0749558
v -1.76422 1.66394 -0.119566
v 2.13605 0.590397 -0.137244
v 1.90565 1.28349 -0.0943096
v -1.82158 0.311625 -0.0817652
v 1.79643 0.282087 -0.0407892
v -0.0614042 2.6124 -0.155104
v 0.0618337 2.59577 -0.156189
v -0.096252 2.64723 -0.147224
v 0.124377 2.64723 -0.124377
v 2.97014 2.30761 -0.147408
v 3.28676 2.31666 -0.140739
v 3.13282 2.21505 -0.142791
v -0.320632 2.95078 -0.126935
v 3.16273 2.31798 -0.152507
v 3.18174 2.31718 -0.154542
v 0.0912836 2.6124 -0.139625
v 2.57339 2.0408 -0.13155
v 2.94201 2.02668 -0.126553
v 2.72814 2.2011 -0.142008
v 2.35455 1.56995 -0.0867019
v 2.68413 1.29775 -0.0799805
v 1.74982 0.234211 -0.0398042
v -0.0927167 2.5874 -0.142173
v 3.10271 2.31592 -0.14998
v 3.27158 2.28045 -0.138208
v 2.79375 2.25 -0.140625
v -0.319663 2.86532 -0.145298
v 0.327119 2.95083 -0.110204
v 2.83609 2.27569 -0.138208
v 3.31405 2.30331 -0.131836
v 2.85148 1.84773 -0.103052
v 1.6579 0.151357 -0.0376389
v -0.0912836 2.6124 -0.139625
v 0.0930428 2.5874 -0.141959
v 2.98864 2.07863 -0.122309
v 0.130179 2.56449 -0.130179
v -0.130179 2.56449 -0.130179
v 3.26821 2.32002 -0.141379
v -1.66315 1.89197 -0.127878
v -1.67263 1.87896 -0.0654293
v 2.87228 2.29425 -0.131836
v 2.62074 2.11757 -0.122309
v 3.04157 2.12725 -0.11889
v -0.630176 2.42881 -0.086273
v 3.1395 2.3142 -0.136252
v -0.298879 2.83212 -0.133258
v 2.39959 1.66607 -0.0774281
v -1.65795 0.151386 -0.0368295
v 1.57778 0.0852435 -0.0350806
v -0.117284 2.99659 -0.0766775
v 0.117284 2.99659 -0.0766775
v 3.22296 2.31738 -0.127716
v -0.124377 2.64723 -0.124377
v 0.117957 2.6124 -0.117957
v 3.10144 2.17223 -0.116362
v 0.120156 2.5874 -0.119883
v -0.119883 2.5874 -0.120156
v 2.88391 1.90887 -0.0985274
v 2.5117 1.95215 -0.104659
v 2.68039 2.18784 -0.116362
v 0.183197 2.68359 -0.0725262
v -0.164914 2.68359 -0.107817
v 1.52145 0.0352469 -0.0332313
v 1.94867 0.519443 -0.138491
v 2.73877 2.2395 -0.113642
v 3.17139 2.21576 -0.116363
v 3.33542 2.32008 -0.121563
v 3.3121 2.28089 -0.112294
v 3.03337 2.31019 -0.130751
v 3.29595 2.32012 -0.109553
v -0.117957 2.6124 -0.117957
v 0.279039 2.50015 -0.123953
v -0.225368 2.52361 -0.0979786
v 0.215408 2.98681 -0.100468
v 0.147224 2.64723 -0.096252
v 1.94839 0.515698 -0.118936
v 2.79557 2.27525 -0.112294
v 3.35515 2.30415 -0.107117
v 0.00451094 3 -0.00864299
v 2.92084 1.96756 -0.0944465
v -2.08692 0.782659 -0.0984375
v -2.03728 0.526206 -0.0984375
v -2.16207 0.59135 -0.0984375
v -2.27774 0.658241 -0.0984375
v -2.38436 0.726798 -0.0984375
v -2.48201 0.796941 -0.0984375
v -2.57077 0.868587 -0.0984375
v -2.65072 0.941658 -0.0984375
v -2.72193 1.01607 -0.0984375
v -2.78447 1.09174 -0.0984375
v -2.83842 1.1686 -0.0984375
v -2.88387 1.24656 -0.0984375
v -2.92088 1.32553 -0.0984375
v -2.94953 1.40544 -0.0984375
v -2.9699 1.48621 -0.0984375
v -2.98207 1.56776 -0.0984375
v -2.98611 1.65 -0.0984375
v -2.9803 1.72751 -0.0984375
v -2.96288 1.79534 -0.0984375
v -2.93386 1.85415 -0.0984375
v -2.89323 1.90457 -0.0984375
v -2.84102 1.94725 -0.0984375
v -2.77721 1.98283 -0.0984375
v -2.70183 2.01196 -0.0984375
v -2.61487 2.03529 -0.0984375
v -2.51634 2.05346 -0.0984375
v -2.40626 2.06711 -0.0984375
v -2.15142 2.08345 -0.0984375
v -1.85042 2.08947 -0.0984375
v -2.07001 1.881 -0.0984375
v -2.26147 1.87229 -0.0984375
v -2.42063 1.85533 -0.0984375
v -2.48775 1.8429 -0.0984375
v -2.54637 1.82738 -0.0984375
v -2.59637 1.80841 -0.0984375
v -2.63758 1.78567 -0.0984375
v -2.66988 1.7588 -0.0984375
v -2.69313 1.72746 -0.0984375
v -2.70718 1.69131 -0.0984375
v -2.71189 1.65 -0.0984375
v -2.70945 1.6036 -0.0984375
v -2.70202 1.55283 -0.0984375
v -2.67214 1.44011 -0.101123
v -2.63516 1.3494 -0.0984067
v -2.58515 1.25547 -0.0984375
v -2.54482 1.19174 -0.0984375
v -2.49851 1.12807 -0.0984375
v -2.44607 1.06508 -0.0984375
v -2.38736 1.00342 -0.0984375
v -2.32223 0.94371 -0.0984375
v -2.17216 0.832698 -0.0984375
v -2.25055 0.886592 -0.0984375
v -1.57268 2.09038 -0.0992711
v 2.76376 1.57763 -0.0667488
v -1.5214 0.0352382 -0.0351104
v 1.50568 0.0159205 -0.0334181
v 3.09668 2.30142 -0.124219
v 3.20641 2.30491 -0.11381
v -1.49759 -1.98222e-07 -0.085194
v -1.47506 2.29311 -0.0367605
v -0.167566 2.54972 -0.109772
v 0.167782 2.54971 -0.109473
v 0.355131 2.89713 -0.0841283
v -0.343093 2.93882 -0.0981953
v 2.83117 2.2934 -0.107117
v 3.3749 2.31919 -0.0997971
v 2.96295 2.02346 -0.0908582
v 2.55357 2.04498 -0.0944465
v 0.347825 2.93888 -0.0814233
v -0.00274317 3 -0.00937522
v 1.44922 2.32383 0
v -1.42441 2.34228 0
v -1.44922 2.32383 0
v -0.154091 2.56449 -0.100742
v 0.154091 2.56449 -0.100742
v 0.317249 2.82992 -0.0735441
v 2.94461 2.30673 -0.110013
v 2.96012 2.31099 -0.129531
v 1.42441 2.34228 0
v -1.40312 2.34844 0
v 3.00266 2.29803 -0.116455
v 3.01089 2.07627 -0.0878119
v 1.40312 2.34844 0
v -1.38769 2.34228 0
v 1.4 2.25 0
v 1.38379 2.29307 0
v -1.4 2.25 0
v -1.37594 2.22187 0
v 0.452543 2.46123 -0.0656654
v 1.38769 2.34228 0
v -1.38047 2.32383 0
v 2.44874 1.80703 -0.0667488
v 2.80827 1.71368 -0.0606608
v -0.147224 2.64723 -0.096252
v 0.139625 2.6124 -0.0912836
v 1.38047 2.32383 0
v -1.38379 2.29307 0
v 3.05691 2.28038 -0.115723
v 1.37594 2.22187 0
v 2.87491 2.30491 -0.110311
v 3.37639 2.32343 -0.0956686
v 0.142173 2.5874 -0.0927167
v -0.141959 2.5874 -0.0930428
v 1.36361 2.21495 -0.0630659
v -1.35615 2.21253 -0.0187841
v 3.06532 2.12565 -0.0853568
v 2.59849 2.11992 -0.0878119
v 1.34998 2.2125 0.0615513
v -1.33626 2.21492 0.069059
v 1.33691 2.21484 0
v -1.32406 2.22187 0
v -0.239743 2.75504 -0.093911
v 0.244752 2.76191 -0.0973205
v 1.32406 2.22187 0
v -1.3 2.25 0
v 3.12691 2.17128 -0.0835421
v -0.139625 2.6124 -0.0912836
v 3.34214 2.32435 -0.111144
v 2.9594 2.29647 -0.10675
v 1.3 2.25 0
v -1.29741 2.26363 0
v -1.28984 2.27644 0
v 1.29741 2.26363 0
v 2.97305 2.27826 -0.10849
v 3.15301 2.28409 -0.107648
v 3.19632 2.21284 -0.0824172
v -1.26094 2.29981 0
v 1.28984 2.27644 0
v 2.95084 2.26 -0.107183
v 3.01753 2.25998 -0.113051
v 1.94788 0.508204 -0.0596877
v 1.94816 0.512591 -0.0992678
v 2.66623 2.20208 -0.081653
v 3.34518 2.28202 -0.0792915
v 2.72578 2.25 -0.0820312
v 1.90587 1.28693 -0.0591927
v 1.26094 2.29981 0
v 2.86308 1.84363 -0.0552063
v 2.21656 0.620013 0
v 2.81295 2.26 -0.0150546
v 3.12114 2.26 -0.0991072
v 0.225349 2.52368 -0.0971467
v 3.08396 2.26001 -0.107794
v 3.38684 2.3048 -0.0769043
v 2.76433 2.27491 -0.0806213
v 0.294464 2.97141 -0.0783573
v 1.98496 1.30459 0
v 2.02548 1.31524 0.00730586
v 2.2904 0.667529 0
v 2.35602 0.718781 0
v 1.21505 2.32069 0.0586178
v 2.93446 2.27729 -0.0994492
v 2.91807 2.26001 -0.099853
v -0.130286 2.99659 -0.0515791
v 0.130286 2.99659 -0.0515791
v -0.183197 2.68359 -0.0725262
v 0.163546 2.64723 -0.0647464
v 2.11424 1.34854 -0.00139843
v 2.17969 1.38516 0
v 2.41406 0.773438 0
v 2.79949 2.29275 -0.0769043
v 3.21393 2.28434 -0.086792
v 2.92064 2.29507 -0.0931641
v 2.46523 0.831171 0
v -1.0041 2.37138 -0.0480372
v -0.300168 2.49996 -0.0558214
v 2.50567 1.96965 -0.0552063
v 2.89604 1.90551 -0.0527825
v 2.89055 2.30471 -0.0830154
v 3.29106 2.30817 -0.0846974
v 2.51018 0.89165 0
v -0.164813 2.57231 -0.0655002
v 0.171175 2.56449 -0.0677665
v 0.347705 2.86531 -0.0485194
v -0.355259 2.89715 -0.0836017
v -0.357771 2.92584 -0.0662064
v 0.360841 2.92586 -0.049576
v 3.40677 2.32257 -0.0710606
v 2.89989 2.27641 -0.086792
v 2.54961 0.954547 0
v 2.25017 1.44071 0
v 1.94806 0.511037 -0.086943
v 2.9336 1.96487 -0.0505963
v -2.06719 1.87397 -0.0527344
v -2.17251 0.841078 -0.0527344
v -2.08865 0.791563 -0.0527344
v -2.32008 0.951241 -0.0527344
v -2.2496 0.894521 -0.0527344
v -2.44174 1.0719 -0.0527344
v -2.38407 1.01059 -0.0527344
v -2.53868 1.19784 -0.0527344
v -2.49323 1.13454 -0.0527344
v -2.6272 1.35422 -0.0527758
v -2.57823 1.26116 -0.0527344
v -2.663 1.44468 -0.0527344
v -2.69272 1.55514 -0.0527344
v -2.70237 1.65 -0.0527344
v -2.69998 1.60485 -0.0527344
v -2.68376 1.7251 -0.0527344
v -2.69769 1.69005 -0.0527344
v -2.6287 1.78154 -0.0527344
v -2.66072 1.75549 -0.0527344
v -2.53836 1.82198 -0.0527344
v -2.58787 1.80359 -0.0527344
v -2.41389 1.84909 -0.0527344
v -2.48032 1.83703 -0.0527344
v -2.25644 1.86553 -0.0527344
v -1.85052 2.0966 -0.0527344
v -2.15425 2.09048 -0.0527344
v -2.41128 2.07388 -0.0527344
v -2.52229 2.06 -0.0527344
v -2.62161 2.04154 -0.0527344
v -2.70926 2.01783 -0.0527344
v -2.78523 1.98823 -0.0527344
v -2.84951 1.95207 -0.0527344
v -2.90211 1.9087 -0.0527344
v -2.94302 1.85746 -0.0527344
v -2.97225 1.7977 -0.0527344
v -2.98978 1.72877 -0.0527344
v -2.99563 1.65 -0.0527344
v -2.99154 1.56651 -0.0527344
v -2.9792 1.4839 -0.0527344
v -2.95856 1.40222 -0.0527344
v -2.92953 1.32153 -0.0527344
v -2.89204 1.2419 -0.0527344
v -2.84602 1.16339 -0.0527344
v -2.79139 1.08606 -0.0527344
v -2.72807 1.00997 -0.0527344
v -2.656 0.935185 -0.0527344
v -2.5751 0.861765 -0.0527344
v -2.4853 0.789771 -0.0527344
v -2.38652 0.719267 -0.0527344
v -2.27868 0.650312 -0.0527344
v -2.16172 0.58297 -0.0527344
v -2.03556 0.517302 -0.0527344
v 3.15574 2.26001 -0.0869626
v -0.3418 2.86533 -0.0803072
v 2.58418 1.01953 0
v -0.163546 2.64723 -0.0647464
v 0.155104 2.6124 -0.0614042
v 0.193742 2.68359 -0.0358524
v 0.161399 2.57977 -0.0638963
v -0.156189 2.59577 -0.0618337
v 0.339819 2.95064 -0.059638
v -0.30388 2.97135 -0.0215139
v 2.54082 2.04767 -0.0505963
v 2.97643 2.02139 -0.0486741
v 2.64148 1.15444 0
v 2.30645 1.50439 0
v 2.88788 2.29389 -0.0756958
v -0.155104 2.6124 -0.0614042
v 0.156189 2.59577 -0.0618337
v 0.186362 2.5497 -0.0735299
v 3.36679 2.32281 -0.0705954
v 2.86315 2.30759 -0.0793653
v 3.02521 2.07476 -0.0470421
v -0.193124 2.55019 -0.0542205
v -0.244843 2.52386 -0.0205807
v 1.00435 2.37137 -0.0435129
v -0.319007 2.83206 -0.0726227
v 0.255947 2.7583 -0.0473637
v -1.99892 0.745621 -0.0667107
v -1.99721 0.834383 -0.0442462
v -1.97528 1.01054 0
v 2.58417 2.12144 -0.0470421
v 3.0806 2.12462 -0.0457268
v -1.90768 1.28407 0.0426399
v 1.948 0.5101 -0.0795113
v 1.92188 0.453516 0
v 2.87067 2.27567 -0.0705185
v 2.87315 2.26002 -0.0832349
v 2.6875 1.29375 0
v 2.35129 1.57467 0
v 1.88392 0.391609 -0.0427746
v -1.92789 0.466016 -0.0540172
v -1.92753 0.464273 0.0419642
v 3.1433 2.17067 -0.0447547
v -1.84363 1.47217 -0.0415711
v 1.8418 0.334717 0
v -1.88392 0.391609 0.0427746
v 2.63854 2.1894 -0.0447547
v -0.373665 2.4797 -0.0507264
v 3.33073 2.30985 -0.0543457
v 2.86283 2.30366 -0.0596008
v 3.21999 2.21622 -0.0454986
v 1.84159 1.47705 -0.0434139
v -1.76787 1.66381 0.039543
v -1.82341 0.311626 -0.000488434
v 2.70674 2.25 -0.0439453
v 3.36344 2.28145 -0.04319
v 2.74422 2.27469 -0.04319
v 3.40724 2.30522 -0.0411987
v 2.76738 1.575 0
v 2.3875 1.65 0
v 1.76787 1.66381 -0.039543
v -1.68359 1.85742 0
v -1.74982 0.234211 0.0398042
v 2.77909 2.29234 -0.0411987
v 3.42607 2.32066 -0.0383835
v 0.00937522 3 -0.00274317
v 3.24796 2.28301 -0.0629777
v 2.86263 2.29298 -0.0543457
v 1.68325 1.85819 -0.0376212
v -1.67587 1.8747 -0.0092801
v 3.18971 2.26 -0.0646712
v 0.778921 2.40767 0.0385597
v 0.196661 2.55 -0.0363926
v 2.41701 1.72734 -0.00140494
v -0.193742 2.68359 -0.0358524
v 0.172959 2.64723 -0.0320066
v -0.255947 2.7583 -0.0473637
v 2.81508 2.30321 -0.0536527
v 3.42656 2.32505 -0.0367956
v 2.84814 2.2751 -0.0506287
v -1.57812 0.0855469 0
v 3.41464 2.32688 -0.051109
v -0.174345 2.57231 -0.0325136
v 1.5001 -8.72691e-08 0.0177122
v -1.50572 0.0159058 0.0319915
v 1.49996 2.25009 -0.0333961
v -1.57156 2.09743 -0.0537281
v -1.57128 2.10029 0.0091214
v -1.5 2.25 0
v 2.81209 1.71167 0
v 0.364529 2.89714 -0.0168754
v -0.363815 2.92587 -0.0169583
v -0.353665 2.93847 -0.0516881
v 1.47514 2.29325 -0.0294785
v 0.239531 2.98686 0.0118209
v -0.137785 2.99659 -0.0254975
v 0.140299 2.99659 -0.0132489
v -0.337352 2.95086 -0.074019
v -0.172959 2.64723 -0.0320066
v 0.164031 2.6124 -0.0303544
v 0.174436 2.57231 -0.0320287
v -0.165179 2.59577 -0.0305667
v -0.349336 2.86542 -0.0315168
v 0.325269 2.82983 -0.0136212
v 3.20904 2.26 -0.044152
v -0.164031 2.6124 -0.0303544
v 0.165179 2.59577 -0.0305667
v 2.86719 1.84219 0
v 2.84498 2.30297 -0.031929
v 1.94776 0.505846 0
v 2.04227 0.537875 -0.0307781
v 0.260293 2.7583 0
v 1.90599 1.28819 -0.0398175
v 2.13847 0.5785 -0.0274798
v 1.90611 1.2892 -0.0063711
v 0.635309 2.42881 -0.0299034
v 0.303752 2.97133 0
v 2.90033 1.90431 0
v 2.50156 1.97109 0
v 2.84638 2.29239 -0.0291138
v 3.32291 2.30233 -0.024605
v 2.93811 1.96392 0
v -1.85056 2.09912 0
v -2.06619 1.87148 0
v -2.99489 1.56607 0
v -2.999 1.65 0
v -2.65788 0.932895 0
v -2.73025 1.00781 0
v -2.08926 0.794714 0
v -2.27902 0.647507 0
v -2.38728 0.716602 0
v -2.03495 0.514151 0
v -2.1616 0.580005 0
v -2.48646 0.787234 0
v -2.57664 0.859351 0
v -2.89493 1.24026 0
v -2.93259 1.32012 0
v -2.79384 1.08405 0
v -2.84871 1.16155 0
v -2.96176 1.40108 0
v -2.9825 1.48308 0
v -2.71189 2.01991 0
v -2.624 2.04375 0
v -2.94627 1.85863 0
v -2.90525 1.91016 0
v -2.99314 1.72921 0
v -2.97556 1.79853 0
v -2.85252 1.95377 0
v -2.78806 1.99014 0
v -2.41306 2.07627 0
v -2.15525 2.09297 0
v -2.52439 2.06232 0
v -2.17263 0.844043 0
v -2.25466 1.86313 0
v -2.4115 1.84688 0
v -2.47769 1.83495 0
v -2.53552 1.82007 0
v -2.58486 1.80189 0
v -2.62556 1.78008 0
v -2.65747 1.75432 0
v -2.68045 1.72427 0
v -2.69434 1.68961 0
v -2.699 1.65 -1.24669e-06
v -2.69663 1.60529 0
v -2.68943 1.55596 0
v -2.65994 1.44609 0
v -2.63735 1.38688 0
v -2.59341 1.29361 -0.000164835
v -2.5365 1.2 0
v -2.49136 1.13683 0
v -2.44021 1.07432 0
v -2.38291 1.01312 0
v -2.31931 0.953906 0
v -2.24927 0.897327 0
v -0.00864299 3 -0.00451094
v 2.83365 2.27474 -0.0271225
v 2.833 2.25999 -0.0531549
v 2.9812 2.02066 0
v 2.5363 2.04862 0
v 3.03027 2.07422 0
v 0.197031 2.68359 0
v -0.327122 2.83235 -0.01224
v -0.260293 2.7583 0
v 3.08601 2.12426 0
v 2.5791 2.12197 0
v 3.1491 2.17046 0
v 3.2202 2.21248 0
v 2.63274 2.18961 0
v 0.244374 2.52387 -0.0253109
v -0.199421 2.55034 0.019757
v 3.3 2.25 0
v 3.37056 2.28153 0
v 2.70002 2.25002 -2.97137e-05
v 3.41445 2.30537 0
v 2.73711 2.27461 0
v -0.140125 2.99659 0
v 2.77188 2.29219 0
v 1.94793 0.507517 -0.0463675
v 3.43413 2.32377 -0.000462815
v 3.42813 2.32734 0
v 0.199653 2.55031 0.0176933
v -0.197031 2.68359 0
v 0.175896 2.64723 0
v 3.40087 2.32411 -0.0148268
v 2.82563 2.30629 -0.0205816
v -0.305336 2.49995 -0.000251162
v 0.371711 2.48005 -0.052689
v -0.177351 2.57231 -0.000254246
v 0.184101 2.56449 0
v 0.350725 2.86534 0.0156325
v -0.364554 2.89715 -0.016368
v 0.363815 2.92587 0.0169583
v -0.357144 2.93847 0.0136024
v 3.22378 2.26001 -0.00298573
v 0.357144 2.93847 -0.0136024
v -0.175896 2.64723 0
v 0.166816 2.6124 0
v 3.35273 2.31065 0
v 2.83867 2.30273 0
v -0.167983 2.59577 0
v -0.350684 2.86533 0.0163486
v 0.345118 2.95059 0.00243885
v -0.166816 2.6124 0
v 0.169733 2.5874 0.000217891
v 3.2853 2.28614 0
v 2.84063 2.29219 0
v 0.302785 2.5004 -0.036823
v 2.82852 2.27461 0
v -2.0002 0.751012 -0.009011
v 2.8154 2.26004 0.0218529
v 2.82717 2.26003 0.0457295
v 2.84701 2.26 0.0657897
v 2.87037 2.26002 0.0814852
v 2.89711 2.26001 0.0932
v 2.9187 2.26 0.0998249
v 2.95002 2.25999 0.10708
v 3.01858 2.26 0.112805
v 1.90598 1.28824 0.0399908
v 2.70674 2.25 0.0439453
v 2.74422 2.27469 0.04319
v 2.83177 2.30649 0.0351562
v 2.84498 2.30297 0.031929
v 2.84638 2.29239 0.0291138
v 2.77909 2.29234 0.0411987
v 2.80308 2.30288 0.0226572
v 2.39087 1.646 0.0799805
v 2.42133 1.72554 0.0732591
v 2.54082 2.04767 0.0505963
v 2.58417 2.12144 0.0470421
v 2.63854 2.1894 0.0447547
v 2.50222 1.96275 0.0516248
v 2.18232 1.37829 0.104755
v 2.25309 1.43454 0.0993001
v 2.30956 1.49895 0.0932121
v 2.35455 1.56995 0.0867019
v 1.98663 1.29641 0.112919
v 2.0432 1.31257 0.111287
v 2.09444 1.33173 0.109365
v 2.14069 1.3537 0.107178
v 2.35357 0.725992 0.107178
v 2.28818 0.675073 0.109365
v 2.46244 0.837692 0.10212
v 2.41143 0.780307 0.104755
v 2.21459 0.627879 0.111287
v 2.13336 0.578651 0.0583414
v -1.49732 -8.96478e-07 0.0934034
v -1.49074 0 0.166424
v -1.47719 -1.24752e-06 0.263718
v -1.44091 -8.55452e-07 0.418688
v -1.38816 -9.74283e-07 0.570129
v -1.31586 2.33673e-06 0.721552
v -1.22474 -6.24264e-07 0.867291
v -1.13115 -1.6692e-06 0.985721
v -1.02432 2.19722e-06 1.09656
v -0.898623 -1.4907e-06 1.20193
v -0.758735 -6.82168e-07 1.29456
v -0.610037 -1.70092e-06 1.37105
v -0.455437 3.92205e-07 1.42996
v -0.297506 6.45606e-07 1.47077
v -0.148859 -1.12333e-06 1.49316
v 0.0224525 1.72144e-06 1.50078
v 0.191158 -1.36669e-06 1.48836
v 0.347569 -7.42012e-07 1.45969
v 0.502223 -8.93476e-07 1.41416
v 0.659529 2.39414e-06 1.34803
v 0.808307 -1.95415e-06 1.26444
v 0.948328 -7.81467e-07 1.1629
v 1.07527 -1.28818e-06 1.04693
v 1.19065 2.89529e-06 0.913586
v 1.28783 -1.82197e-06 0.770494
v 1.36636 -4.77491e-07 0.620148
v 1.42642 -1.2184e-06 0.466234
v 1.46877 2.20866e-06 0.307661
v 1.49295 -1.09069e-06 0.151232
v -0.00991652 3 0.000909815
v -0.137785 2.99659 0.0254975
v -1.39434 2.25 0.125796
v -1.37819 2.29307 0.12434
v -1.5716 2.09719 0.0548022
v -1.49851 2.25 0.0668704
v -1.65655 0.151611 0.0739231
v -1.57656 0.0855469 0.0703532
v -1.51997 0.0353027 0.0678282
v 1.35757 2.21484 0.122479
v -0.241217 2.52356 0.0446378
v -1.29474 2.25 0.116811
v -1.31871 2.22187 0.118973
v -1.15601 2.33916 0.0494377
v -1.21538 2.32068 0.0521991
v -1.25584 2.29981 0.113301
v -1.28463 2.27644 0.115898
v -1.29216 2.26363 0.116578
v 1.15157 2.33906 0.103894
v 0.995416 2.37139 0.140204
v 0.452322 2.46099 0.0616741
v 0.630176 2.42881 0.086273
v -0.456812 2.46122 -0.0198322
v -0.629821 2.42882 0.08819
v -0.372774 2.47936 0.0547447
v 0.241217 2.52356 0.0446378
v 0.300168 2.49996 0.0558214
v 0.371322 2.47968 0.0541449
v -0.323892 2.83234 0.0475348
v -0.193742 2.68359 0.0358524
v -0.172959 2.64723 0.0320066
v -0.164031 2.6124 0.0303544
v -0.165179 2.59577 0.0305667
v -0.170688 2.57977 0.0315863
v -0.181027 2.56449 0.0334995
v 0.32493 2.83125 0.029315
v 0.363076 2.89717 0.0327565
v -0.344444 2.95097 -0.000350692
v -0.363076 2.89717 0.0327565
v 0.355425 2.93882 0.0320662
v -0.362373 2.92584 0.0326931
v 0.00956546 3 0.00275029
v 0.137785 2.99659 0.0254975
v 0.297157 2.97134 0.065733
v -0.237085 2.98678 0.0187942
v 0.193742 2.68359 0.0358524
v 0.172959 2.64723 0.0320066
v 0.164031 2.6124 0.0303544
v 0.165179 2.59577 0.0305667
v 0.170688 2.57977 0.0315863
v 0.181027 2.56449 0.0334995
v 1.25584 2.29981 0.113301
v 1.28463 2.27644 0.115898
v 1.29216 2.26363 0.116578
v -1.91996 0.453516 0.0856776
v -1.83997 0.334717 0.0821077
v -1.79485 0.282294 0.0800942
v -1.34454 2.2125 0.121303
v -1.35757 2.21484 0.122479
v -1.39554 2.34843 0.150726
v -1.84192 1.47188 0.0821948
v -1.37037 2.22187 0.123634
v -1.37488 2.32383 0.124041
v -1.38208 2.34228 0.124691
v -1.47373 2.29307 0.0657646
v -1.44336 2.32383 0.130219
v -1.68192 1.85742 0.075055
v -1.95701 1.1005 0.0438109
v -1.97332 1.01054 0.0880585
v -1.98679 0.922119 0.0886598
v -1.99515 0.835236 0.0890326
v -1.92681 0.462612 0.00102413
v -1.92853 0.468599 0.0696439
v -2.06719 1.87397 0.0527344
v -2.70237 1.65 0.0527344
v -2.69998 1.60485 0.0527344
v -2.49323 1.13454 0.0527344
v -2.41389 1.84909 0.0527344
v -2.48032 1.83703 0.0527344
v -2.32008 0.951241 0.0527344
v -2.2496 0.894521 0.0527344
v -2.663 1.44468 0.0527344
v -2.64025 1.38523 0.0527344
v -2.6287 1.78154 0.0527344
v -2.66072 1.75549 0.0527344
v -2.25644 1.86553 0.0527344
v -2.17251 0.841078 0.0527344
v -2.08865 0.791563 0.0527344
v -1.99946 0.747875 0.0467976
v -2.44174 1.0719 0.0527344
v -2.38407 1.01059 0.0527344
v -2.61204 1.32384 0.0527344
v -2.55908 1.22829 0.0525327
v -2.69272 1.55514 0.0527344
v -2.68376 1.7251 0.0527344
v -2.69769 1.69005 0.0527344
v -2.53836 1.82198 0.0527344
v -2.58787 1.80359 0.0527344
v -2.41128 2.07388 0.0527344
v -2.15425 2.09048 0.0527344
v -2.52229 2.06 0.0527344
v -2.62161 2.04154 0.0527344
v -2.70926 2.01783 0.0527344
v -2.78523 1.98823 0.0527344
v -2.84951 1.95207 0.0527344
v -2.90211 1.9087 0.0527344
v -2.94302 1.85746 0.0527344
v -2.97225 1.7977 0.0527344
v -2.98978 1.72877 0.0527344
v -2.99563 1.65 0.0527344
v -2.99154 1.56651 0.0527344
v -2.9792 1.4839 0.0527344
v -2.95856 1.40222 0.0527344
v -2.92953 1.32153 0.0527344
v -2.89204 1.2419 0.0527344
v -2.84602 1.16339 0.0527344
v -2.79139 1.08606 0.0527344
v -2.72807 1.00997 0.0527344
v -2.656 0.935185 0.0527344
v -2.5751 0.861765 0.0527344
v -2.4853 0.789771 0.0527344
v -2.38652 0.719267 0.0527344
v -2.27868 0.650312 0.0527344
v -2.03556 0.517302 0.0527344
v -2.16172 0.58297 0.0527344
v -1.85052 2.0966 0.0527344
v -1.6736 1.87758 0.0540126
v 1.33151 2.21484 0.120128
v 1.31871 2.22187 0.118973
v 1.29474 2.25 0.116811
v 1.39434 2.25 0.125796
v 1.37819 2.29307 0.12434
v 1.37488 2.32383 0.124041
v 1.38208 2.34228 0.124691
v 1.41648 2.34229 0.155047
v 1.44336 2.32383 0.130219
v 1.47373 2.29307 0.0657646
v 1.49851 2.25 0.0668704
v 1.68192 1.85742 0.075055
v 1.76631 1.66333 0.0788208
v 1.84192 1.47188 0.0821948
v 2.04109 0.53967 0.059021
v 1.94778 0.506352 0.0298007
v 1.94788 0.508191 0.0594847
v 1.91996 0.453516 0.0856776
v 1.88216 0.391754 0.0839907
v 1.83997 0.334717 0.0821077
v 1.79485 0.282294 0.0800942
v 1.74826 0.234375 0.0780154
v 1.65655 0.151611 0.0739231
v 1.57656 0.0855469 0.0703532
v 1.51997 0.0353027 0.0678282
v 1.50412 0.0158386 0.0671207
v 3.0806 2.12462 0.0457268
v 3.02521 2.07476 0.0470421
v 2.97643 2.02139 0.0486741
v 2.9336 1.96487 0.0505963
v 2.89604 1.90551 0.0527825
v 2.86308 1.84363 0.0552063
v 2.54658 0.960354 0.0963221
v 2.50726 0.897817 0.0993001
v 2.80827 1.71368 0.0606608
v 2.76376 1.57763 0.0667488
v 2.68413 1.29775 0.0799805
v 2.63822 1.15916 0.0867019
v 2.58106 1.02498 0.0932121
v 3.21798 2.26 0.0264163
v 3.28017 2.28602 0.0271225
v 3.34698 2.31044 0.0291138
v 3.39452 2.32392 0.031929
v 3.42135 2.32711 0.0351562
v 3.42656 2.32505 0.0367956
v 3.42607 2.32066 0.0383835
v 3.40724 2.30522 0.0411987
v 3.36344 2.28145 0.04319
v 3.29326 2.25 0.0439453
v 3.21396 2.21258 0.0441521
v 3.1433 2.17067 0.0447547
v 2.83365 2.27474 0.0271225
v 3.03207 2.26 0.112637
v 3.08334 2.26001 0.107864
v 3.11425 2.26 0.101105
v 3.13789 2.26 0.093386
v 3.16684 2.26 0.0805703
v 3.18903 2.26 0.0652559
v 3.20662 2.26 0.047435
v 0.130286 2.99659 0.0515791
v -0.130286 2.99659 0.0515791
v -0.00883392 3 0.00457652
v 0.00772051 3 0.00627158
v 0.117284 2.99659 0.0766775
v 0.099083 2.99659 0.099083
v -0.117284 2.99659 0.0766775
v -0.099083 2.99659 0.099083
v -0.00627158 3 0.00772051
v 0.00457652 3 0.00883392
v 0.0766775 2.99659 0.117284
v -0.0766775 2.99659 0.117284
v 0.0515791 2.99659 0.130286
v -0.0515791 2.99659 0.130286
v -0.00275029 3 0.00956546
v 0.000909815 3 0.00991652
v 0.0254975 2.99659 0.137785
v 0 2.99659 0.140125
v -0.0254975 2.99659 0.137785
v -1.99801 0.75 0.0891605
v -0.221089 2.98679 0.085283
v 2.84814 2.2751 0.0506287
v 2.86263 2.29298 0.0543457
v 3.26567 2.28565 0.0506287
v -0.300365 2.49992 0.0553162
v 3.33073 2.30985 0.0543457
v 2.86283 2.30366 0.0596008
v 0.320803 2.83125 0.0593655
v -0.344899 2.86542 0.0638243
v 0.155104 2.6124 0.0614042
v 0.156189 2.59577 0.0618337
v -0.155104 2.6124 0.0614042
v -0.163546 2.64723 0.0647464
v -0.156189 2.59577 0.0618337
v 0.161399 2.57977 0.0638963
v 0.339087 2.95078 0.0627488
v 0.350911 2.93882 0.0649369
v -0.339087 2.95078 0.0627488
v 0.344899 2.86542 0.0638243
v -0.358465 2.89717 0.0663348
v 0.171175 2.56449 0.0677665
v -0.161399 2.57977 0.0638963
v 3.37668 2.32324 0.0596008
v 2.85092 2.30716 0.065625
v 0.163546 2.64723 0.0647464
v -0.183197 2.68359 0.0725262
v 0.357771 2.92584 0.0662064
v -0.350911 2.93882 0.0649369
v -0.357771 2.92584 0.0662064
v 0.358465 2.89717 0.0663348
v -0.171175 2.56449 0.0677665
v 3.40221 2.32644 0.065625
v 2.82908 2.30351 0.0716492
v 0.183197 2.68359 0.0725262
v -0.253111 2.75517 0.0478371
v 0.225129 2.52376 0.0975451
v -0.186362 2.5497 0.0735299
v 3.40692 2.32442 0.0686852
v 3.40603 2.32008 0.0716492
v 2.79949 2.29275 0.0769043
v -0.44403 2.461 0.105846
v 3.38684 2.3048 0.0769043
v 2.76433 2.27491 0.0806213
v 3.34334 2.28123 0.0806213
v 3.27422 2.25 0.0820312
v 2.72424 2.24899 0.0819588
v 3.19632 2.21284 0.0824172
v 0.283887 2.49992 0.112643
v 3.12691 2.17128 0.0835421
v 2.59849 2.11992 0.0878119
v 2.65493 2.18879 0.0835421
v 3.06532 2.12565 0.0853568
v 3.01089 2.07627 0.0878119
v 2.55357 2.04498 0.0944465
v 0.259009 2.76176 0.0472334
v -0.313656 2.83125 0.0897704
v 2.96295 2.02346 0.0908582
v 2.87067 2.27567 0.0705185
v 2.92084 1.96756 0.0944465
v 3.24315 2.28508 0.0705185
v 2.88788 2.29389 0.0756958
v -0.19954 2.98678 0.12784
v 0.219498 2.98678 0.0893078
v -1.85042 2.08947 0.0984375
v -2.03728 0.526206 0.0984375
v -2.16207 0.59135 0.0984375
v -1.93064 0.474668 0.0959275
v -2.15142 2.08345 0.0984375
v -2.40626 2.06711 0.0984375
v -2.27774 0.658241 0.0984375
v -2.38436 0.726798 0.0984375
v -2.48201 0.796941 0.0984375
v -2.57077 0.868587 0.0984375
v -2.65072 0.941658 0.0984375
v -2.72193 1.01607 0.0984375
v -2.78447 1.09174 0.0984375
v -2.83842 1.1686 0.0984375
v -2.88387 1.24656 0.0984375
v -2.92088 1.32553 0.0984375
v -2.94953 1.40544 0.0984375
v -2.9699 1.48621 0.0984375
v -2.98207 1.56776 0.0984375
v -2.98611 1.65 0.0984375
v -2.9803 1.72751 0.0984375
v -2.96288 1.79534 0.0984375
v -2.93386 1.85415 0.0984375
v -2.89323 1.90457 0.0984375
v -2.84102 1.94725 0.0984375
v -2.77721 1.98283 0.0984375
v -2.70183 2.01196 0.0984375
v -2.61487 2.03529 0.0984375
v -2.51634 2.05346 0.0984375
v -1.66839 1.88463 0.0982863
v -1.67114 1.88089 0.078613
v -2.07001 1.881 0.0984375
v -2.26147 1.87229 0.0984375
v -2.42063 1.85533 0.0984375
v -2.48775 1.8429 0.0984375
v -2.54637 1.82738 0.0984375
v -2.59637 1.80841 0.0984375
v -2.63758 1.78567 0.0984375
v -2.66988 1.7588 0.0984375
v -2.69313 1.72746 0.0984375
v -2.70718 1.69131 0.0984375
v -2.71189 1.65 0.0984375
v -2.70945 1.6036 0.0984375
v -2.70202 1.55283 0.0984375
v -2.68684 1.49675 0.0984375
v -2.67165 1.44068 0.0984375
v -2.64842 1.38058 0.0984375
v -2.61964 1.31863 0.0984375
v -2.58515 1.25547 0.0984375
v -2.54482 1.19174 0.0984375
v -2.49851 1.12807 0.0984375
v -2.44607 1.06508 0.0984375
v -2.38736 1.00342 0.0984375
v -2.32223 0.94371 0.0984375
v -2.25055 0.886592 0.0984375
v -2.17216 0.832698 0.0984375
v -2.08692 0.782659 0.0984375
v -1.99746 0.738355 0.0984376
v -1.99877 0.744775 0.0702769
v 2.88391 1.90887 0.0985274
v 3.30547 2.30894 0.0756958
v 2.89055 2.30471 0.0830154
v 2.85148 1.84773 0.103052
v 2.51601 1.96365 0.102038
v -0.297518 2.97129 0.0637105
v 0.331532 2.95078 0.0948866
v 0.354147 2.4797 0.123832
v 2.13212 0.584739 0.112919
v 1.92136 1.28516 0.114062
v 2.0401 0.545979 0.114234
v -1.57208 2.09406 0.0787915
v 0.313656 2.83125 0.0897704
v -0.337215 2.86542 0.096513
v 1.94788 0.508204 0.0596877
v 2.88066 2.3082 0.0914062
v 3.34895 2.32218 0.0830154
v 1.94806 0.511037 0.086943
v 1.948 0.5101 0.0795113
v 1.94816 0.512591 0.0992678
v 1.94834 0.515089 0.115087
v 1.9058 1.28611 0.0696419
v 2.79748 1.71937 0.113234
v 0.139625 2.6124 0.0912836
v 0.140601 2.59577 0.091922
v -0.139625 2.6124 0.0912836
v -0.147224 2.64723 0.096252
v -0.140601 2.59577 0.091922
v 0.145291 2.57977 0.0949882
v -0.331532 2.95078 0.0948866
v 0.343093 2.93882 0.0981953
v 0.337215 2.86542 0.096513
v -0.350479 2.89717 0.100309
v 0.154091 2.56449 0.100742
v -0.145291 2.57977 0.0949882
v 0.147224 2.64723 0.096252
v -0.164914 2.68359 0.107817
v -0.343093 2.93882 0.0981953
v 0.3498 2.92584 0.100115
v 0.276209 2.97145 0.126673
v 2.8602 2.30441 0.0997971
v 3.37247 2.3254 0.0914062
v 1.46923 2.29307 0.132553
v 1.49393 2.25 0.134782
v -1.46923 2.29307 0.132553
v -0.3498 2.92584 0.100115
v 0.350479 2.89717 0.100309
v 2.75354 1.58508 0.124598
v 2.43116 1.71621 0.13675
v 2.45897 1.79958 0.124598
v 1.67678 1.85742 0.151278
v -1.57313 2.08837 0.107034
v -1.57501 2.07956 0.136202
v -1.5751 2.07921 0.137063
v -1.49393 2.25 0.134782
v -1.51533 0.0353027 0.136712
v -1.49952 0.0158386 0.135286
v 1.49952 0.0158386 0.135286
v -0.154091 2.56449 0.100742
v 0.183734 2.54992 0.0803441
v 1.51533 0.0353027 0.136712
v -1.57174 0.0855469 0.141801
v -0.356252 2.47939 0.12216
v 0.432394 2.461 0.146418
v 2.89989 2.27641 0.086792
v 3.37639 2.32343 0.0956686
v 1.57174 0.0855469 0.141801
v -1.6515 0.151611 0.148997
v 2.92064 2.29507 0.0931641
v 3.21393 2.28434 0.086792
v -0.303343 2.83125 0.120091
v 2.83117 2.2934 0.107117
v 3.3749 2.31919 0.0997971
v 0.164914 2.68359 0.107817
v -0.23889 2.75486 0.0956454
v 2.40039 1.63469 0.149297
v 1.6515 0.151611 0.148997
v -1.74292 0.234375 0.157245
v 1.76091 1.66333 0.158869
v -1.66347 1.89156 0.125213
v -1.66042 1.89594 0.13721
v -1.66212 1.89046 0.150862
v 2.92651 2.30608 0.102173
v 3.27272 2.30776 0.0931641
v -0.169159 2.98678 0.165973
v 0.197101 2.98678 0.131574
v 2.79557 2.27525 0.112294
v 3.35515 2.30415 0.107117
v 1.74292 0.234375 0.157245
v -1.78936 0.282294 0.161435
v 1.83629 1.47188 0.165669
v -1.76091 1.66333 0.158869
v 2.67656 1.31589 0.149733
v 2.36376 1.55661 0.161844
v 1.78936 0.282294 0.161435
v -1.83435 0.334717 0.165494
v 2.75537 2.25 0.114258
v 3.31344 2.28192 0.112343
v 2.71578 2.22004 0.114795
v 1.83435 0.334717 0.165494
v -1.87641 0.391754 0.169289
v 1.90563 1.28394 0.0886364
v -1.83629 1.47188 0.165669
v 3.16892 2.21325 0.114795
v 2.68039 2.18784 0.116362
v 3.31299 2.32081 0.102173
v 2.93758 2.3102 0.120888
v 0.602279 2.42883 0.204327
v 2.62074 2.11757 0.122309
v 3.10144 2.17223 0.116362
v 0.320632 2.95078 0.126935
v -0.283295 2.5002 0.112154
v 1.87641 0.391754 0.169289
v -1.9141 0.453516 0.172689
v 2.93446 2.27729 0.0994492
v -1.9 1.28394 0.171417
v 3.04157 2.12725 0.11889
v 1.9141 0.453516 0.172689
v -1.9342 0.48548 0.127283
v -1.93576 0.490251 0.137019
v -1.94053 0.504462 0.161935
v 2.62901 1.1725 0.161844
v 2.31838 1.48356 0.173996
v 2.9594 2.29647 0.10675
v 3.17936 2.28347 0.0994492
v -1.94911 1.10039 0.175848
v 2.57339 2.0408 0.13155
v 2.98864 2.07863 0.122309
v -1.96729 1.01054 0.177488
v 1.9 1.28394 0.171417
v 1.90553 1.28264 0.099278
v -1.98073 0.922119 0.1787
v -1.98905 0.835236 0.179451
v -1.99191 0.75 0.179709
v -1.99568 0.729259 0.126622
v -1.99395 0.721148 0.144351
v 0.303343 2.83125 0.120091
v -0.326127 2.86542 0.129111
v -0.984401 2.37365 0.137971
v 1.13695 2.33906 0.210395
v -0.225349 2.52368 0.0971467
v 0.263674 2.50025 0.153117
v 2.94201 2.02668 0.126553
v 0.117957 2.6124 0.117957
v 0.118782 2.59577 0.118782
v -0.117957 2.6124 0.117957
v -0.124377 2.64723 0.124377
v 2.90058 2.30557 0.122827
v -0.167782 2.54971 0.109473
v 0.198894 2.52348 0.144526
v -0.118782 2.59577 0.118782
v 0.122744 2.57977 0.122744
v 2.96905 2.3077 0.117073
v 3.23396 2.30636 0.10675
v 2.57225 1.04036 0.173996
v 2.26134 1.41712 0.18536
v 2.5353 1.9592 0.143536
v 2.90103 1.97173 0.13155
v 0.331812 2.93882 0.131361
v -0.320632 2.95078 0.126935
v 0.130179 2.56449 0.130179
v -0.122744 2.57977 0.122744
v 3.33679 2.32216 0.117746
v -0.289803 2.83125 0.149845
v 0.24542 2.76238 0.0967418
v 0.124377 2.64723 0.124377
v -0.139322 2.68359 0.139322
v 2.53802 0.976766 0.179801
v 0.326127 2.86542 0.129111
v -0.338955 2.89717 0.134189
v 2.97305 2.27826 0.10849
v 0.338299 2.92584 0.13393
v -0.331812 2.93882 0.131361
v -2.03996 0.540043 0.137109
v -2.17161 0.819676 0.137109
v -2.08425 0.768823 0.137109
v -2.32558 0.932006 0.137109
v -2.25201 0.874272 0.137109
v -2.4528 1.05448 0.137109
v -2.39247 0.992276 0.137109
v -2.55438 1.18226 0.137109
v -2.50672 1.11801 0.137109
v -2.63144 1.31054 0.137109
v -2.59591 1.24664 0.137109
v -2.6851 1.43447 0.137109
v -2.66113 1.37335 0.137109
v -2.71647 1.54923 0.137109
v -2.7035 1.4933 0.137109
v -2.72669 1.65 0.137109
v -2.72416 1.60167 0.137109
v -2.70768 1.73112 0.137109
v -2.72191 1.69326 0.137109
v -2.65137 1.79208 0.137109
v -2.68412 1.76394 0.137109
v -2.55883 1.83576 0.137109
v -2.60956 1.8159 0.137109
v -2.43111 1.86504 0.137109
v -2.4993 1.85202 0.137109
v -2.26928 1.8828 0.137109
v -2.07441 1.89192 0.137109
v -2.60439 2.02558 0.137109
v -2.50711 2.04329 0.137109
v -2.69028 2.00284 0.137109
v -2.76476 1.97444 0.137109
v -2.82782 1.93975 0.137109
v -2.87944 1.89815 0.137109
v -2.91961 1.849 0.137109
v -2.94833 1.79168 0.137109
v -2.96556 1.72556 0.137109
v -2.97131 1.65 0.137109
v -2.96736 1.56969 0.137109
v -2.95545 1.48981 0.137109
v -2.9355 1.41045 0.137109
v -2.90743 1.33174 0.137109
v -2.87116 1.25379 0.137109
v -2.82662 1.1767 0.137109
v -2.77371 1.10058 0.137109
v -2.71237 1.02555 0.137109
v -2.64251 0.951715 0.137109
v -2.56405 0.879189 0.137109
v -2.47691 0.808081 0.137109
v -2.38101 0.738501 0.137109
v -2.27627 0.670561 0.137109
v -2.16262 0.604372 0.137109
v -2.39845 2.0566 0.137109
v -2.14703 2.07253 0.137109
v -1.85026 2.0784 0.137109
v 2.86506 1.91409 0.137235
v -0.131574 2.98678 0.197101
v 0.165973 2.98678 0.169159
v 2.49901 0.915243 0.18536
v 2.22555 1.388 0.190451
v 3.14077 2.28249 0.10849
v 3.00266 2.29803 0.116455
v 3.33453 2.31803 0.122827
v 2.87228 2.29425 0.131836
v -0.338299 2.92584 0.13393
v 0.338955 2.89717 0.134189
v -0.130179 2.56449 0.130179
v 0.166336 2.55028 0.110329
v 2.45455 0.85612 0.190624
v 3.27045 2.31919 0.117073
v 2.50347 1.87439 0.157718
v 2.83345 1.85408 0.143536
v 1.19533 2.32053 0.221199
v -1.13695 2.33906 0.210395
v 2.40399 0.799722 0.195542
v 2.1476 1.33332 0.200066
v 2.18976 1.35887 0.195542
v 3.05691 2.28038 0.115723
v 3.1907 2.3048 0.116455
v 3.01654 2.30951 0.127716
v 3.31405 2.30331 0.131836
v 2.83609 2.27569 0.138208
v 2.10073 1.31041 0.204147
v 2.34666 0.746372 0.200066
v 0.139322 2.68359 0.139322
v -0.2147 2.75468 0.141557
v 0.217864 2.7583 0.142435
v 0.244997 2.97146 0.179771
v -0.277905 2.97126 0.123801
v 3.09668 2.30142 0.124219
v -1.19533 2.32053 0.221199
v 1.23989 2.29981 0.229444
v 2.28189 0.696393 0.204147
v 2.04877 1.29034 0.207735
v -0.205325 2.52356 0.134237
v 2.20902 0.65011 0.207735
v 1.98864 1.28659 0.163732
v 1.99136 1.27331 0.210782
v 0.306319 2.95078 0.158385
v -0.26289 2.50026 0.154436
v 0.325063 2.47954 0.188923
v 3.27158 2.28045 0.138208
v 2.79375 2.25 0.140625
v 2.94835 2.30694 0.140739
v 3.31997 2.32352 0.119134
v 2.13011 0.594559 0.163732
v 1.92598 1.27328 0.165639
v 2.78071 1.72821 0.157718
v 1.26831 2.27644 0.234704
v -1.23989 2.29981 0.229444
v 1.9049 1.27176 0.157876
v 1.90533 1.27963 0.118966
v 2.0385 0.556155 0.165639
v 3.13398 2.21536 0.142576
v 2.75132 2.21951 0.141287
v 1.94839 0.515698 0.118936
v 1.94867 0.519443 0.138491
v 1.94872 0.520112 0.141443
v 1.949 0.523847 0.157907
v 1.94918 0.526206 0.166839
v 0.7737 2.40127 0.264983
v 1.27575 2.26363 0.236081
v -1.26831 2.27644 0.234704
v 3.06842 2.17345 0.143215
v 2.70989 2.184 0.142876
v 3.22296 2.31738 0.127716
v 3.12003 2.31352 0.13631
v 1.2783 2.25 0.236552
v -1.27575 2.26363 0.236081
v -1.27854 2.2496 0.235835
v 1.30196 2.22187 0.24093
v 3.04329 2.31385 0.14553
v -0.0893078 2.98678 0.219498
v 0.12784 2.98678 0.19954
v 3.28994 2.32065 0.134917
v 0.0912836 2.6124 0.139625
v 0.091922 2.59577 0.140601
v -0.0912836 2.6124 0.139625
v -0.096252 2.64723 0.147224
v -0.091922 2.59577 0.140601
v 0.0949882 2.57977 0.145291
v 3.01076 2.12932 0.146326
v -1.30196 2.22187 0.24093
v 0.289803 2.83125 0.149845
v -0.27307 2.83125 0.178527
v -0.311569 2.86542 0.1611
v 1.32363 2.21249 0.268305
v -1.30995 2.21485 0.269716
v 1.33665 2.21489 0.271003
v 2.95978 2.08168 0.150535
v 2.59909 2.03539 0.161908
v 2.6496 2.11451 0.150535
v 1.37022 2.22204 0.128115
v -1.36321 2.22187 0.186708
v 0.100742 2.56449 0.154091
v -0.0949882 2.57977 0.145291
v 2.92091 2.29524 0.151062
v 3.28676 2.31666 0.140739
v 1.38705 2.25 0.189973
v 1.36615 2.32383 0.187618
v 1.37486 2.34228 0.188304
v -1.36944 2.29307 0.188069
v -1.3677 2.32383 0.187323
v 3.17218 2.31544 0.134102
v 1.37099 2.29307 0.187774
v -1.38705 2.25 0.189973
v 0.096252 2.64723 0.147224
v -0.107817 2.68359 0.164914
v 2.44813 1.70493 0.190991
v 2.73764 1.59666 0.173547
v 1.39585 2.34845 0.147815
v -1.37486 2.34228 0.188304
v 0.166521 2.52345 0.181065
v -0.141791 2.54971 0.141527
v 2.91484 2.03086 0.155757
v -0.306319 2.95078 0.158385
v 0.317001 2.93882 0.163908
v 1.43581 2.32383 0.196652
v -1.41709 2.34234 0.148232
v 3.00167 2.30847 0.153534
v 0.311569 2.86542 0.1611
v -0.323825 2.89717 0.167436
v -0.100742 2.56449 0.154091
v 0.140555 2.55028 0.14177
v 1.46155 2.29307 0.200177
v -1.43581 2.32383 0.196652
v -0.0450561 2.9868 0.232602
v 0.085283 2.98679 0.221089
v -0.317001 2.93882 0.163908
v 0.323198 2.92584 0.167112
v 2.87533 1.97715 0.161908
v 2.55869 1.95095 0.17666
v 2.88403 2.27622 0.158363
v 3.26542 2.30231 0.151062
v 3.13477 2.31705 0.150525
v 1.48613 2.25 0.203543
v -1.46155 2.29307 0.200177
v -0.323198 2.92584 0.167112
v 0.323825 2.89717 0.167436
v 3.21604 2.31991 0.144639
v 0.226962 2.50026 0.203608
v 1.66802 1.85742 0.228456
v -1.57683 2.07219 0.15428
v -1.57883 2.06484 0.16875
v -1.58203 2.05415 0.185313
v -1.58427 2.04672 0.196058
v -1.48613 2.25 0.203543
v 3.23766 2.31897 0.147182
v -1.50741 0.0353027 0.206458
v -1.49169 0.0158386 0.204305
v 1.49169 0.0158386 0.204305
v 1.50741 0.0353027 0.206458
v -1.56353 0.0855469 0.214144
v 2.41519 1.61712 0.207949
v 2.69907 1.46195 0.190474
v -1.83174 1.90812 0.16875
v -1.85004 2.06403 0.16875
v -2.27437 0.686541 0.16875
v -2.37666 0.75368 0.16875
v -2.04344 0.557989 0.16875
v -2.16332 0.621261 0.16875
v -1.94196 0.509318 0.168732
v -2.63186 0.964759 0.16875
v -2.69998 1.03784 0.16875
v -2.47028 0.82253 0.16875
v -2.55532 0.892939 0.16875
v -2.85469 1.26317 0.16875
v -2.88999 1.3398 0.16875
v -2.75976 1.11204 0.16875
v -2.81131 1.18719 0.16875
v -2.94828 1.5722 0.16875
v -2.95213 1.65 0.16875
v -2.9173 1.41695 0.16875
v -2.9367 1.49447 0.16875
v -2.90114 1.84233 0.16875
v -2.86155 1.88983 0.16875
v -2.94645 1.72302 0.16875
v -2.92945 1.78693 0.16875
v -2.6753 1.99101 0.16875
v -2.5908 2.01299 0.16875
v -2.81069 1.93004 0.16875
v -2.7486 1.96356 0.16875
v -2.38831 2.04297 0.16875
v -2.14133 2.05836 0.16875
v -2.49513 2.0301 0.16875
v -2.08077 0.750876 0.16875
v -1.99123 0.706329 0.16937
v -2.17091 0.802787 0.16875
v -2.25392 0.858292 0.16875
v -2.32993 0.916827 0.16875
v -2.39909 0.977827 0.16875
v -2.46153 1.04073 0.16875
v -2.51738 1.10496 0.16875
v -2.56677 1.16997 0.16875
v -2.60985 1.23518 0.16875
v -2.64675 1.30004 0.16875
v -2.6776 1.36397 0.16875
v -2.70254 1.42641 0.16875
v -2.7217 1.4868 0.16875
v -2.73522 1.54457 0.16875
v -2.74323 1.59916 0.16875
v -2.74587 1.65 0.16875
v -2.74103 1.69579 0.16875
v -2.72656 1.73587 0.16875
v -2.7026 1.77061 0.16875
v -2.66926 1.8004 0.16875
v -2.62669 1.82562 0.16875
v -2.57498 1.84664 0.16875
v -2.51428 1.86385 0.16875
v -2.4447 1.87764 0.16875
v -2.27941 1.89644 0.16875
v -2.0801 1.90609 0.16875
v 2.84061 1.92087 0.168904
v 0.0187942 2.98678 0.237085
v 2.83916 2.25 0.161133
v -0.3338 2.47947 0.172594
v 0.394725 2.46101 0.229329
v 0.107817 2.68359 0.164914
v -0.181126 2.75464 0.182519
v 0.182519 2.75464 0.181126
v 0.288633 2.95078 0.188702
v 0.0614042 2.6124 0.155104
v 0.0618337 2.59577 0.156189
v -0.0614042 2.6124 0.155104
v -0.0647464 2.64723 0.163546
v -0.0618337 2.59577 0.156189
v 0.0638963 2.57977 0.161399
v 3.05869 2.31011 0.161211
v 3.22342 2.27945 0.158263
v 3.23344 2.31513 0.153534
v 2.97519 2.29636 0.164795
v 3.09131 2.21441 0.161891
v 2.77303 2.20377 0.162526
v -0.181065 2.52345 0.166521
v 1.94595 0.520111 0.175563
v -1.64287 0.151611 0.225011
v 1.56353 0.0855469 0.214144
v 0.27307 2.83125 0.178527
v -0.253285 2.83125 0.205635
v 3.02934 2.1749 0.164101
v 2.69652 2.12598 0.170947
v 2.81006 1.86233 0.17666
v 2.52522 1.86292 0.194115
v 0.0677665 2.56449 0.171175
v -0.0638963 2.57977 0.161399
v 2.97431 2.13176 0.167665
v 3.18174 2.31718 0.154542
v 0.0647464 2.64723 0.163546
v -0.0725262 2.68359 0.183197
v 0.203005 2.97146 0.226124
v -0.24729 2.97126 0.177255
v -1.73381 0.234375 0.237467
v 1.64287 0.151611 0.225011
v 2.37807 1.53589 0.225425
v 2.65981 1.32663 0.207949
v -1.65675 1.90144 0.15127
v -0.29358 2.86542 0.191936
v 0.951167 2.37149 0.323565
v 2.92563 2.08529 0.172488
v 2.6295 2.02897 0.18552
v 3.21114 2.3012 0.164795
v 2.93754 2.2768 0.17276
v -1.65096 1.91036 0.169109
v 1.75171 1.66333 0.239919
v -1.67287 1.85742 0.189762
v 3.03324 2.29755 0.173035
v 3.17642 2.31349 0.161211
v -0.0677665 2.56449 0.171175
v -0.109772 2.54972 0.167566
v 0.10855 2.55027 0.167562
v -0.15462 2.52356 0.190449
v 0.126119 2.52346 0.211181
v -0.236545 2.5002 0.192044
v 0.0303544 2.6124 0.164031
v 0.0305667 2.59577 0.165179
v -0.0303544 2.6124 0.164031
v -0.0320066 2.64723 0.172959
v 2.8827 2.03579 0.178472
v -0.0305667 2.59577 0.165179
v 0.0315863 2.57977 0.170688
v 3.11755 2.3118 0.16377
v -1.78001 0.282294 0.243794
v 1.73381 0.234375 0.237467
v 2.75896 1.73968 0.194115
v 2.49547 1.773 0.213596
v 3.17013 2.27934 0.17276
v 0.298697 2.93882 0.195282
v -0.288633 2.95078 0.188702
v 1.8267 1.47188 0.250188
v -1.66802 1.85742 0.228456
v -1.75171 1.66333 0.239919
v 0.29358 2.86542 0.191936
v -0.305127 2.89717 0.199486
v 3.11016 2.25 0.175781
v 2.88152 2.247 0.175279
v 3.15309 2.30001 0.173035
v 3.09316 2.29878 0.175781
v 0.0334995 2.56449 0.181027
v -0.0315863 2.57977 0.170688
v -1.82476 0.334717 0.249923
v 1.78001 0.282294 0.243794
v 2.33208 1.45965 0.242351
v 2.6147 1.19322 0.225425
v 3.04437 2.21512 0.176608
v 2.77507 2.16534 0.18064
v 2.84492 1.98356 0.18552
v 0.253285 2.83125 0.205635
v -0.230694 2.83125 0.230694
v 0.0725262 2.68359 0.183197
v 0.0320066 2.64723 0.172959
v -0.0358524 2.68359 0.193742
v 2.12739 0.607845 0.210782
v 1.92814 1.25952 0.213237
v 0.304537 2.92584 0.1991
v -0.298697 2.93882 0.195282
v 0 2.6124 0.166816
v 0 2.59577 0.167983
v 0 2.64723 0.175896
v 2.98572 2.17652 0.179019
v 2.99476 2.27743 0.181398
v -0.139962 2.75477 0.215841
v 0.141557 2.75468 0.2147
v 0 2.57977 0.173586
v -1.86661 0.391754 0.255655
v 1.82476 0.334717 0.249923
v 2.03634 0.569923 0.213237
v 1.9044 1.25754 0.207941
v 1.90468 1.26684 0.17729
v 1.89007 1.28394 0.258868
v -1.8267 1.47188 0.250188
v 0.267721 2.95078 0.217354
v -0.303126 2.47955 0.222398
v 0.279765 2.47955 0.251164
v 1.94937 0.528592 0.175874
v 1.94984 0.534709 0.196205
v 1.95032 0.54113 0.214833
v -0.304537 2.92584 0.1991
v 0.305127 2.89717 0.199486
v -0.134237 2.52356 0.205325
v 2.93363 2.13449 0.182907
v 2.72186 2.10686 0.188168
v 0.549684 2.42885 0.319785
v -0.601535 2.42884 0.206281
v -0.41492 2.46101 0.190309
v -2.33508 0.898867 0.193359
v -2.25617 0.839385 0.193359
v -2.17007 0.782804 0.193359
v -2.07666 0.729642 0.193359
v -2.58144 1.15542 0.193359
v -2.52998 1.08953 0.193359
v -2.47185 1.02446 0.193359
v -2.40693 0.960731 0.193359
v -2.72318 1.41688 0.193359
v -2.6971 1.35287 0.193359
v -2.66487 1.28761 0.193359
v -2.62636 1.22163 0.193359
v -2.76858 1.65 0.193359
v -2.76581 1.59619 0.193359
v -2.7574 1.53906 0.193359
v -2.74323 1.47911 0.193359
v -2.69043 1.81025 0.193359
v -2.72445 1.77851 0.193359
v -2.74889 1.74149 0.193359
v -2.76364 1.69879 0.193359
v -2.46079 1.89254 0.193359
v -2.53201 1.87785 0.193359
v -2.5941 1.85951 0.193359
v -2.64694 1.83711 0.193359
v -2.08684 1.92285 0.193359
v -2.2914 1.91257 0.193359
v -1.84801 1.92664 0.193359
v -1.98815 0.690457 0.188217
v -1.98963 0.698154 0.179507
v -1.84979 2.04704 0.193359
v -2.13459 2.0416 0.193359
v -2.37633 2.02684 0.193359
v -2.48095 2.0145 0.193359
v -2.57471 1.99809 0.193359
v -2.65757 1.97701 0.193359
v -2.72949 1.95069 0.193359
v -2.79044 1.91854 0.193359
v -2.84038 1.87999 0.193359
v -2.87928 1.83444 0.193359
v -2.90712 1.78131 0.193359
v -2.92384 1.72003 0.193359
v -2.92942 1.65 0.193359
v -2.92571 1.57517 0.193359
v -2.91452 1.49998 0.193359
v -2.89577 1.42464 0.193359
v -2.86936 1.34933 0.193359
v -2.83519 1.27426 0.193359
v -2.79319 1.19962 0.193359
v -2.74326 1.12559 0.193359
v -2.68531 1.05239 0.193359
v -2.61925 0.980194 0.193359
v -2.545 0.909208 0.193359
v -2.46245 0.839626 0.193359
v -2.37152 0.77164 0.193359
v -2.27212 0.705448 0.193359
v -2.16416 0.641244 0.193359
v -2.04755 0.579223 0.193359
v -1.94721 0.526516 0.188805
v -1.94537 0.52012 0.181673
v 2.81168 1.92889 0.193536
v -1.9041 0.453516 0.26079
v 1.86661 0.391754 0.255655
v 0 2.56449 0.184101
v -0.0334995 2.56449 0.181027
v -0.0736189 2.55 0.185958
v 0.0363926 2.55 0.196661
v 0.0736189 2.55 0.185958
v -1.89007 1.28394 0.258868
v 2.88752 2.08933 0.188168
v -1.93579 0.520111 0.265129
v 1.9041 0.453516 0.26079
v 2.93794 2.24877 0.184099
v 3.11291 2.27872 0.181398
v 0.0358524 2.68359 0.193742
v 0 2.68359 0.197031
v 3.05383 2.27807 0.184277
v -0.203608 2.50026 0.226962
v 0.180452 2.50026 0.245767
v 2.71703 1.61167 0.213596
v 2.46625 1.6829 0.234429
v 2.27417 1.39004 0.25818
v 2.55855 1.06428 0.242351
v 1.93579 0.520111 0.265129
v 3.05596 2.25 0.18457
v -1.93893 1.10039 0.26556
v 1.9494 0.52893 0.177155
v 2.81884 2.16189 0.189802
v 2.99417 2.21587 0.185439
v 2.78239 1.87208 0.202423
v 2.57424 1.91582 0.20704
v 0.0902982 2.52356 0.228089
v -0.0979786 2.52361 0.225368
v -1.95701 1.01054 0.268037
v 2.84683 2.04131 0.194696
v -0.272309 2.86542 0.22108
v -1.97037 0.922119 0.269867
v 2.93907 2.17825 0.18797
v -1.97866 0.835236 0.271002
v -1.9815 0.75 0.271391
v -1.98517 0.676649 0.200864
v 2.52472 1.00227 0.250437
v -0.0363926 2.55 0.196661
v 0 2.55 0.2
v 3 2.25 0.1875
v -1.96022 0.59165 0.268475
v 0.152707 2.97145 0.262721
v -0.20576 2.97126 0.224135
v -0.965905 2.37129 0.276448
v 1.11162 2.33906 0.318152
v 2.89012 2.13742 0.192053
v -0.093911 2.75504 0.239743
v -0.0473637 2.7583 0.255947
v 0.0956454 2.75486 0.23889
v 0.230694 2.83125 0.230694
v -0.205635 2.83125 0.253285
v 2.9164 2.19999 0.189199
v 2.2398 1.35824 0.265511
v 2.48619 0.942321 0.25818
v 2.81098 1.99072 0.202385
v 2.66699 2.02601 0.201853
v 2.60221 1.89754 0.227655
v 0.0446378 2.52356 0.241217
v -1.35297 2.22187 0.25037
v 1.35297 2.22187 0.25037
v 1.37663 2.25 0.254748
v -1.35742 2.32383 0.251194
v -1.36069 2.29307 0.251798
v 1.35742 2.32383 0.251194
v 1.36453 2.34228 0.252509
v 1.36069 2.29307 0.251798
v 2.82446 2.12063 0.19746
v -1.37663 2.25 0.254748
v 2.84676 2.09364 0.197577
v 2.74346 2.07956 0.201003
v -1.36453 2.34228 0.252509
v -0.267721 2.95078 0.217354
v 0.277056 2.93882 0.224934
v -1.64049 1.9273 0.192994
v -1.62953 1.94619 0.210938
v -1.62545 1.95369 0.215369
v -1.62382 1.95518 0.222402
v 1.39353 2.34232 0.296621
v -1.37321 2.34844 0.290107
v 2.20132 1.3287 0.272362
v 2.67925 1.48076 0.234429
v 2.43438 1.59434 0.255937
v 2.44231 0.884756 0.265511
v 0.243841 2.95078 0.243841
v 0.272309 2.86542 0.22108
v -0.28302 2.89717 0.229776
v -1.59081 2.0288 0.210938
v -1.58416 2.0477 0.192955
v -1.84951 2.02807 0.210938
v 1.42502 2.32383 0.263704
v -1.95306 0.545204 0.203577
v -2.05213 0.602923 0.210938
v -2.16509 0.663548 0.210938
v -2.2696 0.726551 0.210938
v -2.36578 0.791686 0.210938
v -2.4537 0.858707 0.210938
v -2.53347 0.927367 0.210938
v -2.60519 0.997421 0.210938
v -2.66895 1.06862 0.210938
v -2.72484 1.14072 0.210938
v -2.77297 1.21348 0.210938
v -2.81344 1.28665 0.210938
v -2.84632 1.35998 0.210938
v -2.87174 1.43322 0.210938
v -2.88977 1.50614 0.210938
v -2.90052 1.57848 0.210938
v -2.90408 1.65 0.210938
v -2.8986 1.71668 0.210938
v -2.88219 1.77504 0.210938
v -2.85489 1.82562 0.210938
v -2.81676 1.869 0.210938
v -2.76783 1.90571 0.210938
v -2.70816 1.93633 0.210938
v -2.63779 1.96139 0.210938
v -2.55676 1.98146 0.210938
v -2.46513 1.99709 0.210938
v -2.36294 2.00883 0.210938
v -2.12707 2.02289 0.210938
v -2.07207 0.705942 0.210938
v -1.98168 0.659066 0.212733
v -2.16914 0.7605 0.210938
v -2.25868 0.818282 0.210938
v -2.34082 0.878822 0.210938
v -2.41568 0.94165 0.210938
v -2.48338 1.0063 0.210938
v -2.54405 1.0723 0.210938
v -2.5978 1.13919 0.210938
v -2.64478 1.2065 0.210938
v -2.68508 1.27375 0.210938
v -2.71886 1.34048 0.210938
v -2.74621 1.40623 0.210938
v -2.76727 1.47053 0.210938
v -2.78216 1.5329 0.210938
v -2.791 1.59288 0.210938
v -2.79392 1.65 0.210938
v -2.78888 1.70214 0.210938
v -2.77382 1.74777 0.210938
v -2.74885 1.78732 0.210938
v -2.71406 1.82124 0.210938
v -2.66955 1.84994 0.210938
v -2.61543 1.87388 0.210938
v -2.55179 1.89348 0.210938
v -2.47874 1.90917 0.210938
v -2.30335 1.93092 0.211178
v -2.09437 1.94156 0.210938
v -1.84829 1.94561 0.210938
v 2.77939 1.93784 0.21113
v 0 2.7583 0.260293
v 0.0478371 2.75517 0.253111
v 2.51986 1.75524 0.244746
v 2.73323 1.75325 0.222423
v 2.79139 2.02453 0.207972
v 2.66703 1.95679 0.223578
v -0.277056 2.93882 0.224934
v 0.282472 2.92584 0.229331
v 2.39243 0.82989 0.272362
v 2.15834 1.30165 0.278664
v 1.45057 2.29307 0.268431
v -1.42502 2.32383 0.263704
v 0 2.52356 0.245312
v -0.0446378 2.52356 0.241217
v 2.76886 2.05329 0.207676
v -1.5893 2.02997 0.21814
v -0.282472 2.92584 0.229331
v 0.28302 2.89717 0.229776
v 2.1105 1.27728 0.284348
v 2.33592 0.778039 0.278664
v 1.47496 2.25 0.272945
v -1.45057 2.29307 0.268431
v 0.205635 2.83125 0.253285
v -0.178527 2.83125 0.27307
v 2.7515 1.88297 0.220825
v 1.65549 1.85742 0.306352
v -1.59899 2.00845 0.221495
v -1.47496 2.25 0.272945
v 2.27211 0.729521 0.284348
v 2.05741 1.25579 0.289346
v -1.49608 0.0353027 0.276854
v -1.48048 0.0158386 0.273966
v 1.48048 0.0158386 0.273966
v 2.73721 2.00627 0.215878
v 0.139941 2.5002 0.270649
v 0.339738 2.46101 0.304911
v -0.248021 2.86542 0.248021
v 1.49608 0.0353027 0.276854
v -1.55178 0.0855469 0.28716
v -1.97594 0.668243 0.270629
v 1.9987 1.2374 0.293589
v 2.20038 0.684652 0.289346
v 2.64062 1.34941 0.255937
v 2.39664 1.50901 0.277446
v 0.0975295 2.97144 0.287794
v -0.155732 2.97126 0.261362
v -1.11162 2.33906 0.318152
v 2.12005 0.643749 0.293589
v 1.93105 1.24091 0.255123
v 1.93397 1.22231 0.297009
v -1.95853 0.564242 0.214781
v -2.16814 0.736649 0.221484
v -2.06717 0.680598 0.221484
v -1.97605 0.6335 0.222436
v -2.34696 0.857385 0.221484
v -2.26137 0.795715 0.221484
v -2.4957 0.986882 0.221484
v -2.42503 0.921245 0.221484
v -2.58575 1.08387 0.221471
v -2.68497 1.22099 0.221468
v -2.75656 1.3578 0.221464
v -2.80148 1.49097 0.22146
v -2.82102 1.65 0.221484
v -2.81794 1.58934 0.221484
v -2.80048 1.75448 0.221484
v -2.81587 1.70572 0.221484
v -2.73932 1.83299 0.221484
v -2.77494 1.79674 0.221484
v -2.63824 1.88924 0.221484
v -2.69373 1.86366 0.221484
v -2.57295 1.91018 0.221484
v -2.31909 1.94982 0.221484
v -2.46725 1.933 0.221477
v -2.06116 1.96318 0.22142
v -1.61866 1.96651 0.221484
v -2.05704 0.628267 0.221484
v -2.16609 0.687399 0.221484
v -2.26692 0.749118 0.221484
v -2.35964 0.813122 0.221484
v -2.44435 0.879112 0.221484
v -2.52115 0.946785 0.221484
v -2.6254 1.05385 0.221498
v -2.7327 1.19665 0.221499
v -2.80988 1.34081 0.221505
v -2.84604 1.4424 0.221484
v -2.86329 1.51272 0.221484
v -2.87358 1.58202 0.221484
v -2.87698 1.65 0.221484
v -2.87161 1.7131 0.221484
v -2.85553 1.76833 0.221484
v -2.8288 1.8162 0.221484
v -2.79149 1.85725 0.221484
v -2.74365 1.89199 0.221484
v -2.68534 1.92096 0.221484
v -2.61663 1.94468 0.221484
v -2.53757 1.96367 0.221484
v -2.44822 1.97846 0.221484
v -2.34864 1.98958 0.221484
v -2.11903 2.00288 0.221484
v -1.84921 2.00778 0.221484
v -1.59629 2.015 0.218636
v 2.72786 1.91659 0.227585
v 2.68438 1.90664 0.235547
v 2.03342 0.588526 0.255123
v 1.90413 1.24179 0.248858
v 1.90421 1.24938 0.230408
v 2.45708 1.56737 0.293262
v 2.69264 1.62943 0.244746
v 1.55178 0.0855469 0.28716
v -1.63052 0.151611 0.301732
v -0.243841 2.95078 0.243841
v 0.217354 2.95078 0.267721
v 1.95096 0.549938 0.237449
v 1.95161 0.559739 0.258827
v 0.222398 2.47955 0.303126
v 0.252344 2.93882 0.252344
v 0.178527 2.83125 0.27307
v -0.149845 2.83125 0.289803
v -0.153117 2.50025 0.263674
v 2.58927 1.75678 0.269432
v 2.70451 1.76839 0.242643
v 0.248021 2.86542 0.248021
v -0.257776 2.89717 0.257776
v -1.16385 2.32064 0.351806
v 1.21226 2.29981 0.346957
v -1.96494 0.587755 0.222635
v -2.57462 1.03486 0.225
v -2.63338 1.10391 0.225
v -2.30956 0.802493 0.224998
v -2.10914 0.67922 0.224989
v -2.4724 0.932161 0.225
v -2.8496 1.62632 0.224992
v -2.76614 1.31357 0.225
v -2.79627 1.38311 0.225
v -2.68481 1.17361 0.225
v -2.72903 1.24362 0.225
v -2.82966 1.48704 0.225
v -2.5636 1.93628 0.225004
v -2.78665 1.82682 0.224999
v -2.83803 1.73848 0.224994
v -2.6952 1.89157 0.225003
v -1.60834 1.9875 0.225
v -1.8489 1.98684 0.225
v -2.24446 1.97715 0.22501
v -2.43075 1.95924 0.225
v -1.97042 0.609762 0.225
v -1.61688 1.97002 0.222502
v 2.54708 1.73542 0.266995
v 0.257277 2.92584 0.257277
v -0.252344 2.93882 0.252344
v 1.63052 0.151611 0.301732
v -1.72078 0.234375 0.318435
v 2.59614 1.2201 0.277446
v 2.34984 1.42864 0.298279
v 0.0552717 2.97133 0.298681
v -0.100619 2.97126 0.287085
v -0.774649 2.40122 0.263142
v -0.112154 2.5002 0.283295
v -0.0565673 2.50045 0.298638
v 0.110622 2.50043 0.283175
v 1.73855 1.66333 0.321723
v -1.65549 1.85742 0.306352
v -0.257277 2.92584 0.257277
v 0.257776 2.89717 0.257776
v 1.24005 2.27644 0.354911
v -1.21226 2.29981 0.346957
v 0.149845 2.83125 0.289803
v -0.120091 2.83125 0.303343
v -0.22108 2.86542 0.272309
v 2.6738 1.78458 0.254775
v 2.64209 1.8013 0.25882
v 0 2.97133 0.303752
v -0.0552717 2.97133 0.298681
v 0.702268 2.40209 0.408637
v 2.6558 1.50301 0.268617
v 1.24733 2.26363 0.356994
v -1.24005 2.27644 0.354911
v -0.217354 2.95078 0.267721
v 0.188702 2.95078 0.288633
v -1.24733 2.26363 0.356994
v 1.26561 2.25 0.297057
v -0.251164 2.47955 0.279765
v 1.28903 2.22187 0.302555
v -0.368015 2.46101 0.270092
v 1.72078 0.234375 0.318435
v -1.76664 0.282294 0.32692
v 1.81297 1.47188 0.335494
v -1.73855 1.66333 0.321723
v 1.31141 2.21488 0.262029
v -1.28903 2.22187 0.302555
v -0.00115905 2.50042 0.304034
v 0.0541824 2.50043 0.29915
v 0.120091 2.83125 0.303343
v -0.0897704 2.83125 0.313656
v 2.54078 1.09529 0.298279
v 2.2908 1.35492 0.31776
v 2.66542 1.64925 0.266995
v 1.76664 0.282294 0.32692
v -1.81105 0.334717 0.335139
v 0.224934 2.93882 0.277056
v 2.48242 1.53728 0.319922
v -1.32363 2.21251 0.268304
v 0.22108 2.86542 0.272309
v -0.229776 2.89717 0.28302
v 1.33953 2.22187 0.314409
v -1.33622 2.21478 0.270753
v 0.0897704 2.83125 0.313656
v -0.0593655 2.83125 0.320803
v 0.472999 2.42886 0.425012
v -0.548539 2.42885 0.321656
v 1.81105 0.334717 0.335139
v -1.85258 0.391754 0.342824
v 1.87587 1.28394 0.347134
v -1.81297 1.47188 0.335494
v 1.36296 2.25 0.319907
v -1.33953 2.22187 0.314409
v 2.50747 1.03534 0.308231
v 1.34394 2.32383 0.315444
v 1.35098 2.34228 0.317095
v -1.34718 2.29307 0.316203
v -1.34394 2.32383 0.315444
v 1.34718 2.29307 0.316203
v -1.36296 2.25 0.319907
v -0.224934 2.93882 0.277056
v 0.229331 2.92584 0.282472
v 1.37389 2.34844 0.286873
v -1.35098 2.34228 0.317095
v -0.191936 2.86542 0.29358
v -0.188702 2.95078 0.288633
v 0.158385 2.95078 0.306319
v 2.63631 1.67045 0.280345
v 2.59477 1.6516 0.294624
v -0.205631 2.47947 0.314527
v 2.0305 0.607128 0.297009
v 1.9041 1.23632 0.260802
v 1.90423 1.21683 0.298135
v 1.85258 0.391754 0.342824
v -1.88979 0.453516 0.34971
v 2.4186 1.47721 0.317907
v 2.61792 1.37638 0.293262
v 0.0593655 2.83125 0.320803
v -0.029315 2.83125 0.32493
v 0 2.83125 0.32625
v -0.229331 2.92584 0.282472
v 0.229776 2.89717 0.28302
v 2.46955 0.977441 0.31776
v 2.25568 1.32109 0.326783
v 1.95187 0.563935 0.267342
v 1.95173 0.561679 0.262991
v 1.95228 0.570912 0.280802
v 1.9528 0.580903 0.298196
v 1.9041 1.22997 0.274141
v -1.87587 1.28394 0.347134
v 1.41088 2.32383 0.331154
v -1.39512 2.34231 0.289065
v 0.029315 2.83125 0.32493
v 1.88979 0.453516 0.34971
v -1.92124 0.520111 0.35553
v 1.43617 2.29307 0.33709
v -1.41088 2.32383 0.331154
v 1.92124 0.520111 0.35553
v -1.94548 0.59165 0.360017
v 2.21631 1.28957 0.335215
v 2.42642 0.921897 0.326783
v -1.92436 1.10039 0.356107
v -0.322618 2.46094 0.322618
v 0.270092 2.46101 0.368015
v 2.62963 1.52785 0.293036
v 2.50952 1.5051 0.335918
v 0.195282 2.93882 0.298697
v -1.9423 1.01054 0.359428
v 1.46031 2.25 0.342758
v -1.43617 2.29307 0.33709
v -1.96109 0.668243 0.362904
v -0.158385 2.95078 0.306319
v 0.126935 2.95078 0.320632
v -1.95557 0.922119 0.361883
v -1.96661 0.75 0.363926
v 0.156686 2.47955 0.341747
v -0.152829 2.47953 0.343626
v -1.96379 0.835236 0.363404
v 0.191936 2.86542 0.29358
v -0.199486 2.89717 0.305127
v 2.37744 0.869019 0.335215
v 2.17227 1.26058 0.342971
v 1.63905 1.85742 0.38471
v -1.46031 2.25 0.342758
v -0.1611 2.86542 0.311569
v -1.48123 0.0353027 0.347667
v -1.46578 0.0158386 0.344041
v 1.46578 0.0158386 0.344041
v -0.934147 2.37129 0.36982
v 1.06702 2.33914 0.446141
v -1.53637 0.0855469 0.36061
v 1.48123 0.0353027 0.347667
v 0.1991 2.92584 0.304537
v -0.195282 2.93882 0.298697
v 2.37086 1.39194 0.341778
v 2.57418 1.25191 0.317907
v 2.12318 1.23431 0.349967
v 2.32199 0.819113 0.342971
v 2.60165 1.55441 0.307688
v -0.126935 2.95078 0.320632
v 0.0948866 2.95078 0.331532
v -0.1991 2.92584 0.304537
v 0.199486 2.89717 0.305127
v 0.0833802 2.4797 0.365771
v 2.25944 0.772489 0.349967
v 2.06863 1.21099 0.356118
v 1.53637 0.0855469 0.36061
v -1.61433 0.151611 0.378908
v -0.471492 2.42886 0.426669
v 0.163908 2.93882 0.317001
v 2.18916 0.729454 0.356118
v 2.00821 1.19084 0.36134
v -0.129111 2.86542 0.326127
v 0.1611 2.86542 0.311569
v -0.103399 2.47947 0.361276
v -0.26838 2.46101 0.369281
v -0.0948866 2.95078 0.331532
v 2.59258 1.40647 0.319922
v 2.44311 1.44171 0.346807
v -0.167436 2.89717 0.323825
v 2.11054 0.690317 0.36134
v 1.94155 1.17405 0.365549
v 2.02293 0.655385 0.365549
v 1.9058 1.16701 0.367244
v 1.24982 2.25 0.357706
v 1.27295 2.22187 0.364327
v -1.24982 2.25 0.357706
v 1.90426 1.21432 0.302557
v 2.31048 1.31336 0.3641
v 2.51976 1.13199 0.341778
v -0.0630563 2.95095 0.338666
v 0.059638 2.95064 0.339819
v -0.163908 2.93882 0.317001
v 0.167112 2.92584 0.323198
v 1.95294 0.584208 0.303474
v 0.0143786 2.47967 0.37497
v -1.7037 0.234375 0.399884
v 1.61433 0.151611 0.378908
v -0.0541449 2.47968 0.371322
v -1.27295 2.22187 0.364327
v 1.90524 1.17998 0.351947
v -0.096513 2.86542 0.337215
v 0.129111 2.86542 0.326127
v 0.874249 2.37115 0.498756
v 0 2.95078 0.344844
v -0.167112 2.92584 0.323198
v 0.167436 2.89717 0.323825
v 1.28873 2.2125 0.403439
v 0.131361 2.93882 0.331812
v 1.72129 1.66333 0.404012
v -1.63905 1.85742 0.38471
v 2.56548 1.43865 0.335918
v 2.48705 1.07448 0.353181
v 1.29981 2.21482 0.411607
v 1.32282 2.22187 0.378601
v -0.134189 2.89717 0.338955
v 2.5375 1.47188 0.34125
v -0.0638243 2.86542 0.344899
v 0.096513 2.86542 0.337215
v -1.32282 2.22187 0.378601
v 1.34596 2.25 0.385221
v 0.190309 2.46101 0.41492
v 1.94548 0.59165 0.360017
v -1.33037 2.29307 0.380761
v -1.32718 2.32383 0.379847
v 1.32718 2.32383 0.379847
v 1.33413 2.34228 0.381836
v -1.34596 2.25 0.385221
v 1.33037 2.29307 0.380761
v 0.13393 2.92584 0.338299
v -0.131361 2.93882 0.331812
v -1.33413 2.34228 0.381836
v 2.44988 1.019 0.3641
v 2.27448 1.27715 0.374439
v 2.54966 1.28741 0.346807
v 1.16236 2.32066 0.356702
v -1.07469 2.33922 0.424624
v -1.7491 0.282294 0.410539
v 1.7037 0.234375 0.399884
v 2.46932 1.40375 0.364148
v -1.33893 2.34844 0.420935
v 1.35851 2.34232 0.429436
v 0.0981953 2.93882 0.343093
v -0.0315168 2.86542 0.349336
v 0.0638243 2.86542 0.344899
v 1.79497 1.47188 0.421306
v -1.72129 1.66333 0.404012
v 0.375934 2.42886 0.512858
v -0.13393 2.92584 0.338299
v 0.134189 2.89717 0.338955
v 0 2.86542 0.350754
v 0.0315168 2.86542 0.349336
v 1.39328 2.32383 0.398764
v -0.100309 2.89717 0.350479
v 2.23405 1.24328 0.3841
v 2.40762 0.965843 0.374439
v 1.7491 0.282294 0.410539
v -1.79307 0.334717 0.42086
v -1.39328 2.32383 0.398764
v 1.41825 2.29307 0.405912
v 1.95382 0.609156 0.339727
v 0.0649369 2.93882 0.350911
v -0.0981953 2.93882 0.343093
v 0.100115 2.92584 0.3498
v -0.209553 2.46094 0.40528
v 1.18296 2.29985 0.437443
v 1.79307 0.334717 0.42086
v -1.83419 0.391754 0.430511
v 2.3597 0.915316 0.3841
v 2.18876 1.21198 0.392987
v 1.85724 1.28394 0.435923
v -1.79497 1.47188 0.421306
v 2.52345 1.32537 0.364148
v 2.49639 1.36456 0.369928
v -1.41825 2.29307 0.405912
v 1.4421 2.25 0.412737
v 0.100309 2.89717 0.350479
v -0.0663348 2.89717 0.358465
v -0.100115 2.92584 0.3498
v -0.0649369 2.93882 0.350911
v 0.0320662 2.93882 0.355425
v 2.38559 1.33555 0.37735
v 2.4963 1.17294 0.372849
v 0 2.93882 0.356869
v -0.0320662 2.93882 0.355425
v -1.4421 2.25 0.412737
v 1.61861 1.85742 0.463255
v -1.4475 0.0158386 0.414282
v -1.87103 0.453516 0.439158
v 1.83419 0.391754 0.430511
v 2.13818 1.18347 0.401004
v 2.30551 0.867711 0.392987
v 0.0662064 2.92584 0.357771
v -1.46275 0.0353027 0.418649
v 1.4475 0.0158386 0.414282
v 0.0663348 2.89717 0.358465
v -0.0327565 2.89717 0.363076
v 2.4059 1.28401 0.39807
v 1.22126 2.27644 0.415006
v -1.85724 1.28394 0.435923
v 1.46275 0.0353027 0.418649
v -1.51721 0.0855469 0.434234
v -0.707121 2.4011 0.413421
v 0.610226 2.40111 0.546238
v 0.0327565 2.89717 0.363076
v 0 2.89717 0.364551
v -0.146418 2.461 0.432394
v 0.105846 2.461 0.44403
v -1.90216 0.520111 0.446466
v 1.87103 0.453516 0.439158
v -0.0662064 2.92584 0.357771
v 2.24444 0.823329 0.401004
v 2.0819 1.15798 0.408052
v 0.0326931 2.92584 0.362373
v 2.46427 1.11816 0.385288
v -0.40083 2.42871 0.493712
v 1.22842 2.26363 0.417441
v -1.22126 2.27644 0.415006
v 0 2.92584 0.363845
v -0.0326931 2.92584 0.362373
v 1.90216 0.520111 0.446466
v -1.92617 0.59165 0.452101
v -1.90525 1.10039 0.447192
v 2.17589 0.782464 0.408052
v -1.22842 2.26363 0.417441
v 1.23087 2.25 0.418273
v 1.25366 2.22187 0.426015
v -1.23087 2.25 0.418273
v -1.92302 1.01054 0.451362
v 1.92617 0.59165 0.452101
v -1.94162 0.668243 0.455727
v 1.51721 0.0855469 0.434234
v -1.5942 0.151611 0.456268
v 2.09927 0.745417 0.414036
v 1.99937 1.12911 0.415851
v 1.95406 0.628112 0.362442
v -1.93615 0.922119 0.454444
v -1.94708 0.75 0.45701
v -1.94429 0.835236 0.456355
v 2.42791 1.06538 0.3972
v 2.31573 1.24799 0.4027
v 2.47121 1.21674 0.391491
v 2.44531 1.26196 0.397705
v 1.27748 2.21486 0.395308
v -1.25366 2.22187 0.426015
v 1.90941 1.10792 0.420986
v 2.01397 0.712483 0.418858
v 1.90747 1.1359 0.398905
v -1.27485 2.21486 0.4037
v 1.95411 0.634366 0.369335
v 0.0217026 2.46099 0.455958
v -0.892448 2.37129 0.461448
v -1.28873 2.2125 0.403439
v -0.0616741 2.46099 0.452322
v 2.38665 1.01489 0.408479
v 1.30277 2.22187 0.442706
v -1.30249 2.21482 0.403053
v 1.32556 2.25 0.450448
v -1.30277 2.22187 0.442706
v -1.68245 0.234375 0.481527
v 1.5942 0.151611 0.456268
v 1.30706 2.32383 0.444164
v 1.31391 2.34228 0.446489
v -1.31021 2.29307 0.445232
v -1.30706 2.32383 0.444164
v 1.31021 2.29307 0.445232
v -1.32556 2.25 0.450448
v 1.33995 2.34844 0.417696
v -1.31391 2.34228 0.446489
v -0.319785 2.42885 0.549684
v 0.264779 2.42885 0.578158
v 2.3399 0.966989 0.419019
v 2.23535 1.17655 0.423366
v -1.61861 1.85742 0.463255
v 1.69982 1.66333 0.486498
v 2.33291 1.19048 0.424695
v 2.43991 1.16487 0.404553
v 1.11767 2.32042 0.479577
v -1.13027 2.32053 0.447465
v 2.41476 1.21309 0.410974
v 1.37216 2.32383 0.466284
v -1.36088 2.34232 0.421872
v 2.28711 0.921954 0.428714
v 2.40442 1.11497 0.41706
v 1.39675 2.29307 0.474642
v -1.37216 2.32383 0.466284
v 1.68245 0.234375 0.481527
v -1.72728 0.282294 0.494358
v 1.9535 0.667254 0.400985
v -0.640491 2.4 0.519996
v 2.2277 0.880072 0.437458
v 2.13145 1.1139 0.441063
v 1.94162 0.668243 0.455727
v -1.69982 1.66333 0.486498
v 1.77258 1.47188 0.507323
v 2.38018 1.16618 0.42368
v 1.19928 2.27644 0.474785
v -1.18446 2.29984 0.433386
v 1.42024 2.25 0.482623
v -1.39675 2.29307 0.474642
v 2.16108 0.841631 0.445148
v 2.00502 1.06485 0.454156
v 2.24609 1.11281 0.446541
v 2.36421 1.06734 0.428903
v 1.72728 0.282294 0.494358
v -1.7707 0.334717 0.506785
v 1.59407 1.85742 0.541694
v -1.42024 2.25 0.482623
v 1.95248 0.690187 0.41934
v 2.0867 0.806915 0.451675
v -1.44058 0.0353027 0.489536
v -1.42555 0.0158386 0.48443
v 1.42555 0.0158386 0.48443
v 1.20632 2.26363 0.477571
v -1.19928 2.27644 0.474785
v 2.34105 1.1215 0.435711
v -1.20632 2.26363 0.477571
v 1.20873 2.25 0.478523
v 1.2311 2.22187 0.48738
v -1.20873 2.25 0.478523
v 1.44058 0.0353027 0.489536
v -1.49421 0.0855469 0.50776
v 2.00397 0.776211 0.456936
v 1.91493 1.04261 0.459401
v 2.31873 1.02225 0.43997
v 1.7707 0.334717 0.506785
v -1.81131 0.391754 0.518407
v 1.95201 0.698485 0.425225
v -1.77258 1.47188 0.507323
v 1.83407 1.28394 0.524923
v 0.147119 2.42883 0.618692
v -1.2311 2.22187 0.48738
v 1.9113 1.08378 0.43747
v 1.90525 1.10039 0.447192
v 2.13727 1.04659 0.464543
v 2.26744 0.979958 0.450149
v 2.29688 1.0793 0.446953
v 1.24271 2.2125 0.528483
v -1.22884 2.21487 0.527454
v 1.81131 0.391754 0.518407
v -1.84769 0.453516 0.52882
v -1.57003 0.151611 0.533525
v 1.49421 0.0855469 0.50776
v 1.25289 2.21482 0.537792
v -1.83407 1.28394 0.524923
v 1.88149 1.10039 0.538493
v 2.20979 0.940752 0.459331
v 1.91275 1.0666 0.447464
v 1.27933 2.22187 0.506475
v -0.204327 2.42883 0.602279
v 1.84769 0.453516 0.52882
v -1.87844 0.520111 0.53762
v 2.24713 1.03984 0.457294
v 1.3017 2.25 0.515333
v -1.27933 2.22187 0.506475
v 1.28354 2.32383 0.508143
v 1.29026 2.34228 0.510803
v -1.28354 2.32383 0.508143
v -1.28663 2.29307 0.509365
v 2.0063 0.994846 0.477587
v 2.14525 0.904901 0.467405
v 1.28663 2.29307 0.509365
v -1.3017 2.25 0.515333
v 1.94854 0.738548 0.449879
v 1.87844 0.520111 0.53762
v -1.90214 0.59165 0.544405
v -1.29026 2.34228 0.510803
v 1.91303 1.06355 0.44902
v -1.88149 1.10039 0.538493
v 1.91434 1.0489 0.456487
v 1.13353 2.29985 0.553076
v 0.0299034 2.42881 0.635309
v 0.486141 2.40043 0.664586
v -0.54811 2.40032 0.615398
v 2.19131 1.0034 0.466622
v -1.89903 1.01054 0.543515
v -0.840919 2.37129 0.549775
v -0.798151 2.3713 0.610634
v 0.794198 2.37132 0.615601
v 1.30957 2.34232 0.561287
v 2.07326 0.872679 0.474259
v 1.90214 0.59165 0.544405
v -1.9174 0.668243 0.548771
v -0.086273 2.42881 0.630176
v -1.912 0.922119 0.547226
v 1.94708 0.75 0.45701
v 1.9174 0.668243 0.548771
v -1.9228 0.75 0.550316
v -1.65694 0.234375 0.56306
v 1.57003 0.151611 0.533525
v -1.92004 0.835236 0.549527
v 1.94644 0.758782 0.459575
v 1.99328 0.84436 0.479783
v 1.92201 0.972683 0.482381
v 1.9228 0.75 0.550316
v 1.34747 2.32383 0.53345
v 2.12889 0.970223 0.474824
v 1.9174 1.01714 0.469598
v 1.94435 0.777148 0.46723
v 1.01164 2.33907 0.560535
v -1.02678 2.33922 0.530021
v 1.67405 1.66333 0.568873
v -1.59407 1.85742 0.541694
v 1.17411 2.27644 0.534005
v 1.37162 2.29307 0.543012
v -1.34747 2.32383 0.53345
v 1.93998 0.81497 0.47932
v 2.05938 0.940576 0.481787
v 1.91927 0.998582 0.475974
v 1.89903 1.01054 0.543515
v 1.98224 0.914719 0.487399
v 1.39468 2.25 0.552142
v -1.37162 2.29307 0.543012
v 1.181 2.26363 0.537139
v -1.17411 2.27644 0.534005
v -1.181 2.26363 0.537139
v 1.18335 2.25 0.53821
v 1.20526 2.22187 0.548172
v -1.18335 2.25 0.53821
v 1.06463 2.32057 0.587395
v 1.93839 0.828624 0.482419
v 1.93004 0.900627 0.490165
v 1.65694 0.234375 0.56306
v -1.7011 0.282294 0.578064
v 1.92234 0.969591 0.483111
v 1.93086 0.893546 0.490095
v 1.56539 1.85742 0.619722
v -1.39468 2.25 0.552142
v 1.92668 0.930214 0.488868
v 1.93763 0.835145 0.483858
v 1.93545 0.853937 0.486987
v 1.92004 0.835236 0.549527
v -1.41466 0.0353027 0.56005
v -1.3999 0.0158386 0.554209
v 1.3999 0.0158386 0.554209
v 1.74571 1.47188 0.593224
v -1.67405 1.66333 0.568873
v -1.20526 2.22187 0.548172
v 1.23236 2.21486 0.519183
v 1.92827 0.916185 0.489931
v 1.912 0.922119 0.547226
v 1.41466 0.0353027 0.56005
v -1.46732 0.0855469 0.5809
v -1.74386 0.334717 0.592596
v 1.7011 0.282294 0.578064
v -1.24271 2.2125 0.528483
v -1.25648 2.21482 0.529357
v 1.25248 2.22187 0.569649
v -1.09283 2.32077 0.532115
v -1.25248 2.22187 0.569649
v 1.27438 2.25 0.579611
v -1.78385 0.391754 0.606185
v 1.74386 0.334717 0.592596
v 1.80627 1.28394 0.613805
v -1.74571 1.47188 0.593224
v 1.46732 0.0855469 0.5809
v -1.54178 0.151611 0.610376
v -1.2566 2.32383 0.571525
v -1.25963 2.29307 0.572899
v 1.2566 2.32383 0.571525
v 1.26318 2.34228 0.574516
v -1.27438 2.25 0.579611
v 1.25963 2.29307 0.572899
v -1.26318 2.34228 0.574516
v 1.2923 2.34844 0.547671
v -1.29094 2.34844 0.550861
v 1.78385 0.391754 0.606185
v -1.81968 0.453516 0.618361
v 0.726473 2.37132 0.694228
v 1.14575 2.27644 0.592418
v -1.13546 2.29985 0.549114
v -1.31274 2.34232 0.553835
v 1.31919 2.32383 0.599988
v 1.85297 1.10039 0.629672
v -1.80627 1.28394 0.613805
v 1.81968 0.453516 0.618361
v -1.84996 0.520111 0.628651
v 0.338146 2.40133 0.744251
v -1.31919 2.32383 0.599988
v 1.34283 2.29307 0.610742
v 1.54178 0.151611 0.610376
v -1.62713 0.234375 0.644166
v 1.15247 2.26363 0.595894
v -1.14575 2.27644 0.592418
v -1.15247 2.26363 0.595894
v 1.15477 2.25 0.597083
v -1.87331 0.59165 0.636585
v 1.84996 0.520111 0.628651
v 1.17614 2.22187 0.608135
v -1.15477 2.25 0.597083
v 1.87024 1.01054 0.635544
v -1.85297 1.10039 0.629672
v 1.64393 1.66333 0.650816
v -1.56539 1.85742 0.619722
v -1.34283 2.29307 0.610742
v 1.36541 2.25 0.621012
v -1.87024 1.01054 0.635544
v 1.88302 0.922119 0.639884
v -1.88833 0.668243 0.641691
v 1.87331 0.59165 0.636585
v -1.88302 0.922119 0.639884
v 1.89093 0.835236 0.642574
v -1.17614 2.22187 0.608135
v 1.88833 0.668243 0.641691
v -1.89365 0.75 0.643497
v -1.89093 0.835236 0.642574
v 1.89365 0.75 0.643497
v 0.949413 2.33899 0.660986
v -0.967776 2.33906 0.632711
v -1.36541 2.25 0.621012
v 1.53253 1.85742 0.697021
v 1.18335 2.2125 0.650656
v -1.16961 2.21487 0.648315
v -1.38497 0.0353027 0.629906
v -1.37052 0.0158386 0.623336
v 1.37052 0.0158386 0.623336
v -1.03502 2.32069 0.637632
v 1.08925 2.29981 0.63521
v 1.19251 2.21482 0.661003
v -1.43653 0.0855469 0.653356
v 1.38497 0.0353027 0.629906
v 1.62713 0.234375 0.644166
v -1.67049 0.282294 0.66133
v 1.22222 2.22187 0.631961
v -0.412878 2.40145 0.704687
v 1.7143 1.47188 0.678675
v -1.64393 1.66333 0.650816
v 1.2436 2.25 0.643012
v -1.22222 2.22187 0.631961
v 1.22625 2.32383 0.634042
v 1.23267 2.34228 0.637361
v -1.22625 2.32383 0.634042
v -1.2292 2.29307 0.635567
v 1.2292 2.29307 0.635567
v -1.2436 2.25 0.643012
v -1.23267 2.34228 0.637361
v 1.67049 0.282294 0.66133
v -1.71248 0.334717 0.677956
v -1.08925 2.29981 0.63521
v 1.11422 2.27644 0.649772
v 1.43653 0.0855469 0.653356
v -1.50942 0.151611 0.686509
v 1.24653 2.34232 0.690081
v -1.22908 2.34844 0.677781
v 0.999228 2.32057 0.69284
v -0.730935 2.3713 0.689678
v -0.672711 2.37129 0.746228
v 0.650908 2.37132 0.765529
v 1.28732 2.32383 0.665618
v 0.187222 2.40111 0.797154
v 0.877516 2.33909 0.753357
v 1.12076 2.26363 0.653585
v -1.11422 2.27644 0.649772
v 1.71248 0.334717 0.677956
v -1.75175 0.391754 0.693503
v 1.77377 1.28394 0.70222
v -1.7143 1.47188 0.678675
v -1.12076 2.26363 0.653585
v 1.123 2.25 0.654888
v 1.14378 2.22187 0.66701
v -1.123 2.25 0.654888
v 1.31039 2.29307 0.677549
v -1.28732 2.32383 0.665618
v 1.75175 0.391754 0.693503
v -1.78694 0.453516 0.707432
v -1.14378 2.22187 0.66701
v 1.17402 2.21487 0.640302
v -1.59298 0.234375 0.724513
v 1.50942 0.151611 0.686509
v 1.33243 2.25 0.688942
v -1.31039 2.29307 0.677549
v -0.264983 2.40127 0.7737
v 1.0554 2.29981 0.689997
v 1.81963 1.10039 0.720373
v -1.77377 1.28394 0.70222
v 1.78694 0.453516 0.707432
v -1.81667 0.520111 0.719205
v -1.53253 1.85742 0.697021
v 1.60942 1.66333 0.731993
v -1.18335 2.2125 0.650658
v 1.49551 1.85742 0.773266
v -1.33243 2.25 0.688942
v -1.35151 0.0353027 0.69881
v -1.33741 0.0158386 0.691521
v 1.33741 0.0158386 0.691521
v 0.0365092 2.40089 0.819332
v -0.150119 2.4 0.811227
v -1.197 2.21482 0.652833
v 1.1886 2.22187 0.693143
v 1.81667 0.520111 0.719205
v -1.8396 0.59165 0.728281
v 1.83659 1.01054 0.72709
v -1.81963 1.10039 0.720373
v 1.35151 0.0353027 0.69881
v -1.40182 0.0855469 0.724824
v -1.1886 2.22187 0.693143
v 1.20938 2.25 0.705264
v -0.917445 2.33909 0.704185
v -0.0741299 2.4 0.821663
v -1.19538 2.29307 0.697098
v -1.19251 2.32383 0.695425
v 1.19251 2.32383 0.695425
v 1.19875 2.34228 0.699066
v 1.07959 2.27644 0.705815
v -1.0554 2.29981 0.689997
v 1.84913 0.922119 0.732055
v -1.83659 1.01054 0.72709
v -1.20938 2.25 0.705264
v 1.19538 2.29307 0.697098
v 1.8396 0.59165 0.728281
v -1.85436 0.668243 0.734123
v -1.19875 2.34228 0.699066
v 1.23078 2.34844 0.674689
v 1.85691 0.835236 0.735133
v -1.84913 0.922119 0.732055
v 0.562806 2.37135 0.832412
v -0.633155 2.37143 0.778959
v 1.85436 0.668243 0.734123
v -1.85958 0.75 0.736189
v 1.85958 0.75 0.736189
v -1.85691 0.835236 0.735133
v 1.59298 0.234375 0.724513
v -1.63542 0.282294 0.743819
v 1.08593 2.26363 0.709957
v -1.07959 2.27644 0.705815
v -1.60942 1.66333 0.731993
v 1.67832 1.47188 0.763327
v 1.40182 0.0855469 0.724824
v -1.47296 0.151611 0.761604
v -1.08593 2.26363 0.709957
v 1.08809 2.25 0.711373
v -1.2505 2.34232 0.682864
v 1.2519 2.32383 0.730059
v 1.10823 2.22187 0.72454
v -1.08809 2.25 0.711373
v -1.67654 0.334717 0.762518
v 1.63542 0.282294 0.743819
v 1.01859 2.29981 0.743261
v -1.2519 2.32383 0.730059
v 1.27434 2.29307 0.743145
v -1.10823 2.22187 0.72454
v 0.795035 2.33909 0.839944
v -0.858801 2.33906 0.774193
v 1.1109 2.2125 0.767848
v -1.09743 2.21487 0.764179
v -1.27434 2.29307 0.743145
v 1.29577 2.25 0.75564
v -1.71498 0.391754 0.780004
v 1.67654 0.334717 0.762518
v -1.67832 1.47188 0.763327
v 1.73654 1.28394 0.789809
v 1.11892 2.21482 0.779124
v 0.922664 2.32057 0.791951
v -1.5545 0.234375 0.803766
v 1.47296 0.151611 0.761604
v 1.15165 2.22187 0.752926
v -1.49551 1.85742 0.773266
v -1.29577 2.25 0.75564
v 1.45436 1.85742 0.848128
v -1.30062 0.0158386 0.758469
v -1.01859 2.29981 0.743261
v 1.04194 2.27644 0.7603
v -0.549775 2.37129 0.840919
v 0.461448 2.37129 0.892448
v -1.31432 0.0353027 0.766463
v 1.30062 0.0158386 0.758469
v 1.17179 2.25 0.766094
v -1.15165 2.22187 0.752926
v -1.74943 0.453516 0.795671
v 1.71498 0.391754 0.780004
v 1.15545 2.32383 0.755406
v 1.16149 2.34228 0.75936
v -1.15545 2.32383 0.755406
v -1.15823 2.29307 0.757223
v 1.57055 1.66333 0.812063
v 1.15823 2.29307 0.757223
v -1.17179 2.25 0.766094
v 1.31432 0.0353027 0.766463
v -1.36325 0.0855469 0.794997
v -1.16149 2.34228 0.75936
v -1.73654 1.28394 0.789809
v 1.78143 1.10039 0.810226
v 1.04805 2.26363 0.764761
v -1.04194 2.27644 0.7603
v 1.19223 2.34228 0.779453
v -1.1536 2.34844 0.799537
v -1.77854 0.520111 0.808912
v 1.74943 0.453516 0.795671
v -1.04805 2.26363 0.764761
v 1.05015 2.25 0.766286
v -0.797702 2.33909 0.83741
v 1.06958 2.22187 0.78047
v -1.05015 2.25 0.766286
v -0.964485 2.32057 0.740449
v 0.978933 2.29981 0.794767
v 1.21299 2.32383 0.793027
v -1.19223 2.34228 0.779453
v 1.77854 0.520111 0.808912
v -1.80099 0.59165 0.819121
v -1.78143 1.10039 0.810226
v 1.79805 1.01054 0.817781
v 1.5545 0.234375 0.803766
v -1.59592 0.282294 0.825183
v -1.06958 2.22187 0.78047
v 1.10269 2.21487 0.756569
v -1.43243 0.151611 0.835337
v 1.36325 0.0855469 0.794997
v -1.79805 1.01054 0.817781
v 1.81032 0.922119 0.823366
v 1.80099 0.59165 0.819121
v -1.81543 0.668243 0.825691
v 1.23473 2.29307 0.807241
v -1.21299 2.32383 0.793027
v 1.63777 1.47188 0.846824
v -1.57055 1.66333 0.812063
v -1.81032 0.922119 0.823366
v 1.81794 0.835236 0.826828
v 0.36982 2.37129 0.934147
v -0.461448 2.37129 0.892448
v -1.82055 0.75 0.828015
v 1.81543 0.668243 0.825691
v -1.81794 0.835236 0.826828
v 1.82055 0.75 0.828015
v -1.1109 2.2125 0.767849
v 1.25549 2.25 0.820815
v -1.23473 2.29307 0.807241
v 1.00137 2.27644 0.812986
v -0.978933 2.29981 0.794767
v 1.59592 0.282294 0.825183
v -1.63604 0.334717 0.845927
v -1.12429 2.21482 0.771361
v 1.11149 2.22187 0.811048
v 0.704185 2.33909 0.917445
v -1.11149 2.22187 0.811048
v 1.13093 2.25 0.825232
v -1.11783 2.29307 0.815676
v -1.11515 2.32383 0.813719
v 1.11515 2.32383 0.813719
v 1.12099 2.34228 0.817979
v 1.40916 1.85742 0.921279
v -1.45436 1.85742 0.848128
v -1.25549 2.25 0.820815
v -1.13093 2.25 0.825232
v 1.11783 2.29307 0.815676
v -1.27348 0.0353027 0.832571
v -1.26019 0.0158386 0.823887
v 1.26019 0.0158386 0.823887
v -1.12099 2.34228 0.817979
v 1.15563 2.34844 0.796601
v 1.00725 2.26363 0.817756
v -1.00137 2.27644 0.812986
v -1.51173 0.234375 0.88158
v 1.43243 0.151611 0.835337
v 1.63604 0.334717 0.845927
v -1.67356 0.391754 0.865326
v 1.69459 1.28394 0.876203
v -1.63777 1.47188 0.846824
v -1.00725 2.26363 0.817756
v 1.00926 2.25 0.819388
v 0.936557 2.29981 0.844289
v 1.02794 2.22187 0.834554
v -1.00926 2.25 0.819388
v 1.27348 0.0353027 0.832571
v -1.32088 0.0855469 0.863565
v -0.36982 2.37129 0.934147
v 0.228654 2.37138 0.978992
v 1.15065 2.34228 0.839623
v 1.52733 1.66333 0.890682
v 0.835957 2.32057 0.882992
v -1.15065 2.34228 0.839623
v 1.17068 2.32383 0.854244
v -0.728782 2.33906 0.897658
v 1.67356 0.391754 0.865326
v -1.70717 0.453516 0.882707
v -1.02794 2.22187 0.834554
v 1.02604 2.2125 0.878038
v 1.7384 1.10039 0.898854
v -1.69459 1.28394 0.876203
v -1.17068 2.32383 0.854244
v 1.19167 2.29307 0.869556
v -0.23336 2.3714 0.977804
v -0.936557 2.29981 0.844289
v 0.958027 2.27644 0.863644
v 1.32088 0.0855469 0.863565
v -1.38791 0.151611 0.907385
v 1.70717 0.453516 0.882707
v -1.73558 0.520111 0.897396
v 1.03283 2.21482 0.890107
v 1.06821 2.22187 0.867251
v 1.51173 0.234375 0.88158
v -1.55201 0.282294 0.905071
v -1.19167 2.29307 0.869556
v 1.21171 2.25 0.884177
v 1.73558 0.520111 0.897396
v -1.75748 0.59165 0.908721
v 1.75461 1.01054 0.907236
v -1.7384 1.10039 0.898854
v -0.681553 2.33906 0.934023
v 1.08689 2.25 0.882417
v -1.06821 2.22187 0.867251
v 0.0435129 2.37137 1.00435
v 0.632711 2.33906 0.967776
v -1.52733 1.66333 0.890682
v 1.59271 1.47188 0.928808
v 0.963649 2.26363 0.868711
v -0.958027 2.27644 0.863644
v 1.07173 2.32383 0.870107
v 1.07734 2.34228 0.874662
v -1.07431 2.29307 0.8722
v -1.07173 2.32383 0.870107
v -0.882992 2.32057 0.835957
v 0.891617 2.29981 0.891617
v 1.07431 2.29307 0.8722
v -1.08689 2.25 0.882417
v -0.963649 2.26363 0.868711
v 0.965571 2.25 0.870444
v 1.76659 0.922119 0.913431
v -1.75461 1.01054 0.907236
v -1.07734 2.34228 0.874662
v 1.75748 0.59165 0.908721
v -1.77158 0.668243 0.91601
v 0.983443 2.22187 0.886556
v -0.965571 2.25 0.870444
v -1.21171 2.25 0.884177
v -1.40916 1.85742 0.921279
v 1.36001 1.85742 0.992396
v -0.0902756 2.37129 1.00062
v 1.77402 0.835236 0.917272
v -1.76659 0.922119 0.913431
v -1.22906 0.0353027 0.896841
v -1.21624 0.0158386 0.887487
v 1.21624 0.0158386 0.887487
v -1.59102 0.334717 0.927824
v 1.55201 0.282294 0.905071
v 1.77158 0.668243 0.91601
v -1.77657 0.75 0.918589
v 1.77657 0.75 0.918589
v -1.77402 0.835236 0.917272
v 1.10585 2.34228 0.897806
v -1.06526 2.34844 0.913945
v -1.27482 0.0855469 0.930228
v 1.22906 0.0353027 0.896841
v -0.983443 2.22187 0.886556
v 1.01906 2.21487 0.865942
v -1.46474 0.234375 0.957617
v 1.38791 0.151611 0.907385
v 1.12511 2.32383 0.91344
v -1.10585 2.34228 0.897806
v -0.632889 2.33921 0.966818
v -1.013 2.21487 0.873021
v 0.912057 2.27644 0.912057
v -0.891617 2.29981 0.891617
v -1.62751 0.391754 0.949101
v 1.59102 0.334717 0.927824
v -1.59271 1.47188 0.928808
v 1.64797 1.28394 0.961031
v 1.47986 1.66333 0.967503
v -1.02605 2.2125 0.878036
v 1.14527 2.29307 0.929813
v -1.12511 2.32383 0.91344
v -0.791951 2.32057 0.922664
v 0.740449 2.32057 0.964485
v -1.03901 2.21482 0.882894
v 1.02197 2.22187 0.92129
v 0.844289 2.29981 0.936557
v 1.27482 0.0855469 0.930228
v -1.3395 0.151611 0.97743
v 0.917409 2.26363 0.917409
v -0.912057 2.27644 0.912057
v -1.6602 0.453516 0.968164
v 1.62751 0.391754 0.949101
v -1.02197 2.22187 0.92129
v 1.03984 2.25 0.937401
v -0.917409 2.26363 0.917409
v 0.919239 2.25 0.919239
v 1.16453 2.25 0.945447
v -1.14527 2.29307 0.929813
v -1.02781 2.29307 0.926547
v -1.02534 2.32383 0.924324
v 1.02534 2.32383 0.924324
v 1.03071 2.34228 0.929163
v 0.936253 2.22187 0.936253
v -0.919239 2.25 0.919239
v -1.03984 2.25 0.937401
v 1.02781 2.29307 0.926547
v -1.03071 2.34228 0.929163
v 1.06759 2.34844 0.911214
v -1.64797 1.28394 0.961031
v 1.69057 1.10039 0.985874
v 1.46474 0.234375 0.957617
v -1.50377 0.282294 0.983134
v -1.68783 0.520111 0.984276
v 1.6602 0.453516 0.968164
v 1.30706 1.85742 1.06117
v -1.36001 1.85742 0.992396
v -1.16453 2.25 0.945447
v 1.05798 2.34228 0.953748
v -0.936253 2.22187 0.936253
v -1.18121 0.0353027 0.958989
v -1.16889 0.0158386 0.948986
v 1.16889 0.0158386 0.948986
v 1.54321 1.47188 1.00892
v -1.47986 1.66333 0.967503
v -0.844289 2.29981 0.936557
v 0.863644 2.27644 0.958027
v 0.530021 2.33922 1.02678
v -0.531441 2.33922 1.02608
v -0.91744 2.21487 0.972956
v 0.929893 2.2125 0.979295
v 1.18121 0.0353027 0.958989
v -1.22518 0.0855469 0.994689
v -1.70913 0.59165 0.996698
v 1.68783 0.520111 0.984276
v -1.05798 2.34228 0.953748
v 1.0764 2.32383 0.970357
v -1.69057 1.10039 0.985874
v 1.70633 1.01054 0.995068
v 0.794767 2.29981 0.978933
v 0.935395 2.21482 0.992007
v 1.50377 0.282294 0.983134
v -1.54158 0.334717 1.00785
v -1.70633 1.01054 0.995068
v 1.71799 0.922119 1.00186
v -1.41366 0.234375 1.03154
v 1.3395 0.151611 0.97743
v -1.72284 0.668243 1.00469
v 1.70913 0.59165 0.996698
v 0.868711 2.26363 0.963649
v -0.863644 2.27644 0.958027
v 0.972935 2.22187 0.972935
v -1.71799 0.922119 1.00186
v 1.72521 0.835236 1.00608
v -1.0764 2.32383 0.970357
v 1.0957 2.29307 0.98775
v 1.72284 0.668243 1.00469
v -1.72769 0.75 1.00752
v -1.72521 0.835236 1.00608
v 1.72769 0.75 1.00752
v -0.868711 2.26363 0.963649
v 0.870444 2.25 0.965571
v 0.886556 2.22187 0.983443
v -0.870444 2.25 0.965571
v 1.42825 1.66333 1.04219
v 0.98995 2.25 0.98995
v -0.972935 2.22187 0.972935
v 0.976139 2.32383 0.976139
v 0.981249 2.34228 0.981249
v -0.976139 2.32383 0.976139
v -0.978487 2.29307 0.978487
v 0.978487 2.29307 0.978487
v -0.98995 2.25 0.98995
v 1.54158 0.334717 1.00785
v -1.57693 0.391754 1.03096
v 1.59675 1.28394 1.04392
v -1.54321 1.47188 1.00892
v -0.981249 2.34228 0.981249
v -1.0957 2.29307 0.98775
v 1.11412 2.25 1.00436
v 1.22518 0.0855469 0.994689
v -1.28735 0.151611 1.04516
v 0.424624 2.33922 1.07469
v 0.318152 2.33906 1.11162
v -0.425609 2.33906 1.07507
v -0.886556 2.22187 0.983443
v 0.924204 2.21487 0.966533
v 0.812986 2.27644 1.00137
v -0.794767 2.29981 0.978933
v 1.00721 2.34228 1.00721
v 0.743261 2.29981 1.01859
v -1.11412 2.25 1.00436
v -1.30706 1.85742 1.06117
v 1.25048 1.85742 1.12729
v -1.13008 0.0353027 1.01874
v -1.11829 0.0158386 1.00812
v 1.11829 0.0158386 1.00812
v 1.57693 0.391754 1.03096
v -1.6086 0.453516 1.05167
v 1.02475 2.32383 1.02475
v -1.00721 2.34228 1.00721
v -0.929893 2.2125 0.979295
v 1.41366 0.234375 1.03154
v -1.45133 0.282294 1.05903
v 0.817756 2.26363 1.00725
v -0.812986 2.27644 1.00137
v 1.13008 0.0353027 1.01874
v -1.17215 0.0855469 1.05667
v 1.63803 1.10039 1.07091
v -1.59675 1.28394 1.04392
v -0.817756 2.26363 1.00725
v 0.819388 2.25 1.00926
v -0.942293 2.21482 0.985457
v 0.92129 2.22187 1.02197
v 0.834554 2.22187 1.02794
v -0.819388 2.25 1.00926
v 0.210395 2.33906 1.13695
v -0.318152 2.33906 1.11162
v -1.42825 1.66333 1.04219
v 1.48939 1.47188 1.0868
v -0.690304 2.32065 1.00079
v 0.637632 2.32069 1.03502
v 1.6086 0.453516 1.05167
v -1.63537 0.520111 1.06917
v 1.04312 2.29307 1.04312
v -1.02475 2.32383 1.02475
v -0.92129 2.22187 1.02197
v 0.937401 2.25 1.03984
v -0.924324 2.32383 1.02534
v -0.926547 2.29307 1.02781
v 0.924324 2.32383 1.02534
v 0.929163 2.34228 1.03071
v -1.35862 0.234375 1.10302
v 1.28735 0.151611 1.04516
v -0.937401 2.25 1.03984
v 0.926547 2.29307 1.02781
v -0.743261 2.29981 1.01859
v 0.7603 2.27644 1.04194
v -0.929163 2.34228 1.03071
v 0.967797 2.34844 1.01658
v 0.689997 2.29981 1.0554
v -1.48781 0.334717 1.08565
v 1.45133 0.282294 1.05903
v -0.834554 2.22187 1.02794
v 1.63537 0.520111 1.06917
v -1.65601 0.59165 1.08266
v 1.6533 1.01054 1.08089
v -1.63803 1.10039 1.07091
v 1.06066 2.25 1.06066
v -1.04312 2.29307 1.04312
v 0.103894 2.33906 1.15157
v -0.210395 2.33906 1.13695
v -0.965188 2.34844 1.01906
v 0.953748 2.34228 1.05798
v 1.37264 1.66333 1.11441
v 0.823955 2.2125 1.06996
v -0.812217 2.21487 1.06237
v -1.23162 0.151611 1.11029
v 1.17215 0.0855469 1.05667
v 1.66459 0.922119 1.08827
v -1.6533 1.01054 1.08089
v 1.65601 0.59165 1.08266
v -1.66929 0.668243 1.09135
v 0.532115 2.32077 1.09283
v 0 2.33906 1.15625
v -0.103894 2.33906 1.15157
v 0.764761 2.26363 1.04805
v -0.7603 2.27644 1.04194
v 1.67159 0.835236 1.09285
v -1.66459 0.922119 1.08827
v 0.828132 2.21482 1.08316
v 1.19048 1.85742 1.19048
v -1.25048 1.85742 1.12729
v -1.06066 2.25 1.06066
v -1.06463 0.0158386 1.06463
v 1.66929 0.668243 1.09135
v -1.67399 0.75 1.09442
v -1.67159 0.835236 1.09285
v 1.67399 0.75 1.09442
v -0.953748 2.34228 1.05798
v 0.970357 2.32383 1.0764
v -0.764761 2.26363 1.04805
v 0.766286 2.25 1.05015
v 1.48781 0.334717 1.08565
v -1.52193 0.391754 1.11055
v -1.07585 0.0353027 1.07585
v 1.06463 0.0158386 1.06463
v -1.48939 1.47188 1.0868
v 1.54106 1.28394 1.12451
v 0.78047 2.22187 1.06958
v -0.766286 2.25 1.05015
v 0.867251 2.22187 1.06821
v 0.63521 2.29981 1.08925
v -0.689997 2.29981 1.0554
v 0.705815 2.27644 1.07959
v 1.07585 0.0353027 1.07585
v -1.1159 0.0855469 1.1159
v 0.882417 2.25 1.08689
v -0.867251 2.22187 1.06821
v -0.970357 2.32383 1.0764
v 0.98775 2.29307 1.0957
v 0.870107 2.32383 1.07173
v 0.874662 2.34228 1.07734
v -0.870107 2.32383 1.07173
v -0.8722 2.29307 1.07431
v -0.584684 2.32078 1.06562
v 0.8722 2.29307 1.07431
v -0.882417 2.25 1.08689
v -0.78047 2.22187 1.06958
v 0.819579 2.21487 1.0567
v -0.874662 2.34228 1.07734
v -1.5525 0.453516 1.13285
v 1.52193 0.391754 1.11055
v 1.35862 0.234375 1.10302
v -1.39482 0.282294 1.13241
v 0.709957 2.26363 1.08593
v -0.705815 2.27644 1.07959
v 0.897806 2.34228 1.10585
v -0.854956 2.34844 1.11315
v 1.4314 1.47188 1.16211
v -1.37264 1.66333 1.11441
v -0.98775 2.29307 1.0957
v 1.00436 2.25 1.11412
v -1.54106 1.28394 1.12451
v 1.5809 1.10039 1.15357
v -1.29981 0.234375 1.17175
v 1.23162 0.151611 1.11029
v -0.709957 2.26363 1.08593
v 0.711373 2.25 1.08809
v -0.823953 2.2125 1.06996
v 0.549114 2.29985 1.13546
v -0.63521 2.29981 1.08925
v 0.72454 2.22187 1.10823
v -0.711373 2.25 1.08809
v 0.447465 2.32053 1.13027
v -0.503278 2.32053 1.10655
v -1.57833 0.520111 1.1517
v 1.5525 0.453516 1.13285
v 0.649772 2.27644 1.11422
v 1.1159 0.0855469 1.1159
v -1.17253 0.151611 1.17253
v 0.91344 2.32383 1.12511
v -0.897806 2.34228 1.10585
v -0.835637 2.21482 1.07738
v 0.811048 2.22187 1.11149
v -1.42989 0.334717 1.16088
v 1.39482 0.282294 1.13241
v -1.19048 1.85742 1.19048
v -1.00436 2.25 1.11412
v 1.12729 1.85742 1.25048
v -1.00812 0.0158386 1.11829
v 1.31323 1.66333 1.18385
v -1.01874 0.0353027 1.13008
v 1.00812 0.0158386 1.11829
v -0.811048 2.22187 1.11149
v 0.825232 2.25 1.13093
v -1.59825 0.59165 1.16624
v 1.57833 0.520111 1.1517
v -0.72454 2.22187 1.10823
v -1.5809 1.10039 1.15357
v 1.59564 1.01054 1.16433
v -0.815676 2.29307 1.11783
v -0.813719 2.32383 1.11515
v 0.813719 2.32383 1.11515
v 0.817979 2.34228 1.12099
v -0.825232 2.25 1.13093
v 0.815676 2.29307 1.11783
v -0.423317 2.32059 1.13978
v -1.05667 0.0855469 1.17215
v 1.01874 0.0353027 1.13008
v 0.929813 2.29307 1.14527
v -0.91344 2.32383 1.12511
v -0.817979 2.34228 1.12099
v 0.857796 2.34844 1.11097
v 0.653585 2.26363 1.12076
v -0.649772 2.27644 1.11422
v -0.553076 2.29985 1.13353
v 0.709996 2.2125 1.14874
v -0.699149 2.21487 1.13996
v -1.59564 1.01054 1.16433
v 1.60654 0.922119 1.17228
v -1.61107 0.668243 1.17559
v 1.59825 0.59165 1.16624
v 1.42989 0.334717 1.16088
v -1.46267 0.391754 1.1875
v -0.653585 2.26363 1.12076
v 0.654888 2.25 1.123
v 1.48106 1.28394 1.20243
v -1.4314 1.47188 1.16211
v 0.66701 2.22187 1.14378
v -0.654888 2.25 1.123
v 1.61329 0.835236 1.17721
v -1.60654 0.922119 1.17228
v 0.592418 2.27644 1.14575
v 0.839623 2.34228 1.15065
v 0.712847 2.21482 1.16227
v -1.61561 0.75 1.1789
v 1.61107 0.668243 1.17559
v -1.61329 0.835236 1.17721
v 1.61561 0.75 1.1789
v 0.945447 2.25 1.16453
v -0.929813 2.29307 1.14527
v 0.752926 2.22187 1.15165
v 1.29981 0.234375 1.17175
v -1.33444 0.282294 1.20297
v -0.839623 2.34228 1.15065
v 0.854244 2.32383 1.17068
v -0.66701 2.22187 1.14378
v 0.706976 2.21487 1.13512
v 1.17253 0.151611 1.17253
v -1.23744 0.234375 1.23744
v 1.46267 0.391754 1.1875
v -1.49205 0.453516 1.21135
v 0.766094 2.25 1.17179
v -0.752926 2.22187 1.15165
v 0.221199 2.32053 1.19533
v 0.351806 2.32064 1.16385
v -0.334489 2.32053 1.1687
v 1.06117 1.85742 1.30706
v -1.12729 1.85742 1.25048
v -0.945447 2.25 1.16453
v 0.595894 2.26363 1.15247
v -0.592418 2.27644 1.14575
v -1.31323 1.66333 1.18385
v 1.36944 1.47188 1.23452
v 0.755406 2.32383 1.15545
v 0.75936 2.34228 1.16149
v -0.755406 2.32383 1.15545
v -0.757223 2.29307 1.15823
v 1.05667 0.0855469 1.17215
v -1.11029 0.151611 1.23162
v 0.757223 2.29307 1.15823
v -0.766094 2.25 1.17179
v -0.958989 0.0353027 1.18121
v -0.948986 0.0158386 1.16889
v 0.948986 0.0158386 1.16889
v 0.534005 2.27644 1.17411
v -0.595894 2.26363 1.15247
v 0.597083 2.25 1.15477
v -0.75936 2.34228 1.16149
v 0.608135 2.22187 1.17614
v -0.597083 2.25 1.15477
v 1.51935 1.10039 1.23351
v -1.48106 1.28394 1.20243
v -0.854244 2.32383 1.17068
v 0.869556 2.29307 1.19167
v 1.25021 1.66333 1.25021
v -0.709997 2.2125 1.14873
v 0.958989 0.0353027 1.18121
v -0.994689 0.0855469 1.22518
v 0.433386 2.29984 1.18446
v -1.36799 0.334717 1.23322
v 1.33444 0.282294 1.20297
v 1.49205 0.453516 1.21135
v -1.51688 0.520111 1.23151
v 0.779453 2.34228 1.19223
v -0.736432 2.34844 1.19487
v -0.221199 2.32053 1.19533
v 0.109229 2.32053 1.21071
v 0.693143 2.22187 1.1886
v -0.720829 2.21482 1.15733
v -0.608135 2.22187 1.17614
v -0.869556 2.29307 1.19167
v 0.884177 2.25 1.21171
v 0.537139 2.26363 1.181
v -0.534005 2.27644 1.17411
v 0.474785 2.27644 1.19928
v 0.793027 2.32383 1.21299
v -0.779453 2.34228 1.19223
v 0.346957 2.29981 1.21226
v -0.437443 2.29985 1.18296
v 0 2.32053 1.21562
v -0.109229 2.32053 1.21071
v 0.705264 2.25 1.20938
v -0.693143 2.22187 1.1886
v 1.51688 0.520111 1.23151
v -1.53603 0.59165 1.24706
v -0.537139 2.26363 1.181
v 0.53821 2.25 1.18335
v 1.53352 1.01054 1.24502
v -1.51935 1.10039 1.23351
v 0.548172 2.22187 1.20526
v -0.53821 2.25 1.18335
v 0.590041 2.2125 1.2147
v 0.695425 2.32383 1.19251
v 0.699066 2.34228 1.19875
v -0.697098 2.29307 1.19538
v -0.695425 2.32383 1.19251
v 0.697098 2.29307 1.19538
v -0.705264 2.25 1.20938
v 1.36799 0.334717 1.23322
v -1.39936 0.391754 1.2615
v 0.739452 2.34844 1.193
v -0.699066 2.34228 1.19875
v -1.36944 1.47188 1.23452
v 1.41695 1.28394 1.27735
v -1.53352 1.01054 1.24502
v 1.54399 0.922119 1.25352
v -1.06117 1.85742 1.30706
v -0.884177 2.25 1.21171
v 0.992396 1.85742 1.36001
v 0.591562 2.21482 1.22843
v 1.53603 0.59165 1.24706
v -1.54835 0.668243 1.25706
v 0.229444 2.29981 1.23989
v -0.346957 2.29981 1.21226
v -0.896841 0.0353027 1.22906
v -0.887487 0.0158386 1.21624
v 0.887487 0.0158386 1.21624
v 0.807241 2.29307 1.23473
v -0.793027 2.32383 1.21299
v 1.23744 0.234375 1.23744
v -1.27041 0.282294 1.27041
v 1.11029 0.151611 1.23162
v 0.994689 0.0855469 1.22518
v -1.04516 0.151611 1.28735
v 1.55048 0.835236 1.25879
v -1.54399 0.922119 1.25352
v -0.474785 2.27644 1.19928
v 0.415006 2.27644 1.22126
v -1.17175 0.234375 1.29981
v 0.477571 2.26363 1.20632
v 0.682864 2.34232 1.2505
v 1.54835 0.668243 1.25706
v -1.55271 0.75 1.2606
v -0.548172 2.22187 1.20526
v 0.588371 2.21487 1.20088
v 1.55271 0.75 1.2606
v -1.55048 0.835236 1.25879
v 0.631961 2.22187 1.22222
v -0.477571 2.26363 1.20632
v 0.478523 2.25 1.20873
v 0.896841 0.0353027 1.22906
v -0.930228 0.0855469 1.27482
v 0.48738 2.22187 1.2311
v -0.478523 2.25 1.20873
v 1.30373 1.47188 1.30373
v -1.25021 1.66333 1.25021
v -1.42747 0.453516 1.28683
v 1.39936 0.391754 1.2615
v -0.580209 2.21486 1.20484
v -0.631961 2.22187 1.22222
v 0.643012 2.25 1.2436
v 1.18385 1.66333 1.31323
v 0.820815 2.25 1.25549
v -0.807241 2.29307 1.23473
v 0.730059 2.32383 1.2519
v -0.690081 2.34232 1.24653
v -0.635567 2.29307 1.2292
v -0.634042 2.32383 1.22625
v 0.634042 2.32383 1.22625
v 0.637361 2.34228 1.23267
v 0.354911 2.27644 1.24005
v -0.415006 2.27644 1.22126
v 0.113301 2.29981 1.25584
v -0.229444 2.29981 1.23989
v -0.643012 2.25 1.2436
v 0.635567 2.29307 1.2292
v -0.637361 2.34228 1.23267
v -0.590043 2.2125 1.2147
v 0.417441 2.26363 1.22842
v -1.41695 1.28394 1.27735
v 1.45358 1.10039 1.31037
v -1.30235 0.334717 1.30235
v 1.27041 0.282294 1.27041
v -0.48738 2.22187 1.2311
v -0.417441 2.26363 1.22842
v 0.418273 2.25 1.23087
v 0.426015 2.22187 1.25366
v -0.418273 2.25 1.23087
v 0 2.29981 1.26094
v -0.113301 2.29981 1.25584
v 0.569649 2.22187 1.25248
v -0.599877 2.21482 1.22439
v -1.45122 0.520111 1.30825
v 1.42747 0.453516 1.28683
v 0.921279 1.85742 1.40916
v -0.992396 1.85742 1.36001
v -0.820815 2.25 1.25549
v -0.611709 2.34844 1.26326
v 0.234704 2.27644 1.26831
v -0.354911 2.27644 1.24005
v 0.743145 2.29307 1.27434
v -0.730059 2.32383 1.2519
v -0.832571 0.0353027 1.27348
v -0.823887 0.0158386 1.26019
v 0.823887 0.0158386 1.26019
v -0.457459 2.21486 1.25658
v 0.466184 2.2125 1.26739
v 0.356994 2.26363 1.24733
v 0.579611 2.25 1.27438
v -0.569649 2.22187 1.25248
v -0.97743 0.151611 1.3395
v 1.04516 0.151611 1.28735
v 0.930228 0.0855469 1.27482
v 0.571525 2.32383 1.2566
v 0.574516 2.34228 1.26318
v -0.572899 2.29307 1.25963
v -0.571525 2.32383 1.2566
v -0.356994 2.26363 1.24733
v 0.466409 2.21482 1.28118
v 0.832571 0.0353027 1.27348
v -0.863565 0.0855469 1.32088
v 0.572899 2.29307 1.25963
v -0.579611 2.25 1.27438
v 0.665618 2.32383 1.28732
v 0.364327 2.22187 1.27295
v -0.426015 2.22187 1.25366
v -0.358221 2.24961 1.24977
v 0.46581 2.21486 1.2535
v -1.46954 0.59165 1.32476
v 1.45122 0.520111 1.30825
v -1.10302 0.234375 1.35862
v 1.17175 0.234375 1.29981
v 0.614858 2.34844 1.26173
v -0.574516 2.34228 1.26318
v 1.30235 0.334717 1.30235
v -1.33221 0.391754 1.33221
v 1.46713 1.01054 1.32259
v -1.45358 1.10039 1.31037
v 1.34896 1.28394 1.34896
v -1.30373 1.47188 1.30373
v 0.75564 2.25 1.29577
v -0.743145 2.29307 1.27434
v -1.20297 0.282294 1.33444
v 0.115898 2.27644 1.28463
v -0.234704 2.27644 1.26831
v 0.236081 2.26363 1.27575
v 0.506475 2.22187 1.27933
v -1.46713 1.01054 1.32259
v 1.47715 0.922119 1.33163
v 0.553835 2.34232 1.31274
v -1.48132 0.668243 1.33539
v 1.46954 0.59165 1.32476
v -0.236081 2.26363 1.27575
v 0.354821 2.25032 1.2505
v 0.302555 2.22187 1.28903
v -0.364327 2.22187 1.27295
v -1.18385 1.66333 1.31323
v 1.23452 1.47188 1.36944
v 1.11441 1.66333 1.37264
v -0.665618 2.32383 1.28732
v 0.677549 2.29307 1.31039
v 0.515333 2.25 1.3017
v -0.506475 2.22187 1.27933
v -1.47715 0.922119 1.33163
v 1.48336 0.835236 1.33722
v -0.466183 2.2125 1.26739
v 0.848128 1.85742 1.45436
v -0.75564 2.25 1.29577
v -0.921279 1.85742 1.40916
v 0 2.27644 1.28984
v -0.115898 2.27644 1.28463
v 0.508143 2.32383 1.28354
v 0.510803 2.34228 1.29026
v -0.508143 2.32383 1.28354
v -0.509365 2.29307 1.28663
v -1.48549 0.75 1.33915
v 1.48132 0.668243 1.33539
v -1.48336 0.835236 1.33722
v 1.48549 0.75 1.33915
v 0.509365 2.29307 1.28663
v -0.515333 2.25 1.3017
v -0.766463 0.0353027 1.31432
v -0.758469 0.0158386 1.30062
v 0.758469 0.0158386 1.30062
v 1.33221 0.391754 1.33221
v -1.35897 0.453516 1.35897
v -0.510803 2.34228 1.29026
v 0.236552 2.25 1.2783
v 0.24093 2.22187 1.30196
v -0.302555 2.22187 1.28903
v -0.236552 2.25 1.2783
v 0.599988 2.32383 1.31919
v 0.340487 2.2125 1.30676
v -0.332963 2.21486 1.29512
v -0.474923 2.21482 1.27804
v 0.442706 2.22187 1.30277
v 0.116578 2.26363 1.29216
v -1.23322 0.334717 1.36799
v 1.20297 0.282294 1.33444
v 0.341362 2.21486 1.29293
v -0.794997 0.0855469 1.36325
v 0.766463 0.0353027 1.31432
v 0.863565 0.0855469 1.32088
v -0.677549 2.29307 1.31039
v 0.688942 2.25 1.33243
v 0.97743 0.151611 1.3395
v -0.907385 0.151611 1.38791
v -0.116578 2.26363 1.29216
v 0.116811 2.25 1.29474
v -0.48292 2.34844 1.31786
v 1.38383 1.10039 1.38383
v -1.34896 1.28394 1.34896
v 0.339477 2.21482 1.32048
v 0.118973 2.22187 1.31871
v -0.24093 2.22187 1.30196
v -0.116811 2.25 1.29474
v -0.442706 2.22187 1.30277
v 0.450448 2.25 1.32556
v -0.444164 2.32383 1.30706
v -0.445232 2.29307 1.31021
v 0.444164 2.32383 1.30706
v 0.446489 2.34228 1.31391
v 0 2.26363 1.29741
v -0.450448 2.25 1.32556
v 0.445232 2.29307 1.31021
v 1.35897 0.453516 1.35897
v -1.38159 0.520111 1.38159
v 0.610742 2.29307 1.34283
v -0.599988 2.32383 1.31919
v -1.03154 0.234375 1.41366
v 1.10302 0.234375 1.35862
v 0.243269 2.21484 1.31459
v -0.446489 2.34228 1.31391
v 0.48614 2.34844 1.31667
v 0.378601 2.22187 1.32282
v 0 2.25 1.3
v 0 2.22187 1.32406
v -0.118973 2.22187 1.31871
v -0.848128 1.85742 1.45436
v -0.688942 2.25 1.33243
v 0.773266 1.85742 1.49551
v -0.691521 0.0158386 1.33741
v 0.53345 2.32383 1.34747
v -0.561287 2.34232 1.30957
v -0.340484 2.2125 1.30676
v -1.13241 0.282294 1.39482
v -0.69881 0.0353027 1.35151
v 0.691521 0.0158386 1.33741
v 0.24565 2.2125 1.32746
v -0.243269 2.21484 1.31459
v 0.120128 2.21484 1.33151
v 1.23322 0.334717 1.36799
v -1.2615 0.391754 1.39936
v 0.385221 2.25 1.34596
v -0.378601 2.22187 1.32282
v -1.23452 1.47188 1.36944
v 1.27735 1.28394 1.41695
v 0.421872 2.34232 1.36088
v 0.379847 2.32383 1.32718
v 0.381836 2.34228 1.33413
v -0.379847 2.32383 1.32718
v -0.380761 2.29307 1.33037
v -1.11441 1.66333 1.37264
v 1.04219 1.66333 1.42825
v 1.38159 0.520111 1.38159
v -1.39902 0.59165 1.39902
v 0.380761 2.29307 1.33037
v -0.385221 2.25 1.34596
v 1.39673 1.01054 1.39673
v -1.38383 1.10039 1.38383
v 0.621012 2.25 1.36541
v -0.610742 2.29307 1.34283
v -0.348047 2.21482 1.31824
v 0.314409 2.22187 1.33953
v 1.16211 1.47188 1.4314
v -0.381836 2.34228 1.33413
v 0.248031 2.21484 1.34033
v -0.24565 2.2125 1.32746
v 0.69881 0.0353027 1.35151
v 0.794997 0.0855469 1.36325
v -0.724824 0.0855469 1.40182
v -0.120128 2.21484 1.33151
v 0.121303 2.2125 1.34454
v 0 2.21484 1.33691
v 0.543012 2.29307 1.37162
v -0.53345 2.32383 1.34747
v 0.907385 0.151611 1.38791
v -0.835337 0.151611 1.43243
v 1.40627 0.922119 1.40627
v -1.39673 1.01054 1.39673
v -0.314409 2.22187 1.33953
v 0.319907 2.25 1.36296
v 0.466284 2.32383 1.37216
v 1.39902 0.59165 1.39902
v -1.41024 0.668243 1.41024
v 0.25037 2.22187 1.35297
v -0.248031 2.21484 1.34033
v -0.316203 2.29307 1.34718
v -0.315444 2.32383 1.34394
v 0.315444 2.32383 1.34394
v 0.317095 2.34228 1.35098
v -0.121303 2.2125 1.34454
v 0.122479 2.21484 1.35757
v -0.352261 2.34844 1.35861
v -0.319907 2.25 1.36296
v 0.316203 2.29307 1.34718
v 0 2.2125 1.35
v 1.41219 0.835236 1.41219
v -1.40627 0.922119 1.40627
v -1.28683 0.453516 1.42747
v 1.2615 0.391754 1.39936
v 0.697021 1.85742 1.53253
v -0.621012 2.25 1.36541
v -0.773266 1.85742 1.49551
v -0.317095 2.34228 1.35098
v 0.355505 2.34844 1.35776
v -1.16088 0.334717 1.42989
v 1.13241 0.282294 1.39482
v 1.41024 0.668243 1.41024
v -1.41421 0.75 1.41421
v 1.41421 0.75 1.41421
v -1.41219 0.835236 1.41219
v -0.629906 0.0353027 1.38497
v -0.623336 0.0158386 1.37052
v 0.623336 0.0158386 1.37052
v -0.957617 0.234375 1.46474
v 1.03154 0.234375 1.41366
v 0.254748 2.25 1.37663
v -0.25037 2.22187 1.35297
v -0.122479 2.21484 1.35757
v -0.186708 2.22187 1.36321
v 0.186708 2.22187 1.36321
v 0.552142 2.25 1.39468
v -0.543012 2.29307 1.37162
v 0.251194 2.32383 1.35742
v 0.252509 2.34228 1.36453
v -0.251194 2.32383 1.35742
v -0.251798 2.29307 1.36069
v 0 2.21484 1.36309
v 0.251798 2.29307 1.36069
v -0.254748 2.25 1.37663
v -0.466284 2.32383 1.37216
v 0.474642 2.29307 1.39675
v 0.398764 2.32383 1.39328
v -0.429436 2.34232 1.35851
v -1.27735 1.28394 1.41695
v 1.31037 1.10039 1.45358
v 0.289065 2.34231 1.39512
v -0.252509 2.34228 1.36453
v 0.629906 0.0353027 1.38497
v 0.724824 0.0855469 1.40182
v -0.653356 0.0855469 1.43653
v 0.189973 2.25 1.38705
v 0.187323 2.32383 1.3677
v 0.188304 2.34228 1.37486
v -0.188069 2.29307 1.36944
v -0.187323 2.32383 1.3677
v 0 2.22187 1.37594
v 0.123634 2.22187 1.37037
v -0.123634 2.22187 1.37037
v -1.05903 0.282294 1.45133
v -1.30825 0.520111 1.45122
v 1.28683 0.453516 1.42747
v 0.967503 1.66333 1.47986
v -1.04219 1.66333 1.42825
v -0.189973 2.25 1.38705
v 0.188069 2.29307 1.36944
v 0.125796 2.25 1.39434
v 0.835337 0.151611 1.43243
v -0.761604 0.151611 1.47296
v 0.224951 2.34844 1.38536
v -0.188304 2.34228 1.37486
v -0.221737 2.34844 1.38588
v 0.619722 1.85742 1.56539
v -0.697021 1.85742 1.53253
v -0.552142 2.25 1.39468
v 0.554209 0.0158386 1.3999
v -0.12434 2.29307 1.37819
v -0.124041 2.32383 1.37488
v 0.124041 2.32383 1.37488
v 0.124691 2.34228 1.38208
v 1.16088 0.334717 1.42989
v -1.1875 0.391754 1.46267
v -0.398764 2.32383 1.39328
v 0.331154 2.32383 1.41088
v 1.20243 1.28394 1.48106
v -1.16211 1.47188 1.4314
v 0.12434 2.29307 1.37819
v -0.125796 2.25 1.39434
v 0 2.25 1.4
v -0.56005 0.0353027 1.41466
v -0.554209 0.0158386 1.3999
v -0.474642 2.29307 1.39675
v 0.482623 2.25 1.42024
v 0.405912 2.29307 1.41825
v 1.0868 1.47188 1.48939
v -0.124691 2.34228 1.38208
v 0.126077 2.34844 1.39745
v 0 2.32383 1.38047
v 0 2.34228 1.38769
v 0 2.29307 1.38379
v 0.148232 2.34234 1.41709
v -0.296621 2.34232 1.39353
v -1.32476 0.59165 1.46954
v 1.30825 0.520111 1.45122
v 0 2.34844 1.40312
v -0.126077 2.34844 1.39745
v -1.31037 1.10039 1.45358
v 1.32259 1.01054 1.46713
v 0.653356 0.0855469 1.43653
v 0.56005 0.0353027 1.41466
v -0.5809 0.0855469 1.46732
v 0.263704 2.32383 1.42502
v -0.331154 2.32383 1.41088
v -0.88158 0.234375 1.51173
v 0.957617 0.234375 1.46474
v -0.155047 2.34229 1.41648
v -0.405912 2.29307 1.41825
v 0.33709 2.29307 1.43617
v -0.619722 1.85742 1.56539
v -0.482623 2.25 1.42024
v 0.541694 1.85742 1.59407
v -1.08565 0.334717 1.48781
v 1.05903 0.282294 1.45133
v -1.32259 1.01054 1.46713
v 1.33163 0.922119 1.47715
v 0.412737 2.25 1.4421
v 0 2.34228 1.42441
v -1.33539 0.668243 1.48132
v 1.32476 0.59165 1.46954
v 1.1875 0.391754 1.46267
v -1.21135 0.453516 1.49205
v -0.489536 0.0353027 1.44058
v -0.48443 0.0158386 1.42555
v 0.48443 0.0158386 1.42555
v 0.196652 2.32383 1.43581
v -0.263704 2.32383 1.42502
v -0.686509 0.151611 1.50942
v 0.761604 0.151611 1.47296
v -1.33163 0.922119 1.47715
v 1.33722 0.835236 1.48336
v 0.890682 1.66333 1.52733
v -0.967503 1.66333 1.47986
v -1.33915 0.75 1.48549
v 1.33539 0.668243 1.48132
v 0.268431 2.29307 1.45057
v -0.33709 2.29307 1.43617
v -0.196652 2.32383 1.43581
v 0.130219 2.32383 1.44336
v -1.33722 0.835236 1.48336
v 1.33915 0.75 1.48549
v -0.983134 0.282294 1.50377
v -0.50776 0.0855469 1.49421
v 0.489536 0.0353027 1.44058
v 0.5809 0.0855469 1.46732
v 1.23351 1.10039 1.51935
v -1.20243 1.28394 1.48106
v -0.412737 2.25 1.4421
v 0.342758 2.25 1.46031
v 0 2.32383 1.44922
v -0.130219 2.32383 1.44336
v 0.463255 1.85742 1.61861
v -0.541694 1.85742 1.59407
v 0.200177 2.29307 1.46155
v -0.268431 2.29307 1.45057
v -0.418649 0.0353027 1.46275
v -0.414282 0.0158386 1.4475
v 0.414282 0.0158386 1.4475
v 1.21135 0.453516 1.49205
v -1.23151 0.520111 1.51688
v 1.00892 1.47188 1.54321
v -1.0868 1.47188 1.48939
v 1.08565 0.334717 1.48781
v -1.11055 0.391754 1.52193
v 1.12451 1.28394 1.54106
v -0.803766 0.234375 1.5545
v 0.88158 0.234375 1.51173
v -0.200177 2.29307 1.46155
v 0.132553 2.29307 1.46923
v 0.272945 2.25 1.47496
v -0.342758 2.25 1.46031
v 0.686509 0.151611 1.50942
v -0.610376 0.151611 1.54178
v 0.418649 0.0353027 1.46275
v 0.50776 0.0855469 1.49421
v -0.434234 0.0855469 1.51721
v -0.463255 1.85742 1.61861
v 0.38471 1.85742 1.63905
v -0.344041 0.0158386 1.46578
v 0.0657646 2.29307 1.47373
v -0.133104 2.29382 1.46852
v -0.347667 0.0353027 1.48123
v 0.344041 0.0158386 1.46578
v 0 2.29307 1.4752
v 0.203543 2.25 1.48613
v -0.272945 2.25 1.47496
v 1.23151 0.520111 1.51688
v -1.24706 0.59165 1.53603
v -1.00785 0.334717 1.54158
v 0.983134 0.282294 1.50377
v 1.24502 1.01054 1.53352
v -1.23351 1.10039 1.51935
v -0.890682 1.66333 1.52733
v 0.812063 1.66333 1.57055
v 0.306352 1.85742 1.65549
v -0.38471 1.85742 1.63905
v -0.203543 2.25 1.48613
v 0.134782 2.25 1.49393
v -0.273966 0.0158386 1.48048
v -1.13285 0.453516 1.5525
v 1.11055 0.391754 1.52193
v 0.347667 0.0353027 1.48123
v 0.434234 0.0855469 1.51721
v -0.36061 0.0855469 1.53637
v -0.905071 0.282294 1.55201
v -0.276854 0.0353027 1.49608
v 0.273966 0.0158386 1.48048
v 1.25352 0.922119 1.54399
v -1.24502 1.01054 1.53352
v 0.610376 0.151611 1.54178
v -0.533525 0.151611 1.57003
v 0.0668704 2.25 1.49851
v -0.134782 2.25 1.49393
v 1.24706 0.59165 1.53603
v -1.25706 0.668243 1.54835
v -0.0668704 2.25 1.49851
v -0.724513 0.234375 1.59298
v 0.803766 0.234375 1.5545
v 0 2.25 1.5
v 0.228456 1.85742 1.66802
v -0.306352 1.85742 1.65549
v 0.204305 0.0158386 1.49169
v 1.25879 0.835236 1.55048
v -1.25352 0.922119 1.54399
v -0.204305 0.0158386 1.49169
v 0.928808 1.47188 1.59271
v -1.00892 1.47188 1.54321
v -0.206458 0.0353027 1.50741
v 0.276854 0.0353027 1.49608
v -1.12451 1.28394 1.54106
v 1.15357 1.10039 1.5809
v 0.36061 0.0855469 1.53637
v -0.28716 0.0855469 1.55178
v 1.25706 0.668243 1.54835
v -1.2606 0.75 1.55271
v 1.2606 0.75 1.55271
v -1.25879 0.835236 1.55048
v -0.228456 1.85742 1.66802
v 0.151278 1.85742 1.67678
v 1.00785 0.334717 1.54158
v -1.03096 0.391754 1.57693
v 1.04392 1.28394 1.59675
v 0.135286 0.0158386 1.49952
v -0.135286 0.0158386 1.49952
v -0.136712 0.0353027 1.51533
v 0.206458 0.0353027 1.50741
v -1.1517 0.520111 1.57833
v 1.13285 0.453516 1.5525
v 0.075055 1.85742 1.68192
v -0.151278 1.85742 1.67678
v 0.533525 0.151611 1.57003
v -0.456268 0.151611 1.5942
v 0.731993 1.66333 1.60942
v -0.812063 1.66333 1.57055
v -0.214144 0.0855469 1.56353
v 0.28716 0.0855469 1.55178
v 0.0671207 0.0158386 1.50412
v -0.0671207 0.0158386 1.50412
v 0 1.85742 1.68359
v -0.075055 1.85742 1.68192
v 0 0.0158386 1.50561
v -0.0678282 0.0353027 1.51997
v 0.136712 0.0353027 1.51533
v -0.927824 0.334717 1.59102
v 0.905071 0.282294 1.55201
v 0 0.0353027 1.52148
v 0.0678282 0.0353027 1.51997
v 0.214144 0.0855469 1.56353
v -0.141801 0.0855469 1.57174
v 0.724513 0.234375 1.59298
v -0.644166 0.234375 1.62713
v -0.825183 0.282294 1.59592
v 0.141801 0.0855469 1.57174
v -0.0703532 0.0855469 1.57656
v -1.16624 0.59165 1.59825
v 1.1517 0.520111 1.57833
v -0.378908 0.151611 1.61433
v 0.456268 0.151611 1.5942
v -1.15357 1.10039 1.5809
v 1.16433 1.01054 1.59564
v 0.0703532 0.0855469 1.57656
v 0 0.0855469 1.57812
v 1.03096 0.391754 1.57693
v -1.05167 0.453516 1.6086
v -0.928808 1.47188 1.59271
v 0.846824 1.47188 1.63777
v 0.650816 1.66333 1.64393
v -0.731993 1.66333 1.60942
v -1.16433 1.01054 1.59564
v 1.17228 0.922119 1.60654
v -1.17559 0.668243 1.61107
v 1.16624 0.59165 1.59825
v 0.378908 0.151611 1.61433
v -0.301732 0.151611 1.63052
v 1.07091 1.10039 1.63803
v -1.04392 1.28394 1.59675
v 0.927824 0.334717 1.59102
v -0.949101 0.391754 1.62751
v -0.56306 0.234375 1.65694
v 0.644166 0.234375 1.62713
v 0.961031 1.28394 1.64797
v -1.17228 0.922119 1.60654
v 1.17721 0.835236 1.61329
v -1.1789 0.75 1.61561
v 1.17559 0.668243 1.61107
v -1.17721 0.835236 1.61329
v 1.1789 0.75 1.61561
v 0.301732 0.151611 1.63052
v -0.225011 0.151611 1.64287
v -0.845927 0.334717 1.63604
v 0.825183 0.282294 1.59592
v 1.05167 0.453516 1.6086
v -1.06917 0.520111 1.63537
v -0.743819 0.282294 1.63542
v 0.225011 0.151611 1.64287
v -0.148997 0.151611 1.6515
v -0.650816 1.66333 1.64393
v 0.568873 1.66333 1.67405
v -0.481527 0.234375 1.68245
v 0.56306 0.234375 1.65694
v 0.763327 1.47188 1.67832
v -0.846824 1.47188 1.63777
v -0.0739231 0.151611 1.65655
v 0.148997 0.151611 1.6515
v 0.0739231 0.151611 1.65655
v 0 0.151611 1.6582
v -0.968164 0.453516 1.6602
v 0.949101 0.391754 1.62751
v 1.06917 0.520111 1.63537
v -1.08266 0.59165 1.65601
v 1.08089 1.01054 1.6533
v -1.07091 1.10039 1.63803
v 0.845927 0.334717 1.63604
v -0.865326 0.391754 1.67356
v -0.961031 1.28394 1.64797
v 0.876203 1.28394 1.69459
v 0.743819 0.282294 1.63542
v -0.66133 0.282294 1.67049
v 0.486498 1.66333 1.69982
v -0.568873 1.66333 1.67405
v -0.399884 0.234375 1.7037
v 0.481527 0.234375 1.68245
v -1.08089 1.01054 1.6533
v 1.08827 0.922119 1.66459
v -0.762518 0.334717 1.67654
v 0.985874 1.10039 1.69057
v 1.08266 0.59165 1.65601
v -1.09135 0.668243 1.66929
v 1.09285 0.835236 1.67159
v -1.08827 0.922119 1.66459
v -0.984276 0.520111 1.68783
v 0.968164 0.453516 1.6602
v 0.678675 1.47188 1.7143
v -0.763327 1.47188 1.67832
v 1.09135 0.668243 1.66929
v -1.09442 0.75 1.67399
v 1.09442 0.75 1.67399
v -1.09285 0.835236 1.67159
v -0.318435 0.234375 1.72078
v 0.399884 0.234375 1.7037
v -0.486498 1.66333 1.69982
v 0.404012 1.66333 1.72129
v 0.66133 0.282294 1.67049
v -0.578064 0.282294 1.7011
v 0.865326 0.391754 1.67356
v -0.882707 0.453516 1.70717
v -0.237467 0.234375 1.73381
v 0.318435 0.234375 1.72078
v -0.996698 0.59165 1.70913
v 0.984276 0.520111 1.68783
v -0.677956 0.334717 1.71248
v 0.762518 0.334717 1.67654
v -0.780004 0.391754 1.71498
v 0.789809 1.28394 1.73654
v -0.876203 1.28394 1.69459
v 0.995068 1.01054 1.70633
v -0.985874 1.10039 1.69057
v 0.321723 1.66333 1.73855
v -0.404012 1.66333 1.72129
v -0.157245 0.234375 1.74292
v 0.237467 0.234375 1.73381
v -0.678675 1.47188 1.7143
v 0.593224 1.47188 1.74571
v 0.898854 1.10039 1.7384
v -0.0780154 0.234375 1.74826
v 0.157245 0.234375 1.74292
v -0.995068 1.01054 1.70633
v 1.00186 0.922119 1.71799
v 0.239919 1.66333 1.75171
v -0.321723 1.66333 1.73855
v -1.00469 0.668243 1.72284
v 0.996698 0.59165 1.70913
v 0.0780154 0.234375 1.74826
v 0 0.234375 1.75
v 0.578064 0.282294 1.7011
v -0.494358 0.282294 1.72728
v 0.882707 0.453516 1.70717
v -0.897396 0.520111 1.73558
v -1.00186 0.922119 1.71799
v 1.00608 0.835236 1.72521
v -0.239919 1.66333 1.75171
v 0.158869 1.66333 1.76091
v -1.00752 0.75 1.72769
v 1.00469 0.668243 1.72284
v -0.592596 0.334717 1.74386
v 0.677956 0.334717 1.71248
v -1.00608 0.835236 1.72521
v 1.00752 0.75 1.72769
v -0.795671 0.453516 1.74943
v 0.780004 0.391754 1.71498
v 0.507323 1.47188 1.77258
v -0.593224 1.47188 1.74571
v -0.693503 0.391754 1.75175
v 0.0788208 1.66333 1.76631
v -0.158869 1.66333 1.76091
v 0.70222 1.28394 1.77377
v -0.789809 1.28394 1.73654
v 0 1.66333 1.76807
v -0.0788208 1.66333 1.76631
v 0.494358 0.282294 1.72728
v -0.410539 0.282294 1.7491
v 0.897396 0.520111 1.73558
v -0.908721 0.59165 1.75748
v 0.907236 1.01054 1.75461
v -0.898854 1.10039 1.7384
v 0.810226 1.10039 1.78143
v -0.507323 1.47188 1.77258
v 0.421306 1.47188 1.79497
v -0.506785 0.334717 1.7707
v 0.592596 0.334717 1.74386
v 0.410539 0.282294 1.7491
v -0.32692 0.282294 1.76664
v 0.913431 0.922119 1.76659
v -0.907236 1.01054 1.75461
v -0.808912 0.520111 1.77854
v 0.795671 0.453516 1.74943
v 0.908721 0.59165 1.75748
v -0.91601 0.668243 1.77158
v 0.693503 0.391754 1.75175
v -0.606185 0.391754 1.78385
v -0.70222 1.28394 1.77377
v 0.613805 1.28394 1.80627
v -0.707432 0.453516 1.78694
v 0.917272 0.835236 1.77402
v -0.913431 0.922119 1.76659
v 0.32692 0.282294 1.76664
v -0.243794 0.282294 1.78001
v 0.335494 1.47188 1.81297
v -0.421306 1.47188 1.79497
v 0.91601 0.668243 1.77158
v -0.918589 0.75 1.77657
v 0.918589 0.75 1.77657
v -0.917272 0.835236 1.77402
v -0.42086 0.334717 1.79307
v 0.506785 0.334717 1.7707
v 0.243794 0.282294 1.78001
v -0.161435 0.282294 1.78936
v -0.819121 0.59165 1.80099
v 0.808912 0.520111 1.77854
v 0.720373 1.10039 1.81963
v -0.810226 1.10039 1.78143
v 0.817781 1.01054 1.79805
v 0.250188 1.47188 1.8267
v -0.335494 1.47188 1.81297
v 0.161435 0.282294 1.78936
v -0.0800942 0.282294 1.79485
v -0.518407 0.391754 1.81131
v 0.606185 0.391754 1.78385
v 0.524923 1.28394 1.83407
v -0.613805 1.28394 1.80627
v 0.0800942 0.282294 1.79485
v 0 0.282294 1.79663
v -0.335139 0.334717 1.81105
v 0.42086 0.334717 1.79307
v 0.707432 0.453516 1.78694
v -0.719205 0.520111 1.81667
v -0.250188 1.47188 1.8267
v 0.165669 1.47188 1.83629
v -0.618361 0.453516 1.81968
v -0.817781 1.01054 1.79805
v 0.823366 0.922119 1.81032
v -0.825691 0.668243 1.81543
v 0.819121 0.59165 1.80099
v 0.0821948 1.47188 1.84192
v -0.165669 1.47188 1.83629
v 0 1.47188 1.84375
v -0.0821948 1.47188 1.84192
v -0.823366 0.922119 1.81032
v 0.826828 0.835236 1.81794
v -0.249923 0.334717 1.82476
v 0.335139 0.334717 1.81105
v -0.430511 0.391754 1.83419
v 0.518407 0.391754 1.81131
v -0.828015 0.75 1.82055
v 0.825691 0.668243 1.81543
v -0.524923 1.28394 1.83407
v 0.435923 1.28394 1.85724
v -0.720373 1.10039 1.81963
v 0.629672 1.10039 1.85297
v -0.826828 0.835236 1.81794
v 0.828015 0.75 1.82055
v 0.719205 0.520111 1.81667
v -0.728281 0.59165 1.8396
v -0.165494 0.334717 1.83435
v 0.249923 0.334717 1.82476
v 0.72709 1.01054 1.83659
v 0.618361 0.453516 1.81968
v -0.52882 0.453516 1.84769
v -0.628651 0.520111 1.84996
v -0.0821077 0.334717 1.83997
v 0.165494 0.334717 1.83435
v 0.430511 0.391754 1.83419
v -0.342824 0.391754 1.85258
v 0 0.334717 1.8418
v 0.0821077 0.334717 1.83997
v 0.347134 1.28394 1.87587
v -0.435923 1.28394 1.85724
v 0.732055 0.922119 1.84913
v -0.72709 1.01054 1.83659
v 0.728281 0.59165 1.8396
v -0.734123 0.668243 1.85436
v 0.538493 1.10039 1.88149
v -0.629672 1.10039 1.85297
v 0.735133 0.835236 1.85691
v -0.732055 0.922119 1.84913
v 0.342824 0.391754 1.85258
v -0.255655 0.391754 1.86661
v 0.52882 0.453516 1.84769
v -0.439158 0.453516 1.87103
v 0.258868 1.28394 1.89007
v -0.347134 1.28394 1.87587
v 0.734123 0.668243 1.85436
v -0.736189 0.75 1.85958
v -0.636585 0.59165 1.87331
v 0.628651 0.520111 1.84996
v 0.736189 0.75 1.85958
v -0.735133 0.835236 1.85691
v 0.635544 1.01054 1.87024
v -0.53762 0.520111 1.87844
v -0.169289 0.391754 1.87641
v 0.255655 0.391754 1.86661
v -0.258868 1.28394 1.89007
v 0.171417 1.28394 1.9
v -0.538493 1.10039 1.88149
v 0.447192 1.10039 1.90525
v 0.439158 0.453516 1.87103
v -0.34971 0.453516 1.88979
v -0.0839907 0.391754 1.88216
v 0.169289 0.391754 1.87641
v 0.0850464 1.28394 1.90582
v -0.171417 1.28394 1.9
v -0.635544 1.01054 1.87024
v 0.639884 0.922119 1.88302
v -0.641691 0.668243 1.88833
v 0.636585 0.59165 1.87331
v 0.0839907 0.391754 1.88216
v 0 0.391754 1.88403
v 0 1.28394 1.90772
v -0.0850464 1.28394 1.90582
v 0.53762 0.520111 1.87844
v -0.446466 0.520111 1.90216
v -0.639884 0.922119 1.88302
v 0.642574 0.835236 1.89093
v -0.544405 0.59165 1.90214
v -0.26079 0.453516 1.9041
v 0.34971 0.453516 1.88979
v 0.543515 1.01054 1.89903
v -0.643497 0.75 1.89365
v 0.641691 0.668243 1.88833
v -0.642574 0.835236 1.89093
v 0.643497 0.75 1.89365
v 0.356107 1.10039 1.92436
v -0.447192 1.10039 1.90525
v 0.26079 0.453516 1.9041
v -0.172689 0.453516 1.9141
v 0.547226 0.922119 1.912
v -0.543515 1.01054 1.89903
v 0.446466 0.520111 1.90216
v -0.35553 0.520111 1.92124
v 0.544405 0.59165 1.90214
v -0.548771 0.668243 1.9174
v 0.26556 1.10039 1.93893
v -0.356107 1.10039 1.92436
v 0.172689 0.453516 1.9141
v -0.0856776 0.453516 1.91996
v -0.452101 0.59165 1.92617
v 0.451362 1.01054 1.92302
v 0.0856776 0.453516 1.91996
v 0 0.453516 1.92188
v 0.549527 0.835236 1.92004
v -0.547226 0.922119 1.912
v 0.548771 0.668243 1.9174
v -0.550316 0.75 1.9228
v 0.35553 0.520111 1.92124
v -0.265129 0.520111 1.93579
v -0.26556 1.10039 1.93893
v 0.175848 1.10039 1.94911
v 0.550316 0.75 1.9228
v -0.549527 0.835236 1.92004
v -0.451362 1.01054 1.92302
v 0.454444 0.922119 1.93615
v -0.175848 1.10039 1.94911
v 0.0872449 1.10039 1.95509
v -0.455727 0.668243 1.94162
v 0.452101 0.59165 1.92617
v -0.360017 0.59165 1.94548
v 0.265129 0.520111 1.93579
v -0.175563 0.520111 1.94595
v 0.359428 1.01054 1.9423
v 0 1.10039 1.95703
v -0.0872449 1.10039 1.95509
v -0.454444 0.922119 1.93615
v 0.456355 0.835236 1.94429
v 0.175563 0.520111 1.94595
v -0.0871034 0.520111 1.95192
v -0.45701 0.75 1.94708
v 0.455727 0.668243 1.94162
v 0.0871034 0.520111 1.95192
v 0 0.520111 1.95386
v -0.456355 0.835236 1.94429
v 0.45701 0.75 1.94708
v 0.360017 0.59165 1.94548
v -0.268475 0.59165 1.96022
v -0.359428 1.01054 1.9423
v 0.361883 0.922119 1.95557
v 0.268037 1.01054 1.95701
v -0.362904 0.668243 1.96109
v 0.268475 0.59165 1.96022
v -0.177778 0.59165 1.97051
v 0.363404 0.835236 1.96379
v -0.361883 0.922119 1.95557
v 0.177488 1.01054 1.96729
v -0.268037 1.01054 1.95701
v 0.362904 0.668243 1.96109
v -0.363926 0.75 1.96661
v 0.269867 0.922119 1.97037
v 0.363926 0.75 1.96661
v -0.363404 0.835236 1.96379
v -0.270629 0.668243 1.97594
v 0.177778 0.59165 1.97051
v -0.0882027 0.59165 1.97655
v -0.177488 1.01054 1.96729
v 0.0880585 1.01054 1.97332
v 0.0882027 0.59165 1.97655
v 0 0.59165 1.97852
v 0 1.01054 1.97528
v -0.0880585 1.01054 1.97332
v -0.269867 0.922119 1.97037
v 0.271002 0.835236 1.97866
v 0.1787 0.922119 1.98073
v 0.270629 0.668243 1.97594
v -0.179204 0.668243 1.98632
v -0.271391 0.75 1.9815
v -0.271002 0.835236 1.97866
v 0.271391 0.75 1.9815
v -0.1787 0.922119 1.98073
v 0.0886598 0.922119 1.98679
v 0.179451 0.835236 1.98905
v 0.179204 0.668243 1.98632
v -0.0889102 0.668243 1.9924
v 0 0.922119 1.98877
v -0.0886598 0.922119 1.98679
v -0.179709 0.75 1.99191
v 0.0889102 0.668243 1.9924
v 0 0.668243 1.99439
v 0.179709 0.75 1.99191
v -0.179451 0.835236 1.98905
v 0.0890326 0.835236 1.99515
v -0.0891605 0.75 1.99801
v 0 0.835236 1.99713
v -0.0890326 0.835236 1.99515
v 0.0891605 0.75 1.99801
v 0 0.75 2
f 1 2 3
f 1 6 4
f 1 4 5
f 1 3 6
f 6 3 10
f 1 7 2
f 1 5 7
f 3 2 8
f 3 8 10
f 10 8 9
f 2 11 8
f 5 4 12
f 5 12 13
f 5 20 7
f 5 13 20
f 7 14 2
f 6 10 15
f 6 15 16
f 6 16 4
f 2 26 11
f 2 14 26
f 10 9 17
f 10 17 25
f 10 25 15
f 8 18 19
f 8 19 9
f 8 23 18
f 8 11 23
f 4 16 21
f 4 21 12
f 20 13 29
f 7 20 37
f 7 22 14
f 7 37 22
f 11 26 23
f 17 24 25
f 14 22 26
f 13 12 27
f 13 27 28
f 13 28 29
f 20 29 41
f 20 41 37
f 19 18 30
f 19 30 9
f 9 36 17
f 9 30 36
f 18 31 30
f 18 23 31
f 12 21 32
f 12 32 27
f 29 28 43
f 24 33 25
f 26 34 23
f 23 35 31
f 17 36 24
f 15 52 38
f 15 38 16
f 15 25 52
f 22 39 26
f 25 40 52
f 25 33 40
f 16 38 42
f 16 42 21
f 41 29 56
f 29 43 56
f 30 44 45
f 30 45 36
f 23 60 35
f 23 34 60
f 24 46 47
f 24 47 33
f 24 36 46
f 26 65 34
f 26 39 65
f 36 45 50
f 30 51 44
f 30 31 51
f 28 27 48
f 28 48 49
f 28 49 43
f 36 50 46
f 31 35 51
f 37 53 22
f 37 54 53
f 37 41 54
f 27 32 55
f 27 55 48
f 43 49 66
f 21 42 57
f 21 57 32
f 56 43 67
f 40 33 58
f 40 58 52
f 22 59 39
f 22 53 59
f 34 65 60
f 47 46 72
f 47 72 33
f 41 61 54
f 41 56 61
f 35 62 51
f 35 60 62
f 46 50 63
f 33 72 64
f 33 64 58
f 39 59 65
f 43 66 67
f 56 68 61
f 56 67 68
f 60 69 62
f 46 63 70
f 46 71 72
f 46 70 71
f 65 73 60
f 54 74 53
f 54 75 74
f 54 61 75
f 52 58 76
f 52 76 77
f 52 77 38
f 49 48 78
f 49 78 82
f 32 57 79
f 32 79 55
f 67 66 90
f 53 80 59
f 53 74 80
f 58 64 81
f 58 81 76
f 49 82 66
f 61 83 75
f 61 68 83
f 38 77 102
f 38 102 42
f 48 55 85
f 48 85 78
f 66 82 84
f 59 80 65
f 64 72 86
f 64 86 81
f 45 44 87
f 45 87 50
f 44 88 87
f 44 51 88
f 50 87 89
f 71 110 72
f 71 70 110
f 60 109 69
f 60 73 109
f 66 84 100
f 66 100 90
f 67 111 68
f 67 90 111
f 42 102 91
f 42 91 57
f 50 89 92
f 50 92 63
f 51 93 88
f 65 94 73
f 65 80 94
f 72 110 86
f 76 95 96
f 76 96 77
f 76 81 95
f 75 83 97
f 75 98 74
f 75 97 98
f 81 86 99
f 81 99 95
f 74 106 80
f 74 98 106
f 51 113 93
f 51 62 113
f 63 92 70
f 55 79 101
f 55 101 85
f 77 96 102
f 83 68 103
f 83 103 97
f 82 78 104
f 86 105 99
f 82 104 107
f 78 108 104
f 82 107 84
f 73 94 109
f 110 70 128
f 57 91 112
f 57 112 79
f 111 90 131
f 78 85 108
f 84 107 100
f 62 69 113
f 70 92 114
f 68 111 115
f 68 115 103
f 90 100 116
f 90 116 131
f 86 110 105
f 80 106 94
f 85 117 108
f 100 107 118
f 97 103 119
f 97 120 98
f 97 119 120
f 95 121 122
f 95 122 96
f 95 99 121
f 70 114 149
f 70 149 128
f 69 123 113
f 69 109 123
f 98 133 106
f 98 120 133
f 99 124 121
f 99 105 124
f 103 125 119
f 103 115 125
f 96 122 126
f 96 126 102
f 110 127 105
f 110 128 127
f 94 129 109
f 100 130 116
f 85 101 117
f 100 118 130
f 111 131 132
f 111 132 115
f 105 134 124
f 79 112 135
f 79 135 101
f 131 116 156
f 87 136 137
f 87 137 89
f 87 144 136
f 87 88 144
f 89 137 92
f 104 138 139
f 104 139 107
f 104 108 138
f 107 139 140
f 115 132 141
f 115 141 125
f 102 126 169
f 102 169 91
f 106 142 94
f 106 133 142
f 105 127 134
f 92 137 143
f 88 93 144
f 108 145 138
f 107 140 146
f 107 146 118
f 101 147 117
f 116 130 156
f 109 148 123
f 93 150 144
f 93 113 150
f 92 151 114
f 92 143 151
f 108 117 145
f 118 146 130
f 121 124 152
f 121 152 153
f 121 153 122
f 119 154 120
f 119 155 154
f 119 125 155
f 131 156 178
f 131 178 132
f 94 183 129
f 94 142 183
f 127 128 157
f 127 158 134
f 127 157 158
f 124 134 159
f 124 159 152
f 120 168 133
f 120 154 168
f 91 169 160
f 91 160 112
f 122 153 161
f 122 161 126
f 125 162 155
f 125 141 162
f 113 163 150
f 114 151 149
f 101 135 147
f 156 130 164
f 117 165 145
f 130 146 166
f 134 167 159
f 128 192 157
f 128 149 192
f 109 191 148
f 109 129 191
f 126 161 169
f 141 170 162
f 141 132 170
f 134 158 167
f 133 171 142
f 133 168 171
f 139 138 172
f 149 151 173
f 113 193 163
f 113 123 193
f 140 174 146
f 140 139 174
f 117 147 165
f 130 166 175
f 130 175 164
f 146 174 176
f 138 145 177
f 138 177 172
f 112 160 179
f 112 179 135
f 178 156 207
f 135 180 147
f 156 164 181
f 156 181 207
f 158 157 182
f 158 182 167
f 142 171 183
f 146 184 166
f 146 176 184
f 132 185 170
f 132 178 185
f 155 186 154
f 155 187 186
f 155 162 187
f 152 159 188
f 152 188 189
f 152 189 153
f 154 199 168
f 154 186 199
f 159 167 190
f 159 190 188
f 129 183 191
f 123 148 193
f 149 213 192
f 149 173 213
f 162 194 187
f 162 170 194
f 153 189 195
f 153 195 161
f 147 196 165
f 164 175 181
f 137 201 197
f 137 136 201
f 166 184 175
f 145 165 198
f 145 198 177
f 167 200 190
f 136 144 201
f 137 202 143
f 137 197 202
f 143 202 151
f 144 203 201
f 170 204 194
f 170 185 204
f 161 195 205
f 161 205 169
f 168 206 171
f 168 199 206
f 167 182 200
f 135 179 180
f 207 181 208
f 144 217 203
f 144 150 217
f 151 202 209
f 139 210 174
f 139 172 211
f 139 211 210
f 178 244 185
f 178 207 244
f 175 184 212
f 174 210 176
f 148 214 193
f 148 191 214
f 147 180 196
f 172 177 215
f 172 215 211
f 176 210 216
f 176 216 184
f 150 163 217
f 151 209 218
f 151 218 173
f 182 157 219
f 182 219 220
f 182 220 200
f 171 221 183
f 171 206 221
f 183 222 191
f 157 223 219
f 157 192 223
f 169 205 253
f 169 253 160
f 184 216 283
f 188 224 225
f 188 225 189
f 188 190 224
f 187 194 226
f 187 227 186
f 187 226 227
f 175 247 181
f 175 212 247
f 165 196 228
f 165 228 198
f 190 200 229
f 190 229 224
f 186 236 199
f 186 227 236
f 189 225 230
f 189 230 195
f 194 204 231
f 194 231 226
f 173 218 213
f 163 232 217
f 163 193 232
f 177 198 233
f 177 233 215
f 184 283 234
f 184 234 212
f 200 235 229
f 207 208 237
f 179 238 180
f 207 266 244
f 207 237 266
f 191 239 214
f 192 213 240
f 192 240 223
f 180 241 196
f 195 230 242
f 195 242 205
f 204 185 243
f 204 243 231
f 160 253 245
f 160 245 179
f 199 246 206
f 199 236 246
f 200 220 235
f 212 234 247
f 181 247 208
f 193 248 232
f 213 218 249
f 219 223 250
f 219 250 220
f 183 285 222
f 183 221 285
f 206 251 221
f 206 246 251
f 220 250 252
f 220 252 235
f 205 242 253
f 185 244 254
f 185 254 243
f 197 201 255
f 197 255 202
f 198 228 256
f 198 256 233
f 247 234 276
f 201 257 255
f 202 255 258
f 191 294 239
f 191 222 294
f 223 240 293
f 202 258 259
f 202 259 209
f 201 271 257
f 201 203 271
f 180 238 241
f 237 260 266
f 213 261 240
f 213 249 261
f 193 288 248
f 193 214 288
f 226 231 262
f 226 263 227
f 226 262 263
f 224 264 265
f 224 265 225
f 224 229 264
f 179 245 238
f 227 273 236
f 227 263 273
f 229 267 264
f 229 235 267
f 208 297 237
f 208 247 297
f 196 241 268
f 196 268 228
f 231 269 262
f 231 243 269
f 225 265 270
f 225 270 230
f 203 217 271
f 209 259 218
f 235 272 267
f 244 266 314
f 244 314 254
f 210 211 275
f 210 275 274
f 247 276 297
f 210 277 216
f 210 274 277
f 243 254 278
f 243 278 269
f 230 270 279
f 230 279 242
f 217 280 271
f 218 259 281
f 236 282 246
f 236 273 282
f 235 252 272
f 216 277 283
f 211 215 284
f 211 284 275
f 221 251 285
f 250 286 287
f 250 287 252
f 250 223 286
f 214 239 288
f 240 261 293
f 283 289 234
f 218 281 290
f 218 290 249
f 217 304 280
f 217 232 304
f 246 291 251
f 246 282 291
f 252 292 272
f 252 287 292
f 223 293 286
f 222 285 294
f 238 295 241
f 260 296 266
f 237 297 260
f 254 298 278
f 254 314 298
f 242 279 332
f 242 332 253
f 234 289 299
f 215 233 300
f 215 300 284
f 245 301 238
f 266 296 335
f 266 335 314
f 228 268 303
f 228 303 256
f 297 276 302
f 232 248 304
f 249 290 261
f 264 267 305
f 264 305 306
f 264 306 265
f 262 307 263
f 262 308 307
f 262 269 308
f 234 309 276
f 234 299 309
f 267 272 310
f 267 310 305
f 263 317 273
f 263 307 317
f 265 306 311
f 265 311 270
f 269 312 308
f 269 278 312
f 239 313 288
f 239 294 313
f 293 261 339
f 253 332 315
f 253 315 245
f 272 316 310
f 270 311 318
f 270 318 279
f 278 319 312
f 278 298 319
f 251 362 285
f 251 291 362
f 287 320 292
f 287 286 320
f 260 321 296
f 260 297 321
f 241 295 322
f 241 322 268
f 272 292 316
f 273 323 282
f 273 317 323
f 276 309 324
f 233 256 325
f 233 325 300
f 261 290 343
f 248 326 304
f 248 288 326
f 297 302 327
f 297 327 321
f 285 328 294
f 286 293 357
f 238 301 295
f 296 329 335
f 292 330 316
f 292 320 330
f 282 331 291
f 282 323 331
f 279 318 332
f 298 333 319
f 298 314 333
f 274 275 334
f 245 315 301
f 277 274 336
f 277 336 283
f 283 337 289
f 283 336 337
f 275 284 338
f 275 338 334
f 293 339 357
f 294 340 313
f 276 324 341
f 276 341 302
f 288 342 326
f 261 343 339
f 268 322 344
f 268 344 303
f 321 327 376
f 321 376 296
f 308 345 307
f 308 346 345
f 308 312 346
f 305 310 347
f 305 347 348
f 305 348 306
f 314 349 333
f 314 335 349
f 296 376 329
f 284 300 350
f 284 350 338
f 307 354 317
f 307 345 354
f 310 316 351
f 310 351 347
f 312 352 346
f 312 319 352
f 306 348 353
f 306 353 311
f 316 355 351
f 285 356 328
f 285 362 356
f 286 393 320
f 286 357 393
f 302 341 327
f 256 303 358
f 256 358 325
f 301 359 295
f 329 360 335
f 320 393 361
f 320 361 330
f 291 331 362
f 319 363 352
f 319 333 363
f 311 353 364
f 311 364 318
f 317 365 323
f 317 354 365
f 316 330 355
f 288 386 342
f 288 313 386
f 339 343 366
f 294 406 340
f 294 328 406
f 357 339 407
f 315 367 301
f 335 423 349
f 335 360 423
f 274 368 336
f 274 334 369
f 274 369 368
f 336 368 337
f 323 370 331
f 323 365 370
f 330 361 371
f 330 371 355
f 324 387 341
f 324 309 387
f 300 325 372
f 300 372 350
f 333 373 363
f 333 349 373
f 318 364 432
f 318 432 332
f 337 378 289
f 337 368 378
f 334 338 374
f 334 374 369
f 376 327 375
f 327 341 377
f 289 378 299
f 368 369 380
f 369 379 380
f 368 380 378
f 329 376 360
f 295 359 381
f 295 381 322
f 255 382 258
f 369 374 379
f 378 380 392
f 255 389 382
f 255 257 389
f 258 382 259
f 380 383 384
f 380 379 383
f 380 384 392
f 299 404 309
f 299 378 404
f 338 350 385
f 338 385 374
f 339 366 429
f 339 429 407
f 313 340 386
f 259 382 388
f 257 271 389
f 332 432 390
f 332 390 315
f 374 391 379
f 378 392 404
f 379 391 383
f 393 357 445
f 301 367 359
f 360 394 423
f 271 395 389
f 259 396 281
f 259 388 396
f 347 397 398
f 347 398 348
f 347 351 397
f 346 352 399
f 346 400 345
f 346 399 400
f 351 355 401
f 351 401 397
f 345 409 354
f 345 400 409
f 348 398 402
f 348 402 353
f 352 363 403
f 352 403 399
f 309 404 387
f 331 458 362
f 331 370 458
f 361 393 405
f 361 405 371
f 374 385 391
f 404 392 418
f 328 356 406
f 357 407 445
f 355 408 401
f 392 384 418
f 271 426 395
f 271 280 426
f 281 396 290
f 382 411 410
f 382 389 411
f 327 412 375
f 327 377 412
f 303 344 413
f 303 413 358
f 382 424 388
f 382 410 424
f 353 402 414
f 353 414 364
f 363 373 415
f 363 415 403
f 388 424 396
f 341 387 377
f 325 358 416
f 325 416 372
f 355 371 408
f 354 417 365
f 354 409 417
f 385 427 391
f 404 418 437
f 404 437 387
f 322 381 419
f 322 419 344
f 376 375 420
f 376 420 421
f 376 421 360
f 350 372 422
f 350 422 385
f 315 390 367
f 389 434 411
f 389 395 434
f 290 396 425
f 280 304 426
f 391 427 383
f 340 428 386
f 340 406 428
f 371 430 408
f 371 405 430
f 365 431 370
f 365 417 431
f 360 421 394
f 364 414 432
f 373 349 433
f 373 433 415
f 395 426 434
f 396 424 435
f 396 435 425
f 410 439 436
f 410 411 439
f 410 436 424
f 385 422 427
f 437 418 450
f 424 436 438
f 304 440 426
f 290 456 343
f 290 425 456
f 418 384 450
f 387 437 377
f 377 441 412
f 425 435 456
f 426 442 434
f 411 452 439
f 411 434 452
f 424 438 435
f 375 412 420
f 362 443 356
f 362 458 443
f 393 444 405
f 393 445 444
f 367 446 359
f 394 447 423
f 445 407 448
f 356 449 406
f 349 423 537
f 349 537 433
f 422 472 427
f 437 450 451
f 437 451 377
f 435 438 453
f 436 454 455
f 436 439 454
f 436 455 438
f 304 491 440
f 304 326 491
f 427 472 383
f 438 455 465
f 426 488 442
f 426 440 488
f 456 435 486
f 405 444 457
f 405 457 430
f 370 431 458
f 377 451 441
f 372 416 459
f 372 459 422
f 399 403 460
f 399 461 400
f 399 460 461
f 397 462 463
f 397 463 398
f 397 401 462
f 421 420 540
f 421 540 394
f 400 470 409
f 400 461 470
f 401 464 462
f 401 408 464
f 439 508 454
f 439 452 508
f 438 465 453
f 435 453 486
f 434 496 452
f 434 442 496
f 403 466 460
f 403 415 466
f 398 463 467
f 398 467 402
f 406 468 428
f 407 429 469
f 407 469 448
f 408 471 464
f 455 485 473
f 455 454 485
f 455 473 465
f 412 441 528
f 358 413 474
f 358 474 416
f 453 465 507
f 475 476 492
f 475 477 478
f 475 492 477
f 475 495 479
f 475 479 476
f 475 478 495
f 422 459 472
f 451 450 480
f 390 481 367
f 423 447 568
f 423 568 537
f 415 433 482
f 415 482 466
f 402 467 483
f 402 483 414
f 465 473 484
f 456 486 487
f 456 487 343
f 440 491 488
f 409 489 417
f 409 470 489
f 408 430 471
f 394 540 447
f 359 446 490
f 359 490 381
f 326 342 491
f 343 487 366
f 492 476 503
f 492 493 477
f 495 478 494
f 450 384 480
f 442 488 496
f 486 453 497
f 454 498 485
f 454 508 498
f 465 484 507
f 420 412 499
f 344 419 500
f 344 500 413
f 473 501 502
f 473 485 501
f 473 502 484
f 495 504 505
f 495 494 504
f 495 505 506
f 495 506 479
f 492 516 493
f 492 517 516
f 492 503 517
f 453 507 497
f 452 496 508
f 441 451 528
f 417 509 431
f 417 489 509
f 430 510 471
f 430 457 510
f 476 502 503
f 476 479 511
f 476 511 502
f 484 502 511
f 485 512 501
f 433 513 482
f 433 537 513
f 414 483 603
f 414 603 432
f 502 501 503
f 507 484 514
f 479 515 511
f 517 503 518
f 478 477 519
f 478 519 494
f 511 515 484
f 501 512 503
f 485 498 512
f 484 515 514
f 356 595 449
f 356 443 595
f 445 594 444
f 445 593 594
f 445 448 593
f 486 550 487
f 486 497 550
f 488 549 496
f 491 520 488
f 459 521 472
f 451 480 560
f 451 560 528
f 494 522 504
f 494 519 522
f 477 493 519
f 479 506 515
f 503 512 518
f 458 523 443
f 367 481 446
f 447 524 568
f 472 521 383
f 507 514 543
f 508 525 498
f 342 526 491
f 342 386 526
f 366 487 429
f 480 584 560
f 480 384 584
f 498 527 512
f 514 515 543
f 412 528 499
f 504 522 529
f 493 541 519
f 493 516 541
f 519 530 531
f 519 531 522
f 517 518 532
f 505 504 553
f 505 553 533
f 505 533 534
f 505 534 506
f 517 552 516
f 517 535 552
f 517 532 535
f 518 512 532
f 506 536 515
f 448 469 593
f 406 605 468
f 406 449 605
f 432 603 538
f 432 538 390
f 381 490 539
f 381 539 419
f 540 420 616
f 519 541 530
f 512 527 532
f 515 536 543
f 504 529 553
f 416 474 542
f 416 542 459
f 498 566 527
f 498 525 566
f 531 544 522
f 531 530 544
f 508 545 525
f 431 643 458
f 431 509 643
f 457 546 510
f 457 444 546
f 497 507 547
f 497 547 550
f 496 548 508
f 496 549 548
f 488 520 549
f 506 534 551
f 506 551 536
f 535 578 552
f 535 532 578
f 522 554 617
f 522 617 529
f 522 544 554
f 530 573 544
f 536 551 543
f 527 566 532
f 491 526 520
f 487 550 597
f 487 597 429
f 541 596 530
f 516 585 541
f 516 552 585
f 420 555 616
f 420 499 555
f 462 464 556
f 462 556 557
f 462 557 463
f 460 558 461
f 460 559 558
f 460 466 559
f 459 542 521
f 464 471 561
f 464 561 556
f 461 570 470
f 461 558 570
f 544 562 563
f 544 563 554
f 463 557 564
f 463 564 467
f 466 565 559
f 466 482 565
f 447 540 524
f 525 545 566
f 543 567 507
f 543 551 567
f 390 538 481
f 471 569 561
f 554 571 590
f 554 590 617
f 554 563 571
f 544 589 562
f 544 573 589
f 532 572 578
f 532 566 572
f 507 607 547
f 507 567 607
f 508 548 545
f 530 596 573
f 529 617 574
f 529 574 553
f 541 585 596
f 533 575 576
f 533 576 577
f 533 577 534
f 533 553 575
f 578 579 552
f 467 564 580
f 467 580 483
f 482 581 565
f 482 513 581
f 563 582 583
f 563 562 582
f 563 583 571
f 553 574 575
f 471 510 569
f 470 586 489
f 470 570 586
f 413 500 587
f 413 587 474
f 520 676 549
f 550 547 634
f 550 634 597
f 562 610 582
f 562 589 610
f 571 588 612
f 571 583 588
f 571 612 590
f 528 560 499
f 596 591 573
f 545 592 566
f 443 523 595
f 526 598 520
f 510 546 599
f 510 599 569
f 489 600 509
f 489 586 600
f 534 577 601
f 534 601 551
f 572 566 602
f 572 602 578
f 483 580 603
f 513 604 581
f 513 537 604
f 449 595 605
f 593 469 606
f 551 601 567
f 566 592 602
f 548 645 545
f 458 643 523
f 444 698 546
f 444 594 698
f 552 641 585
f 552 579 641
f 481 608 446
f 524 609 568
f 612 588 611
f 578 613 579
f 578 602 613
f 590 612 637
f 590 637 617
f 573 636 589
f 573 591 636
f 542 647 521
f 560 584 663
f 560 663 499
f 583 614 588
f 583 615 614
f 583 582 615
f 540 616 694
f 540 694 524
f 614 618 619
f 614 615 618
f 614 619 620
f 614 620 588
f 549 621 548
f 549 676 621
f 547 607 709
f 547 709 634
f 386 671 526
f 386 428 671
f 429 597 469
f 521 647 383
f 588 620 611
f 582 622 615
f 582 610 622
f 615 623 618
f 615 622 623
f 620 619 624
f 620 624 625
f 620 625 611
f 574 617 626
f 574 626 575
f 585 641 596
f 545 627 592
f 545 645 627
f 567 628 607
f 567 601 628
f 619 629 630
f 619 618 629
f 619 630 624
f 589 631 610
f 589 636 631
f 612 611 654
f 612 654 637
f 616 555 632
f 419 539 633
f 419 633 500
f 520 598 676
f 537 635 604
f 537 568 635
f 618 638 629
f 618 623 638
f 624 639 640
f 624 630 639
f 624 640 625
f 592 627 602
f 575 675 576
f 575 626 675
f 617 735 626
f 617 637 735
f 596 642 591
f 509 600 643
f 546 698 644
f 546 644 599
f 548 621 645
f 607 628 688
f 607 688 709
f 622 646 623
f 622 683 646
f 625 640 685
f 625 685 611
f 622 610 683
f 584 716 663
f 584 384 716
f 613 648 579
f 576 675 649
f 576 649 650
f 576 650 577
f 526 651 598
f 526 671 651
f 597 634 696
f 597 696 469
f 499 663 555
f 474 587 652
f 474 652 542
f 636 653 631
f 654 611 672
f 524 694 609
f 446 608 655
f 446 655 490
f 623 715 638
f 623 646 715
f 640 639 656
f 640 656 693
f 640 693 685
f 641 725 596
f 591 691 636
f 591 642 691
f 637 654 692
f 637 692 735
f 611 685 672
f 610 631 683
f 538 657 481
f 568 746 635
f 568 609 746
f 630 629 658
f 630 658 639
f 559 659 558
f 559 660 659
f 559 565 660
f 556 561 661
f 556 661 662
f 556 662 557
f 542 652 647
f 602 627 664
f 602 664 613
f 577 650 665
f 577 665 601
f 558 673 570
f 558 659 673
f 561 569 666
f 561 666 661
f 565 667 660
f 565 581 667
f 557 662 668
f 557 668 564
f 601 665 628
f 629 669 658
f 629 638 669
f 639 658 670
f 639 670 656
f 428 468 671
f 596 725 642
f 636 691 653
f 654 672 707
f 654 707 692
f 569 674 666
f 579 712 641
f 579 648 712
f 598 651 676
f 634 709 677
f 634 677 696
f 593 678 679
f 593 679 594
f 593 606 678
f 595 680 605
f 523 681 595
f 594 682 698
f 594 679 682
f 631 653 683
f 683 684 646
f 581 686 667
f 581 604 686
f 564 668 687
f 564 687 580
f 621 720 645
f 570 689 586
f 570 673 689
f 569 599 674
f 613 690 648
f 613 664 690
f 641 712 725
f 626 735 724
f 626 724 675
f 646 684 715
f 693 656 713
f 638 719 669
f 638 715 719
f 656 670 713
f 490 655 695
f 490 695 539
f 694 616 762
f 643 697 523
f 599 644 699
f 599 699 674
f 586 700 600
f 586 689 700
f 481 657 608
f 609 701 746
f 628 665 702
f 628 702 688
f 645 703 627
f 645 720 703
f 616 632 704
f 616 704 762
f 604 705 686
f 604 635 705
f 580 687 789
f 580 789 603
f 691 706 653
f 707 672 730
f 672 685 730
f 653 708 683
f 676 741 621
f 555 663 632
f 725 710 642
f 683 731 684
f 683 708 731
f 685 693 732
f 685 732 730
f 627 703 664
f 500 633 711
f 500 711 587
f 675 724 743
f 675 743 649
f 693 713 714
f 693 714 732
f 684 731 715
f 692 744 735
f 692 707 744
f 642 745 691
f 642 710 745
f 652 770 647
f 663 716 771
f 663 771 632
f 658 717 670
f 651 718 676
f 677 769 696
f 677 709 769
f 713 670 740
f 621 741 720
f 688 702 721
f 688 721 709
f 469 696 606
f 468 722 671
f 468 605 722
f 603 789 723
f 603 723 538
f 647 770 383
f 670 717 726
f 658 738 717
f 658 669 738
f 690 727 648
f 649 743 728
f 649 728 729
f 649 729 650
f 653 747 708
f 653 706 747
f 708 747 731
f 691 733 706
f 691 745 733
f 707 730 757
f 707 757 744
f 609 694 701
f 644 698 734
f 644 734 699
f 600 810 643
f 600 700 810
f 731 795 715
f 714 761 732
f 714 713 761
f 664 703 736
f 664 736 690
f 650 729 737
f 650 737 665
f 669 719 738
f 670 726 739
f 670 739 740
f 665 737 702
f 676 718 741
f 709 793 769
f 709 721 793
f 696 769 742
f 696 742 606
f 671 797 651
f 671 722 797
f 595 806 680
f 595 681 806
f 648 791 712
f 648 727 791
f 538 723 657
f 523 824 681
f 523 697 824
f 682 679 823
f 682 823 698
f 730 785 757
f 730 732 785
f 706 733 747
f 632 771 704
f 587 711 748
f 587 748 652
f 747 749 731
f 732 761 750
f 732 750 785
f 661 751 752
f 661 752 662
f 661 666 751
f 660 667 753
f 660 754 659
f 660 753 754
f 712 791 725
f 724 735 755
f 724 755 743
f 666 674 756
f 666 756 751
f 659 767 673
f 659 754 767
f 662 752 758
f 662 758 668
f 667 686 759
f 667 759 753
f 741 801 720
f 731 749 795
f 761 713 760
f 762 704 763
f 539 695 764
f 539 764 633
f 715 765 719
f 715 795 765
f 713 740 794
f 713 794 760
f 674 766 756
f 690 768 727
f 690 736 768
f 694 762 836
f 694 836 701
f 651 797 718
f 652 748 770
f 771 716 772
f 668 758 773
f 668 773 687
f 686 705 774
f 686 774 759
f 735 744 884
f 735 884 755
f 725 775 710
f 605 776 722
f 606 742 678
f 716 384 772
f 673 777 689
f 673 767 777
f 674 699 766
f 698 823 778
f 698 778 734
f 643 779 697
f 643 810 779
f 720 780 703
f 720 801 780
f 702 781 721
f 702 737 781
f 657 782 608
f 701 783 746
f 770 748 817
f 770 817 383
f 717 784 726
f 703 780 736
f 744 757 816
f 744 816 884
f 710 815 745
f 710 775 815
f 733 786 747
f 689 787 700
f 689 777 787
f 699 734 788
f 699 788 766
f 747 813 749
f 747 786 813
f 750 761 814
f 750 814 785
f 687 773 789
f 705 635 790
f 705 790 774
f 743 829 728
f 743 755 829
f 717 799 784
f 717 738 799
f 726 784 792
f 726 792 739
f 740 883 794
f 740 739 883
f 719 833 738
f 718 834 741
f 749 813 795
f 761 796 814
f 761 760 796
f 722 776 797
f 742 838 678
f 742 769 838
f 745 798 733
f 745 815 798
f 757 785 832
f 757 832 816
f 791 873 725
f 721 781 800
f 721 800 793
f 741 834 801
f 635 746 878
f 635 878 790
f 701 836 783
f 608 782 802
f 608 802 655
f 728 829 803
f 728 803 804
f 728 804 729
f 768 805 727
f 719 765 833
f 704 771 763
f 725 873 775
f 681 824 806
f 679 807 808
f 679 808 823
f 679 678 807
f 797 809 718
f 769 861 838
f 769 793 861
f 700 787 810
f 734 778 811
f 734 811 788
f 785 812 832
f 785 814 812
f 733 852 786
f 733 798 852
f 786 852 813
f 795 848 765
f 771 772 870
f 771 870 818
f 771 818 763
f 729 804 819
f 729 819 737
f 736 820 768
f 736 780 820
f 763 821 762
f 633 764 822
f 633 822 711
f 737 819 781
f 697 779 824
f 796 760 825
f 796 825 814
f 813 826 795
f 605 680 776
f 772 384 870
f 738 827 799
f 738 833 827
f 739 792 828
f 739 828 883
f 727 868 791
f 727 805 868
f 723 830 657
f 746 783 898
f 746 898 878
f 762 885 836
f 762 821 885
f 815 831 798
f 718 809 834
f 793 874 861
f 793 800 874
f 655 802 835
f 655 835 695
f 755 884 837
f 755 837 829
f 791 868 873
f 776 839 797
f 753 759 840
f 753 841 754
f 753 840 841
f 751 842 843
f 751 843 752
f 751 756 842
f 754 850 767
f 754 841 850
f 756 844 842
f 756 766 844
f 759 845 840
f 759 774 845
f 752 843 846
f 752 846 758
f 873 847 775
f 834 891 801
f 760 877 825
f 795 826 848
f 760 794 877
f 766 849 844
f 812 851 832
f 812 814 851
f 798 831 852
f 768 853 805
f 768 820 853
f 852 854 813
f 814 825 855
f 814 855 851
f 657 830 782
f 783 856 898
f 774 790 857
f 774 857 845
f 758 846 929
f 758 929 773
f 767 858 777
f 767 850 858
f 766 788 849
f 816 832 897
f 816 897 884
f 775 896 815
f 775 847 896
f 765 848 833
f 813 854 826
f 801 859 780
f 801 891 859
f 781 860 800
f 781 819 860
f 797 839 809
f 763 818 821
f 711 822 862
f 711 862 748
f 780 859 820
f 777 863 787
f 777 858 863
f 788 811 864
f 788 864 849
f 815 896 831
f 832 851 865
f 832 865 897
f 790 866 857
f 790 878 866
f 773 929 867
f 773 867 789
f 829 869 803
f 829 837 869
f 748 862 817
f 808 807 934
f 808 934 823
f 824 871 806
f 680 872 776
f 680 806 872
f 678 838 807
f 783 836 856
f 809 920 834
f 821 875 885
f 826 903 848
f 877 794 876
f 789 867 879
f 789 879 723
f 833 880 827
f 883 828 881
f 831 882 852
f 794 883 876
f 848 904 833
f 852 882 854
f 855 825 919
f 855 919 851
f 695 835 886
f 695 886 764
f 787 952 810
f 787 863 952
f 811 778 887
f 811 887 864
f 776 872 839
f 838 938 807
f 838 861 938
f 779 888 824
f 823 934 889
f 823 889 778
f 800 890 874
f 800 860 890
f 834 920 891
f 825 877 928
f 825 928 919
f 854 892 826
f 803 893 894
f 803 894 804
f 803 869 893
f 853 895 805
f 836 885 957
f 836 957 856
f 723 879 830
f 896 899 831
f 804 894 900
f 804 900 819
f 820 859 901
f 820 901 853
f 819 900 860
f 817 862 909
f 817 909 383
f 839 902 809
f 861 948 938
f 861 874 948
f 805 947 868
f 805 895 947
f 821 818 875
f 877 945 928
f 826 892 903
f 877 876 945
f 848 903 904
f 876 883 942
f 837 884 905
f 837 905 869
f 868 947 873
f 851 906 865
f 851 919 906
f 831 899 882
f 810 907 779
f 810 952 907
f 778 889 908
f 778 908 887
f 818 870 910
f 818 910 911
f 818 911 875
f 830 912 782
f 856 913 898
f 842 844 914
f 842 914 915
f 842 915 843
f 840 916 841
f 840 917 916
f 840 845 917
f 882 918 854
f 809 902 920
f 874 958 948
f 874 890 958
f 844 849 921
f 844 921 914
f 841 927 850
f 841 916 927
f 843 915 922
f 843 922 846
f 845 923 917
f 845 857 923
f 784 924 792
f 870 384 910
f 884 1035 905
f 884 897 1035
f 873 925 847
f 849 926 921
f 854 918 892
f 784 799 924
f 833 904 880
f 883 971 942
f 883 881 971
f 846 922 929
f 857 930 923
f 857 866 930
f 849 864 926
f 850 931 858
f 850 927 931
f 875 932 885
f 764 886 933
f 764 933 822
f 847 960 896
f 847 925 960
f 897 865 961
f 897 961 1035
f 824 978 871
f 824 888 978
f 934 807 979
f 920 964 891
f 853 901 935
f 853 935 895
f 792 936 828
f 799 970 924
f 872 937 839
f 864 939 926
f 864 887 939
f 858 1002 863
f 858 931 1002
f 896 960 899
f 865 906 940
f 865 940 961
f 856 957 913
f 782 912 941
f 782 941 802
f 876 942 963
f 876 963 945
f 891 943 859
f 891 964 943
f 860 944 890
f 860 900 944
f 892 968 903
f 885 946 957
f 885 932 946
f 859 943 901
f 869 977 893
f 869 905 977
f 839 937 902
f 878 949 866
f 878 898 949
f 779 1010 888
f 779 907 1010
f 799 827 970
f 899 950 882
f 947 1032 873
f 882 950 918
f 919 928 987
f 919 987 906
f 887 951 939
f 887 908 951
f 863 1002 952
f 875 911 953
f 875 953 932
f 822 933 954
f 822 954 862
f 928 945 994
f 928 994 987
f 918 955 892
f 802 941 956
f 802 956 835
f 873 1032 925
f 902 1003 920
f 879 959 830
f 898 1026 949
f 898 913 1026
f 862 954 909
f 807 938 979
f 806 1014 872
f 806 871 1014
f 910 962 911
f 910 384 962
f 903 1000 904
f 903 968 1000
f 920 1003 964
f 890 944 1013
f 890 1013 958
f 935 965 895
f 893 977 966
f 893 966 967
f 893 967 894
f 945 1008 994
f 892 955 968
f 945 963 1008
f 960 969 899
f 827 880 970
f 828 936 881
f 904 972 880
f 938 948 1024
f 938 1024 979
f 872 1014 937
f 952 973 907
f 830 959 912
f 913 974 1026
f 901 943 975
f 901 975 935
f 894 967 976
f 894 976 900
f 900 976 944
f 895 1025 947
f 895 965 1025
f 888 1010 978
f 934 979 980
f 934 980 889
f 906 981 940
f 906 987 981
f 899 969 950
f 914 921 982
f 914 982 983
f 914 983 915
f 917 984 916
f 917 985 984
f 917 923 985
f 950 986 918
f 921 926 988
f 921 988 982
f 916 993 927
f 916 984 993
f 915 983 989
f 915 989 922
f 923 990 985
f 923 930 990
f 948 958 1034
f 948 1034 1024
f 937 991 902
f 926 992 988
f 947 1025 1032
f 905 1035 1031
f 905 1031 977
f 918 986 955
f 930 995 990
f 930 866 995
f 922 989 1062
f 922 1062 929
f 946 996 957
f 946 932 996
f 835 956 997
f 835 997 886
f 926 939 992
f 927 998 931
f 927 993 998
f 913 957 974
f 1032 999 925
f 963 942 1030
f 963 1030 1008
f 939 951 1001
f 939 1001 992
f 931 998 1002
f 958 1013 1043
f 958 1043 1034
f 902 991 1003
f 942 971 1033
f 904 1000 972
f 866 1004 995
f 866 949 1004
f 929 1062 1005
f 929 1005 867
f 953 911 1006
f 953 1006 932
f 961 1041 1035
f 961 940 1041
f 925 1042 960
f 925 999 1042
f 880 1007 970
f 955 1040 968
f 889 1009 908
f 889 980 1009
f 907 973 1010
f 954 1021 909
f 911 962 1011
f 911 1011 1006
f 960 1042 969
f 940 981 1012
f 940 1012 1041
f 1003 1050 964
f 871 978 1014
f 909 1021 383
f 867 1005 1015
f 867 1015 879
f 935 1016 965
f 935 975 1016
f 957 996 1017
f 957 1017 974
f 1002 1018 952
f 944 976 1019
f 944 1019 1013
f 964 1020 943
f 964 1050 1020
f 969 1022 950
f 943 1020 975
f 1014 1023 937
f 950 1022 986
f 987 994 1066
f 987 1066 981
f 977 1031 1073
f 977 1073 966
f 879 1015 959
f 994 1008 1071
f 994 1071 1066
f 986 1027 955
f 932 1006 1028
f 932 1028 996
f 886 997 1029
f 886 1029 933
f 968 1040 1000
f 1030 942 1067
f 942 1033 1067
f 937 1023 991
f 980 979 1085
f 1010 1036 978
f 908 1009 1037
f 908 1037 951
f 952 1018 973
f 959 1038 912
f 974 1039 1026
f 1008 1077 1071
f 955 1027 1040
f 1008 1030 1077
f 991 1082 1003
f 1042 1044 969
f 933 1029 1045
f 933 1045 954
f 985 990 1046
f 985 1047 984
f 985 1046 1047
f 982 1048 1049
f 982 1049 983
f 982 988 1048
f 1003 1082 1050
f 1013 1019 1087
f 1013 1087 1043
f 984 1058 993
f 984 1047 1058
f 988 1051 1048
f 988 992 1051
f 990 995 1052
f 990 1052 1046
f 983 1049 1117
f 983 1117 989
f 1016 1053 965
f 966 1073 1054
f 966 1054 1055
f 966 1055 967
f 974 1017 1039
f 912 1038 1056
f 912 1056 941
f 924 1057 792
f 954 1045 1021
f 1011 1101 1006
f 1011 962 1101
f 992 1059 1051
f 792 1057 936
f 978 1060 1014
f 979 1024 1085
f 981 1061 1012
f 981 1066 1061
f 969 1044 1022
f 989 1117 1062
f 995 1004 1063
f 995 1063 1052
f 993 1064 998
f 993 1058 1064
f 992 1001 1059
f 1022 1065 986
f 1000 1068 972
f 975 1020 1069
f 975 1069 1016
f 967 1055 1070
f 967 1070 976
f 1030 1067 1091
f 1040 1092 1000
f 1030 1091 1077
f 976 1070 1019
f 986 1065 1027
f 973 1072 1010
f 880 972 1007
f 924 1078 1057
f 924 970 1078
f 965 1102 1025
f 965 1053 1102
f 971 1104 1033
f 998 1132 1002
f 998 1064 1132
f 1001 1131 1059
f 1001 951 1131
f 1014 1060 1023
f 1024 1034 1107
f 1024 1107 1085
f 941 1056 1074
f 941 1074 956
f 1025 1102 1032
f 1031 1035 1105
f 1031 1105 1073
f 1035 1041 1109
f 1035 1109 1105
f 1032 1075 999
f 949 1026 1140
f 949 1140 1004
f 1028 1006 1076
f 1028 1076 996
f 1027 1106 1040
f 936 1088 881
f 1023 1124 991
f 1034 1043 1123
f 1034 1123 1107
f 1002 1132 1018
f 951 1079 1131
f 951 1037 1079
f 962 1148 1101
f 962 384 1148
f 1041 1012 1122
f 1041 1122 1109
f 999 1121 1042
f 999 1075 1121
f 1042 1121 1044
f 1012 1061 1080
f 1012 1080 1122
f 1015 1081 959
f 1026 1039 1155
f 1026 1155 1140
f 991 1124 1082
f 1043 1087 1083
f 1043 1083 1123
f 1067 1033 1084
f 1000 1092 1068
f 980 1085 1086
f 980 1086 1009
f 1010 1154 1036
f 1010 1072 1154
f 1082 1142 1050
f 1006 1101 1089
f 1006 1089 1076
f 1044 1090 1022
f 1040 1106 1092
f 1016 1093 1053
f 1016 1069 1093
f 1022 1090 1065
f 1066 1071 1139
f 1066 1139 1061
f 1018 1094 973
f 959 1081 1038
f 1039 1095 1155
f 996 1076 1096
f 996 1096 1017
f 956 1074 1097
f 956 1097 997
f 1071 1077 1143
f 1071 1143 1139
f 1065 1098 1027
f 1050 1099 1020
f 1050 1142 1099
f 1019 1070 1100
f 1019 1100 1087
f 1045 1147 1021
f 978 1036 1060
f 1020 1099 1069
f 1021 1147 383
f 1073 1105 1103
f 1073 1103 1054
f 972 1164 1007
f 1102 1191 1032
f 1039 1017 1095
f 1077 1157 1143
f 1027 1098 1106
f 1077 1091 1157
f 1060 1108 1023
f 1032 1191 1075
f 1048 1051 1110
f 1048 1110 1111
f 1048 1111 1049
f 1046 1052 1112
f 1046 1113 1047
f 1046 1112 1113
f 1051 1059 1114
f 1051 1114 1110
f 1047 1115 1058
f 1047 1113 1115
f 1052 1116 1112
f 1052 1063 1116
f 1049 1111 1117
f 881 1118 971
f 970 1156 1078
f 970 1007 1156
f 881 1088 1118
f 1059 1119 1114
f 1058 1115 1180
f 973 1171 1072
f 973 1094 1171
f 1009 1120 1037
f 1009 1086 1120
f 1023 1108 1124
f 1067 1125 1091
f 1067 1084 1125
f 1117 1126 1062
f 1059 1131 1119
f 1058 1127 1064
f 1058 1180 1127
f 997 1097 1128
f 997 1128 1029
f 1121 1129 1044
f 1017 1096 1130
f 1017 1130 1095
f 1064 1127 1132
f 1004 1133 1063
f 1004 1140 1133
f 1062 1126 1134
f 1062 1134 1005
f 1124 1135 1082
f 1091 1125 1136
f 1091 1136 1157
f 1061 1137 1080
f 1061 1139 1137
f 1044 1129 1090
f 972 1068 1164
f 1033 1104 1084
f 1090 1138 1065
f 1005 1134 1141
f 1005 1141 1015
f 1087 1172 1083
f 1087 1100 1172
f 1082 1135 1142
f 1065 1138 1098
f 1054 1144 1145
f 1054 1145 1055
f 1054 1103 1144
f 1093 1146 1053
f 1079 1037 1149
f 1079 1149 1131
f 1132 1150 1018
f 1089 1101 1188
f 1089 1188 1076
f 1029 1128 1151
f 1029 1151 1045
f 1055 1145 1152
f 1055 1152 1070
f 1069 1153 1093
f 1069 1099 1153
f 1086 1085 1194
f 1072 1171 1154
f 1070 1152 1100
f 1015 1141 1081
f 1053 1187 1102
f 1053 1146 1187
f 1045 1151 1192
f 1045 1192 1147
f 1101 1193 1188
f 1101 1148 1193
f 971 1118 1104
f 1098 1225 1106
f 1085 1107 1194
f 1036 1158 1060
f 1036 1154 1158
f 1147 1192 383
f 1105 1159 1103
f 1105 1109 1159
f 1102 1187 1191
f 1092 1218 1068
f 1191 1160 1075
f 1037 1120 1161
f 1037 1161 1149
f 1018 1213 1094
f 1018 1150 1213
f 1095 1162 1155
f 1081 1163 1038
f 1107 1123 1203
f 1107 1203 1194
f 1060 1158 1108
f 1122 1199 1109
f 1122 1080 1199
f 1075 1198 1121
f 1075 1160 1198
f 1084 1104 1217
f 1121 1198 1129
f 1080 1137 1165
f 1080 1165 1199
f 1123 1083 1209
f 1123 1209 1203
f 1108 1208 1124
f 1106 1166 1092
f 1106 1225 1166
f 1095 1130 1162
f 1038 1163 1167
f 1038 1167 1056
f 1129 1168 1090
f 1083 1172 1169
f 1083 1169 1209
f 1124 1208 1135
f 1090 1168 1138
f 1139 1143 1212
f 1139 1212 1137
f 1076 1170 1096
f 1076 1188 1170
f 1094 1213 1171
f 1143 1157 1216
f 1143 1216 1212
f 1138 1215 1098
f 1135 1220 1142
f 1056 1167 1173
f 1056 1173 1074
f 1112 1236 1113
f 1112 1237 1236
f 1112 1116 1237
f 1110 1174 1175
f 1110 1175 1111
f 1110 1114 1174
f 1093 1176 1146
f 1093 1153 1176
f 1113 1177 1115
f 1113 1236 1177
f 1114 1178 1174
f 1114 1119 1178
f 1111 1175 1242
f 1111 1242 1117
f 1116 1241 1237
f 1116 1063 1241
f 1007 1164 1156
f 1115 1177 1180
f 1119 1179 1178
f 1100 1152 1181
f 1100 1181 1172
f 1142 1182 1099
f 1142 1220 1182
f 1117 1242 1126
f 1063 1183 1241
f 1063 1133 1183
f 1057 1184 936
f 1119 1185 1179
f 1119 1131 1185
f 1157 1186 1216
f 1098 1215 1225
f 1157 1136 1186
f 1099 1182 1153
f 1057 1200 1184
f 1092 1166 1218
f 1103 1228 1144
f 1103 1159 1228
f 1127 1189 1132
f 1131 1190 1185
f 1131 1149 1190
f 1057 1078 1200
f 936 1184 1201
f 936 1201 1088
f 1193 1148 1234
f 1148 384 1234
f 1086 1194 1195
f 1086 1195 1120
f 1171 1196 1154
f 1140 1197 1133
f 1140 1155 1197
f 1132 1260 1150
f 1132 1189 1260
f 1158 1202 1108
f 1096 1204 1130
f 1096 1170 1204
f 1074 1173 1205
f 1074 1205 1097
f 1198 1206 1129
f 1141 1207 1081
f 1155 1263 1197
f 1155 1162 1263
f 1108 1202 1208
f 1137 1210 1165
f 1137 1212 1210
f 1129 1206 1168
f 1168 1211 1138
f 1150 1260 1213
f 1161 1269 1149
f 1161 1120 1269
f 1081 1207 1163
f 1162 1214 1263
f 1138 1211 1215
f 1068 1239 1164
f 1068 1218 1239
f 1078 1257 1200
f 1088 1201 1118
f 1208 1323 1135
f 1104 1118 1217
f 1125 1084 1219
f 1135 1323 1220
f 1172 1264 1169
f 1172 1181 1264
f 1097 1205 1221
f 1097 1221 1128
f 1176 1222 1146
f 1144 1223 1224
f 1144 1224 1145
f 1144 1228 1223
f 1162 1130 1214
f 1153 1182 1226
f 1153 1226 1176
f 1145 1224 1227
f 1145 1227 1152
f 1152 1227 1181
f 1146 1273 1187
f 1146 1222 1273
f 1213 1229 1171
f 1120 1230 1269
f 1120 1195 1230
f 1078 1156 1257
f 1159 1109 1277
f 1159 1277 1228
f 1187 1273 1191
f 1130 1204 1231
f 1130 1231 1214
f 1188 1282 1170
f 1188 1193 1282
f 1128 1221 1232
f 1128 1232 1151
f 1109 1423 1277
f 1109 1199 1423
f 1191 1233 1160
f 1136 1125 1275
f 1225 1276 1166
f 1136 1275 1186
f 1151 1232 1192
f 1193 1288 1282
f 1193 1234 1288
f 1160 1279 1198
f 1160 1233 1279
f 1199 1165 1280
f 1199 1280 1423
f 1194 1203 1290
f 1194 1290 1195
f 1154 1289 1158
f 1154 1196 1289
f 1174 1178 1235
f 1174 1235 1238
f 1174 1238 1175
f 1084 1217 1219
f 1178 1315 1235
f 1178 1240 1315
f 1178 1281 1240
f 1178 1245 1281
f 1178 1179 1245
f 1175 1238 1242
f 1198 1279 1206
f 1165 1210 1243
f 1165 1243 1280
f 1177 1244 1180
f 1179 1246 1245
f 1179 1248 1246
f 1179 1185 1248
f 1183 1334 1241
f 1183 1133 1334
f 1242 1247 1126
f 1180 1338 1127
f 1180 1244 1338
f 1185 1249 1248
f 1185 1250 1249
f 1185 1251 1250
f 1185 1190 1251
f 1203 1209 1305
f 1203 1305 1290
f 1158 1289 1202
f 1171 1312 1196
f 1171 1229 1312
f 1190 1149 1252
f 1127 1253 1189
f 1127 1338 1253
f 1190 1252 1251
f 1206 1254 1168
f 1133 1255 1334
f 1133 1197 1255
f 1126 1247 1256
f 1126 1256 1134
f 1168 1254 1211
f 1212 1216 1300
f 1212 1300 1210
f 1216 1186 1303
f 1216 1303 1300
f 1211 1380 1215
f 1209 1169 1310
f 1209 1310 1305
f 1202 1309 1208
f 1118 1201 1394
f 1125 1298 1275
f 1166 1276 1218
f 1125 1219 1298
f 1192 1232 1287
f 1192 1287 383
f 1134 1256 1258
f 1134 1258 1141
f 1149 1269 1259
f 1149 1259 1252
f 1189 1253 1260
f 1169 1264 1261
f 1169 1261 1310
f 1208 1309 1323
f 1186 1262 1303
f 1215 1311 1225
f 1215 1380 1311
f 1186 1275 1262
f 1141 1258 1207
f 1323 1265 1220
f 1176 1266 1222
f 1176 1226 1266
f 1181 1227 1267
f 1181 1267 1264
f 1220 1346 1182
f 1220 1265 1346
f 1182 1346 1226
f 1170 1282 1268
f 1170 1268 1204
f 1260 1270 1213
f 1214 1271 1263
f 1207 1272 1163
f 1228 1274 1223
f 1228 1277 1274
f 1225 1311 1276
f 1273 1417 1191
f 1191 1417 1233
f 1214 1231 1271
f 1163 1272 1278
f 1163 1278 1167
f 1156 1343 1257
f 1246 1248 1249
f 1246 1249 1250
f 1246 1250 1293
f 1246 1281 1245
f 1246 1293 1281
f 1293 1250 1301
f 1293 1283 1281
f 1279 1284 1206
f 1230 1195 1285
f 1230 1285 1269
f 1213 1286 1229
f 1213 1270 1286
f 1288 1234 1382
f 1196 1312 1289
f 1234 384 1382
f 1281 1291 1240
f 1250 1251 1292
f 1250 1292 1301
f 1293 1294 1283
f 1167 1278 1295
f 1167 1295 1173
f 1240 1291 1315
f 1301 1292 1296
f 1281 1306 1291
f 1281 1283 1306
f 1210 1297 1243
f 1210 1300 1297
f 1206 1284 1254
f 1276 1549 1218
f 1254 1299 1211
f 1293 1301 1302
f 1293 1302 1294
f 1211 1299 1380
f 1289 1304 1202
f 1283 1294 1306
f 1301 1296 1307
f 1294 1308 1306
f 1251 1252 1292
f 1302 1325 1294
f 1202 1304 1309
f 1195 1290 1407
f 1195 1407 1285
f 1229 1286 1312
f 1219 1217 1313
f 1218 1425 1239
f 1218 1549 1425
f 1315 1291 1314
f 1292 1316 1317
f 1292 1317 1318
f 1292 1318 1319
f 1292 1319 1320
f 1292 1320 1296
f 1292 1252 1316
f 1294 1325 1308
f 1301 1321 1302
f 1301 1322 1321
f 1301 1307 1322
f 1302 1321 1324
f 1302 1324 1325
f 1237 1241 1440
f 1237 1326 1236
f 1237 1440 1326
f 1291 1327 1314
f 1291 1306 1327
f 1296 1320 1307
f 1316 1252 1317
f 1236 1443 1177
f 1236 1326 1443
f 1204 1268 1328
f 1204 1328 1231
f 1173 1295 1329
f 1173 1329 1205
f 1238 1392 1331
f 1238 1331 1242
f 1241 1334 1332
f 1241 1332 1440
f 1315 1314 1235
f 1177 1333 1244
f 1177 1443 1333
f 1184 1344 1201
f 1184 1330 1344
f 1184 1200 1330
f 1242 1331 1247
f 1306 1336 1327
f 1307 1320 1335
f 1323 1337 1265
f 1239 1414 1164
f 1244 1333 1338
f 1223 1274 1339
f 1266 1340 1222
f 1223 1339 1341
f 1223 1341 1224
f 1325 1342 1308
f 1118 1394 1217
f 1156 1164 1343
f 1317 1252 1318
f 1200 1345 1330
f 1275 1298 1403
f 1275 1403 1262
f 1318 1252 1319
f 1252 1320 1319
f 1252 1259 1320
f 1324 1357 1325
f 1265 1337 1346
f 1267 1411 1264
f 1267 1227 1411
f 1255 1197 1347
f 1255 1347 1334
f 1235 1314 1238
f 1226 1348 1266
f 1226 1346 1348
f 1224 1341 1349
f 1224 1349 1227
f 1307 1335 1322
f 1306 1350 1336
f 1306 1308 1350
f 1227 1349 1411
f 1222 1415 1273
f 1222 1340 1415
f 1325 1357 1342
f 1321 1322 1351
f 1197 1263 1480
f 1197 1480 1347
f 1201 1344 1410
f 1273 1415 1417
f 1277 1352 1274
f 1277 1423 1352
f 1308 1353 1350
f 1322 1335 1354
f 1253 1355 1260
f 1259 1356 1320
f 1259 1269 1356
f 1324 1321 1387
f 1324 1387 1357
f 1417 1358 1233
f 1205 1329 1359
f 1205 1359 1221
f 1258 1360 1207
f 1263 1271 1499
f 1263 1499 1480
f 1280 1427 1423
f 1280 1243 1427
f 1233 1428 1279
f 1233 1358 1428
f 1357 1361 1342
f 1322 1354 1351
f 1308 1362 1353
f 1308 1342 1362
f 1279 1428 1284
f 1243 1297 1363
f 1243 1363 1427
f 1276 1311 1364
f 1276 1364 1549
f 1200 1257 1345
f 1387 1386 1357
f 1260 1355 1270
f 1269 1365 1356
f 1269 1285 1365
f 1238 1366 1392
f 1238 1314 1366
f 1320 1367 1368
f 1320 1356 1367
f 1207 1360 1272
f 1271 1369 1499
f 1342 1370 1362
f 1351 1354 1371
f 1314 1372 1366
f 1314 1327 1372
f 1320 1384 1335
f 1320 1368 1384
f 1282 1288 1483
f 1282 1483 1268
f 1221 1359 1373
f 1221 1373 1232
f 1284 1374 1254
f 1254 1375 1299
f 1254 1374 1375
f 1300 1303 1376
f 1300 1376 1297
f 1321 1377 1387
f 1321 1402 1377
f 1357 1378 1361
f 1357 1386 1378
f 1321 1351 1402
f 1303 1262 1379
f 1303 1379 1376
f 1299 1375 1380
f 1232 1373 1287
f 1288 1381 1483
f 1288 1382 1381
f 1327 1383 1372
f 1327 1336 1383
f 1290 1305 1500
f 1290 1500 1407
f 1312 1385 1289
f 1271 1231 1369
f 1351 1371 1402
f 1342 1397 1370
f 1342 1361 1397
f 1335 1384 1388
f 1335 1388 1354
f 1336 1389 1383
f 1336 1350 1389
f 1305 1310 1513
f 1305 1513 1500
f 1289 1385 1304
f 1201 1410 1394
f 1257 1390 1345
f 1270 1391 1286
f 1350 1393 1389
f 1350 1353 1393
f 1354 1388 1398
f 1392 1366 1447
f 1392 1447 1331
f 1231 1328 1395
f 1231 1395 1369
f 1310 1261 1524
f 1310 1524 1513
f 1304 1523 1309
f 1387 1377 1504
f 1387 1424 1386
f 1387 1504 1424
f 1402 1371 1396
f 1361 1378 1397
f 1354 1398 1371
f 1353 1399 1393
f 1353 1362 1399
f 1261 1264 1400
f 1261 1400 1524
f 1309 1523 1323
f 1386 1401 1378
f 1386 1424 1401
f 1378 1404 1397
f 1266 1405 1340
f 1266 1348 1405
f 1286 1406 1312
f 1286 1391 1406
f 1362 1408 1399
f 1362 1370 1408
f 1371 1398 1409
f 1257 1535 1390
f 1337 1412 1346
f 1341 1413 1349
f 1349 1413 1411
f 1346 1412 1348
f 1239 1425 1414
f 1313 1217 2054
f 1274 1352 1558
f 1274 1558 1339
f 1330 1416 1344
f 1371 1409 1418
f 1370 1419 1408
f 1370 1397 1419
f 1371 1418 1396
f 1330 1420 1416
f 1367 1356 1368
f 1402 1396 1421
f 1402 1421 1487
f 1378 1422 1404
f 1378 1401 1422
f 1402 1487 1377
f 1219 1727 1298
f 1219 1313 1727
f 1330 1345 1420
f 1344 1416 1410
f 1447 1366 1426
f 1368 1429 1430
f 1368 1430 1431
f 1368 1431 1384
f 1368 1356 1429
f 1384 1431 1432
f 1366 1433 1426
f 1366 1372 1433
f 1435 1436 1434
f 1435 1437 1436
f 1435 1438 1437
f 1377 1439 1504
f 1377 1487 1439
f 1396 1418 1421
f 1440 1441 1326
f 1437 1438 1442
f 1326 1441 1443
f 1435 1434 1444
f 1435 1444 1458
f 1436 1445 1434
f 1435 1458 1438
f 1332 1446 1440
f 1332 1334 1446
f 1438 1448 1442
f 1437 1442 1449
f 1437 1449 1450
f 1437 1450 1436
f 1447 1426 1451
f 1447 1451 1331
f 1384 1452 1388
f 1372 1453 1433
f 1372 1383 1453
f 1384 1432 1452
f 1410 1416 1482
f 1268 1454 1328
f 1268 1483 1454
f 1331 1451 1455
f 1331 1455 1247
f 1334 1456 1446
f 1334 1347 1456
f 1333 1457 1338
f 1458 1444 1472
f 1436 1459 1445
f 1436 1450 1459
f 1458 1460 1438
f 1438 1477 1448
f 1438 1460 1477
f 1374 1461 1375
f 1374 1462 1461
f 1376 1379 1463
f 1376 1463 1297
f 1374 1284 1462
f 1442 1464 1449
f 1388 1452 1398
f 1383 1465 1453
f 1383 1389 1465
f 1338 1639 1253
f 1338 1457 1639
f 1247 1455 1646
f 1247 1646 1256
f 1442 1469 1464
f 1442 1448 1469
f 1449 1464 1494
f 1375 1466 1380
f 1375 1461 1466
f 1379 1262 1467
f 1379 1467 1463
f 1394 1410 1534
f 1257 1343 1535
f 1397 1468 1419
f 1397 1404 1468
f 1287 1373 1492
f 1287 1492 383
f 1448 1477 1469
f 1449 1494 1495
f 1449 1495 1450
f 1434 1470 1471
f 1434 1471 1444
f 1458 1472 1508
f 1459 1473 1445
f 1458 1474 1460
f 1458 1508 1474
f 1389 1475 1465
f 1389 1393 1475
f 1398 1452 1476
f 1460 1474 1477
f 1450 1495 1478
f 1450 1478 1459
f 1256 1646 1479
f 1256 1479 1258
f 1345 1481 1420
f 1434 1445 1470
f 1444 1471 1472
f 1217 1394 1711
f 1164 1600 1343
f 1164 1414 1600
f 1217 1711 2054
f 1356 1365 1484
f 1253 1639 1355
f 1356 1484 1429
f 1262 1485 1467
f 1380 1720 1311
f 1380 1466 1720
f 1262 1403 1485
f 1487 1421 1486
f 1401 1488 1422
f 1445 1489 1470
f 1472 1471 1490
f 1464 1491 1494
f 1381 1382 1493
f 1381 1493 1483
f 1477 1496 1469
f 1398 1476 1497
f 1398 1497 1409
f 1393 1498 1475
f 1393 1399 1498
f 1258 1479 1360
f 1382 1647 1493
f 1382 384 1647
f 1312 1406 1385
f 1494 1491 1501
f 1464 1506 1491
f 1464 1469 1506
f 1404 1502 1468
f 1404 1422 1502
f 1421 1503 1486
f 1421 1418 1503
f 1504 1505 1424
f 1508 1472 1507
f 1459 1509 1473
f 1459 1478 1509
f 1474 1510 1477
f 1445 1473 1489
f 1472 1490 1511
f 1472 1511 1507
f 1429 1484 1430
f 1385 1512 1304
f 1439 1606 1504
f 1439 1514 1606
f 1424 1563 1401
f 1424 1505 1563
f 1439 1487 1514
f 1355 1515 1270
f 1399 1516 1498
f 1399 1408 1516
f 1409 1497 1418
f 1360 1517 1272
f 1369 1518 1499
f 1403 1298 1519
f 1311 1520 1364
f 1311 1720 1520
f 1403 1519 1485
f 1345 1390 1481
f 1410 1482 1557
f 1477 1510 1496
f 1495 1494 1521
f 1495 1521 1522
f 1495 1522 1478
f 1494 1501 1521
f 1469 1540 1506
f 1469 1496 1540
f 1304 1512 1523
f 1272 1517 1525
f 1272 1525 1278
f 1369 1395 1518
f 1418 1497 1526
f 1408 1527 1516
f 1408 1419 1527
f 1471 1470 1538
f 1471 1538 1528
f 1507 1529 1508
f 1473 1530 1489
f 1507 1511 1529
f 1523 1989 1323
f 1471 1528 1490
f 1508 1529 1531
f 1509 1532 1473
f 1508 1570 1474
f 1508 1531 1570
f 1474 1570 1510
f 1478 1522 1533
f 1478 1533 1509
f 1285 1696 1365
f 1285 1407 1696
f 1270 1536 1391
f 1270 1515 1536
f 1490 1528 1537
f 1490 1537 1511
f 1470 1489 1538
f 1521 1501 1539
f 1323 1666 1337
f 1323 1989 1666
f 1264 1541 1400
f 1264 1411 1541
f 1487 1486 1542
f 1487 1542 1687
f 1401 1543 1488
f 1401 1563 1543
f 1487 1687 1514
f 1339 1544 1545
f 1339 1545 1341
f 1405 1546 1340
f 1339 1558 1544
f 1278 1525 1547
f 1278 1547 1295
f 1298 1548 1519
f 1298 1727 1548
f 1364 1520 1549
f 1422 1598 1502
f 1422 1488 1598
f 1486 1550 1542
f 1486 1503 1550
f 1418 1551 1503
f 1419 1552 1527
f 1418 1526 1551
f 1337 1666 1412
f 1411 1553 1541
f 1411 1413 1553
f 1510 1554 1496
f 1348 1412 1555
f 1348 1555 1405
f 1341 1545 1413
f 1451 1426 1556
f 1451 1556 1455
f 1390 1535 1481
f 1410 1557 1534
f 1340 1559 1415
f 1340 1546 1559
f 1489 1574 1538
f 1504 1560 1505
f 1504 1606 1560
f 1473 1532 1530
f 1529 1511 1597
f 1352 1423 1561
f 1352 1561 1558
f 1415 1559 1417
f 1423 1427 1561
f 1419 1562 1552
f 1419 1468 1562
f 1505 1560 1563
f 1407 1725 1696
f 1407 1500 1725
f 1391 1564 1406
f 1391 1565 1564
f 1391 1566 1565
f 1391 1722 1566
f 1391 1536 1722
f 1521 1567 1522
f 1521 1539 1567
f 1496 1554 1540
f 1358 1568 1428
f 1531 1529 1608
f 1509 1569 1532
f 1509 1533 1569
f 1531 1608 1570
f 1570 1572 1510
f 1430 1484 1431
f 1491 1506 1584
f 1491 1584 1501
f 1313 2054 1727
f 1511 1573 1597
f 1511 1537 1573
f 1489 1530 1574
f 1428 1575 1284
f 1428 1568 1575
f 1363 1297 1576
f 1363 1576 1427
f 1416 1571 1577
f 1416 1578 1571
f 1416 1420 1578
f 1295 1547 1579
f 1295 1579 1329
f 1328 1580 1395
f 1328 1454 1580
f 1416 1577 1482
f 1556 1581 1582
f 1556 1426 1581
f 1556 1582 1455
f 1510 1572 1554
f 1522 1567 1583
f 1522 1583 1533
f 1501 1584 1601
f 1503 1585 1550
f 1503 1551 1585
f 1468 1586 1562
f 1468 1502 1586
f 1582 1587 1588
f 1582 1581 1587
f 1582 1588 1455
f 1297 1589 1576
f 1297 1463 1589
f 1284 1575 1462
f 1432 1590 1591
f 1426 1592 1581
f 1426 1433 1592
f 1432 1591 1452
f 1433 1593 1592
f 1433 1453 1593
f 1452 1591 1594
f 1452 1594 1595
f 1529 1629 1608
f 1532 1596 1530
f 1529 1597 1629
f 1488 1543 1598
f 1542 1550 1599
f 1506 1540 1584
f 1501 1601 1539
f 1535 1602 1481
f 1482 1577 1667
f 1530 1624 1574
f 1452 1595 1883
f 1452 1883 1476
f 1453 1603 1593
f 1453 1465 1603
f 1567 1539 1604
f 1394 2072 1711
f 1394 1534 2072
f 1343 1886 1535
f 1329 1579 1605
f 1329 1605 1359
f 1465 1607 1603
f 1465 1475 1607
f 1476 1616 1497
f 1476 1883 1616
f 1482 1667 1557
f 1420 1633 1578
f 1420 1481 1633
f 1569 1609 1532
f 1608 1610 1570
f 1570 1610 1572
f 1533 1583 1611
f 1533 1611 1569
f 1540 1612 1584
f 1588 1587 1613
f 1588 1613 1455
f 1514 1614 1606
f 1560 1615 1563
f 1514 1687 1614
f 1475 1617 1607
f 1475 1498 1617
f 1550 1585 1618
f 1550 1618 1599
f 1502 1619 1586
f 1502 1598 1619
f 1572 1620 1554
f 1483 1621 1454
f 1483 1493 1621
f 1359 1605 1622
f 1359 1622 1373
f 1373 1622 1492
f 1597 1623 1670
f 1597 1573 1623
f 1530 1596 1624
f 1597 1670 1629
f 1500 1904 1725
f 1500 1513 1904
f 1406 1564 1625
f 1406 1625 1626
f 1406 1901 1385
f 1406 1626 1901
f 1498 1627 1617
f 1498 1516 1627
f 1497 1628 1526
f 1497 1616 1628
f 1532 1609 1596
f 1440 1630 1441
f 1440 1446 1631
f 1440 1631 1630
f 1441 1632 1443
f 1446 1456 1634
f 1446 1634 1631
f 1443 2036 1333
f 1443 1632 2036
f 1539 1601 1604
f 1431 1484 1432
f 1543 1635 1598
f 1456 1347 1642
f 1513 1911 1904
f 1513 1524 1911
f 1385 1901 1512
f 1333 1636 1457
f 1333 2036 1636
f 1567 1685 1583
f 1567 1604 1685
f 1554 1684 1540
f 1554 1620 1684
f 1613 1587 1637
f 1613 1637 1455
f 1563 1638 1543
f 1563 1615 1638
f 1534 1557 2072
f 1457 1636 1639
f 1516 1640 1627
f 1516 1527 1640
f 1526 1628 1551
f 1347 1480 1641
f 1347 1643 1642
f 1347 1644 1643
f 1347 1641 1644
f 1455 1645 1646
f 1455 1637 1645
f 1524 1923 1911
f 1524 1400 1923
f 1512 1922 1523
f 1637 1587 1645
f 1432 1484 1590
f 1480 1499 1648
f 1480 1648 1641
f 1528 1538 1649
f 1528 1649 1650
f 1528 1650 1537
f 1400 1651 1923
f 1400 1541 1651
f 1523 1922 1989
f 1484 1652 1590
f 1639 1653 1355
f 1484 1365 1652
f 1587 1654 1681
f 1587 1655 1654
f 1587 1581 1655
f 1587 1681 1645
f 1606 1614 1656
f 1606 1706 1560
f 1606 1656 1706
f 1527 1657 1640
f 1527 1552 1657
f 1551 1628 1658
f 1551 1658 1585
f 1608 1629 1716
f 1569 1659 1609
f 1569 1611 1659
f 1608 1716 1610
f 1610 1660 1572
f 1538 1661 1649
f 1537 1650 1662
f 1599 1618 1663
f 1479 1664 1360
f 1499 1518 1665
f 1499 1665 1648
f 1591 1590 1594
f 1581 1592 1655
f 1560 1668 1615
f 1560 1706 1668
f 1405 1669 1546
f 1405 1555 1669
f 1540 1828 1612
f 1604 1601 1704
f 1596 1715 1624
f 1666 1671 1412
f 1572 1660 1620
f 1583 1685 1672
f 1583 1672 1611
f 1545 1673 1413
f 1413 1673 1553
f 1412 1671 1555
f 1552 1674 1657
f 1552 1562 1674
f 1355 2141 1515
f 1355 1653 2141
f 1365 1696 1675
f 1365 1675 1652
f 1360 1664 1517
f 1518 1676 1665
f 1343 1600 1886
f 1538 1574 1661
f 1537 1662 1573
f 1559 1679 1417
f 1561 2324 1558
f 1629 1814 1716
f 1609 1677 1596
f 1629 1670 1814
f 1561 1678 2324
f 1417 1679 1358
f 1561 1427 1678
f 1571 1578 1680
f 1571 1680 1577
f 1542 1774 1687
f 1543 1682 1635
f 1543 1638 1682
f 1542 1776 1774
f 1542 1599 1776
f 1685 1604 1683
f 1518 1395 1676
f 1427 1576 1678
f 1358 1686 1568
f 1358 1679 1686
f 1615 1815 1638
f 1615 1668 1815
f 1562 1688 1674
f 1562 1586 1688
f 1585 1658 1689
f 1585 1689 1618
f 1574 1690 1661
f 1573 1662 1691
f 1578 1726 1680
f 1577 1692 1667
f 1577 1680 1692
f 1568 1693 1575
f 1568 1686 1693
f 1576 1589 1694
f 1576 1694 1678
f 1515 2141 1695
f 1395 1580 1697
f 1395 1697 1676
f 1535 1886 1602
f 2072 1557 1896
f 1584 1698 1601
f 1584 1699 1698
f 1589 1700 1694
f 1589 1463 1700
f 1575 1701 1462
f 1575 1693 1701
f 1557 1667 1823
f 1481 1824 1633
f 1481 1602 1824
f 1462 1702 1461
f 1462 1701 1702
f 1463 1467 1703
f 1463 1703 1700
f 1604 1704 1683
f 1540 1684 1828
f 1656 1614 1705
f 1656 1822 1706
f 1656 1705 1822
f 1599 1663 1707
f 1599 1707 1776
f 1461 1708 1466
f 1461 1702 1708
f 1467 1485 1709
f 1467 1709 1703
f 1598 1710 1619
f 1598 1635 1710
f 1601 1698 1712
f 1706 1713 1668
f 1670 1714 1894
f 1670 1623 1714
f 1596 1677 1715
f 1670 1894 1814
f 1574 1624 1690
f 1573 1691 1623
f 1659 1717 1609
f 1716 1718 1610
f 1485 1719 1709
f 1466 1708 1720
f 1485 1519 1719
f 1611 1721 1659
f 1610 1718 1660
f 1611 1672 1721
f 1536 1723 1722
f 1536 1515 1724
f 1578 1633 1726
f 1425 2184 1414
f 1601 1712 1728
f 1584 1729 1699
f 1681 1654 1645
f 1586 1889 1688
f 1586 1619 1889
f 1618 1689 1730
f 1618 1730 1663
f 1565 1566 1731
f 1736 1565 1731
f 1456 1734 1735
f 1734 1456 1642
f 1736 1731 1737
f 1739 1736 1737
f 1739 1737 1738
f 1749 1748 1750
f 1749 1750 1752
f 1734 1753 1733
f 1734 1733 1735
f 1753 1754 1733
f 1753 1751 1732
f 1753 1732 1754
f 1751 1752 1732
f 1751 1749 1752
f 1749 1747 1748
f 1747 1745 1746
f 1747 1746 1748
f 1745 1743 1744
f 1745 1744 1746
f 1743 1741 1742
f 1743 1742 1744
f 1741 1739 1740
f 1741 1740 1742
f 1739 1756 1755
f 1739 1741 1756
f 1741 1757 1756
f 1741 1743 1757
f 1743 1758 1757
f 1743 1745 1758
f 1745 1759 1758
f 1745 1747 1759
f 1747 1760 1759
f 1747 1749 1760
f 1749 1761 1760
f 1749 1762 1761
f 1749 1763 1762
f 1749 1764 1763
f 1749 1751 1764
f 1751 1765 1764
f 1751 1766 1765
f 1751 1767 1766
f 1751 1753 1767
f 1753 1768 1767
f 1753 1769 1768
f 1734 1642 1770
f 1753 1770 1769
f 1753 1734 1770
f 1565 1625 1564
f 1565 1771 1625
f 1565 1736 1771
f 1736 1772 1771
f 1736 1739 1772
f 1739 1755 1772
f 1739 1738 1740
f 1660 1773 1620
f 1456 1735 1634
f 1638 1775 1682
f 1638 1815 1775
f 1722 1731 1566
f 1706 1822 1713
f 1625 1777 1626
f 1634 1735 1778
f 1770 1642 1779
f 1642 1643 1779
f 1772 1780 1781
f 1772 1782 1780
f 1772 1755 1782
f 1771 1781 1783
f 1771 1772 1781
f 1769 1779 1784
f 1769 1770 1779
f 1768 1769 1784
f 1767 1784 1785
f 1767 1768 1784
f 1767 1785 1786
f 1766 1767 1786
f 1765 1786 1787
f 1765 1766 1786
f 1764 1765 1787
f 1764 1787 1788
f 1763 1764 1788
f 1762 1788 1789
f 1762 1763 1788
f 1761 1762 1789
f 1760 1789 1790
f 1760 1761 1789
f 1759 1790 1791
f 1759 1760 1790
f 1758 1791 1792
f 1758 1759 1791
f 1758 1792 1793
f 1757 1793 1794
f 1757 1758 1793
f 1757 1794 1795
f 1756 1795 1796
f 1756 1757 1795
f 1756 1796 1797
f 1755 1797 1782
f 1755 1756 1797
f 1625 1882 1777
f 1625 1783 1882
f 1625 1771 1783
f 1731 1722 1723
f 1737 1731 1723
f 1737 1723 1798
f 1738 1737 1798
f 1738 1798 1799
f 1740 1738 1799
f 1740 1799 1800
f 1742 1740 1800
f 1742 1800 1801
f 1744 1742 1801
f 1744 1801 1802
f 1744 1802 1803
f 1746 1744 1803
f 1746 1803 1804
f 1746 1804 1805
f 1748 1746 1805
f 1748 1805 1806
f 1748 1806 1807
f 1750 1748 1807
f 1750 1807 1808
f 1752 1750 1808
f 1752 1808 1809
f 1752 1809 1810
f 1732 1752 1810
f 1732 1810 1811
f 1754 1732 1811
f 1754 1811 1812
f 1733 1754 1812
f 1733 1812 1813
f 1735 1733 1813
f 1735 1813 1778
f 1609 1717 1677
f 1687 1774 1897
f 1668 1713 1815
f 1687 1897 1614
f 1584 1612 1729
f 1633 1817 1726
f 1667 1692 1816
f 1624 1818 1690
f 1623 1691 1819
f 1685 1820 1672
f 1620 1998 1684
f 1620 1773 1998
f 1685 1683 1820
f 1777 1821 1626
f 1557 1823 1896
f 1654 1825 1645
f 1654 1826 1825
f 1654 1827 1826
f 1654 1655 1827
f 1454 1621 1829
f 1454 1829 1580
f 1590 1652 1594
f 1635 1830 1710
f 1635 1682 1830
f 1594 2075 1831
f 1655 2142 1827
f 1655 1592 2142
f 1594 1831 1595
f 1822 1832 1713
f 1713 1833 1815
f 1778 1834 1835
f 1634 1778 1835
f 1779 1644 1876
f 1779 1643 1644
f 1723 1536 1724
f 1723 1724 1836
f 1798 1723 1836
f 1799 1798 1836
f 1799 1836 1837
f 1800 1799 1837
f 1800 1837 1838
f 1800 1838 1839
f 1801 1800 1839
f 1801 1839 1840
f 1801 1840 1841
f 1802 1801 1841
f 1802 1841 1842
f 1803 1802 1842
f 1803 1842 1843
f 1804 1803 1843
f 1804 1843 1844
f 1805 1804 1844
f 1805 1844 1845
f 1805 1845 1846
f 1806 1805 1846
f 1807 1806 1846
f 1807 1846 1847
f 1807 1847 1848
f 1808 1807 1848
f 1809 1808 1848
f 1809 1848 1849
f 1809 1849 1850
f 1810 1809 1850
f 1811 1810 1850
f 1811 1850 1851
f 1812 1811 1851
f 1812 1851 1852
f 1812 1852 1853
f 1813 1812 1853
f 1813 1853 1854
f 1813 1854 1855
f 1797 1856 1857
f 1797 1796 1856
f 1796 1858 1856
f 1796 1795 1858
f 1795 1859 1858
f 1795 1794 1859
f 1794 1860 1859
f 1794 1793 1860
f 1793 1861 1860
f 1793 1792 1861
f 1792 1862 1861
f 1792 1791 1862
f 1791 1863 1862
f 1791 1864 1863
f 1791 1790 1864
f 1790 1865 1864
f 1790 1789 1865
f 1789 1866 1865
f 1789 1867 1866
f 1789 1788 1867
f 1788 1868 1867
f 1788 1869 1868
f 1788 1787 1869
f 1787 1870 1869
f 1787 1871 1870
f 1787 1786 1871
f 1786 1872 1871
f 1786 1873 1872
f 1786 1785 1873
f 1785 1874 1873
f 1785 1784 1874
f 1784 1875 1874
f 1784 1876 1875
f 1784 1779 1876
f 1782 1857 1877
f 1782 1797 1857
f 1782 1877 1878
f 1780 1878 1879
f 1780 1782 1878
f 1781 1780 1879
f 1783 1879 1880
f 1783 1781 1879
f 1783 1880 1881
f 1882 1783 1881
f 1778 1813 1855
f 1778 1855 1834
f 1592 1884 2142
f 1592 1593 1884
f 1595 1831 1883
f 1520 2385 1549
f 1548 1885 1519
f 1548 1727 1885
f 1601 1887 1704
f 1601 1728 1887
f 1612 1888 1729
f 1634 1835 1631
f 1663 1730 1890
f 1663 1890 1707
f 1883 1891 1892
f 1883 1892 1616
f 1593 1893 1884
f 1593 1603 1893
f 1705 1614 1908
f 1705 1909 1822
f 1705 1908 1909
f 1677 2038 1715
f 1886 1895 1602
f 1633 2061 1817
f 1667 1816 1823
f 1614 1897 1917
f 1614 1917 1908
f 1822 1909 1832
f 1622 2063 1492
f 1493 1647 1898
f 1493 1898 1899
f 1493 1899 1621
f 1603 1900 1893
f 1603 1607 1900
f 1616 1892 1912
f 1777 1882 1821
f 1647 384 1898
f 1492 2063 383
f 1626 1902 1901
f 1626 1821 1903
f 1626 1903 2131
f 1626 2131 1902
f 1815 1905 1775
f 1774 1906 1897
f 1774 1907 1906
f 1774 1776 1907
f 1713 1832 1833
f 1624 1715 1818
f 1623 1819 1714
f 1901 1910 1512
f 1616 1912 1628
f 1607 1913 1900
f 1607 1617 1913
f 1680 2019 1692
f 1680 2018 2019
f 1716 1814 2135
f 1716 2135 1718
f 1659 1721 1914
f 1659 1914 1717
f 1718 1915 1660
f 1612 1828 1888
f 1909 1916 1832
f 1650 1918 1662
f 1650 1649 1919
f 1650 1919 1918
f 1692 2019 1920
f 1680 1921 2018
f 1680 1726 1921
f 1512 1910 1922
f 1825 1924 1645
f 1825 1925 1924
f 1825 1826 1925
f 1617 1926 1913
f 1617 1627 1926
f 1628 1912 1927
f 1660 1915 1773
f 1672 1820 1928
f 1672 1928 1721
f 1908 1991 1909
f 1908 1929 1991
f 1908 1917 1929
f 1832 1930 1833
f 1776 1707 1931
f 1776 1931 1907
f 1682 1932 1830
f 1682 1775 1932
f 1662 1918 1933
f 1662 1933 1691
f 1649 1661 1934
f 1649 1934 1919
f 1815 1935 1905
f 1815 1833 1935
f 1835 1936 1631
f 1874 1937 1938
f 1874 1875 1937
f 1876 1939 1940
f 1876 1641 1939
f 1876 1644 1641
f 1881 1941 1882
f 1838 1837 1942
f 1838 1942 1943
f 1839 1838 1943
f 1839 1943 1944
f 1840 1839 1944
f 1840 1944 1945
f 1841 1840 1945
f 1841 1945 1946
f 1842 1841 1946
f 1842 1946 1947
f 1843 1842 1947
f 1843 1947 1948
f 1844 1843 1948
f 1844 1948 1949
f 1845 1844 1949
f 1845 1949 1950
f 1846 1845 1950
f 1846 1950 1951
f 1846 1951 1952
f 1847 1846 1952
f 1848 1847 1952
f 1848 1952 1953
f 1848 1953 1954
f 1849 1848 1954
f 1850 1849 1954
f 1850 1954 1955
f 1851 1850 1955
f 1851 1955 1956
f 1851 1956 1957
f 1852 1851 1957
f 1852 1957 1958
f 1853 1852 1958
f 1853 1958 1959
f 1880 1960 1961
f 1880 1879 1960
f 1879 1962 1960
f 1878 1963 1964
f 1878 1877 1963
f 1881 1961 1941
f 1881 1880 1961
f 1879 1964 1962
f 1879 1878 1964
f 1877 1965 1963
f 1877 1857 1965
f 1857 1966 1965
f 1857 1856 1966
f 1856 1967 1966
f 1856 1858 1967
f 1858 1968 1967
f 1858 1859 1968
f 1859 1969 1968
f 1859 1860 1969
f 1860 1970 1969
f 1860 1861 1970
f 1861 1971 1970
f 1861 1862 1971
f 1862 1972 1971
f 1862 1863 1972
f 1863 1973 1972
f 1863 1864 1973
f 1864 1974 1973
f 1864 1865 1974
f 1865 1975 1974
f 1865 1866 1975
f 1866 1976 1975
f 1866 1867 1976
f 1867 1977 1976
f 1867 1868 1977
f 1868 1978 1977
f 1868 1869 1978
f 1869 1979 1978
f 1869 1870 1979
f 1870 1980 1979
f 1870 1871 1980
f 1871 1981 1980
f 1871 1872 1981
f 1872 1982 1981
f 1872 1873 1982
f 1873 1938 1982
f 1873 1874 1938
f 1875 1940 1937
f 1875 1876 1940
f 1835 1834 1983
f 1835 1983 1936
f 1834 1855 1984
f 1834 1984 1983
f 1855 1854 1985
f 1855 1985 1984
f 1854 1853 1959
f 1854 1959 1985
f 1837 1836 1986
f 1837 1986 1942
f 1836 1987 1986
f 1836 1724 1988
f 1836 1988 1987
f 1882 1903 1821
f 1882 1941 1903
f 1909 1991 1916
f 1814 2167 2135
f 1717 1990 1677
f 1814 1894 2167
f 1683 1704 2139
f 1684 1998 1828
f 1683 2139 1820
f 1628 1927 1658
f 1627 1992 1926
f 1627 1640 1992
f 1619 1993 1889
f 1619 1710 1993
f 1707 1890 2060
f 1633 1824 2061
f 1823 1816 2062
f 1989 1994 1666
f 1544 1995 1996
f 1544 1996 1545
f 1544 1558 1995
f 1669 1997 1546
f 1515 1988 1724
f 1515 1987 1988
f 1515 1695 1987
f 1929 1917 2005
f 1929 2004 1991
f 1929 2005 2004
f 1666 1994 1671
f 1553 1673 1999
f 1553 1999 1541
f 1897 1906 2000
f 1832 2001 1930
f 1832 1916 2001
f 1555 2002 1669
f 1555 1671 2002
f 1545 1996 1673
f 1991 2003 1916
f 1917 1897 2010
f 2005 1917 2014
f 1558 2006 1995
f 1558 2324 2006
f 1546 1997 1559
f 1692 2007 1816
f 1692 1920 2007
f 1833 2008 1935
f 1906 2009 2000
f 1906 1907 2009
f 1917 2010 2014
f 1991 2004 2003
f 1658 1927 2011
f 1658 2011 1689
f 1640 2012 1992
f 1640 1657 2012
f 2004 2013 2003
f 2014 2010 2015
f 2005 2016 2004
f 2005 2017 2016
f 2005 2014 2017
f 1631 1936 2020
f 1631 2020 1630
f 1715 2021 1818
f 1714 1819 2022
f 1704 1887 2023
f 1691 2024 1819
f 1691 1933 2024
f 1661 1690 2025
f 1661 2025 1934
f 1897 2000 2026
f 1916 2027 2001
f 1897 2026 2010
f 1549 2028 1425
f 1549 2385 2028
f 1727 2479 1885
f 1828 2029 1888
f 2014 2015 2030
f 2004 2031 2013
f 2004 2016 2031
f 2014 2030 2017
f 2018 1921 2077
f 1657 2032 2012
f 1657 1674 2032
f 1630 2483 1441
f 1630 2033 2483
f 1630 2020 2034
f 1630 2034 2033
f 1441 2035 1632
f 1441 2483 2035
f 1916 2044 2027
f 1916 2003 2044
f 1632 2035 2036
f 1894 2037 2186
f 1894 1714 2037
f 1677 1990 2038
f 1894 2186 2167
f 1833 2039 2008
f 1833 1930 2039
f 1594 1652 2075
f 1924 1925 1645
f 1816 2007 2040
f 1726 2041 1921
f 1726 1817 2041
f 1907 1931 2009
f 1775 2042 1932
f 1775 1905 2042
f 2010 2026 2043
f 2010 2043 2015
f 1918 1919 2045
f 1918 2045 2046
f 1918 2046 1933
f 1925 1826 1645
f 1636 2047 1639
f 2003 2048 2044
f 2003 2013 2048
f 2015 2043 2030
f 2017 2050 2016
f 2017 2049 2050
f 1645 2051 2052
f 1645 1826 2051
f 1645 2052 2053
f 1645 2053 1646
f 1641 2069 1939
f 1641 1648 2069
f 2054 1711 2309
f 1414 2771 1600
f 1414 2184 2771
f 1689 2011 2055
f 1689 2055 1730
f 1674 2056 2032
f 1674 1688 2056
f 2019 2057 1920
f 2019 2058 2057
f 2019 2018 2058
f 1710 2059 1993
f 1710 1830 2059
f 1707 2060 1931
f 1898 2279 1899
f 1898 384 2279
f 2016 2050 2031
f 2017 2064 2049
f 2017 2030 2064
f 1919 1934 2065
f 1919 2065 2045
f 1933 2046 2066
f 1933 2066 2024
f 2030 2043 2067
f 2013 2068 2048
f 2013 2031 2068
f 2030 2067 2064
f 1648 2070 2069
f 1648 2071 2070
f 1648 1665 2071
f 1646 2053 2494
f 1646 2494 1479
f 2072 1896 2212
f 1930 2073 2039
f 1930 2001 2073
f 2000 2133 2026
f 2000 2009 2133
f 1639 2498 1653
f 1639 2047 2498
f 1652 1675 2074
f 1652 2074 2075
f 1921 2163 2077
f 1921 2041 2163
f 1920 2076 2007
f 1920 2057 2076
f 2018 2077 2058
f 1479 2494 1664
f 1905 2078 2042
f 1905 1935 2078
f 1986 1987 2179
f 1986 2179 2079
f 1984 1985 2080
f 1984 2080 2081
f 1936 1983 2082
f 1936 2082 2083
f 1936 2083 2020
f 1941 2084 2085
f 1941 1961 2084
f 1939 2069 2086
f 1940 2086 2087
f 1940 1939 2086
f 1961 2088 2084
f 1961 1960 2088
f 1960 2089 2088
f 1960 1962 2089
f 1962 2090 2089
f 1962 1964 2090
f 1964 2091 2090
f 1964 1963 2091
f 1963 2092 2091
f 1963 1965 2092
f 1965 2093 2092
f 1965 1966 2093
f 1966 2094 2093
f 1966 1967 2094
f 1967 2095 2094
f 1967 1968 2095
f 1968 2096 2095
f 1968 1969 2096
f 1969 2097 2096
f 1969 1970 2097
f 1970 2098 2097
f 1970 1971 2098
f 1971 2099 2098
f 1971 1972 2099
f 1972 2100 2099
f 1972 1973 2100
f 1973 2101 2100
f 1973 1974 2101
f 1974 2102 2101
f 1974 1975 2102
f 1975 2103 2102
f 1975 1976 2103
f 1976 2104 2103
f 1976 1977 2104
f 1977 2105 2104
f 1977 1978 2105
f 1978 2106 2105
f 1978 1979 2106
f 1979 2107 2106
f 1979 1980 2107
f 1980 2108 2107
f 1980 1981 2108
f 1981 2109 2108
f 1981 1982 2109
f 1982 2110 2109
f 1982 1938 2110
f 1938 2111 2110
f 1938 1937 2111
f 1937 2087 2111
f 1937 1940 2087
f 1983 1984 2081
f 1983 2081 2082
f 1985 1959 2112
f 1985 2112 2080
f 1959 1958 2113
f 1959 2113 2112
f 1958 1957 2114
f 1958 2114 2113
f 1957 1956 2115
f 1957 2115 2114
f 1956 1955 2116
f 1956 2116 2115
f 1955 2117 2116
f 1955 1954 2117
f 1954 2118 2117
f 1954 1953 2119
f 1954 2119 2118
f 1953 1952 2119
f 1952 2120 2119
f 1952 1951 2121
f 1952 2121 2120
f 1951 1950 2122
f 1951 2122 2121
f 1950 1949 2123
f 1950 2123 2122
f 1949 1948 2124
f 1949 2124 2123
f 1948 1947 2125
f 1948 2125 2124
f 1947 1946 2126
f 1947 2126 2125
f 1946 1945 2127
f 1946 2127 2126
f 1945 1944 2128
f 1945 2128 2127
f 1944 1943 2129
f 1944 2129 2128
f 1943 1942 2130
f 1943 2130 2129
f 1942 1986 2079
f 1942 2079 2130
f 1903 2085 2131
f 1903 1941 2085
f 2057 2066 2046
f 2057 2058 2066
f 2057 2046 2076
f 1711 2072 2309
f 1600 2502 1886
f 2001 2132 2073
f 2001 2027 2132
f 1914 2134 1717
f 2135 2136 1718
f 1816 2040 2062
f 1817 2061 2041
f 1721 1928 2137
f 1718 2136 1915
f 1721 2137 1914
f 1826 2138 2051
f 1826 1827 2138
f 2046 2045 2076
f 1896 1823 2212
f 1602 2213 1824
f 1602 1895 2213
f 2139 1704 2214
f 1998 2140 1828
f 1675 1696 2506
f 1653 2498 2141
f 1675 2506 2074
f 1831 2075 2074
f 1831 2074 2143
f 1831 2143 1883
f 1676 2144 1665
f 1664 2145 1517
f 2058 2146 2066
f 2058 2077 2146
f 2076 2045 2147
f 2076 2147 2007
f 1819 2024 2148
f 1819 2148 2022
f 1690 1818 2149
f 1690 2149 2025
f 2031 2151 2068
f 2031 2050 2151
f 2064 2150 2049
f 2027 2152 2132
f 2027 2044 2152
f 2026 2159 2043
f 2026 2133 2159
f 2045 2065 2147
f 2066 2146 2024
f 1915 2153 1773
f 2049 2155 2050
f 2049 2154 2155
f 1883 2143 1891
f 1934 2025 2156
f 1934 2156 2065
f 2024 2146 2148
f 1715 2038 2021
f 1714 2022 2037
f 2009 1931 2157
f 2009 2157 2133
f 1935 2158 2078
f 1935 2008 2158
f 1730 2055 2160
f 1730 2160 1890
f 1688 2161 2056
f 1688 1889 2161
f 1676 1697 2144
f 1517 2145 2162
f 1517 2162 1525
f 2007 2174 2040
f 2007 2147 2174
f 2049 2164 2154
f 2050 2155 2178
f 2049 2150 2164
f 2044 2165 2152
f 2044 2048 2165
f 2043 2166 2067
f 2043 2159 2166
f 1717 2134 1990
f 1696 2515 2506
f 1696 1725 2515
f 1820 2168 1928
f 1773 2153 1998
f 1820 2139 2168
f 2067 2166 2169
f 2048 2170 2165
f 2048 2068 2170
f 2067 2169 2064
f 2051 2138 2052
f 1830 2171 2059
f 1830 1932 2171
f 1931 2060 2199
f 1525 2162 2172
f 1525 2172 1547
f 2077 2173 2146
f 2077 2163 2173
f 2147 2065 2174
f 2008 2175 2158
f 2008 2039 2175
f 2065 2156 2174
f 2146 2173 2148
f 1824 2281 2061
f 1823 2062 2282
f 2155 2154 2178
f 2062 2040 2176
f 2061 2177 2041
f 2041 2197 2163
f 2041 2177 2197
f 2040 2174 2176
f 2050 2178 2151
f 2150 2298 2164
f 1725 2523 2515
f 1725 1904 2523
f 1695 2179 1987
f 1695 2180 2179
f 2068 2207 2170
f 2068 2151 2207
f 2064 2169 2181
f 2064 2181 2150
f 2133 2157 2182
f 2039 2183 2175
f 2039 2073 2183
f 1727 2526 2479
f 1425 2028 2184
f 1727 2054 2526
f 2164 2185 2154
f 1990 2333 2038
f 1890 2160 2187
f 1890 2187 2060
f 1580 1829 2188
f 1580 2188 1697
f 1547 2172 2189
f 1547 2189 1579
f 1828 2190 2029
f 1704 2191 2214
f 1704 2023 2191
f 2164 2209 2185
f 2154 2185 2192
f 2164 2298 2209
f 2148 2193 2022
f 2025 2149 2194
f 2025 2194 2156
f 2148 2173 2193
f 2178 2154 2338
f 2133 2182 2159
f 2073 2195 2183
f 2073 2132 2195
f 2174 2196 2176
f 1932 2198 2171
f 1932 2042 2198
f 1931 2199 2157
f 2132 2206 2195
f 2132 2152 2206
f 2159 2182 2200
f 2038 2201 2021
f 2037 2022 2202
f 1579 2189 2203
f 1579 2203 1605
f 2052 2138 2204
f 2052 2204 2053
f 2062 2176 2282
f 2159 2200 2205
f 2159 2205 2166
f 2151 2178 2207
f 2150 2181 2320
f 2150 2320 2298
f 2152 2208 2206
f 2152 2165 2208
f 2166 2205 2169
f 2154 2210 2338
f 2154 2192 2210
f 2163 2211 2173
f 2163 2197 2211
f 2174 2156 2196
f 1698 1699 2290
f 1698 2290 1712
f 2212 1823 2362
f 2156 2194 2196
f 2173 2211 2193
f 2139 2214 2366
f 2139 2366 2168
f 2022 2193 2202
f 1818 2021 2215
f 1818 2215 2149
f 2204 2138 2216
f 2204 2216 2053
f 1886 2502 1895
f 2072 2212 2661
f 2072 2661 2309
f 2169 2205 2217
f 2169 2217 2181
f 2165 2218 2208
f 2165 2170 2218
f 1712 2219 1728
f 1699 1729 2290
f 1712 2290 2219
f 2042 2220 2198
f 2042 2078 2220
f 2083 2221 2020
f 2087 2222 2223
f 2087 2086 2222
f 2086 2069 2222
f 2110 2224 2225
f 2110 2111 2224
f 2111 2223 2224
f 2111 2087 2223
f 2108 2226 2227
f 2108 2109 2226
f 2109 2225 2226
f 2109 2110 2225
f 2106 2228 2229
f 2106 2107 2228
f 2107 2227 2228
f 2107 2108 2227
f 2104 2230 2231
f 2104 2105 2230
f 2105 2229 2230
f 2105 2106 2229
f 2102 2232 2233
f 2102 2103 2232
f 2103 2231 2232
f 2103 2104 2231
f 2100 2234 2235
f 2100 2101 2234
f 2101 2233 2234
f 2101 2102 2233
f 2098 2236 2237
f 2098 2099 2236
f 2099 2235 2236
f 2099 2100 2235
f 2096 2238 2239
f 2096 2097 2238
f 2097 2237 2238
f 2097 2098 2237
f 2094 2240 2241
f 2094 2095 2240
f 2095 2239 2240
f 2095 2096 2239
f 2092 2242 2243
f 2092 2093 2242
f 2093 2241 2242
f 2093 2094 2241
f 2090 2244 2245
f 2090 2091 2244
f 2091 2243 2244
f 2091 2092 2243
f 2088 2246 2247
f 2088 2089 2246
f 2089 2245 2246
f 2089 2090 2245
f 2084 2247 2248
f 2084 2088 2247
f 2085 2248 2249
f 2085 2084 2248
f 2079 2179 2250
f 2130 2079 2250
f 2130 2250 2251
f 2129 2130 2251
f 2129 2251 2252
f 2128 2129 2252
f 2128 2252 2253
f 2127 2128 2253
f 2127 2253 2254
f 2126 2127 2254
f 2126 2254 2255
f 2125 2126 2255
f 2125 2255 2256
f 2124 2125 2256
f 2124 2256 2257
f 2123 2124 2257
f 2123 2257 2258
f 2122 2123 2258
f 2122 2258 2259
f 2121 2122 2259
f 2121 2259 2260
f 2120 2121 2260
f 2120 2260 2261
f 2119 2120 2261
f 2119 2261 2262
f 2119 2262 2263
f 2118 2119 2263
f 2117 2118 2263
f 2117 2263 2264
f 2116 2117 2264
f 2116 2264 2265
f 2115 2116 2265
f 2115 2265 2266
f 2114 2115 2266
f 2114 2266 2267
f 2113 2114 2267
f 2113 2267 2268
f 2112 2113 2268
f 2112 2268 2269
f 2080 2112 2269
f 2080 2269 2270
f 2083 2082 2271
f 2083 2271 2221
f 2081 2080 2270
f 2081 2270 2272
f 2082 2081 2272
f 2082 2272 2271
f 2085 2249 2131
f 2020 2221 2034
f 2131 2249 2273
f 1889 2274 2161
f 1889 1993 2274
f 1621 1899 2275
f 1621 2275 1829
f 1605 2203 2276
f 1605 2276 1622
f 2185 2209 2277
f 2185 2277 2278
f 1622 2276 2063
f 2178 2338 2207
f 1904 2540 2523
f 1904 1911 2540
f 1902 2131 2273
f 1902 2280 1901
f 2069 2070 2222
f 1824 2213 2281
f 1823 2282 2362
f 1914 2283 2134
f 2135 2167 2395
f 2135 2395 2136
f 1914 2137 2283
f 2185 2278 2192
f 2136 2284 1915
f 1911 1923 2548
f 1911 2548 2540
f 1901 2280 1910
f 2181 2217 2285
f 2181 2285 2320
f 2170 2286 2218
f 2170 2207 2286
f 2078 2287 2220
f 2078 2158 2287
f 2157 2199 2288
f 2157 2288 2182
f 1915 2552 2153
f 1915 2284 2552
f 1928 2168 2289
f 1928 2289 2137
f 1729 1888 2290
f 1728 2219 1887
f 1923 2291 2548
f 1923 1651 2291
f 1910 2292 1922
f 1910 2293 2292
f 1910 2280 2293
f 2177 2323 2197
f 2177 2294 2323
f 2176 2196 2295
f 2176 2295 2282
f 2177 2061 2294
f 1828 2140 2190
f 2167 2457 2395
f 2167 2186 2457
f 2134 2296 1990
f 2298 2297 2209
f 1651 1541 2299
f 1651 2299 2291
f 1922 2300 1989
f 1922 2292 2300
f 2209 2301 2277
f 2209 2297 2301
f 2192 2278 2210
f 2153 2552 1998
f 2158 2302 2287
f 2158 2175 2302
f 1541 2303 2299
f 1541 1999 2303
f 1989 2304 1994
f 1989 2300 2304
f 1995 2305 2306
f 1995 2306 1996
f 1669 2002 2307
f 1669 2308 1997
f 1669 2307 2308
f 1995 2006 2305
f 1600 2771 2502
f 2061 2281 2294
f 1999 1673 2310
f 1999 2310 2303
f 1994 2311 1671
f 1994 2304 2311
f 2060 2187 2312
f 2060 2312 2199
f 1993 2313 2274
f 1993 2059 2313
f 2193 2314 2202
f 2149 2215 2315
f 2149 2315 2194
f 2193 2211 2314
f 1996 2306 2316
f 1996 2316 1673
f 2002 1671 2317
f 2002 2317 2307
f 2277 2301 2318
f 2277 2345 2278
f 2277 2318 2345
f 1673 2316 2310
f 1671 2311 2317
f 1997 2325 1559
f 1997 2308 2325
f 2006 2324 2319
f 2006 2319 2305
f 2207 2321 2286
f 2196 2322 2295
f 1559 2325 1679
f 2175 2326 2302
f 2175 2183 2326
f 2182 2327 2200
f 2182 2288 2327
f 1678 2328 2324
f 1679 2325 2329
f 1678 1694 2330
f 1679 2331 1686
f 1679 2329 2331
f 1678 2330 2328
f 2186 2332 2480
f 2186 2037 2332
f 2186 2480 2457
f 1990 2296 2333
f 2038 2333 2201
f 2037 2202 2332
f 1694 1700 2334
f 1686 2335 1693
f 1686 2331 2335
f 1694 2334 2330
f 2216 2138 2053
f 2183 2336 2326
f 2183 2195 2336
f 2197 2337 2211
f 2197 2323 2337
f 2196 2194 2322
f 2194 2315 2322
f 2211 2337 2314
f 2207 2338 2321
f 1887 2219 2023
f 1888 2629 2290
f 1888 2029 2629
f 2297 2339 2301
f 2210 2278 2390
f 1700 2340 2334
f 1700 1703 2340
f 1693 2341 1701
f 1693 2335 2341
f 1701 2342 1702
f 1701 2341 2342
f 1703 1709 2343
f 1703 2343 2340
f 2301 2344 2318
f 2301 2339 2344
f 2195 2346 2336
f 2195 2206 2346
f 2200 2353 2205
f 2200 2327 2353
f 1702 2347 1708
f 1702 2342 2347
f 1709 1719 2348
f 1709 2348 2343
f 2318 2344 2349
f 2318 2349 2350
f 2318 2350 2345
f 2054 2309 2570
f 2054 2570 2526
f 2138 2351 2352
f 2138 2565 2351
f 2138 1827 2565
f 2138 2352 2053
f 2206 2354 2346
f 2206 2208 2354
f 2205 2355 2217
f 2205 2353 2355
f 2143 2356 1891
f 1827 2568 2565
f 1827 2142 2568
f 1719 2357 2348
f 1719 1519 2357
f 1708 2763 1720
f 1708 2347 2763
f 2059 2358 2313
f 2059 2171 2358
f 2142 2359 2568
f 2142 1884 2359
f 2350 2360 2361
f 2213 2477 2281
f 2362 2282 2473
f 2350 2349 2360
f 2350 2363 2345
f 2350 2361 2363
f 2298 2320 2475
f 2298 2475 2297
f 2338 2210 2474
f 2208 2364 2354
f 2208 2218 2364
f 2217 2355 2365
f 2217 2365 2285
f 2212 2681 2661
f 2212 2362 2681
f 1892 1891 2367
f 1892 2367 2368
f 1884 2369 2359
f 1884 1893 2369
f 1892 2368 1912
f 2282 2295 2473
f 1893 2370 2369
f 1893 1900 2370
f 1912 2368 2378
f 1519 1885 2371
f 1519 2371 2357
f 1720 2762 1520
f 1720 2763 2762
f 2344 2372 2373
f 2344 2373 2349
f 2344 2339 2372
f 2140 2374 2190
f 2214 2191 2375
f 2202 2314 2376
f 2021 2201 2377
f 2021 2377 2215
f 2202 2376 2332
f 1912 2378 2379
f 1912 2379 1927
f 1900 2380 2370
f 1900 1913 2380
f 2218 2398 2364
f 2218 2286 2398
f 2285 2365 2381
f 2285 2381 2320
f 2278 2382 2390
f 2278 2345 2382
f 2339 2383 2372
f 2339 2297 2383
f 2349 2373 2360
f 2363 2361 2345
f 1913 2384 2380
f 1913 1926 2384
f 1927 2379 2011
f 1520 2762 2385
f 2502 2386 1895
f 2199 2312 2387
f 2199 2387 2288
f 2171 2388 2358
f 2171 2198 2388
f 2297 2475 2389
f 2210 2390 2474
f 2297 2389 2383
f 1926 2391 2384
f 1926 1992 2391
f 2294 2392 2323
f 2295 2322 2393
f 2295 2393 2473
f 2294 2281 2392
f 2283 2394 2134
f 2395 2396 2136
f 2137 2289 2397
f 2136 2547 2284
f 2136 2396 2547
f 2137 2397 2283
f 2286 2321 2398
f 2320 2381 2532
f 2320 2532 2475
f 2372 2399 2491
f 2372 2491 2373
f 2345 2361 2382
f 2372 2383 2399
f 1992 2400 2391
f 1992 2012 2400
f 2011 2401 2055
f 2011 2379 2401
f 2352 2351 2402
f 2352 2402 2053
f 2029 2190 2629
f 2023 2219 2191
f 2198 2403 2388
f 2198 2220 2403
f 2250 2179 2180
f 2250 2180 2404
f 2221 2271 2405
f 2221 2405 2406
f 2221 2406 2034
f 2272 2270 2407
f 2272 2407 2408
f 2269 2268 2409
f 2269 2409 2410
f 2270 2269 2410
f 2270 2410 2407
f 2267 2266 2411
f 2267 2411 2412
f 2268 2267 2412
f 2268 2412 2409
f 2265 2264 2413
f 2265 2413 2414
f 2266 2265 2414
f 2266 2414 2411
f 2264 2263 2415
f 2264 2415 2413
f 2263 2262 2416
f 2263 2416 2415
f 2261 2260 2417
f 2261 2417 2418
f 2262 2261 2418
f 2262 2418 2416
f 2259 2258 2419
f 2259 2419 2420
f 2260 2259 2420
f 2260 2420 2417
f 2257 2256 2421
f 2257 2421 2422
f 2258 2257 2422
f 2258 2422 2419
f 2255 2254 2423
f 2255 2423 2424
f 2256 2255 2424
f 2256 2424 2421
f 2253 2252 2425
f 2253 2425 2426
f 2254 2253 2426
f 2254 2426 2423
f 2252 2251 2427
f 2252 2427 2425
f 2251 2250 2404
f 2251 2404 2427
f 2271 2272 2408
f 2271 2408 2405
f 2249 2428 2273
f 2249 2429 2428
f 2249 2248 2429
f 2248 2430 2429
f 2248 2247 2430
f 2247 2431 2430
f 2247 2246 2431
f 2246 2432 2431
f 2246 2245 2432
f 2245 2433 2432
f 2245 2244 2433
f 2244 2434 2433
f 2244 2243 2434
f 2243 2435 2434
f 2243 2242 2435
f 2242 2436 2435
f 2242 2241 2436
f 2241 2437 2436
f 2241 2240 2437
f 2240 2438 2437
f 2240 2239 2438
f 2239 2439 2438
f 2239 2238 2439
f 2238 2440 2439
f 2238 2237 2440
f 2237 2441 2440
f 2237 2236 2441
f 2236 2442 2441
f 2236 2235 2442
f 2235 2443 2442
f 2235 2234 2443
f 2234 2444 2443
f 2234 2233 2444
f 2233 2445 2444
f 2233 2232 2445
f 2232 2446 2445
f 2232 2231 2446
f 2231 2447 2446
f 2231 2230 2447
f 2230 2448 2447
f 2230 2229 2448
f 2229 2449 2448
f 2229 2228 2449
f 2228 2450 2449
f 2228 2227 2450
f 2227 2451 2450
f 2227 2226 2451
f 2226 2452 2451
f 2226 2225 2452
f 2225 2453 2452
f 2225 2224 2453
f 2224 2454 2453
f 2224 2223 2454
f 2223 2455 2454
f 2223 2222 2455
f 2222 2070 2455
f 2034 2406 2482
f 2034 2482 2033
f 2284 2547 2552
f 2373 2491 2360
f 2361 2456 2382
f 2134 2394 2296
f 2012 2458 2400
f 2012 2032 2458
f 2314 2459 2376
f 2215 2377 2460
f 2215 2460 2315
f 2314 2337 2459
f 2333 2461 2201
f 2321 2536 2398
f 2321 2338 2536
f 2322 2462 2393
f 2323 2392 2463
f 2168 2464 2289
f 2552 2465 1998
f 2168 2366 2464
f 2288 2387 2466
f 2220 2467 2403
f 2220 2287 2467
f 2288 2466 2327
f 2032 2468 2458
f 2032 2056 2468
f 2055 2469 2160
f 2055 2401 2469
f 2383 2470 2399
f 2390 2382 2521
f 2383 2389 2470
f 2323 2471 2337
f 2323 2463 2471
f 2322 2315 2472
f 2322 2472 2462
f 2281 2477 2392
f 2338 2474 2536
f 2315 2460 2472
f 2337 2471 2459
f 2287 2476 2467
f 2287 2302 2476
f 2213 2478 2477
f 2362 2473 2643
f 2362 2643 2681
f 2213 1895 2478
f 2296 2481 2333
f 2033 2482 2683
f 2033 2683 2483
f 2035 2484 2036
f 2074 2506 2143
f 2036 2816 1636
f 2036 2484 2816
f 2327 2485 2353
f 2302 2486 2476
f 2302 2326 2486
f 2327 2466 2485
f 1636 2487 2047
f 1636 2816 2487
f 2402 2488 2489
f 2402 2489 2053
f 2402 2351 2488
f 2399 2470 2490
f 2399 2490 2491
f 2382 2456 2521
f 2056 2492 2468
f 2056 2161 2492
f 2160 2493 2187
f 2160 2469 2493
f 2070 2495 2455
f 2070 2071 2495
f 2053 2489 2494
f 2071 2820 2495
f 2071 2496 2820
f 2071 1665 2496
f 2326 2497 2486
f 2326 2336 2497
f 2047 2487 2498
f 2494 2499 1664
f 1665 2500 2496
f 1665 2144 2500
f 1895 2386 2478
f 1998 2465 2140
f 2336 2505 2497
f 2336 2346 2505
f 2353 2485 2501
f 2474 2390 2503
f 2389 2475 2504
f 2389 2504 2470
f 2353 2501 2355
f 2346 2354 2505
f 2498 2507 2141
f 1664 2499 2145
f 2144 2508 2500
f 2355 2509 2365
f 2355 2501 2509
f 2354 2510 2505
f 2365 2511 2381
f 2365 2509 2511
f 2354 2512 2510
f 2354 2364 2512
f 2144 1697 2508
f 2161 2513 2492
f 2161 2274 2513
f 2187 2493 2514
f 2143 2506 2356
f 2488 2351 2489
f 2141 2516 1695
f 2141 2507 2516
f 2273 2541 1902
f 2273 2428 2541
f 1697 2188 2517
f 1697 2517 2508
f 2381 2518 2532
f 2381 2511 2518
f 2364 2519 2512
f 2364 2398 2519
f 2191 2520 2375
f 2191 2219 2520
f 2190 2374 2629
f 2390 2521 2503
f 2470 2504 2522
f 2470 2522 2490
f 1695 2524 2180
f 1695 2516 2524
f 2456 2525 2521
f 2456 2361 2525
f 2473 2527 2643
f 2473 2393 2527
f 2477 2537 2392
f 2187 2528 2312
f 2187 2514 2528
f 2376 2459 2529
f 2201 2461 2530
f 2201 2530 2377
f 2376 2531 2332
f 2376 2529 2531
f 2398 2533 2519
f 2332 2531 2480
f 2333 2481 2461
f 2490 2534 2631
f 2490 2631 2491
f 2490 2522 2534
f 1829 2535 2188
f 1829 2275 2535
f 2398 2536 2533
f 2491 2631 2360
f 2393 2462 2555
f 2393 2555 2527
f 2276 2538 2063
f 1899 2539 2275
f 1899 2279 2539
f 2279 384 2539
f 1902 2541 2542
f 1902 2542 2543
f 1902 2543 2280
f 2063 2538 383
f 2274 2544 2513
f 2274 2313 2544
f 2312 2528 2387
f 2283 2545 2394
f 2395 2457 2665
f 2395 2546 2396
f 2395 2665 2546
f 2283 2397 2545
f 2396 2546 2547
f 2475 2659 2504
f 2475 2532 2659
f 2536 2474 2658
f 2214 2549 2366
f 2140 2550 2374
f 2214 2551 2549
f 2214 2375 2551
f 2289 2464 2669
f 2289 2669 2397
f 2459 2553 2529
f 2377 2530 2554
f 2377 2554 2460
f 2459 2471 2553
f 2462 2472 2555
f 2392 2556 2463
f 2392 2537 2556
f 2457 2557 2665
f 2457 2480 2557
f 2394 2558 2296
f 2525 2559 2521
f 2525 2361 2559
f 2463 2560 2471
f 2463 2556 2560
f 2472 2460 2561
f 2472 2561 2555
f 2460 2554 2561
f 2471 2560 2553
f 2313 2562 2544
f 2313 2358 2562
f 2351 2652 2489
f 2351 2565 2652
f 2504 2563 2522
f 2504 2659 2563
f 2474 2575 2658
f 2474 2503 2575
f 2652 2565 2564
f 2296 2558 2566
f 2296 2566 2481
f 2480 2531 2636
f 2480 2636 2557
f 2356 2567 1891
f 2356 2506 2567
f 1891 2567 2569
f 1891 2569 2367
f 2184 2028 2771
f 2366 2549 2571
f 2465 2793 2140
f 2366 2571 2464
f 2358 2572 2562
f 2358 2388 2572
f 2387 2573 2466
f 2387 2528 2573
f 2522 2574 2534
f 2522 2563 2574
f 2503 2521 2575
f 2388 2576 2572
f 2388 2403 2576
f 2428 2577 2541
f 2404 2180 2524
f 2404 2524 2578
f 2440 2579 2580
f 2440 2441 2579
f 2448 2581 2582
f 2448 2449 2581
f 2406 2583 2482
f 2452 2584 2585
f 2452 2453 2584
f 2454 2586 2587
f 2454 2455 2586
f 2455 2495 2586
f 2453 2587 2584
f 2453 2454 2587
f 2450 2588 2589
f 2450 2451 2588
f 2451 2585 2588
f 2451 2452 2585
f 2449 2589 2581
f 2449 2450 2589
f 2444 2590 2591
f 2444 2445 2590
f 2446 2592 2593
f 2446 2447 2592
f 2447 2582 2592
f 2447 2448 2582
f 2445 2593 2590
f 2445 2446 2593
f 2442 2594 2595
f 2442 2443 2594
f 2443 2591 2594
f 2443 2444 2591
f 2441 2595 2579
f 2441 2442 2595
f 2432 2596 2597
f 2432 2433 2596
f 2436 2598 2599
f 2436 2437 2598
f 2438 2600 2601
f 2438 2439 2600
f 2439 2580 2600
f 2439 2440 2580
f 2437 2601 2598
f 2437 2438 2601
f 2434 2602 2603
f 2434 2435 2602
f 2435 2599 2602
f 2435 2436 2599
f 2433 2603 2596
f 2433 2434 2603
f 2429 2604 2605
f 2429 2430 2604
f 2430 2606 2604
f 2430 2431 2606
f 2431 2597 2606
f 2431 2432 2597
f 2428 2605 2577
f 2428 2429 2605
f 2406 2405 2607
f 2406 2607 2583
f 2427 2404 2578
f 2427 2578 2608
f 2425 2427 2608
f 2425 2608 2609
f 2426 2425 2609
f 2426 2609 2610
f 2423 2426 2610
f 2423 2610 2611
f 2424 2423 2611
f 2424 2611 2612
f 2421 2424 2612
f 2421 2612 2613
f 2422 2421 2613
f 2422 2613 2614
f 2419 2422 2614
f 2419 2614 2615
f 2420 2419 2615
f 2420 2615 2616
f 2417 2420 2616
f 2417 2616 2617
f 2418 2417 2617
f 2418 2617 2618
f 2416 2418 2618
f 2416 2618 2619
f 2415 2416 2619
f 2415 2619 2620
f 2413 2415 2620
f 2413 2620 2621
f 2413 2621 2622
f 2414 2413 2622
f 2411 2414 2622
f 2411 2622 2623
f 2412 2411 2623
f 2412 2623 2624
f 2409 2412 2624
f 2409 2624 2625
f 2410 2409 2625
f 2410 2625 2626
f 2407 2410 2626
f 2407 2626 2627
f 2408 2407 2627
f 2408 2627 2628
f 2405 2408 2628
f 2405 2628 2607
f 2482 2583 2683
f 2374 2550 2629
f 2375 2520 2551
f 2534 2630 2360
f 2534 2360 2631
f 2534 2574 2630
f 2521 2559 2575
f 2403 2632 2576
f 2403 2467 2632
f 2466 2633 2485
f 2466 2573 2633
f 2495 2820 2586
f 2467 2634 2632
f 2467 2476 2634
f 2481 2566 2635
f 2481 2635 2461
f 2531 2637 2636
f 2531 2529 2637
f 2476 2638 2634
f 2476 2486 2638
f 2485 2639 2501
f 2485 2633 2639
f 2486 2640 2638
f 2486 2497 2640
f 2497 2641 2640
f 2497 2505 2641
f 2501 2642 2509
f 2501 2639 2642
f 2478 2644 2477
f 2505 2645 2641
f 2505 2646 2645
f 2505 2510 2646
f 2509 2642 2647
f 2509 2647 2511
f 2510 2648 2646
f 2510 2512 2648
f 2511 2647 2649
f 2511 2649 2518
f 2140 2650 2550
f 2140 2793 2650
f 2512 2653 2648
f 2512 2519 2653
f 2518 2649 2651
f 2518 2651 2532
f 2567 2506 2569
f 2541 2577 2542
f 2519 2533 2653
f 2532 2651 2699
f 2532 2699 2659
f 2533 2654 2653
f 2533 2536 2654
f 2527 2655 2643
f 2527 2555 2655
f 2477 2662 2537
f 2477 2644 2662
f 2529 2553 2656
f 2461 2635 2657
f 2461 2657 2530
f 2529 2656 2637
f 2536 2658 2654
f 2502 2660 2386
f 2555 2663 2655
f 2545 2664 2394
f 2397 2669 2666
f 2546 2667 2547
f 2397 2666 2545
f 2559 2668 2575
f 2559 2361 2668
f 2547 2786 2552
f 2547 2667 2786
f 2553 2670 2656
f 2530 2657 2671
f 2530 2671 2554
f 2553 2560 2670
f 2658 2575 2672
f 2563 2659 2673
f 2563 2673 2574
f 2555 2678 2663
f 2555 2561 2678
f 2537 2674 2556
f 2537 2662 2674
f 2557 2675 2665
f 2557 2636 2675
f 2394 2664 2558
f 2464 2676 2669
f 2552 2786 2465
f 2464 2571 2676
f 2556 2677 2560
f 2556 2674 2677
f 2561 2554 2678
f 2554 2671 2678
f 2560 2677 2670
f 2575 2679 2672
f 2574 2673 2680
f 2574 2680 2630
f 2386 2660 2478
f 2630 2682 2360
f 2575 2668 2679
f 2630 2680 2682
f 2550 2749 2629
f 2550 2650 2749
f 2652 2564 2489
f 2360 2684 2685
f 2360 2685 2686
f 2360 2686 2687
f 2360 2687 2688
f 2360 2688 2689
f 2360 2689 2690
f 2360 2690 2691
f 2360 2691 2361
f 2569 2692 2367
f 2367 2692 2368
f 2649 2647 2693
f 2649 2693 2694
f 2673 2659 2695
f 2673 2695 2696
f 2680 2673 2696
f 2680 2696 2697
f 2699 2651 2698
f 2659 2699 2695
f 2651 2649 2694
f 2651 2694 2698
f 2528 2514 2700
f 2528 2700 2701
f 2633 2573 2705
f 2633 2705 2702
f 2642 2639 2703
f 2642 2703 2704
f 2647 2642 2704
f 2647 2704 2693
f 2639 2633 2702
f 2639 2702 2703
f 2573 2528 2705
f 2528 2701 2705
f 2401 2379 2706
f 2401 2706 2707
f 2493 2469 2708
f 2493 2708 2709
f 2514 2493 2709
f 2514 2709 2700
f 2469 2401 2707
f 2469 2707 2708
f 2368 2710 2711
f 2378 2712 2713
f 2379 2378 2713
f 2379 2713 2706
f 2369 2714 2715
f 2369 2370 2714
f 2380 2716 2717
f 2380 2384 2716
f 2568 2718 2719
f 2568 2359 2718
f 384 2721 2720
f 384 2722 2721
f 384 2723 2722
f 384 2724 2723
f 384 2725 2724
f 384 2726 2725
f 384 2727 2726
f 384 2728 2727
f 384 2729 2728
f 384 2730 2729
f 384 2731 2730
f 384 2732 2731
f 384 2733 2732
f 384 2734 2733
f 384 2735 2734
f 384 383 2735
f 383 2736 2735
f 383 2737 2736
f 383 2738 2737
f 383 2739 2738
f 383 2740 2739
f 383 2741 2740
f 383 2742 2741
f 383 2743 2742
f 383 2744 2743
f 383 2745 2744
f 383 2746 2745
f 383 2747 2746
f 383 2748 2747
f 383 2538 2748
f 2650 2750 2749
f 2307 2317 2751
f 2317 2752 2751
f 2543 2542 2753
f 2543 2753 2754
f 2188 2755 2517
f 2535 2275 2756
f 2275 2757 2756
f 2275 2539 2757
f 2324 2758 3401
f 2319 2324 3401
f 2478 2759 2644
f 2335 2331 2760
f 2331 2761 2760
f 2028 2385 3215
f 2347 2342 2764
f 2342 2765 2764
f 2342 2341 2765
f 2341 2766 2765
f 1885 2767 2371
f 2479 2526 2768
f 2309 2769 2770
f 2570 2309 2770
f 2028 2772 2771
f 2502 2773 2660
f 2028 3215 2772
f 2643 2655 2774
f 2681 2775 2776
f 2661 2681 2776
f 2636 2637 2777
f 2637 2989 2777
f 2656 2670 2778
f 2670 2779 2778
f 2677 2674 2780
f 2674 2781 2780
f 2662 2783 2782
f 2558 2784 3009
f 2566 2558 3009
f 2545 2785 2664
f 2665 2675 2787
f 2669 2676 2788
f 2669 2788 2666
f 2546 2789 2667
f 2520 2790 2791
f 2551 2520 2791
f 2571 2549 2792
f 2465 3082 2793
f 2793 2750 2650
f 2551 2791 2549
f 2465 2786 3082
f 2571 2792 2676
f 2665 2789 2546
f 2665 2787 2789
f 2545 2666 2785
f 2636 2777 2675
f 2558 2664 2784
f 2656 2989 2637
f 2656 2778 2989
f 2566 3009 2794
f 2635 2566 2794
f 2635 2794 2795
f 2657 2635 2795
f 2677 2779 2670
f 2677 2780 2779
f 2657 2795 2796
f 2671 2657 2796
f 2671 2796 2797
f 2678 2671 2797
f 2662 2781 2674
f 2662 2782 2781
f 2678 2797 2798
f 2678 2798 2799
f 2663 2678 2799
f 2663 2799 2655
f 2644 2783 2662
f 2643 2774 2775
f 2681 2643 2775
f 2478 2660 2759
f 2661 2776 2769
f 2309 2661 2769
f 2771 2773 2502
f 2385 2762 3215
f 2570 2770 2526
f 2347 2764 2763
f 2479 2768 2767
f 1885 2479 2767
f 2357 2371 2800
f 2357 2800 2801
f 2348 2357 2801
f 2348 2801 2802
f 2343 2348 2802
f 2496 2500 2803
f 2508 2805 2804
f 2325 2807 2806
f 2300 2292 2808
f 2292 3427 2808
f 2498 2487 2809
f 2331 2329 2761
f 2308 2307 2810
f 2307 2751 2810
f 2311 2304 2811
f 2304 2812 2811
f 2293 2280 2813
f 2293 2813 2814
f 2516 2507 2815
f 2484 2817 2816
f 2035 2483 2818
f 2483 2819 2818
f 2496 2803 2821
f 2508 2804 2500
f 2578 2524 2875
f 2578 2875 2822
f 2618 2617 2823
f 2618 2823 2824
f 2624 2623 2841
f 2624 2841 2825
f 2610 2609 2826
f 2610 2826 2827
f 2628 2627 2828
f 2628 2828 2829
f 2621 2620 2830
f 2621 2830 2831
f 2614 2613 2832
f 2614 2832 2833
f 2608 2578 2822
f 2608 2822 2834
f 2583 2607 2835
f 2583 2835 2836
f 2483 2683 2819
f 2583 2836 2837
f 2583 2837 2683
f 2607 2628 2829
f 2607 2829 2835
f 2626 2625 2838
f 2626 2838 2839
f 2627 2626 2839
f 2627 2839 2828
f 2625 2624 2825
f 2625 2825 2838
f 2622 2840 2841
f 2623 2622 2841
f 2622 2621 2831
f 2622 2831 2840
f 2620 2619 2842
f 2620 2842 2830
f 2619 2618 2824
f 2619 2824 2842
f 2616 2615 2843
f 2616 2843 2844
f 2617 2616 2844
f 2617 2844 2823
f 2615 2614 2833
f 2615 2833 2843
f 2612 2611 2845
f 2612 2845 2846
f 2613 2612 2846
f 2613 2846 2832
f 2611 2610 2827
f 2611 2827 2845
f 2609 2608 2834
f 2609 2834 2826
f 2498 2809 2507
f 2484 2035 2817
f 2035 2818 2817
f 2605 2847 2848
f 2605 2604 2847
f 2604 2849 2847
f 2604 2606 2849
f 2606 2850 2849
f 2606 2597 2850
f 2597 2851 2850
f 2597 2596 2851
f 2596 2852 2851
f 2596 2603 2852
f 2603 2853 2852
f 2603 2602 2853
f 2602 2854 2853
f 2602 2599 2854
f 2599 2855 2854
f 2599 2598 2855
f 2598 2856 2855
f 2598 2601 2856
f 2601 2857 2856
f 2601 2600 2857
f 2600 2858 2857
f 2600 2580 2858
f 2580 2859 2858
f 2580 2579 2859
f 2579 2860 2859
f 2579 2595 2860
f 2595 2861 2860
f 2595 2594 2861
f 2594 2862 2861
f 2594 2591 2862
f 2591 2863 2862
f 2591 2590 2863
f 2590 2864 2863
f 2590 2593 2864
f 2593 2865 2864
f 2593 2592 2865
f 2592 2866 2865
f 2592 2582 2866
f 2582 2867 2866
f 2582 2581 2867
f 2581 2868 2867
f 2581 2589 2868
f 2589 2869 2868
f 2589 2588 2869
f 2588 2870 2869
f 2588 2585 2870
f 2585 2871 2870
f 2585 2584 2871
f 2586 2496 2872
f 2586 2820 2496
f 2587 2872 2873
f 2587 2586 2872
f 2584 2873 2871
f 2584 2587 2873
f 2542 2577 2874
f 2577 2848 2874
f 2577 2605 2848
f 2280 2543 2813
f 2543 2754 2813
f 2304 2300 2812
f 2300 2808 2812
f 2317 2311 2752
f 2311 2811 2752
f 2325 2308 2807
f 2308 2810 2807
f 2325 2806 2329
f 2292 2293 3427
f 2293 2814 3427
f 2516 2875 2524
f 2516 2815 2875
f 2508 2517 2805
f 2324 2328 2758
f 2330 2876 2328
f 2334 2877 2876
f 2330 2334 2876
f 2340 2878 2877
f 2334 2340 2877
f 2343 2802 2878
f 2340 2343 2878
f 2335 2766 2341
f 2335 2760 2766
f 2188 2535 2755
f 2535 2756 2755
f 2319 3401 2879
f 2305 2319 2879
f 2305 2879 2880
f 2306 2305 2880
f 2306 2880 2881
f 2316 2306 2881
f 2316 2881 2882
f 2310 2316 2882
f 2310 2882 3419
f 2303 2310 3419
f 2303 3419 2883
f 2299 2303 2883
f 2299 2883 2884
f 2291 2299 2884
f 2291 2884 2885
f 2548 2291 2885
f 2548 2885 2886
f 2540 2548 2886
f 2540 2886 2887
f 2523 2540 2887
f 2523 2887 2888
f 2515 2523 2888
f 2515 2888 2889
f 2506 2515 2889
f 2506 2889 2692
f 2569 2506 2692
f 2565 2719 2890
f 2565 2568 2719
f 2564 2892 2891
f 2564 2890 2892
f 2564 2565 2890
f 2564 2891 2893
f 2489 2564 2893
f 2489 2893 2894
f 2494 2489 2894
f 2494 2894 2895
f 2499 2494 2895
f 2499 2895 2896
f 2145 2499 2896
f 2145 2896 2897
f 2162 2145 2897
f 2162 2897 2898
f 2172 2162 2898
f 2172 2898 2899
f 2189 2172 2899
f 2189 2899 2900
f 2203 2189 2900
f 2203 2900 2901
f 2276 2203 2901
f 2276 2901 2538
f 384 2720 2539
f 2359 2715 2718
f 2359 2369 2715
f 2378 2368 2711
f 2378 2711 2712
f 2634 2902 2903
f 2634 2638 2902
f 2576 2904 2905
f 2576 2632 2904
f 2562 2906 2907
f 2562 2572 2906
f 2391 2908 2909
f 2391 2400 2908
f 2544 2907 2910
f 2544 2562 2907
f 2513 2910 2911
f 2513 2544 2910
f 2492 2911 2912
f 2492 2513 2911
f 2468 2912 2913
f 2468 2492 2912
f 2458 2913 2914
f 2458 2468 2913
f 2400 2914 2908
f 2400 2458 2914
f 2384 2909 2716
f 2384 2391 2909
f 2572 2905 2906
f 2572 2576 2905
f 2632 2903 2904
f 2632 2634 2903
f 2679 2915 2916
f 2679 2668 2915
f 2672 2916 2917
f 2672 2679 2916
f 2658 2917 2918
f 2658 2672 2917
f 2654 2918 2919
f 2654 2658 2918
f 2653 2919 2920
f 2653 2654 2919
f 2653 2920 2921
f 2648 2921 2922
f 2648 2653 2921
f 2646 2922 2923
f 2646 2648 2922
f 2645 2923 2924
f 2645 2646 2923
f 2641 2924 2925
f 2641 2645 2924
f 2640 2925 2926
f 2640 2641 2925
f 2638 2926 2902
f 2638 2640 2926
f 2370 2717 2714
f 2370 2380 2717
f 2360 2682 2927
f 2360 2927 2684
f 2682 2680 2697
f 2682 2697 2927
f 2361 2691 2928
f 2361 2928 2929
f 2361 2929 2930
f 2361 2930 2931
f 2361 2931 2932
f 2361 2932 2933
f 2361 2933 2934
f 2361 2934 2915
f 2361 2915 2668
f 2790 2935 2791
f 2749 2750 2937
f 2790 2938 2939
f 2790 2939 2935
f 2937 2750 2936
f 2938 2940 2939
f 2937 2936 2941
f 2937 2941 2943
f 2938 2944 2945
f 2938 2945 2940
f 2943 2941 2942
f 2943 2942 2946
f 2944 2947 2945
f 2943 2946 2949
f 2944 2950 2951
f 2944 2951 2947
f 2949 2946 2948
f 2950 2952 2951
f 2949 2948 2953
f 2949 2953 2950
f 2950 2953 2952
f 2683 2837 2954
f 2683 2954 2819
f 2750 2793 2955
f 2750 2955 2936
f 2791 2935 2549
f 2915 2934 2916
f 2684 2927 2956
f 2684 2956 2685
f 2927 2697 2957
f 2927 2957 2956
f 2916 2958 2917
f 2916 2934 2958
f 2660 2773 2959
f 2660 2959 2759
f 2917 2960 2918
f 2917 2958 2960
f 2697 2696 2961
f 2697 2961 2957
f 2784 2962 3009
f 2777 2963 2675
f 2784 2664 2962
f 2796 2964 2965
f 2796 2965 2797
f 2780 2781 2966
f 2780 2967 2779
f 2780 2966 2967
f 2796 2795 2964
f 2781 2968 2966
f 2781 2782 2968
f 2797 2965 2969
f 2797 2969 2798
f 2676 2970 2971
f 2676 2971 2788
f 2786 2667 2972
f 2786 2972 3082
f 2676 2792 2970
f 2664 2785 2973
f 2675 2974 2787
f 2675 2963 2974
f 2664 2973 2962
f 2798 2969 2975
f 2798 2975 2799
f 2782 2783 2976
f 2782 2976 2968
f 2918 2977 2919
f 2918 2960 2977
f 2696 2695 2978
f 2696 2978 2961
f 2795 2794 2979
f 2779 2980 2778
f 2779 2967 2980
f 2795 2979 2964
f 2788 2971 2981
f 2788 2981 2666
f 2667 2982 2972
f 2667 2789 2982
f 2789 2983 2982
f 2789 2787 2983
f 2666 2981 2984
f 2666 2984 2785
f 2785 2984 2973
f 2787 2974 2983
f 2799 2975 3136
f 2799 3136 2655
f 2783 2985 2976
f 2783 2644 2985
f 2919 2986 2920
f 2919 2977 2986
f 2695 2699 2987
f 2695 2987 2978
f 2794 2988 2979
f 2778 3151 2989
f 2778 2980 3151
f 2794 3009 2988
f 2655 3136 2990
f 2655 2990 2774
f 2644 2759 2991
f 2644 2991 2985
f 2920 2992 2921
f 2920 2986 2992
f 2921 2993 2922
f 2921 2992 2993
f 2699 2698 2994
f 2699 2994 2987
f 2542 2874 2753
f 2891 2892 2893
f 2771 2772 2995
f 2771 2995 2773
f 2922 2996 2923
f 2922 2993 2996
f 2698 2694 2997
f 2698 2997 2994
f 2793 3082 2955
f 2923 2998 2924
f 2923 2996 2998
f 2694 2693 3000
f 2694 3000 2997
f 2924 2999 2925
f 2924 2998 2999
f 2693 2704 3000
f 2925 3001 2926
f 2925 2999 3001
f 2759 3217 2991
f 2774 2990 3002
f 2774 3002 2775
f 2759 2959 3217
f 2926 3003 2902
f 2926 3001 3003
f 2704 2703 3004
f 2704 3004 3005
f 2704 3005 3000
f 2902 3006 2903
f 2902 3003 3006
f 2903 3006 3007
f 2903 3007 2904
f 2703 2702 3008
f 2703 3008 3004
f 2989 3010 2777
f 2904 3011 2905
f 2904 3007 3011
f 2934 2933 2958
f 2685 2956 3012
f 2685 3012 2686
f 2905 3011 3013
f 2905 3013 2906
f 2702 2705 3081
f 2702 3081 3008
f 2958 3014 2960
f 2958 2933 3014
f 2956 2957 3015
f 2956 3015 3012
f 2936 2955 3016
f 2936 3016 2941
f 2935 2939 3017
f 2935 3017 2549
f 2837 3076 2954
f 2837 2836 3076
f 2753 2874 3018
f 2496 2821 2872
f 2873 3019 3020
f 2873 2872 3019
f 2872 3021 3019
f 2872 2821 3021
f 2874 3022 3018
f 2874 2848 3022
f 2848 3023 3022
f 2848 2847 3023
f 2871 3020 3024
f 2871 2873 3020
f 2870 3024 3025
f 2870 2871 3024
f 2869 3025 3026
f 2869 2870 3025
f 2868 3026 3027
f 2868 2869 3026
f 2867 3027 3028
f 2867 2868 3027
f 2866 3028 3029
f 2866 2867 3028
f 2865 3029 3030
f 2865 2866 3029
f 2864 3030 3031
f 2864 2865 3030
f 2863 3031 3032
f 2863 2864 3031
f 2862 3032 3033
f 2862 2863 3032
f 2861 3033 3034
f 2861 2862 3033
f 2860 3034 3035
f 2860 2861 3034
f 2859 3035 3036
f 2859 2860 3035
f 2858 3036 3037
f 2858 2859 3036
f 2857 3037 3038
f 2857 2858 3037
f 2856 3038 3039
f 2856 2857 3038
f 2855 3039 3040
f 2855 2856 3039
f 2854 3040 3041
f 2854 2855 3040
f 2853 3041 3042
f 2853 2854 3041
f 2852 3042 3043
f 2852 2853 3042
f 2851 3043 3044
f 2851 2852 3043
f 2850 3044 3045
f 2850 2851 3044
f 2849 3045 3046
f 2849 2850 3045
f 2847 3046 3023
f 2847 2849 3046
f 2822 3048 3047
f 2822 2875 3048
f 2822 3047 3049
f 2834 2822 3049
f 2834 3049 3050
f 2826 2834 3050
f 2826 3050 3051
f 2827 2826 3051
f 2827 3051 3052
f 2845 2827 3052
f 2845 3052 3053
f 2846 2845 3053
f 2846 3053 3054
f 2832 2846 3054
f 2832 3054 3055
f 2833 2832 3055
f 2833 3055 3056
f 2843 2833 3056
f 2843 3056 3057
f 2844 2843 3057
f 2844 3057 3058
f 2823 2844 3058
f 2823 3058 3059
f 2824 2823 3059
f 2824 3059 3060
f 2842 2824 3060
f 2842 3060 3061
f 2842 3061 3062
f 2830 2842 3062
f 2830 3062 3063
f 2831 2830 3063
f 2831 3063 3064
f 2840 2831 3064
f 2840 3064 3065
f 2841 2840 3065
f 2841 3065 3066
f 2841 3066 3067
f 2825 2841 3067
f 2825 3067 3068
f 2838 2825 3068
f 2838 3068 3069
f 2839 2838 3069
f 2839 3069 3070
f 2828 2839 3070
f 2828 3070 3071
f 2829 2828 3071
f 2829 3071 3072
f 2835 2829 3072
f 2835 3072 3073
f 2836 2835 3073
f 2836 3073 3074
f 2836 3074 3075
f 2836 3075 3076
f 2906 3077 2907
f 2906 3013 3077
f 2960 3078 2977
f 2960 3014 3078
f 2957 2961 3079
f 2957 3079 3015
f 2907 3077 3080
f 2907 3080 2910
f 2792 3083 2970
f 2775 3002 3084
f 2775 3084 2776
f 2719 2718 3085
f 2368 2692 3086
f 2368 3086 2710
f 2719 3085 2890
f 2890 3087 2892
f 2890 3085 3087
f 2692 2889 3098
f 2692 3098 3086
f 2753 3088 2754
f 2753 3018 3088
f 2962 3089 3009
f 2777 3090 2963
f 2777 3010 3090
f 2962 2973 3089
f 2892 3087 3091
f 2892 3091 2893
f 2961 2978 3092
f 2961 3092 3079
f 2977 3093 2986
f 2977 3078 3093
f 3091 3094 3095
f 3091 3096 3094
f 3091 3097 3096
f 3091 3087 3097
f 3091 3095 2893
f 2910 3099 2911
f 2910 3080 3099
f 2964 3100 3101
f 2964 3101 2965
f 2966 2968 3102
f 2966 3103 2967
f 2966 3102 3103
f 2964 2979 3100
f 2968 3104 3102
f 2968 2976 3104
f 2965 3101 3105
f 2965 3105 2969
f 2972 2982 3106
f 2970 3083 3107
f 2970 3107 2971
f 2972 3106 3082
f 2973 2984 3108
f 2963 3109 2974
f 2963 3090 3109
f 2973 3108 3089
f 2969 3105 3110
f 2969 3110 2975
f 2976 2985 3111
f 2976 3111 3104
f 2979 2988 3112
f 2967 3113 2980
f 2967 3103 3113
f 2979 3112 3100
f 2982 3114 3106
f 2971 3107 3115
f 2971 3115 2981
f 2982 2983 3114
f 2549 3017 3116
f 2549 3116 2792
f 2978 2987 3117
f 2978 3117 3092
f 2986 3118 2992
f 2986 3093 3118
f 2885 3119 3120
f 2885 3120 2886
f 2813 3121 2814
f 2813 2754 3121
f 2885 2884 3119
f 2983 3122 3114
f 2983 2974 3122
f 2981 3115 3123
f 2981 3123 2984
f 2984 3123 3108
f 2974 3109 3122
f 2911 3124 2912
f 2911 3099 3124
f 2705 2701 3125
f 2705 3125 3126
f 2705 3126 3081
f 2886 3120 3127
f 2886 3127 2887
f 2754 3088 3128
f 2754 3128 3129
f 2754 3129 3130
f 2754 3130 3131
f 2754 3131 3121
f 2538 2901 2748
f 2539 3132 2757
f 2539 3133 3132
f 2901 2900 3134
f 2901 3134 2748
f 2539 2720 3133
f 2985 3135 3111
f 2985 2991 3135
f 2975 3110 3136
f 2900 3137 3134
f 2900 2899 3137
f 2757 3138 2756
f 2757 3132 3138
f 2773 3139 2959
f 2776 3084 3140
f 2776 3140 2769
f 2773 2995 3139
f 2933 2932 3014
f 2686 3012 3141
f 2686 3141 2687
f 2992 3142 2993
f 2992 3118 3142
f 2899 3143 3137
f 2899 2898 3143
f 2756 3144 2755
f 2756 3138 3144
f 3012 3015 3145
f 3012 3145 3141
f 3014 3146 3078
f 3014 2932 3146
f 3009 3089 3241
f 2989 3147 3010
f 2989 3151 3147
f 3009 3241 2988
f 2987 2994 3148
f 2987 3148 3117
f 2993 3149 2996
f 2993 3142 3149
f 2988 3150 3112
f 2980 3334 3151
f 2980 3113 3334
f 2988 3241 3150
f 2701 2700 3152
f 2701 3152 3125
f 2898 3153 3143
f 2898 2897 3153
f 2755 3154 2517
f 2755 3144 3154
f 2875 2815 3048
f 2887 3127 3155
f 2887 3155 2888
f 2815 3047 3048
f 2815 3156 3047
f 2815 3157 3156
f 2815 3158 3157
f 2815 2507 3158
f 3015 3079 3159
f 3015 3159 3145
f 3078 3160 3093
f 3078 3146 3160
f 2941 3016 3161
f 2941 3161 2942
f 2939 2940 3162
f 2939 3162 3017
f 2994 2997 3163
f 2994 3163 3148
f 2996 3164 2998
f 2996 3149 3164
f 2897 3165 3153
f 2897 2896 3165
f 2517 3166 2805
f 2517 3154 3166
f 3088 3018 3128
f 2888 3155 3167
f 2888 3167 2889
f 2507 3168 3158
f 2507 2809 3168
f 3076 3075 2954
f 3095 3094 2893
f 3098 2889 3178
f 3098 3178 3086
f 2912 3169 2913
f 2912 3124 3169
f 2700 2709 3170
f 2700 3170 3152
f 2896 2895 3171
f 2896 3171 3165
f 2805 3172 2804
f 2805 3166 3172
f 2997 3000 3173
f 2997 3173 3163
f 2998 3174 2999
f 2998 3164 3174
f 3000 3175 3173
f 2999 3174 3001
f 2895 3176 3171
f 2895 2894 3176
f 2804 3177 2500
f 2804 3172 3177
f 2889 3167 3178
f 2809 2487 3179
f 2809 3179 3168
f 3001 3180 3003
f 3001 3174 3180
f 3000 3005 3181
f 3000 3181 3175
f 3093 3182 3118
f 3093 3160 3182
f 3079 3092 3183
f 3079 3183 3159
f 2769 3140 3184
f 2769 3184 2770
f 3005 3004 3185
f 3005 3185 3181
f 3003 3180 3186
f 3003 3186 3006
f 3082 3337 2955
f 3082 3106 3337
f 2792 3116 3187
f 2792 3187 3083
f 2959 3139 3188
f 2959 3188 3217
f 2894 2893 3189
f 2894 3189 3176
f 2500 3190 2803
f 2500 3177 3190
f 2932 2931 3146
f 2687 3141 3191
f 2687 3191 2688
f 2487 3192 3179
f 2487 2816 3192
f 3006 3193 3007
f 3006 3186 3193
f 2893 3194 3189
f 2893 3094 3194
f 2803 3021 2821
f 2803 3195 3021
f 2803 3196 3195
f 2803 3197 3196
f 2803 3190 3197
f 2913 3198 2914
f 2913 3169 3198
f 2709 2708 3199
f 2709 3199 3170
f 3141 3145 3200
f 3141 3200 3191
f 3146 2931 3201
f 3146 3201 3160
f 3094 3096 3194
f 2955 3337 3016
f 2816 3202 3192
f 2816 2817 3202
f 3004 3008 3203
f 3004 3203 3185
f 3007 3204 3011
f 3007 3193 3204
f 2817 3205 3202
f 2817 2818 3205
f 3178 3167 3206
f 3178 3207 3086
f 3178 3206 3207
f 2818 2819 3208
f 2818 3208 3205
f 2819 2954 3209
f 2819 3209 3208
f 2954 3210 3209
f 2954 3075 3211
f 2954 3211 3212
f 2954 3212 3210
f 3089 3213 3241
f 3010 3214 3090
f 3010 3147 3214
f 3089 3108 3213
f 2768 3216 2767
f 2990 3218 3002
f 3011 3219 3013
f 3011 3204 3219
f 3100 3220 3221
f 3100 3221 3101
f 3102 3104 3222
f 3102 3223 3103
f 3102 3222 3223
f 3100 3112 3220
f 3118 3182 3353
f 3118 3353 3142
f 3092 3117 3224
f 3092 3224 3183
f 2991 3217 3225
f 2991 3225 3135
f 3136 3316 3226
f 3136 3226 2990
f 3136 3110 3316
f 3104 3227 3222
f 3104 3111 3227
f 3101 3221 3228
f 3101 3228 3105
f 3145 3159 3229
f 3145 3229 3200
f 3160 3201 3230
f 3160 3230 3182
f 2914 3231 2908
f 2914 3198 3231
f 2708 2707 3232
f 2708 3232 3199
f 3008 3081 3233
f 3008 3233 3203
f 3013 3219 3234
f 3013 3234 3077
f 3083 3187 3235
f 3083 3235 3107
f 3106 3114 3236
f 3106 3236 3337
f 3105 3228 3237
f 3105 3237 3110
f 3111 3135 3238
f 3111 3238 3227
f 3142 3239 3149
f 3142 3353 3239
f 3151 3240 3147
f 2688 3191 2689
f 3112 3150 3242
f 3103 3243 3113
f 3103 3223 3243
f 3112 3242 3220
f 2908 3244 2909
f 2908 3231 3244
f 3108 3123 3245
f 3090 3246 3109
f 3090 3214 3246
f 3108 3245 3213
f 2931 2930 3201
f 2689 3191 3247
f 3107 3235 3248
f 3107 3248 3115
f 3114 3249 3236
f 3114 3122 3249
f 3047 3156 3049
f 3019 3196 3250
f 3019 3195 3196
f 3019 3021 3195
f 3074 3073 3251
f 3074 3251 3252
f 3074 3252 3212
f 3074 3212 3211
f 3075 3074 3211
f 3072 3071 3253
f 3072 3253 3254
f 3073 3072 3254
f 3073 3254 3251
f 3070 3069 3255
f 3070 3255 3256
f 3071 3070 3256
f 3071 3256 3253
f 3068 3067 3257
f 3068 3257 3258
f 3069 3068 3258
f 3069 3258 3255
f 3066 3065 3259
f 3066 3259 3260
f 3067 3066 3260
f 3067 3260 3257
f 3064 3063 3261
f 3064 3261 3262
f 3065 3064 3262
f 3065 3262 3259
f 3062 3061 3263
f 3062 3263 3264
f 3063 3062 3264
f 3063 3264 3261
f 3060 3059 3265
f 3060 3265 3266
f 3061 3060 3266
f 3061 3266 3263
f 3058 3057 3267
f 3058 3267 3268
f 3059 3058 3268
f 3059 3268 3265
f 3056 3055 3269
f 3056 3269 3270
f 3057 3056 3270
f 3057 3270 3267
f 3054 3053 3271
f 3054 3271 3272
f 3055 3054 3272
f 3055 3272 3269
f 3052 3051 3273
f 3052 3273 3274
f 3053 3052 3274
f 3053 3274 3271
f 3051 3050 3275
f 3051 3275 3273
f 3050 3049 3276
f 3050 3276 3275
f 3049 3156 3157
f 3049 3157 3276
f 3046 3277 3278
f 3046 3045 3277
f 3045 3279 3277
f 3045 3044 3279
f 3044 3280 3279
f 3044 3043 3280
f 3043 3281 3280
f 3043 3042 3281
f 3042 3282 3281
f 3042 3041 3282
f 3041 3283 3282
f 3041 3040 3283
f 3040 3284 3283
f 3040 3039 3284
f 3039 3285 3284
f 3039 3038 3285
f 3038 3286 3285
f 3038 3037 3286
f 3037 3287 3286
f 3037 3036 3287
f 3036 3288 3287
f 3036 3035 3288
f 3035 3289 3288
f 3035 3034 3289
f 3034 3290 3289
f 3034 3033 3290
f 3033 3291 3290
f 3033 3032 3291
f 3032 3292 3291
f 3032 3031 3292
f 3031 3293 3292
f 3031 3030 3293
f 3030 3294 3293
f 3030 3029 3294
f 3029 3295 3294
f 3029 3028 3295
f 3028 3296 3295
f 3028 3027 3296
f 3027 3297 3296
f 3027 3026 3297
f 3026 3298 3297
f 3026 3025 3298
f 3025 3299 3298
f 3025 3024 3299
f 3020 3250 3300
f 3020 3019 3250
f 3024 3300 3299
f 3024 3020 3300
f 3023 3278 3301
f 3023 3046 3278
f 3022 3301 3302
f 3022 3023 3301
f 3018 3302 3303
f 3018 3022 3302
f 3128 3018 3303
f 3077 3304 3080
f 3077 3234 3304
f 2942 3161 3305
f 2942 3305 2946
f 2940 2945 3306
f 2940 3306 3162
f 3096 3097 3194
f 2909 3244 3307
f 2909 3307 2716
f 2707 2706 3308
f 2707 3308 3232
f 3201 3309 3230
f 3191 3200 3310
f 3191 3310 3247
f 3201 2929 3309
f 3201 2930 2929
f 3149 3311 3164
f 3149 3239 3311
f 3117 3148 3312
f 3117 3312 3224
f 3122 3313 3249
f 3122 3109 3313
f 3115 3248 3314
f 3115 3314 3123
f 3123 3314 3245
f 3109 3246 3313
f 3135 3315 3238
f 3135 3225 3315
f 3110 3237 3316
f 2689 3247 2690
f 2716 3317 2717
f 2716 3307 3317
f 3159 3183 3229
f 3182 3230 3318
f 3182 3318 3353
f 3081 3319 3233
f 3080 3304 3320
f 3080 3320 3099
f 2767 3216 3321
f 2767 3321 2371
f 2762 2763 3322
f 2762 3322 3215
f 2717 3317 3323
f 2717 3323 2714
f 2706 2713 3324
f 2706 3324 3325
f 2706 3325 3308
f 2690 3247 3326
f 3230 3327 3318
f 3230 3309 3327
f 3200 3229 3328
f 3200 3328 3310
f 3164 3329 3174
f 3164 3311 3329
f 3148 3163 3330
f 3148 3330 3312
f 2713 2712 3331
f 2713 3331 3324
f 2714 3332 2715
f 2714 3323 3332
f 3150 3333 3242
f 3113 3527 3334
f 3113 3243 3527
f 3150 3335 3333
f 3150 3241 3335
f 3017 3162 3336
f 3017 3336 3116
f 2690 3326 2691
f 3309 3326 3327
f 3247 3310 3338
f 3247 3338 3326
f 3309 2691 3326
f 3309 2928 2691
f 3309 2929 2928
f 2763 3339 3322
f 2763 2764 3339
f 2371 3321 3340
f 2371 3340 2800
f 2715 3332 3341
f 2715 3341 2718
f 2712 2711 3342
f 2712 3342 3331
f 3225 3217 3343
f 2718 3344 3085
f 2711 3345 3346
f 2711 2710 3345
f 2711 3346 3342
f 2718 3341 3344
f 3116 3347 3187
f 3188 3139 3348
f 3002 3218 3349
f 3002 3349 3084
f 3188 3348 3217
f 3174 3329 3350
f 3163 3173 3351
f 3163 3351 3330
f 3183 3224 3352
f 2990 3226 3218
f 3217 3348 3343
f 3085 3344 3354
f 2710 3086 3355
f 2710 3355 3345
f 3085 3354 3087
f 3099 3356 3124
f 3099 3320 3356
f 2800 3340 3357
f 2800 3357 2801
f 2764 2765 3358
f 2764 3358 3339
f 3081 3126 3417
f 3081 3417 3319
f 3086 3360 3359
f 3086 3207 3360
f 3086 3359 3355
f 3087 3361 3097
f 3087 3354 3361
f 3174 3350 3362
f 3173 3175 3363
f 3173 3363 3351
f 3174 3362 3180
f 3207 3206 3360
f 3180 3362 3186
f 3175 3181 3373
f 3175 3373 3363
f 3097 3364 3194
f 3097 3365 3364
f 3097 3366 3365
f 3097 3367 3366
f 3097 3368 3367
f 3097 3361 3368
f 2772 3651 2995
f 2772 3215 3651
f 2770 3184 3369
f 2770 3369 2526
f 3326 3338 3327
f 2801 3357 3370
f 2801 3370 2802
f 2765 3371 3358
f 2765 2766 3371
f 3186 3362 3372
f 3181 3185 3373
f 3186 3372 3193
f 3327 3338 3374
f 3327 3374 3318
f 3310 3328 3375
f 3310 3375 3338
f 2802 3370 3376
f 2802 3376 2878
f 2766 3377 3371
f 2766 2760 3377
f 2760 2761 3378
f 2878 3376 3379
f 2878 3379 2877
f 2760 3378 3377
f 3318 3374 3353
f 3229 3183 3380
f 3229 3380 3328
f 2946 3305 3381
f 2946 3381 2948
f 2945 2947 3382
f 2945 3382 3306
f 3128 3303 3129
f 3239 3353 3383
f 3239 3383 3311
f 3220 3384 3385
f 3220 3385 3221
f 3222 3227 3386
f 3222 3387 3223
f 3222 3386 3387
f 3220 3242 3384
f 3227 3388 3386
f 3227 3238 3388
f 3221 3385 3389
f 3221 3389 3228
f 3193 3390 3204
f 3193 3372 3390
f 3364 3365 3194
f 3360 3206 3359
f 2761 3391 3378
f 2877 3379 4052
f 2877 4052 2876
f 2761 2329 3391
f 3241 3392 3335
f 3241 3213 3392
f 3151 3393 3240
f 3151 3334 3393
f 3147 3394 3214
f 3147 3240 3394
f 3213 3245 3392
f 2876 4052 3395
f 2876 3395 2328
f 2329 3396 3391
f 2329 2806 3396
f 2328 3395 3397
f 2328 3397 2758
f 2806 4065 3396
f 2806 2807 4065
f 3204 3390 3398
f 3204 3398 3219
f 3185 3203 3399
f 3185 3399 3400
f 3185 3400 3373
f 2758 3397 3401
f 2807 4069 4065
f 2807 2810 3402
f 2807 3402 4069
f 3228 3389 3403
f 3228 3403 3237
f 3238 3315 3404
f 3238 3404 3388
f 3224 3312 3405
f 3224 3405 3352
f 3311 3383 3406
f 3311 3406 3329
f 3401 3407 2879
f 2810 2751 3402
f 2881 3408 3409
f 2881 3409 2882
f 2881 2880 3408
f 2811 3410 2752
f 2811 3411 3410
f 2811 2812 3411
f 3338 3412 3374
f 3338 3375 3412
f 2880 3413 3408
f 2880 2879 3413
f 2752 3414 2751
f 2752 3410 3414
f 3242 3333 3415
f 3223 3416 3243
f 3223 3387 3416
f 3242 3415 3384
f 3126 3125 3417
f 3124 3418 3169
f 3124 3356 3418
f 2882 3409 3419
f 2812 3420 3411
f 2812 2808 3420
f 3316 3432 3421
f 3316 3421 3226
f 3225 3343 3542
f 3225 3542 3422
f 3225 3422 3315
f 3316 3237 3432
f 2995 3651 3652
f 2995 3652 3139
f 2879 3407 3413
f 2751 3414 3402
f 3219 3423 3234
f 3219 3398 3423
f 3236 3249 3424
f 3187 3347 3425
f 3187 3425 3235
f 3236 3424 3337
f 3374 3448 3353
f 3328 3380 3375
f 3374 3412 3448
f 2883 3426 2884
f 3353 3448 3383
f 3183 3352 3428
f 3183 3428 3380
f 3245 3314 3429
f 3214 3430 3246
f 3214 3394 3430
f 3245 3429 3392
f 3016 3559 3161
f 3016 3337 3559
f 3315 3431 3404
f 3315 3422 3431
f 3237 3403 3432
f 2884 3426 3433
f 2884 3433 3119
f 2814 3121 3434
f 2814 3434 3427
f 2948 3381 3435
f 2948 3435 2953
f 2947 2951 3436
f 2947 3436 3382
f 3249 3437 3424
f 3235 3425 3438
f 3235 3438 3248
f 3249 3313 3437
f 3234 3423 3439
f 3203 3233 3440
f 3203 3440 3399
f 3234 3439 3304
f 3312 3330 3441
f 3312 3441 3405
f 3329 3406 3442
f 3329 3442 3350
f 3375 3380 3443
f 3119 3433 3444
f 3119 3444 3120
f 3121 3131 3445
f 3121 3445 3434
f 3313 3446 3437
f 3313 3246 3446
f 3248 3438 3447
f 3248 3447 3314
f 3412 3375 3448
f 3314 3447 3429
f 3246 3430 3446
f 3343 3348 3542
f 3226 3449 3218
f 3120 3444 3450
f 3120 3450 3127
f 3131 3451 3452
f 3131 3452 3453
f 3131 3453 3454
f 3131 3454 3455
f 3131 3130 3451
f 3131 3455 3445
f 2720 2721 3133
f 3383 3456 3406
f 3383 3448 3456
f 3133 3457 3132
f 3133 3458 3457
f 3134 3137 3459
f 3134 3459 2748
f 3133 2721 3458
f 3129 3303 3130
f 3375 3443 3448
f 3137 3460 3459
f 3137 3143 3460
f 3132 3461 3138
f 3132 3457 3461
f 3125 3152 3462
f 3125 3462 3417
f 3169 3418 3463
f 3157 3464 3276
f 3196 3197 3250
f 3130 3452 3451
f 3130 3465 3452
f 3130 3303 3465
f 3298 3466 3467
f 3298 3299 3466
f 3300 3468 3469
f 3300 3250 3468
f 3250 3470 3468
f 3250 3197 3470
f 3299 3469 3466
f 3299 3300 3469
f 3294 3471 3472
f 3294 3295 3471
f 3296 3473 3474
f 3296 3297 3473
f 3297 3467 3473
f 3297 3298 3467
f 3295 3474 3471
f 3295 3296 3474
f 3290 3475 3476
f 3290 3291 3475
f 3292 3477 3478
f 3292 3293 3477
f 3293 3472 3477
f 3293 3294 3472
f 3291 3478 3475
f 3291 3292 3478
f 3286 3479 3480
f 3286 3287 3479
f 3288 3481 3482
f 3288 3289 3481
f 3289 3476 3481
f 3289 3290 3476
f 3287 3482 3479
f 3287 3288 3482
f 3282 3483 3484
f 3282 3283 3483
f 3284 3485 3486
f 3284 3285 3485
f 3285 3480 3485
f 3285 3286 3480
f 3283 3486 3483
f 3283 3284 3486
f 3277 3487 3488
f 3277 3279 3487
f 3280 3489 3490
f 3280 3281 3489
f 3281 3484 3489
f 3281 3282 3484
f 3279 3490 3487
f 3279 3280 3490
f 3302 3491 3492
f 3302 3301 3491
f 3301 3493 3491
f 3301 3278 3493
f 3278 3488 3493
f 3278 3277 3488
f 3303 3492 3465
f 3303 3302 3492
f 3252 3494 3495
f 3252 3495 3212
f 3252 3251 3496
f 3252 3496 3494
f 3251 3254 3497
f 3251 3497 3496
f 3254 3253 3498
f 3254 3498 3497
f 3253 3256 3499
f 3253 3499 3498
f 3256 3255 3500
f 3256 3500 3499
f 3255 3258 3501
f 3255 3501 3500
f 3258 3257 3502
f 3258 3502 3501
f 3257 3260 3503
f 3257 3503 3502
f 3260 3259 3504
f 3260 3504 3503
f 3259 3262 3505
f 3259 3505 3504
f 3262 3261 3506
f 3262 3506 3505
f 3261 3264 3507
f 3261 3507 3506
f 3264 3263 3508
f 3264 3508 3507
f 3263 3266 3509
f 3263 3509 3508
f 3266 3265 3510
f 3266 3510 3509
f 3265 3268 3511
f 3265 3511 3510
f 3268 3267 3512
f 3268 3512 3511
f 3267 3270 3513
f 3267 3513 3512
f 3270 3269 3514
f 3270 3514 3513
f 3269 3272 3515
f 3269 3515 3514
f 3272 3271 3516
f 3272 3516 3515
f 3271 3274 3517
f 3271 3517 3516
f 3274 3273 3518
f 3274 3518 3517
f 3273 3275 3519
f 3273 3519 3518
f 3275 3276 3520
f 3275 3520 3519
f 3276 3464 3520
f 3304 3521 3320
f 3304 3439 3521
f 2953 3435 2952
f 2951 2952 3522
f 2951 3522 3436
f 3330 3351 3523
f 3330 3523 3441
f 3350 3442 3537
f 3350 3537 3362
f 3139 3524 3348
f 3084 3349 3525
f 3084 3525 3140
f 3139 3652 3524
f 3365 3366 3194
f 3333 3526 3415
f 3243 3629 3527
f 3243 3416 3629
f 3333 3528 3526
f 3333 3335 3528
f 3337 3424 3559
f 3116 3336 3529
f 3116 3529 3347
f 3384 3530 3531
f 3384 3531 3385
f 3386 3388 3532
f 3386 3533 3387
f 3386 3532 3533
f 3384 3415 3530
f 2952 3435 3522
f 3388 3534 3532
f 3388 3404 3534
f 3385 3531 3535
f 3385 3535 3389
f 3380 3428 3536
f 3351 3363 3541
f 3351 3541 3523
f 3406 3538 3442
f 3406 3456 3538
f 3352 3405 3539
f 3352 3539 3428
f 3362 3540 3372
f 3363 3373 3541
f 3362 3537 3540
f 3366 3367 3543
f 3366 3543 3194
f 3138 3544 3144
f 3138 3461 3544
f 3143 3545 3460
f 3143 3153 3545
f 3335 3392 3546
f 3335 3546 3528
f 3334 3547 3393
f 3372 3540 3548
f 3373 3549 3541
f 3372 3548 3390
f 3320 3521 3550
f 3320 3550 3356
f 3233 3319 3551
f 3233 3551 3440
f 3389 3535 3552
f 3389 3552 3403
f 3404 3431 3553
f 3404 3553 3534
f 3390 3554 3398
f 3390 3548 3554
f 3373 3400 3549
f 3456 3448 3555
f 3456 3555 3538
f 3415 3526 3556
f 3387 3557 3416
f 3387 3533 3557
f 3415 3556 3530
f 3448 3443 3555
f 3380 3536 3443
f 3162 3306 3558
f 3162 3558 3336
f 3144 3560 3154
f 3144 3544 3560
f 3153 3561 3545
f 3153 3165 3561
f 3152 3170 3562
f 3152 3562 3462
f 3169 3463 3563
f 3169 3563 3198
f 3157 3158 3564
f 3157 3564 3464
f 3240 3565 3394
f 3240 3393 3565
f 3392 3429 3546
f 2526 3369 3566
f 2526 3566 2768
f 3215 4020 3651
f 3398 3554 3567
f 3400 3399 3568
f 3400 3568 3549
f 3398 3567 3423
f 3442 3569 3537
f 3442 3538 3569
f 3405 3441 3570
f 3405 3570 3539
f 3564 3158 3571
f 3564 3571 3464
f 3127 3450 3572
f 3127 3572 3155
f 3158 3573 3571
f 3158 3168 3573
f 3212 3495 3210
f 3428 3539 3574
f 3428 3574 3536
f 3538 3555 3575
f 3538 3575 3569
f 3431 3576 3553
f 3431 3422 3577
f 3431 3577 3576
f 3403 3552 3578
f 3403 3578 3432
f 3422 3542 3579
f 3432 3578 3580
f 3432 3580 3421
f 3422 3579 3577
f 3555 3443 3575
f 3542 3348 3581
f 3226 3421 3449
f 3530 3582 3583
f 3530 3583 3531
f 3532 3534 3584
f 3532 3585 3533
f 3532 3584 3585
f 3530 3556 3582
f 3423 3567 3586
f 3423 3586 3439
f 3534 3587 3584
f 3534 3553 3587
f 3531 3583 3588
f 3531 3588 3535
f 3443 3589 3575
f 3443 3536 3589
f 3154 3590 3166
f 3154 3560 3590
f 3165 3591 3561
f 3165 3171 3591
f 3356 3592 3418
f 3356 3550 3592
f 3319 3417 3593
f 3319 3593 3551
f 3367 3368 3543
f 3537 3569 3594
f 3441 3523 3603
f 3441 3603 3570
f 3347 3529 3595
f 3347 3595 3425
f 3424 3437 3596
f 3424 3596 3559
f 3155 3572 3597
f 3155 3597 3167
f 3168 3598 3573
f 3168 3599 3598
f 3168 3179 3599
f 3429 3447 3600
f 3394 3601 3430
f 3394 3565 3601
f 3429 3600 3546
f 3537 3602 3540
f 3537 3594 3602
f 3523 3541 3603
f 3575 3589 3604
f 3575 3604 3569
f 3536 3574 3605
f 3536 3605 3589
f 3535 3588 3606
f 3535 3606 3552
f 3553 3576 3607
f 3553 3607 3587
f 3166 3608 3172
f 3166 3590 3608
f 3171 3176 3609
f 3171 3609 3591
f 3170 3199 3610
f 3170 3610 3562
f 3198 3563 3611
f 3198 3611 3231
f 3540 3612 3548
f 3540 3602 3612
f 3541 3613 3603
f 3399 3440 3742
f 3399 3742 3568
f 3439 3586 3614
f 3439 3614 3521
f 3528 3546 3615
f 3334 3616 3547
f 3334 3527 3616
f 3556 3526 3617
f 3556 3617 3618
f 3533 3619 3557
f 3533 3585 3619
f 3556 3618 3582
f 3354 3344 3620
f 3345 3355 3621
f 3345 3621 3346
f 3354 3620 3361
f 3589 3605 3604
f 3425 3595 3622
f 3425 3622 3438
f 3437 3623 3596
f 3437 3446 3623
f 3582 3624 3625
f 3582 3625 3583
f 3584 3587 3624
f 3584 3626 3585
f 3584 3624 3626
f 3582 3618 3624
f 3548 3612 3627
f 3541 3549 3613
f 3548 3627 3554
f 3539 3570 3628
f 3539 3628 3574
f 3569 3604 3594
f 3416 3763 3629
f 3416 3557 3763
f 3526 3630 3617
f 3526 3528 3630
f 3587 3625 3624
f 3587 3607 3625
f 3583 3625 3631
f 3583 3631 3588
f 3172 3632 3177
f 3172 3608 3632
f 3176 3189 3633
f 3176 3633 3609
f 3361 3634 3368
f 3355 3636 3635
f 3355 3359 3636
f 3355 3635 3621
f 3361 3620 3634
f 3167 3597 3637
f 3167 3637 3206
f 3179 3638 3599
f 3179 3192 3638
f 3359 3206 3636
f 3336 3639 3529
f 2721 2722 3458
f 3348 3640 3581
f 3348 3524 3640
f 3218 3449 3641
f 3218 3641 3349
f 3624 3618 3626
f 3368 3642 3543
f 3368 3643 3642
f 3368 3644 3643
f 3368 3634 3644
f 3446 3645 3623
f 3446 3430 3645
f 3438 3622 3646
f 3438 3646 3447
f 3577 3579 3647
f 3161 3759 3305
f 3161 3559 3759
f 3447 3646 3600
f 3430 3601 3645
f 3554 3648 3567
f 3549 3649 3613
f 3554 3627 3648
f 3140 3525 3650
f 3140 3650 3184
f 3625 3607 3631
f 3197 3190 3470
f 3497 3498 3653
f 3497 3653 3654
f 3494 3496 3655
f 3494 3655 3656
f 3501 3502 3657
f 3501 3657 3658
f 3499 3500 3659
f 3499 3659 3660
f 3505 3506 3661
f 3505 3661 3662
f 3503 3504 3663
f 3503 3663 3664
f 3509 3510 3665
f 3509 3665 3666
f 3507 3508 3667
f 3507 3667 3668
f 3513 3514 3669
f 3513 3669 3670
f 3511 3512 3671
f 3511 3671 3672
f 3517 3518 3673
f 3517 3673 3674
f 3515 3516 3675
f 3515 3675 3676
f 3519 3520 3677
f 3519 3677 3678
f 3518 3519 3678
f 3518 3678 3673
f 3464 3571 3790
f 3464 3790 3679
f 3520 3464 3679
f 3520 3679 3677
f 3516 3517 3674
f 3516 3674 3675
f 3514 3515 3676
f 3514 3676 3669
f 3512 3513 3670
f 3512 3670 3671
f 3510 3511 3672
f 3510 3672 3665
f 3508 3509 3666
f 3508 3666 3667
f 3506 3507 3668
f 3506 3668 3661
f 3504 3505 3662
f 3504 3662 3663
f 3502 3503 3664
f 3502 3664 3657
f 3500 3501 3658
f 3500 3658 3659
f 3498 3499 3660
f 3498 3660 3653
f 3496 3497 3654
f 3496 3654 3655
f 3494 3656 3680
f 3494 3680 3681
f 3494 3681 3495
f 3452 3804 3453
f 3452 3682 3804
f 3452 3465 3682
f 3465 3683 3682
f 3465 3492 3683
f 3492 3684 3683
f 3492 3491 3684
f 3491 3685 3684
f 3491 3493 3685
f 3493 3686 3685
f 3493 3488 3686
f 3488 3687 3686
f 3488 3487 3687
f 3487 3688 3687
f 3487 3490 3688
f 3490 3689 3688
f 3490 3489 3689
f 3489 3690 3689
f 3489 3484 3690
f 3484 3691 3690
f 3484 3483 3691
f 3483 3692 3691
f 3483 3486 3692
f 3486 3693 3692
f 3486 3485 3693
f 3485 3694 3693
f 3485 3480 3694
f 3480 3695 3694
f 3480 3479 3695
f 3479 3696 3695
f 3479 3482 3696
f 3482 3697 3696
f 3482 3481 3697
f 3481 3698 3697
f 3481 3476 3698
f 3476 3699 3698
f 3476 3475 3699
f 3475 3700 3699
f 3475 3478 3700
f 3478 3701 3700
f 3478 3477 3701
f 3477 3702 3701
f 3477 3472 3702
f 3472 3703 3702
f 3472 3471 3703
f 3471 3704 3703
f 3471 3474 3704
f 3474 3705 3704
f 3474 3473 3705
f 3473 3706 3705
f 3473 3467 3706
f 3467 3707 3706
f 3467 3466 3707
f 3466 3708 3707
f 3466 3469 3708
f 3469 3709 3708
f 3469 3468 3709
f 3468 3710 3709
f 3468 3711 3710
f 3468 3470 3711
f 3521 3712 3550
f 3521 3614 3712
f 3177 3713 3190
f 3177 3632 3713
f 3189 3194 3714
f 3189 3714 3633
f 3495 3681 3210
f 3588 3631 3715
f 3588 3715 3606
f 3607 3716 3631
f 3607 3576 3716
f 3576 3577 3717
f 3576 3717 3716
f 3552 3606 3718
f 3552 3718 3719
f 3552 3719 3578
f 3206 3637 3636
f 3192 3720 3638
f 3192 3202 3720
f 3567 3648 3721
f 3549 3568 3772
f 3549 3772 3649
f 3567 3721 3586
f 3524 3652 3640
f 3190 3711 3470
f 3190 3722 3711
f 3190 3713 3722
f 3194 3543 3723
f 3194 3723 3714
f 3570 3603 3724
f 3570 3724 3628
f 3594 3604 3725
f 3594 3725 3602
f 3618 3726 3626
f 3618 3617 3726
f 3585 3727 3619
f 3585 3626 3727
f 3604 3605 3725
f 3574 3628 3728
f 3574 3728 3605
f 3542 3581 3729
f 3542 3729 3579
f 3421 3730 3449
f 3418 3592 3731
f 3418 3731 3463
f 3417 3732 3593
f 3631 3716 3715
f 3199 3232 3733
f 3199 3733 3610
f 3231 3611 3734
f 3231 3734 3244
f 3543 3642 3735
f 3543 3735 3723
f 3605 3728 3725
f 3602 3725 3736
f 3602 3736 3612
f 3202 3205 3737
f 3202 3737 3720
f 3642 3643 3738
f 3642 3738 3735
f 3626 3726 3727
f 3603 3613 3739
f 3603 3739 3724
f 3612 3740 3627
f 3612 3736 3740
f 3550 3712 3741
f 3440 3551 3742
f 3550 3741 3592
f 3578 3719 3743
f 3578 3743 3580
f 3577 3647 3744
f 3577 3744 3717
f 3738 3643 3735
f 3636 3637 3635
f 3205 3745 3737
f 3205 3208 3745
f 3586 3746 3614
f 3586 3721 3746
f 3393 3747 3565
f 3393 3547 3747
f 3546 3600 3615
f 3208 3748 3745
f 3208 3209 3748
f 3627 3749 3648
f 3627 3740 3749
f 3209 3750 3748
f 3209 3210 3750
f 3681 3680 3210
f 3210 3751 3750
f 3210 3680 3752
f 3210 3752 3751
f 3244 3753 3307
f 3244 3734 3753
f 3716 3717 3754
f 3716 3754 3715
f 3606 3715 3755
f 3606 3755 3718
f 3725 3728 3736
f 3628 3724 3756
f 3628 3756 3728
f 3711 3757 3710
f 3711 3722 3757
f 3306 3382 3758
f 3306 3758 3558
f 3215 3760 4020
f 3215 3322 3760
f 2768 3566 3761
f 2768 3761 3216
f 3613 3649 3786
f 3613 3786 3739
f 3648 3762 3721
f 3648 3749 3762
f 3557 3764 3763
f 3557 3619 3764
f 3617 3765 3726
f 3617 3630 3765
f 3528 3615 3766
f 3527 3767 3616
f 3528 3766 3630
f 3715 3754 3755
f 3728 3756 3736
f 3736 3756 3740
f 3724 3768 3756
f 3232 3308 3769
f 3232 3769 3733
f 3307 3753 3770
f 3307 3770 3317
f 3724 3739 3768
f 3740 3768 3749
f 3740 3756 3768
f 3614 3771 3712
f 3614 3746 3771
f 3568 3742 3773
f 3568 3773 3772
f 3719 3718 3774
f 3719 3774 3743
f 3717 3744 3754
f 3453 3804 3454
f 3571 3573 3790
f 3402 3775 4069
f 3402 3414 3775
f 3401 3776 3777
f 3401 3777 3407
f 3401 3397 3776
f 3411 3420 3778
f 3411 3779 3410
f 3411 3778 3779
f 3408 3780 3781
f 3408 3781 3409
f 3408 3413 3780
f 3413 3407 3782
f 3413 3782 3780
f 3749 3768 3762
f 3739 3783 3768
f 3410 3784 3414
f 3410 3779 3784
f 3721 3762 3785
f 3649 3772 3786
f 3721 3785 3746
f 3409 3781 4089
f 3409 4089 3419
f 3420 2808 3787
f 3420 3787 3778
f 3596 3623 3788
f 3529 3639 3789
f 3529 3789 3595
f 3596 3788 3559
f 3573 3791 3790
f 3573 3792 3791
f 3573 3793 3792
f 3573 3598 3793
f 3407 3777 3782
f 3414 3784 3775
f 3419 4089 3794
f 3419 3794 2883
f 2808 3427 3795
f 2808 3795 3787
f 3579 3729 3647
f 3421 3580 3730
f 3308 3325 3796
f 3308 3796 3769
f 3463 3797 3563
f 3463 3731 3797
f 3417 3462 3798
f 3417 3798 3732
f 3317 3799 3323
f 3317 3770 3799
f 3768 3783 3762
f 3559 3788 3759
f 3336 3558 3800
f 3336 3800 3639
f 3600 3646 3801
f 3565 3802 3601
f 3565 3747 3802
f 3600 3801 3615
f 3581 3640 3729
f 3762 3783 3785
f 3739 3786 3783
f 3710 3757 3807
f 3710 3807 3709
f 3804 3805 3803
f 3804 3682 3805
f 3790 3791 3679
f 3680 3656 3752
f 2883 3794 3806
f 2883 3806 3426
f 3427 3434 4118
f 3427 4118 3795
f 3807 3808 3709
f 3708 3808 3809
f 3708 3709 3808
f 3706 3810 3811
f 3706 3707 3810
f 3707 3809 3810
f 3707 3708 3809
f 3704 3812 3813
f 3704 3705 3812
f 3705 3811 3812
f 3705 3706 3811
f 3702 3814 3815
f 3702 3703 3814
f 3703 3813 3814
f 3703 3704 3813
f 3700 3816 3817
f 3700 3701 3816
f 3701 3815 3816
f 3701 3702 3815
f 3698 3818 3819
f 3698 3699 3818
f 3699 3817 3818
f 3699 3700 3817
f 3696 3820 3821
f 3696 3697 3820
f 3697 3819 3820
f 3697 3698 3819
f 3694 3822 3823
f 3694 3695 3822
f 3695 3821 3822
f 3695 3696 3821
f 3692 3824 3825
f 3692 3693 3824
f 3693 3823 3824
f 3693 3694 3823
f 3690 3826 3827
f 3690 3691 3826
f 3691 3825 3826
f 3691 3692 3825
f 3688 3828 3829
f 3688 3689 3828
f 3689 3827 3828
f 3689 3690 3827
f 3686 3830 3831
f 3686 3687 3830
f 3687 3829 3830
f 3687 3688 3829
f 3684 3832 3833
f 3684 3685 3832
f 3685 3831 3832
f 3685 3686 3831
f 3683 3833 3834
f 3683 3684 3833
f 3682 3834 3805
f 3682 3683 3834
f 3656 3835 3836
f 3656 3836 3752
f 3656 3655 3837
f 3656 3837 3835
f 3655 3654 3838
f 3655 3838 3837
f 3654 3653 3839
f 3654 3839 3838
f 3653 3660 3840
f 3653 3840 3839
f 3660 3659 3841
f 3660 3841 3840
f 3659 3658 3842
f 3659 3842 3841
f 3658 3657 3843
f 3658 3843 3842
f 3657 3664 3844
f 3657 3844 3843
f 3664 3663 3845
f 3664 3845 3844
f 3663 3662 3846
f 3663 3846 3845
f 3662 3661 3847
f 3662 3847 3846
f 3661 3668 3848
f 3661 3848 3847
f 3668 3667 3849
f 3668 3849 3848
f 3667 3666 3850
f 3667 3850 3849
f 3666 3665 3851
f 3666 3851 3850
f 3665 3672 3852
f 3665 3852 3851
f 3672 3671 3853
f 3672 3853 3852
f 3671 3670 3854
f 3671 3854 3853
f 3670 3669 3855
f 3670 3855 3854
f 3669 3676 3856
f 3669 3856 3855
f 3676 3675 3857
f 3676 3857 3856
f 3675 3674 3858
f 3675 3858 3857
f 3674 3673 3859
f 3674 3859 3858
f 3673 3678 3860
f 3673 3860 3859
f 3678 3677 3861
f 3678 3861 3860
f 3677 3679 3862
f 3677 3862 3861
f 3679 3791 3862
f 3712 3863 3741
f 3712 3771 3863
f 3619 3864 3764
f 3619 3727 3864
f 3726 3865 3727
f 3726 3765 3865
f 3551 3593 3866
f 3551 3866 3742
f 3592 3741 3867
f 3592 3867 3731
f 3746 3868 3771
f 3746 3785 3868
f 3772 3869 3786
f 3623 3870 3788
f 3595 3789 3871
f 3595 3871 3622
f 3623 3645 3870
f 3323 3799 3872
f 3323 3872 3332
f 3325 3324 3873
f 3325 3873 3796
f 3643 3644 3735
f 3426 3806 3874
f 3426 3874 3433
f 3434 3875 4118
f 3434 3445 3875
f 3718 3755 3876
f 3718 3876 3774
f 3754 3744 3877
f 3754 3877 3755
f 3727 3865 3864
f 3786 3878 3783
f 3785 3783 3868
f 3454 3879 3455
f 3454 3803 3879
f 3305 3909 3381
f 3305 3759 3909
f 3804 3803 3454
f 3645 3880 3870
f 3645 3601 3880
f 3622 3871 3881
f 3622 3881 3646
f 3646 3881 3801
f 3601 3802 3880
f 3755 3877 3876
f 3324 3331 3882
f 3324 3882 3873
f 3332 3883 3341
f 3332 3872 3883
f 3433 3874 3884
f 3433 3884 3444
f 3445 3885 3875
f 3445 3455 3885
f 3783 3878 3868
f 3630 3766 3886
f 3527 3887 3767
f 3527 3629 3887
f 3772 3773 3869
f 3771 3868 3863
f 3741 3863 3888
f 3741 3888 3867
f 3444 3884 3889
f 3444 3889 3450
f 3455 3879 3890
f 3455 3890 3891
f 3455 3891 3885
f 2748 3459 2747
f 3341 3883 3892
f 3341 3892 3344
f 3331 3342 3893
f 3331 3893 3882
f 3458 3894 3457
f 3458 3895 3894
f 3459 3460 3896
f 3459 3896 2747
f 3458 2722 3895
f 3786 3869 3897
f 3786 3897 3878
f 3807 3757 3914
f 3807 3914 3808
f 3647 3729 3982
f 3647 3982 3744
f 3580 3898 3730
f 3349 3641 3899
f 3349 3899 3525
f 3640 3652 4047
f 3547 3900 3747
f 3547 3616 3900
f 3615 3801 3766
f 3460 3545 3901
f 3460 3901 3896
f 3457 3902 3461
f 3457 3894 3902
f 3752 3903 3751
f 3752 3836 3903
f 3878 3897 3868
f 3342 3346 3904
f 3342 3904 3893
f 3344 3905 3620
f 3344 3892 3905
f 3563 3797 3906
f 3563 3906 3611
f 3462 3562 3907
f 3462 3907 3798
f 3382 3436 3908
f 3382 3908 3758
f 3652 3651 4073
f 3652 4073 4047
f 3322 3339 3910
f 3216 3761 4242
f 3216 4242 3321
f 3322 3910 3760
f 3620 3905 3911
f 3346 3912 3913
f 3346 3621 3912
f 3346 3913 3904
f 3620 3911 3634
f 3835 3837 3915
f 3835 3915 3916
f 3835 3916 3917
f 3835 3917 3836
f 3838 3839 3918
f 3838 3918 3919
f 3837 3838 3919
f 3837 3919 3915
f 3840 3841 3920
f 3840 3920 3921
f 3839 3840 3921
f 3839 3921 3918
f 3842 3843 3922
f 3841 3842 3922
f 3841 3922 3920
f 3844 3845 3923
f 3843 3844 3923
f 3843 3923 3922
f 3846 3847 3924
f 3845 3846 3924
f 3845 3924 3923
f 3848 3849 3925
f 3847 3848 3925
f 3847 3925 3924
f 3850 3851 3926
f 3850 3926 3927
f 3849 3850 3927
f 3849 3927 3925
f 3852 3853 3928
f 3852 3928 3929
f 3851 3852 3929
f 3851 3929 3926
f 3854 3855 3930
f 3854 3930 3931
f 3853 3854 3931
f 3853 3931 3928
f 3856 3857 3932
f 3856 3932 3933
f 3855 3856 3933
f 3855 3933 3930
f 3858 3859 3936
f 3858 3936 3934
f 3857 3858 3934
f 3857 3934 3932
f 3860 3935 3936
f 3859 3860 3936
f 3860 3861 3937
f 3860 3937 3935
f 3861 3862 3937
f 3791 3792 3938
f 3862 3791 3938
f 3862 3938 3937
f 3808 3914 3939
f 3809 3939 3940
f 3809 3808 3939
f 3810 3940 3941
f 3810 3809 3940
f 3811 3941 3942
f 3811 3810 3941
f 3812 3942 3943
f 3812 3811 3942
f 3813 3943 3944
f 3813 3812 3943
f 3814 3944 3945
f 3814 3813 3944
f 3815 3814 3945
f 3816 3945 3946
f 3816 3815 3945
f 3817 3816 3946
f 3818 3946 3947
f 3818 3817 3946
f 3819 3818 3947
f 3820 3947 3948
f 3820 3819 3947
f 3821 3948 3949
f 3821 3820 3948
f 3822 3949 3950
f 3822 3821 3949
f 3823 3950 3951
f 3823 3822 3950
f 3824 3951 3952
f 3824 3823 3951
f 3825 3952 3953
f 3825 3824 3952
f 3826 3953 3954
f 3826 3825 3953
f 3827 3954 3955
f 3827 3826 3954
f 3828 3955 3956
f 3828 3827 3955
f 3829 3956 3957
f 3829 3828 3956
f 3830 3957 3958
f 3830 3829 3957
f 3831 3958 3959
f 3831 3830 3958
f 3832 3959 3960
f 3832 3831 3959
f 3833 3960 3961
f 3833 3832 3960
f 3834 3961 3962
f 3834 3833 3961
f 3805 3962 3963
f 3805 3834 3962
f 3803 3890 3964
f 3803 3963 3890
f 3805 3963 3803
f 3803 3964 3879
f 3863 3868 3965
f 3863 3965 3888
f 3868 3897 3965
f 3869 3966 3897
f 3634 3967 3644
f 3621 3969 3968
f 3621 3635 3969
f 3621 3968 3912
f 3634 3911 3967
f 3593 3732 3970
f 3593 3970 3866
f 3731 3867 3971
f 3731 3971 3797
f 3635 3637 3969
f 3545 3972 3901
f 3545 3561 3972
f 3461 3973 3544
f 3461 3902 3973
f 3836 3917 3903
f 3759 3788 3974
f 3558 3975 3800
f 3644 3977 3976
f 3644 3967 3977
f 3644 3976 3735
f 3449 3730 3978
f 3449 3978 3641
f 3729 3640 4045
f 3897 3966 3965
f 3792 3793 3938
f 3639 3800 3979
f 3639 3979 3789
f 3788 3870 3974
f 3630 3886 3980
f 3630 3980 3765
f 3629 3981 3887
f 3580 3743 4023
f 3580 4023 3898
f 3964 3890 3879
f 3914 3757 3989
f 3914 3989 3939
f 3381 4019 3435
f 3381 3909 4019
f 3773 3983 3869
f 3888 3965 3984
f 3888 3984 3867
f 3801 3881 3985
f 3747 3986 3802
f 3747 3900 3986
f 3801 3985 3766
f 3339 3987 3910
f 3339 3358 3987
f 3321 4242 3988
f 3321 3988 3340
f 3945 3990 3991
f 3942 3941 3992
f 3940 3939 3993
f 3944 3943 3994
f 3951 3950 3995
f 3947 3996 3997
f 3946 3998 3999
f 3949 3948 4000
f 3959 3958 4001
f 3955 3954 4002
f 3953 3952 4003
f 3957 3956 4004
f 3890 4006 4005
f 3890 3963 4006
f 3962 3961 4007
f 3961 4008 4007
f 3961 3960 4008
f 3963 4007 4006
f 3963 3962 4007
f 3960 4001 4008
f 3960 3959 4001
f 3958 4004 4001
f 3958 3957 4004
f 3956 4002 4004
f 3956 3955 4002
f 3954 4003 4002
f 3954 3953 4003
f 3952 3995 4003
f 3952 3951 3995
f 3950 4000 3995
f 3950 3949 4000
f 3948 3997 4000
f 3948 3947 3997
f 3947 3999 3996
f 3947 3946 3999
f 3946 3991 3998
f 3946 3945 3991
f 3945 3994 3990
f 3945 3944 3994
f 3943 3992 3994
f 3943 3942 3992
f 3941 3993 3992
f 3941 3940 3993
f 3938 3793 4010
f 3938 4010 4005
f 3937 3938 4005
f 3937 4005 4006
f 3937 4006 4007
f 3935 3937 4007
f 3936 3935 4007
f 3936 4007 4008
f 3936 4008 4001
f 3934 3936 4001
f 3932 3934 4001
f 3932 4001 4004
f 3933 3932 4004
f 3930 3933 4004
f 3930 4004 4002
f 3931 3930 4002
f 3928 3931 4002
f 3928 4002 4003
f 3929 3928 4003
f 3926 3929 4003
f 3926 4003 3995
f 3927 3926 3995
f 3925 3927 3995
f 3925 3995 4000
f 3924 3925 4000
f 3924 4000 3997
f 3924 3997 3996
f 3923 3924 3996
f 3923 3996 3999
f 3923 3999 3998
f 3922 3923 3998
f 3922 3998 3991
f 3922 3991 3990
f 3920 3922 3990
f 3920 3990 3994
f 3921 3920 3994
f 3918 3921 3994
f 3918 3994 3992
f 3919 3918 3992
f 3915 3919 3992
f 3915 3992 3993
f 3916 3915 3993
f 3916 3993 4009
f 3916 4009 3917
f 3939 3989 3993
f 3793 3598 4010
f 3867 3984 3971
f 3742 3866 4011
f 3742 4011 3773
f 4010 3598 4005
f 3917 4009 3903
f 3989 3903 4009
f 3989 3757 3903
f 3989 4009 3993
f 3890 4005 3891
f 3789 3979 4012
f 3789 4012 3871
f 3870 4013 3974
f 3870 3880 4013
f 4005 3598 3891
f 3561 3591 4014
f 3561 4014 3972
f 3544 4015 3560
f 3544 3973 4015
f 3611 4016 3734
f 3611 3906 4016
f 3562 3610 4017
f 3562 4017 3907
f 3436 3522 4018
f 3436 4018 3908
f 3744 3982 4021
f 3744 4021 4022
f 3744 4022 3877
f 3743 3774 4023
f 3450 3889 4024
f 3450 4024 3572
f 3598 4025 3891
f 3598 3599 4025
f 3880 4026 4013
f 3880 3802 4026
f 3871 4012 4027
f 3871 4027 3881
f 3340 3988 4028
f 3340 4028 3357
f 3358 3371 4029
f 3358 4029 3987
f 3881 4027 3985
f 3802 3986 4026
f 3765 3980 4030
f 3629 4031 3981
f 3629 3763 4031
f 3969 3637 3968
f 3616 4032 3900
f 3616 3767 4032
f 3766 3985 3886
f 3965 3966 4033
f 3869 3983 4034
f 3869 4034 3966
f 3965 4033 3984
f 3522 4035 4018
f 3435 4036 3522
f 3435 4019 4036
f 3651 4020 4073
f 3184 3650 4037
f 3184 4037 3369
f 3732 3798 3970
f 3797 4038 3906
f 3797 3971 4038
f 3357 4028 4039
f 3357 4039 3370
f 3371 4040 4029
f 3371 3377 4040
f 3966 4034 4033
f 3759 3974 4041
f 3759 4041 3909
f 3558 3758 4042
f 3558 4042 3975
f 3377 4043 4040
f 3377 3378 4043
f 3370 4039 4044
f 3370 4044 3376
f 3729 4045 3982
f 3376 4044 4046
f 3376 4046 3379
f 3522 4036 4035
f 3640 4047 4045
f 3591 4048 4014
f 3560 4049 3590
f 3560 4015 4049
f 3591 3609 4048
f 3572 4024 4050
f 3572 4050 3597
f 3599 4051 4025
f 3599 3638 4051
f 3379 4046 4052
f 3391 4053 3378
f 3391 3396 4053
f 3877 4022 4054
f 3877 4054 3876
f 3774 3876 4055
f 3774 4055 4023
f 3765 4030 4056
f 3763 4057 4031
f 3765 4056 3865
f 3734 4016 4058
f 3734 4058 3753
f 3610 3733 4059
f 3610 4059 4017
f 3984 4060 3971
f 3773 4011 3983
f 3984 4033 4060
f 3609 3633 4061
f 3590 4062 3608
f 3590 4049 4062
f 3609 4061 4048
f 3974 4013 4041
f 3800 3975 4063
f 3800 4063 3979
f 3971 4060 4038
f 3866 3970 4064
f 3866 4064 4011
f 3976 3977 3735
f 3876 4054 4055
f 3985 4027 4066
f 3900 4067 3986
f 3900 4032 4067
f 3985 4066 3886
f 3397 4068 3776
f 3865 4056 4070
f 3763 4071 4057
f 3763 3764 4071
f 3525 3899 4072
f 3525 4072 3650
f 3633 4074 4061
f 3633 3714 4074
f 3608 4075 3632
f 3608 4062 4075
f 3597 4050 4076
f 3597 4076 3637
f 3638 3720 4077
f 3638 4077 4051
f 3776 4068 4078
f 3776 4078 3777
f 3775 4079 4069
f 3775 3784 4079
f 3753 4080 3770
f 3753 4058 4080
f 3780 4081 4082
f 3780 4082 3781
f 3780 3782 4081
f 3778 4083 3779
f 3778 4084 4083
f 3778 3787 4084
f 3782 4085 4081
f 3782 3777 4085
f 3779 4086 3784
f 3779 4083 4086
f 4013 4087 4041
f 3979 4063 4088
f 3979 4088 4012
f 4013 4026 4087
f 3781 4082 4089
f 3787 4090 4084
f 3787 3795 4090
f 3767 4091 4032
f 3767 3887 4091
f 3886 4066 3980
f 3909 4041 4092
f 3758 4093 4042
f 3777 4078 4085
f 3784 4086 4079
f 4033 4034 4094
f 3983 4095 4034
f 4033 4094 4060
f 3730 3898 4142
f 3730 4142 3978
f 3982 4045 4096
f 3967 4097 3977
f 3912 4098 4099
f 3912 3968 4098
f 3912 4099 3913
f 3967 3911 4097
f 3714 3723 4100
f 3714 4100 4074
f 3632 4101 3713
f 3632 4075 4101
f 3798 3907 4102
f 3798 4102 3970
f 3906 4038 4103
f 3906 4103 4016
f 3865 4104 3864
f 3865 4070 4104
f 3764 4105 4071
f 3764 4106 4105
f 3764 3864 4106
f 4026 4107 4087
f 4026 3986 4107
f 4012 4088 4108
f 4012 4108 4027
f 4027 4108 4066
f 3986 4067 4107
f 3968 3637 4098
f 3770 4080 4109
f 3770 4109 3799
f 3733 3769 4110
f 3733 4110 4059
f 4034 4095 4094
f 3977 4111 4112
f 3977 4113 4111
f 3977 4114 4113
f 3977 4097 4114
f 3977 4112 3735
f 3637 4076 4115
f 3637 4115 4098
f 3720 3737 4116
f 3720 4116 4077
f 3794 4117 3806
f 3864 4119 4106
f 3864 4104 4119
f 3723 4120 4100
f 3713 4121 3722
f 3713 4101 4121
f 3723 3735 4120
f 4098 4115 4099
f 4112 4111 3735
f 3806 4117 4122
f 3806 4122 3874
f 3875 4123 4118
f 3875 3885 4123
f 3735 4111 4124
f 3722 4125 3757
f 3722 4121 4125
f 3735 4124 4120
f 3769 3796 4126
f 3769 4126 4110
f 3799 4127 3872
f 3799 4109 4127
f 3737 3745 4128
f 3737 4128 4116
f 4045 4047 4129
f 3641 3978 4130
f 3641 4130 3899
f 4060 4131 4038
f 4011 4064 4132
f 4011 4132 3983
f 4060 4094 4131
f 4111 4113 4124
f 3975 4042 4133
f 3975 4133 4063
f 4041 4087 4092
f 3745 4134 4128
f 3745 3748 4134
f 3874 4122 4135
f 3874 4135 3884
f 3885 4136 4123
f 3885 3891 4136
f 3757 4137 3903
f 3757 4125 4137
f 4038 4131 4103
f 3909 4092 4138
f 3909 4138 4019
f 3758 3908 4139
f 3758 4139 4093
f 3748 3750 4140
f 3748 4140 4134
f 3903 4141 3751
f 3903 4137 4141
f 3898 4023 4142
f 3982 4096 4143
f 3982 4143 4021
f 3750 3751 4144
f 3750 4144 4140
f 3751 4141 4144
f 4066 4108 4145
f 4032 4146 4067
f 4032 4091 4146
f 4066 4145 3980
f 3872 4127 4147
f 3872 4147 3883
f 3796 3873 4148
f 3796 4148 4126
f 3884 4135 4149
f 3884 4149 3889
f 3891 4150 4136
f 3891 4025 4150
f 3887 4151 4091
f 3887 3981 4151
f 3980 4145 4030
f 3895 4152 3894
f 3895 4153 4152
f 3896 3901 4154
f 3896 4154 2747
f 3895 2722 4153
f 3760 4155 4020
f 3760 3910 4155
f 3566 4156 3761
f 3894 4157 3902
f 3894 4152 4157
f 3901 4158 4154
f 3901 3972 4158
f 4063 4133 4159
f 4063 4159 4088
f 4087 4160 4092
f 4087 4107 4160
f 3907 4017 4161
f 3907 4161 4102
f 4016 4162 4058
f 4016 4103 4162
f 3873 3882 4163
f 3873 4163 4148
f 3883 4164 3892
f 3883 4147 4164
f 3983 4132 4095
f 4094 4095 4165
f 4094 4165 4131
f 4113 4114 4124
f 4019 4138 4166
f 3908 4167 4139
f 4107 4168 4160
f 4107 4067 4168
f 4088 4159 4169
f 4088 4169 4108
f 4108 4169 4145
f 4067 4146 4168
f 4023 4170 4142
f 4021 4143 4022
f 3892 4164 4171
f 3892 4171 3905
f 3882 3893 4172
f 3882 4172 4163
f 4115 4076 4099
f 3972 4014 4173
f 3972 4173 4158
f 3902 4174 3973
f 3902 4157 4174
f 4047 4073 4175
f 4047 4175 4129
f 4092 4160 4138
f 4042 4093 4176
f 4042 4176 4133
f 3905 4177 3911
f 3893 3904 4178
f 3893 4178 4172
f 3905 4171 4177
f 3981 4179 4151
f 3981 4031 4179
f 4030 4180 4056
f 4030 4145 4180
f 4023 4055 4170
f 4022 4143 4181
f 4045 4129 4182
f 4045 4182 4096
f 4019 4166 4183
f 4019 4183 4036
f 3908 4018 4198
f 3908 4198 4167
f 4073 4020 4309
f 4131 4184 4103
f 4131 4165 4184
f 3970 4102 4185
f 3970 4185 4064
f 4103 4184 4162
f 4145 4169 4180
f 4091 4186 4146
f 4091 4151 4186
f 3911 4177 4187
f 3904 3913 4188
f 3904 4188 4178
f 3911 4187 4097
f 4097 4189 4201
f 4097 4201 4114
f 3913 4099 4190
f 3913 4190 4188
f 4097 4187 4189
f 4044 4039 4191
f 4044 4191 4192
f 4044 4192 4046
f 3378 4053 4193
f 3378 4193 4043
f 4099 4194 4190
f 4099 4076 4194
f 4114 4201 4124
f 4017 4059 4195
f 4017 4195 4161
f 4058 4162 4196
f 4058 4196 4080
f 4036 4183 4197
f 4036 4197 4035
f 4018 4035 4198
f 4160 4199 4138
f 4133 4176 4200
f 4133 4200 4159
f 4160 4168 4199
f 4055 4202 4170
f 4022 4205 4054
f 4022 4181 4205
f 3973 4203 4015
f 3973 4174 4203
f 4014 4048 4204
f 4014 4204 4173
f 4055 4054 4202
f 4053 4206 4193
f 4053 3396 4206
f 4046 4192 4350
f 4046 4350 4052
f 4194 4207 4190
f 4194 4076 4207
f 4031 4208 4179
f 4031 4057 4208
f 4056 4209 4070
f 4056 4180 4209
f 4020 4155 4309
f 3369 4037 4210
f 3369 4210 3566
f 4035 4197 4211
f 4035 4211 4198
f 4168 4212 4199
f 4168 4146 4212
f 4159 4200 4213
f 4159 4213 4169
f 4054 4205 4202
f 4169 4213 4180
f 4146 4186 4212
f 3396 4355 4206
f 3396 4065 4355
f 4052 4350 4214
f 4052 4214 3395
f 4093 4139 4215
f 4093 4215 4176
f 4138 4199 4166
f 3889 4149 4216
f 3889 4216 4024
f 4025 4217 4150
f 4025 4051 4217
f 4165 4095 4218
f 4165 4218 4184
f 4080 4219 4109
f 4080 4196 4219
f 4065 4359 4355
f 4065 4069 4359
f 3395 4214 4220
f 3395 4220 3397
f 4069 4363 4359
f 4069 4079 4363
f 3397 4220 4221
f 3397 4221 4068
f 4180 4213 4209
f 4151 4222 4186
f 4151 4179 4222
f 4095 4223 4218
f 4095 4132 4223
f 4057 4224 4208
f 4057 4071 4224
f 4070 4225 4104
f 4070 4209 4225
f 4079 4226 4363
f 4079 4086 4226
f 4068 4221 4227
f 4068 4227 4078
f 4096 4182 4143
f 3978 4142 4228
f 3978 4228 4130
f 4201 4189 4267
f 4201 4267 4229
f 4201 4229 4124
f 4084 4230 4083
f 4084 4231 4230
f 4084 4090 4231
f 4081 4085 4232
f 4081 4232 4233
f 4081 4233 4082
f 4083 4234 4086
f 4083 4230 4234
f 4085 4078 4235
f 4085 4235 4232
f 4176 4215 4236
f 4176 4236 4200
f 4199 4237 4166
f 4199 4212 4237
f 4090 4238 4231
f 4090 3795 4238
f 4082 4233 4374
f 4082 4374 4089
f 4109 4219 4239
f 4109 4239 4127
f 4059 4110 4240
f 4059 4240 4195
f 4102 4161 4288
f 4102 4288 4185
f 4162 4241 4196
f 4162 4184 4241
f 3761 4156 4242
f 3910 3987 4243
f 3910 4243 4155
f 4015 4244 4049
f 4015 4203 4244
f 4048 4061 4245
f 4048 4245 4204
f 4086 4234 4226
f 4078 4227 4235
f 4064 4185 4246
f 4064 4246 4132
f 4184 4218 4241
f 3795 4247 4238
f 3795 4118 4247
f 4089 4374 4248
f 4089 4248 3794
f 4166 4237 4183
f 4139 4167 4249
f 4139 4249 4215
f 4071 4250 4224
f 4071 4105 4250
f 4104 4251 4119
f 4104 4225 4251
f 4024 4216 4252
f 4024 4252 4050
f 4051 4253 4217
f 4051 4077 4253
f 4129 4175 4182
f 3899 4130 4254
f 3899 4254 4072
f 4212 4255 4237
f 4212 4186 4255
f 4200 4236 4256
f 4200 4256 4213
f 4213 4256 4209
f 4186 4222 4255
f 4105 4257 4250
f 4105 4106 4257
f 4119 4258 4106
f 4119 4251 4258
f 4118 4388 4247
f 4118 4123 4388
f 3794 4248 4259
f 3794 4259 4117
f 4209 4256 4225
f 4179 4260 4222
f 4179 4208 4260
f 4106 4258 4257
f 4110 4126 4261
f 4110 4261 4240
f 4127 4262 4147
f 4127 4239 4262
f 4061 4074 4263
f 4049 4264 4062
f 4049 4244 4264
f 4061 4263 4245
f 4123 4265 4388
f 4123 4136 4265
f 4117 4259 4266
f 4117 4266 4122
f 4167 4198 4268
f 4167 4268 4249
f 4183 4237 4269
f 4183 4269 4197
f 4215 4249 4270
f 4215 4270 4236
f 4237 4255 4269
f 4143 4182 4271
f 4242 4272 3988
f 4074 4273 4263
f 4062 4274 4075
f 4062 4264 4274
f 4074 4100 4273
f 4147 4262 4275
f 4147 4275 4164
f 4126 4148 4276
f 4126 4276 4261
f 4050 4252 4277
f 4050 4277 4076
f 4077 4278 4253
f 4077 4116 4278
f 4218 4223 4279
f 4218 4279 4241
f 4132 4246 4280
f 4132 4280 4223
f 4136 4281 4265
f 4136 4150 4281
f 4122 4266 4282
f 4122 4282 4135
f 4225 4283 4251
f 4225 4256 4283
f 4208 4284 4260
f 4208 4224 4284
f 2722 2723 4153
f 4255 4285 4269
f 4255 4222 4285
f 4236 4270 4283
f 4236 4283 4256
f 4222 4260 4285
f 4198 4287 4268
f 4197 4269 4286
f 4223 4280 4279
f 4161 4195 4288
f 4196 4241 4289
f 4196 4289 4219
f 4198 4211 4290
f 4198 4290 4287
f 4197 4286 4291
f 4197 4291 4211
f 4150 4292 4281
f 4150 4217 4292
f 4135 4282 4293
f 4135 4293 4149
f 2723 4294 4153
f 4075 4295 4101
f 4075 4274 4295
f 4100 4296 4273
f 4100 4120 4296
f 4148 4163 4297
f 4148 4297 4276
f 4164 4298 4171
f 4164 4275 4298
f 4249 4268 4299
f 4249 4299 4270
f 4269 4285 4286
f 4153 4300 4152
f 4153 4294 4300
f 4154 4158 4301
f 4154 4301 2747
f 4211 4291 4290
f 4251 4283 4302
f 4251 4302 4258
f 4224 4303 4284
f 4224 4250 4303
f 4185 4288 4304
f 4185 4304 4246
f 4241 4279 4289
f 4029 4040 4404
f 4029 4404 3987
f 3988 4272 4305
f 3988 4305 4028
f 4076 4277 4190
f 4076 4190 4207
f 4116 4306 4278
f 4116 4128 4306
f 4267 4189 4342
f 4267 4342 4229
f 4158 4307 4301
f 4158 4173 4307
f 4152 4308 4157
f 4152 4300 4308
f 4073 4309 4175
f 3650 4072 4310
f 3650 4310 4037
f 4258 4311 4257
f 4258 4302 4311
f 4250 4312 4303
f 4250 4257 4312
f 4143 4271 4313
f 4143 4313 4181
f 4142 4170 4314
f 4142 4314 4228
f 4101 4315 4121
f 4101 4295 4315
f 4120 4316 4296
f 4120 4124 4316
f 4285 4317 4286
f 4285 4260 4317
f 4270 4299 4302
f 4270 4302 4283
f 4171 4298 4318
f 4171 4318 4177
f 4163 4172 4319
f 4163 4319 4297
f 4260 4284 4317
f 4257 4311 4312
f 4268 4287 4320
f 4268 4320 4299
f 4286 4317 4291
f 2747 4301 2746
f 4219 4321 4239
f 4219 4289 4321
f 4182 4175 4322
f 4028 4305 4323
f 4028 4323 4039
f 4040 4324 4404
f 4040 4043 4324
f 4287 4290 4325
f 4287 4325 4320
f 4291 4326 4290
f 4291 4317 4326
f 4124 4229 4327
f 4121 4328 4125
f 4121 4315 4328
f 4124 4327 4316
f 4128 4329 4306
f 4128 4134 4329
f 4172 4178 4341
f 4172 4341 4319
f 4177 4330 4187
f 4177 4318 4330
f 4290 4326 4325
f 4043 4331 4324
f 4043 4193 4331
f 4039 4323 4332
f 4039 4332 4191
f 4191 4332 4333
f 4191 4333 4192
f 4193 4206 4334
f 4193 4334 4331
f 4317 4284 4326
f 4299 4320 4311
f 4299 4311 4302
f 4284 4303 4326
f 4134 4335 4329
f 4134 4140 4335
f 4229 4336 4327
f 4125 4337 4137
f 4125 4328 4337
f 4229 4342 4336
f 4173 4204 4338
f 4173 4338 4307
f 4157 4339 4174
f 4157 4308 4339
f 4181 4313 4205
f 4187 4330 4340
f 4178 4188 4341
f 4187 4340 4189
f 4140 4144 4343
f 4140 4343 4335
f 4326 4303 4325
f 4320 4325 4312
f 4320 4312 4311
f 4342 4189 4356
f 4342 4356 4336
f 4137 4344 4141
f 4137 4337 4344
f 4303 4312 4325
f 4144 4345 4343
f 4144 4141 4345
f 4141 4344 4345
f 4195 4347 4288
f 4239 4321 4346
f 4239 4346 4262
f 4195 4240 4347
f 4279 4280 4348
f 4279 4348 4289
f 4246 4304 4349
f 4246 4349 4280
f 4192 4333 4350
f 4206 4351 4334
f 4206 4355 4351
f 4188 4190 4352
f 4188 4352 4341
f 4189 4353 4356
f 4189 4340 4353
f 4190 4354 4352
f 4190 4277 4354
f 4205 4313 4360
f 4170 4202 4357
f 4170 4357 4314
f 4155 4358 4309
f 4155 4243 4358
f 3566 4210 4156
f 4280 4349 4348
f 4289 4348 4321
f 4356 4353 4395
f 4356 4395 4336
f 4205 4360 4202
f 4240 4261 4379
f 4240 4379 4347
f 4262 4361 4275
f 4262 4346 4361
f 4220 4362 4221
f 4202 4360 4357
f 4221 4362 4364
f 4221 4364 4227
f 4226 4365 4363
f 4226 4234 4365
f 4174 4366 4203
f 4174 4339 4366
f 4204 4367 4338
f 4204 4245 4367
f 4232 4368 4369
f 4232 4369 4233
f 4232 4235 4368
f 4231 4370 4230
f 4231 4371 4370
f 4231 4238 4371
f 4235 4372 4368
f 4235 4227 4372
f 4230 4373 4234
f 4230 4370 4373
f 4233 4369 4374
f 4238 4375 4371
f 4238 4247 4375
f 4182 4322 4376
f 4182 4376 4271
f 4130 4228 4377
f 4130 4377 4254
f 4275 4361 4378
f 4275 4378 4298
f 4261 4276 4379
f 4217 4380 4292
f 4217 4253 4380
f 4149 4293 4381
f 4149 4381 4216
f 4227 4364 4372
f 4234 4373 4365
f 4288 4347 4382
f 4288 4382 4304
f 4321 4383 4346
f 4321 4348 4383
f 4242 4156 4384
f 3987 4385 4243
f 3987 4404 4385
f 4242 4384 4272
f 4348 4349 4383
f 4304 4386 4349
f 4248 4387 4259
f 4276 4297 4398
f 4276 4398 4379
f 4298 4389 4318
f 4298 4378 4389
f 4346 4383 4390
f 4346 4390 4361
f 4349 4386 4383
f 4259 4387 4391
f 4259 4391 4266
f 4265 4392 4388
f 4265 4281 4392
f 4245 4393 4367
f 4245 4263 4393
f 4203 4394 4244
f 4203 4366 4394
f 4175 4309 4396
f 4318 4389 4397
f 4318 4397 4330
f 4297 4319 4398
f 4395 4353 4415
f 4395 4415 4399
f 4395 4399 4336
f 4253 4400 4380
f 4253 4278 4400
f 4216 4381 4401
f 4216 4401 4252
f 4304 4382 4402
f 4304 4402 4386
f 4383 4386 4390
f 4271 4376 4313
f 4272 4403 4305
f 4266 4391 4405
f 4266 4405 4282
f 4281 4406 4392
f 4281 4292 4406
f 4330 4407 4340
f 4319 4341 4408
f 4319 4408 4398
f 4330 4397 4407
f 4347 4379 4409
f 4347 4409 4382
f 4361 4410 4378
f 4361 4390 4410
f 4263 4273 4411
f 4263 4411 4393
f 4244 4412 4264
f 4244 4394 4412
f 4386 4402 4390
f 4282 4405 4413
f 4282 4413 4293
f 4292 4414 4406
f 4292 4380 4414
f 4340 4407 4416
f 4340 4416 4353
f 4294 4417 4300
f 4294 4418 4417
f 4301 4307 4419
f 4301 4419 2746
f 4294 2723 4418
f 4354 4277 4352
f 4305 4403 4420
f 4305 4420 4323
f 4324 4331 4421
f 4324 4421 4404
f 4390 4402 4410
f 4382 4422 4402
f 4331 4423 4421
f 4331 4334 4423
f 4323 4420 4424
f 4323 4424 4332
f 4332 4424 4425
f 4332 4425 4333
f 4334 4351 4426
f 4334 4426 4423
f 4307 4427 4419
f 4307 4338 4427
f 4300 4428 4308
f 4300 4417 4428
f 4353 4429 4415
f 4341 4352 4430
f 4341 4430 4408
f 4353 4416 4429
f 4378 4410 4431
f 4378 4431 4389
f 4273 4432 4411
f 4264 4433 4274
f 4264 4412 4433
f 4273 4296 4432
f 4415 4429 4434
f 4415 4434 4399
f 4278 4435 4400
f 4278 4306 4435
f 4252 4401 4436
f 4252 4436 4277
f 4402 4422 4410
f 4228 4314 4437
f 4228 4437 4377
f 4313 4376 4456
f 4434 4429 4470
f 4434 4470 4399
f 4333 4425 4545
f 4333 4545 4350
f 4351 4438 4426
f 4351 4355 4438
f 4352 4439 4430
f 4352 4440 4439
f 4352 4277 4440
f 4379 4398 4441
f 4379 4441 4409
f 4389 4442 4397
f 4389 4431 4442
f 4382 4409 4443
f 4382 4443 4422
f 4410 4422 4431
f 4350 4545 4444
f 4350 4444 4214
f 4355 4445 4438
f 4355 4359 4445
f 4296 4316 4446
f 4274 4447 4295
f 4274 4433 4447
f 4296 4446 4432
f 4308 4448 4339
f 4308 4428 4448
f 4338 4449 4427
f 4338 4367 4449
f 4214 4444 4450
f 4214 4450 4220
f 4359 4363 4552
f 4359 4552 4445
f 4422 4443 4431
f 4306 4451 4435
f 4306 4329 4451
f 4277 4436 4452
f 4277 4452 4440
f 4397 4442 4453
f 4397 4453 4407
f 4439 4454 4430
f 4439 4440 4454
f 4220 4450 4455
f 4220 4455 4362
f 4363 4365 4553
f 4363 4553 4552
f 4313 4456 4360
f 4316 4327 4457
f 4316 4457 4446
f 4295 4458 4315
f 4295 4447 4458
f 4431 4443 4442
f 4409 4459 4443
f 4362 4455 4460
f 4362 4460 4364
f 4365 4373 4461
f 4365 4461 4553
f 4368 4462 4463
f 4368 4463 4369
f 4368 4372 4462
f 4371 4375 4464
f 4371 4465 4370
f 4371 4464 4465
f 4398 4408 4466
f 4398 4466 4441
f 4407 4467 4416
f 4407 4453 4467
f 4372 4364 4468
f 4372 4468 4462
f 4370 4469 4373
f 4370 4465 4469
f 4327 4336 4471
f 4327 4471 4457
f 4315 4472 4328
f 4315 4458 4472
f 4369 4463 4571
f 4369 4571 4374
f 4375 4247 4473
f 4375 4473 4464
f 4443 4459 4442
f 4440 4474 4454
f 4329 4475 4451
f 4329 4335 4475
f 4440 4452 4476
f 4440 4476 4474
f 4454 4474 4430
f 4385 4555 4243
f 4385 4404 4555
f 4384 4477 4272
f 4314 4357 4478
f 4314 4478 4437
f 4360 4456 4490
f 4474 4476 4430
f 4072 4254 4479
f 4072 4479 4310
f 4175 4480 4322
f 4175 4396 4480
f 4409 4441 4481
f 4409 4481 4459
f 4442 4459 4453
f 4364 4460 4468
f 4373 4469 4461
f 4335 4482 4475
f 4335 4343 4482
f 4309 4358 4483
f 4309 4483 4484
f 4309 4484 4396
f 4037 4310 4485
f 4037 4485 4210
f 4374 4571 4486
f 4374 4486 4248
f 4247 4388 4572
f 4247 4572 4473
f 4416 4467 4487
f 4416 4487 4429
f 4336 4488 4471
f 4328 4489 4337
f 4328 4472 4489
f 4336 4399 4488
f 4360 4490 4357
f 4343 4491 4482
f 4343 4345 4491
f 4470 4429 4498
f 4470 4498 4492
f 4470 4492 4399
f 4399 4492 4493
f 4337 4494 4344
f 4337 4489 4494
f 4399 4493 4488
f 4357 4490 4478
f 4339 4495 4366
f 4339 4448 4495
f 4367 4393 4496
f 4367 4496 4449
f 4345 4497 4491
f 4345 4344 4497
f 4476 4452 4430
f 4429 4499 4498
f 4408 4430 4500
f 4408 4500 4466
f 4429 4487 4499
f 4498 4501 4492
f 4492 4501 4493
f 4344 4494 4497
f 4459 4481 4453
f 4248 4486 4502
f 4248 4502 4387
f 4388 4392 4578
f 4388 4578 4572
f 4453 4481 4467
f 4441 4503 4481
f 4430 4504 4500
f 4430 4452 4504
f 4498 4499 4505
f 4498 4505 4501
f 4358 4507 4483
f 4358 4243 4507
f 4210 4506 4156
f 4293 4413 4508
f 4293 4508 4381
f 4380 4509 4414
f 4380 4400 4509
f 4404 4421 4577
f 4404 4577 4555
f 4272 4477 4510
f 4272 4510 4403
f 4387 4502 4511
f 4387 4511 4391
f 4392 4406 4512
f 4392 4512 4578
f 4481 4503 4467
f 4505 4499 4513
f 4505 4513 4501
f 4467 4503 4487
f 4441 4466 4514
f 4441 4514 4503
f 4504 4515 4500
f 4504 4452 4516
f 4504 4516 4515
f 4487 4503 4514
f 4466 4517 4514
f 4487 4514 4499
f 4391 4511 4518
f 4391 4518 4405
f 4406 4414 4519
f 4406 4519 4512
f 4403 4510 4520
f 4403 4520 4420
f 4421 4521 4577
f 4421 4423 4521
f 4423 4522 4521
f 4423 4426 4522
f 4420 4520 4523
f 4420 4523 4424
f 4243 4555 4507
f 4424 4523 4524
f 4424 4524 4425
f 4426 4438 4525
f 4426 4525 4522
f 4515 4516 4500
f 4156 4506 4526
f 4156 4526 4384
f 4513 4499 4527
f 4513 4527 4501
f 4499 4517 4527
f 4466 4500 4528
f 4466 4528 4517
f 4499 4514 4517
f 4393 4529 4496
f 4366 4530 4394
f 4366 4495 4530
f 4393 4411 4529
f 4500 4531 4528
f 4500 4516 4531
f 4527 4532 4536
f 4527 4528 4532
f 4527 4517 4528
f 4527 4536 4501
f 4405 4518 4533
f 4405 4533 4413
f 4414 4509 4534
f 4414 4534 4519
f 2723 2724 4418
f 4531 4535 4528
f 4531 4516 4535
f 4536 4532 4537
f 4536 4537 4538
f 4536 4538 4501
f 4418 4539 4417
f 4418 4540 4539
f 4419 4427 4541
f 4419 4541 2746
f 4418 2724 4540
f 4381 4508 4542
f 4381 4542 4401
f 4400 4543 4509
f 4400 4435 4543
f 4537 4532 4538
f 4438 4544 4525
f 4438 4445 4544
f 4425 4524 4545
f 4535 4546 4528
f 4535 4516 4546
f 4546 4516 4547
f 4427 4449 4548
f 4427 4548 4541
f 4417 4549 4428
f 4417 4539 4549
f 4546 4547 4538
f 4546 4538 4528
f 4532 4528 4538
f 4322 4480 4376
f 4394 4550 4412
f 4394 4530 4550
f 4411 4551 4529
f 4411 4432 4551
f 4450 4554 4455
f 4384 4526 4477
f 4461 4469 4556
f 4461 4556 4553
f 4455 4554 4557
f 4455 4557 4460
f 4412 4558 4433
f 4412 4550 4558
f 4432 4559 4551
f 4432 4446 4559
f 4401 4542 4560
f 4401 4560 4436
f 4435 4561 4543
f 4435 4451 4561
f 4449 4562 4548
f 4449 4496 4562
f 4428 4563 4448
f 4428 4549 4563
f 4464 4473 4564
f 4464 4565 4465
f 4464 4564 4565
f 4462 4468 4566
f 4462 4566 4567
f 4462 4567 4463
f 4465 4568 4469
f 4465 4565 4568
f 4468 4460 4569
f 4468 4569 4566
f 4473 4570 4564
f 4473 4572 4570
f 4463 4567 4571
f 4469 4568 4556
f 4460 4557 4569
f 4446 4457 4573
f 4433 4574 4447
f 4433 4558 4574
f 4446 4573 4559
f 4310 4575 4485
f 4396 4484 4652
f 4396 4652 4480
f 4477 4576 4510
f 4486 4579 4502
f 4436 4560 4580
f 4436 4580 4452
f 4451 4581 4561
f 4451 4475 4581
f 4457 4582 4573
f 4447 4583 4458
f 4447 4574 4583
f 4457 4471 4582
f 2746 4541 2745
f 4254 4377 4584
f 4254 4584 4479
f 4376 4480 4631
f 4512 4519 4585
f 4512 4585 4578
f 4502 4579 4586
f 4502 4586 4511
f 4496 4529 4587
f 4448 4588 4495
f 4448 4563 4588
f 4496 4587 4562
f 4510 4576 4589
f 4510 4589 4520
f 4521 4522 4590
f 4521 4590 4577
f 4522 4591 4590
f 4522 4525 4591
f 4520 4589 4592
f 4520 4592 4523
f 4458 4593 4472
f 4458 4583 4593
f 4471 4488 4594
f 4471 4594 4582
f 4523 4592 4595
f 4523 4595 4524
f 4525 4544 4596
f 4525 4596 4591
f 4452 4580 4597
f 4452 4597 4516
f 4475 4598 4581
f 4475 4482 4598
f 4413 4533 4599
f 4413 4599 4508
f 4509 4543 4600
f 4509 4600 4534
f 4519 4601 4585
f 4519 4534 4601
f 4511 4586 4602
f 4511 4602 4518
f 4482 4603 4598
f 4482 4491 4603
f 4516 4597 4604
f 4516 4604 4547
f 4472 4605 4489
f 4472 4593 4605
f 4488 4493 4606
f 4488 4606 4594
f 4491 4607 4603
f 4491 4497 4607
f 4547 4604 4608
f 4547 4608 4538
f 4544 4609 4596
f 4544 4445 4609
f 4524 4595 4673
f 4524 4673 4545
f 4493 4501 4610
f 4489 4611 4494
f 4489 4605 4611
f 4493 4610 4606
f 4497 4612 4607
f 4497 4494 4612
f 4538 4608 4613
f 4538 4613 4501
f 4210 4614 4506
f 4483 4615 4484
f 4483 4507 4615
f 4210 4485 4614
f 4501 4613 4610
f 4494 4611 4612
f 4534 4600 4616
f 4534 4616 4601
f 4518 4602 4617
f 4518 4617 4533
f 4545 4673 4618
f 4545 4618 4444
f 4445 4552 4619
f 4445 4619 4609
f 4540 4620 4539
f 4540 4621 4620
f 4541 4548 4622
f 4541 4622 2745
f 4540 2724 4621
f 4555 4623 4507
f 4526 4624 4477
f 4555 4577 4623
f 4444 4618 4625
f 4444 4625 4450
f 4552 4553 4686
f 4552 4686 4619
f 4539 4626 4549
f 4539 4620 4626
f 4548 4627 4622
f 4548 4562 4627
f 4529 4628 4587
f 4495 4629 4530
f 4495 4588 4629
f 4529 4551 4628
f 4450 4625 4630
f 4450 4630 4554
f 4553 4556 4694
f 4553 4694 4686
f 4376 4631 4456
f 4508 4599 4632
f 4508 4632 4542
f 4543 4561 4633
f 4543 4633 4600
f 4554 4630 4634
f 4554 4634 4557
f 4556 4568 4635
f 4556 4635 4694
f 4566 4636 4637
f 4566 4637 4567
f 4566 4569 4636
f 4564 4570 4638
f 4564 4639 4565
f 4564 4638 4639
f 4569 4640 4636
f 4569 4557 4640
f 4565 4641 4568
f 4565 4639 4641
f 4567 4637 4719
f 4567 4719 4571
f 4570 4572 4642
f 4570 4642 4638
f 4551 4559 4643
f 4530 4644 4550
f 4530 4629 4644
f 4551 4643 4628
f 4577 4590 4645
f 4477 4624 4646
f 4477 4646 4576
f 4577 4645 4623
f 4557 4634 4640
f 4568 4641 4635
f 4562 4587 4647
f 4562 4647 4627
f 4549 4648 4563
f 4549 4626 4648
f 4571 4719 4649
f 4571 4649 4486
f 4572 4578 4650
f 4572 4650 4642
f 4507 4623 4615
f 4506 4614 4651
f 4506 4651 4526
f 4480 4652 4653
f 4310 4479 4654
f 4310 4654 4575
f 4486 4649 4655
f 4486 4655 4579
f 4578 4585 4738
f 4578 4738 4650
f 4377 4437 4656
f 4377 4656 4584
f 4456 4631 4678
f 4485 4657 4614
f 4484 4615 4704
f 4576 4646 4658
f 4576 4658 4589
f 4590 4659 4645
f 4590 4591 4659
f 4559 4660 4643
f 4559 4573 4660
f 4550 4661 4558
f 4550 4644 4661
f 4542 4632 4662
f 4542 4662 4560
f 4561 4581 4663
f 4561 4663 4633
f 4591 4664 4659
f 4591 4596 4664
f 4589 4658 4665
f 4589 4665 4592
f 4592 4665 4666
f 4592 4666 4595
f 4596 4609 4667
f 4596 4667 4664
f 4579 4655 4668
f 4579 4668 4586
f 4585 4601 4669
f 4585 4669 4738
f 4573 4582 4670
f 4573 4670 4660
f 4558 4671 4574
f 4558 4661 4671
f 4609 4672 4667
f 4609 4619 4672
f 4595 4666 4673
f 4563 4674 4588
f 4563 4648 4674
f 4587 4628 4675
f 4587 4675 4647
f 4586 4668 4676
f 4586 4676 4602
f 4601 4616 4677
f 4601 4677 4669
f 4456 4678 4490
f 4526 4651 4679
f 4526 4679 4624
f 4560 4662 4680
f 4560 4680 4580
f 4581 4598 4681
f 4581 4681 4663
f 4582 4682 4670
f 4574 4683 4583
f 4574 4671 4683
f 4582 4594 4682
f 4600 4684 4616
f 4600 4633 4684
f 4533 4617 4685
f 4533 4685 4599
f 4602 4676 4687
f 4602 4687 4617
f 4616 4684 4688
f 4616 4688 4677
f 2724 2725 4621
f 4621 4689 4620
f 4621 4690 4689
f 4622 4627 4691
f 4622 4691 2745
f 4621 2725 4690
f 4437 4478 4692
f 4437 4692 4656
f 4490 4678 4693
f 4625 4695 4630
f 4594 4606 4696
f 4583 4697 4593
f 4583 4683 4697
f 4594 4696 4682
f 4580 4680 4698
f 4580 4698 4597
f 4598 4603 4699
f 4598 4699 4681
f 4627 4700 4691
f 4627 4647 4700
f 4620 4701 4626
f 4620 4689 4701
f 4635 4702 4694
f 4635 4641 4702
f 4630 4695 4703
f 4630 4703 4634
f 4615 4623 4704
f 4485 4575 4657
f 4484 4704 4652
f 4490 4705 4478
f 4490 4693 4705
f 4638 4706 4639
f 4638 4707 4706
f 4638 4642 4707
f 4636 4708 4709
f 4636 4709 4637
f 4636 4640 4708
f 4624 4679 4710
f 4624 4710 4646
f 4645 4659 4711
f 4645 4711 4623
f 4597 4698 4712
f 4597 4712 4604
f 4603 4607 4713
f 4603 4713 4699
f 4639 4714 4641
f 4639 4706 4714
f 4640 4715 4708
f 4640 4634 4715
f 4478 4705 4692
f 4606 4716 4696
f 4606 4610 4716
f 4593 4717 4605
f 4593 4697 4717
f 4642 4718 4707
f 4642 4650 4718
f 4637 4709 4719
f 4604 4712 4720
f 4604 4720 4608
f 4607 4612 4721
f 4607 4721 4713
f 4480 4653 4723
f 4479 4722 4654
f 4480 4723 4631
f 4610 4613 4724
f 4610 4724 4716
f 4605 4725 4611
f 4605 4717 4725
f 4608 4720 4726
f 4608 4726 4613
f 4612 4611 4727
f 4612 4727 4721
f 4641 4714 4702
f 4634 4703 4715
f 4613 4726 4724
f 4611 4725 4727
f 4628 4728 4675
f 4588 4729 4629
f 4588 4674 4729
f 4628 4643 4728
f 4646 4710 4730
f 4646 4730 4658
f 4659 4664 4731
f 4659 4731 4711
f 4633 4732 4684
f 4633 4663 4732
f 4599 4685 4733
f 4599 4733 4632
f 4647 4675 4734
f 4647 4734 4700
f 4626 4735 4648
f 4626 4701 4735
f 4664 4736 4731
f 4664 4667 4736
f 4658 4730 4737
f 4658 4737 4665
f 4649 4739 4655
f 4665 4737 4740
f 4665 4740 4666
f 4667 4672 4741
f 4667 4741 4736
f 4629 4742 4644
f 4629 4729 4742
f 4643 4660 4743
f 4643 4743 4728
f 4623 4800 4704
f 4651 4744 4679
f 4623 4711 4800
f 4669 4745 4738
f 4669 4677 4745
f 4655 4739 4746
f 4655 4746 4668
f 4672 4747 4741
f 4666 4740 4811
f 4666 4811 4673
f 4672 4619 4747
f 4575 4748 4657
f 4652 4704 4749
f 4673 4811 4750
f 4673 4750 4618
f 4619 4686 4751
f 4619 4751 4747
f 4677 4752 4745
f 4677 4688 4752
f 4668 4746 4753
f 4668 4753 4676
f 4644 4754 4661
f 4644 4742 4754
f 4660 4670 4755
f 4660 4755 4743
f 4663 4681 4756
f 4663 4756 4732
f 4632 4733 4757
f 4632 4757 4662
f 4618 4750 4758
f 4618 4758 4625
f 4686 4694 4830
f 4686 4830 4751
f 4614 4657 4759
f 4614 4759 4651
f 4648 4760 4674
f 4648 4735 4760
f 4675 4761 4734
f 4675 4728 4761
f 4625 4758 4762
f 4625 4762 4695
f 4694 4702 4837
f 4694 4837 4830
f 4688 4684 4763
f 4688 4764 4752
f 4688 4763 4764
f 4676 4753 4765
f 4676 4765 4687
f 2745 4691 2744
f 2725 4766 4690
f 4711 4731 4767
f 4679 4744 4768
f 4679 4768 4710
f 4711 4767 4800
f 4479 4584 4770
f 4479 4770 4722
f 4631 4723 4769
f 4690 4771 4689
f 4690 4766 4771
f 4691 4700 4772
f 4691 4772 2744
f 4695 4762 4773
f 4695 4773 4703
f 4702 4714 4774
f 4702 4774 4837
f 4661 4775 4671
f 4661 4754 4775
f 4670 4682 4776
f 4670 4776 4755
f 4708 4777 4778
f 4708 4778 4709
f 4708 4715 4777
f 4707 4718 4779
f 4707 4780 4706
f 4707 4779 4780
f 4617 4687 4781
f 4617 4781 4685
f 4684 4732 4763
f 4715 4703 4782
f 4715 4782 4777
f 4706 4783 4714
f 4706 4780 4783
f 4700 4784 4772
f 4700 4734 4784
f 4689 4785 4701
f 4689 4771 4785
f 4709 4778 4855
f 4709 4855 4719
f 4718 4650 4786
f 4718 4786 4779
f 4681 4787 4756
f 4681 4699 4787
f 4662 4757 4788
f 4662 4788 4680
f 4703 4773 4782
f 4714 4783 4774
f 4710 4768 4789
f 4710 4789 4730
f 4731 4790 4767
f 4731 4736 4790
f 4719 4855 4791
f 4719 4791 4649
f 4650 4738 4792
f 4650 4792 4786
f 4671 4793 4683
f 4671 4775 4793
f 4682 4696 4794
f 4682 4794 4776
f 4736 4795 4790
f 4736 4741 4795
f 4730 4789 4796
f 4730 4796 4737
f 4652 4749 4797
f 4652 4797 4653
f 4575 4654 4748
f 4737 4796 4798
f 4737 4798 4740
f 4741 4747 4799
f 4741 4799 4795
f 4651 4759 4801
f 4651 4801 4744
f 4649 4791 4802
f 4649 4802 4739
f 4738 4745 4803
f 4738 4803 4792
f 4696 4716 4804
f 4683 4805 4697
f 4683 4793 4805
f 4696 4804 4794
f 4699 4713 4806
f 4699 4806 4787
f 4680 4788 4807
f 4680 4807 4698
f 4728 4808 4761
f 4728 4743 4808
f 4674 4809 4729
f 4674 4760 4809
f 4747 4810 4799
f 4747 4751 4810
f 4740 4798 4811
f 4701 4812 4735
f 4701 4785 4812
f 4734 4813 4784
f 4734 4761 4813
f 4713 4814 4806
f 4713 4721 4814
f 4698 4807 4815
f 4698 4815 4712
f 4716 4816 4804
f 4697 4817 4717
f 4697 4805 4817
f 4716 4724 4816
f 4704 4800 4749
f 4739 4802 4818
f 4739 4818 4746
f 4745 4752 4819
f 4745 4819 4803
f 4685 4781 4820
f 4685 4820 4733
f 4732 4756 4821
f 4732 4821 4763
f 4721 4727 4822
f 4721 4822 4814
f 4712 4815 4823
f 4712 4823 4720
f 4584 4824 4770
f 4631 4769 4825
f 4631 4825 4678
f 4717 4826 4725
f 4717 4817 4826
f 4724 4726 4827
f 4724 4827 4816
f 4727 4828 4822
f 4727 4725 4828
f 4720 4823 4829
f 4720 4829 4726
f 4725 4826 4828
f 4726 4829 4827
f 4746 4818 4831
f 4746 4831 4753
f 4752 4764 4832
f 4752 4832 4819
f 4744 4801 4833
f 4744 4833 4768
f 4767 4790 4834
f 4767 4834 4800
f 4743 4755 4835
f 4743 4835 4808
f 4729 4836 4742
f 4729 4809 4836
f 4758 4838 4762
f 4653 4797 4723
f 4654 4839 4748
f 4774 4840 4837
f 4774 4783 4840
f 4762 4838 4841
f 4762 4841 4773
f 4779 4842 4780
f 4779 4843 4842
f 4779 4786 4843
f 4777 4782 4844
f 4777 4844 4845
f 4777 4845 4778
f 4753 4831 4846
f 4753 4846 4765
f 4764 4847 4848
f 4764 4848 4832
f 4764 4763 4847
f 4780 4849 4783
f 4780 4842 4849
f 4782 4773 4850
f 4782 4850 4844
f 4766 4851 4771
f 4766 4852 4851
f 4772 4784 4853
f 4772 4853 2744
f 4766 2725 4852
f 4786 4854 4843
f 4786 4792 4854
f 4778 4845 4855
f 4768 4833 4856
f 4768 4856 4789
f 4790 4795 4857
f 4790 4857 4834
f 2725 2726 4852
f 4735 4858 4760
f 4735 4812 4858
f 4761 4808 4859
f 4761 4859 4813
f 4755 4860 4835
f 4755 4776 4860
f 4742 4861 4754
f 4742 4836 4861
f 4733 4820 4862
f 4733 4862 4757
f 4756 4787 4863
f 4756 4863 4821
f 4795 4864 4857
f 4795 4799 4864
f 4789 4856 4865
f 4789 4865 4796
f 4783 4849 4840
f 4773 4841 4850
f 4800 4917 4749
f 4759 4866 4801
f 4800 4834 4917
f 4796 4865 4867
f 4796 4867 4798
f 4799 4810 4868
f 4799 4868 4864
f 4784 4813 4869
f 4784 4869 4853
f 4771 4870 4785
f 4771 4851 4870
f 4678 4825 4871
f 4584 4656 4872
f 4584 4872 4824
f 4855 4873 4791
f 4763 4821 4847
f 4687 4765 4874
f 4687 4874 4781
f 4657 4748 4875
f 4657 4875 4759
f 4749 4917 4797
f 4803 4876 4792
f 4803 4819 4876
f 4791 4873 4877
f 4791 4877 4802
f 4723 4797 4878
f 4654 4722 4839
f 4776 4794 4879
f 4776 4879 4860
f 4754 4880 4775
f 4754 4861 4880
f 4810 4881 4868
f 4810 4751 4881
f 4798 4867 4950
f 4798 4950 4811
f 4751 4956 4881
f 4751 4830 4956
f 4811 4950 4882
f 4811 4882 4750
f 4757 4862 4883
f 4757 4883 4788
f 4787 4884 4863
f 4787 4806 4884
f 4819 4885 4876
f 4819 4832 4885
f 4802 4877 4886
f 4802 4886 4818
f 4678 4871 4887
f 4678 4887 4693
f 4834 4857 4888
f 4801 4866 4889
f 4801 4889 4833
f 4834 4888 4917
f 4813 4890 4869
f 4813 4859 4890
f 4785 4891 4812
f 4785 4870 4891
f 4794 4892 4879
f 4794 4804 4892
f 4775 4893 4793
f 4775 4880 4893
f 4750 4882 4894
f 4750 4894 4758
f 4830 4964 4956
f 4830 4837 4964
f 4758 4894 4895
f 4758 4895 4838
f 4837 4969 4964
f 4837 4840 4969
f 4808 4896 4859
f 4808 4835 4896
f 4760 4897 4809
f 4760 4858 4897
f 4832 4898 4885
f 4832 4848 4898
f 4818 4886 4899
f 4818 4899 4831
f 4804 4816 4900
f 4804 4900 4892
f 4793 4901 4805
f 4793 4893 4901
f 4788 4883 4902
f 4788 4902 4807
f 4806 4903 4884
f 4806 4814 4903
f 4723 4878 4904
f 4723 4904 4769
f 4838 4895 4905
f 4838 4905 4841
f 4840 4906 4969
f 4840 4849 4906
f 4693 4887 4705
f 4656 4692 4907
f 4656 4907 4872
f 4722 4908 4839
f 4821 4909 4847
f 4821 4863 4909
f 4781 4874 4910
f 4781 4910 4820
f 4833 4889 4911
f 4833 4911 4856
f 4857 4912 4888
f 4857 4864 4912
f 4844 4913 4914
f 4844 4914 4845
f 4844 4850 4913
f 4843 4915 4842
f 4843 4916 4915
f 4843 4854 4916
f 4759 4875 4918
f 4759 4918 4866
f 4850 4919 4913
f 4850 4841 4919
f 4842 4920 4849
f 4842 4915 4920
f 4864 4921 4912
f 4864 4868 4921
f 4856 4911 4922
f 4856 4922 4865
f 4807 4902 4923
f 4807 4923 4815
f 4814 4924 4903
f 4814 4822 4924
f 4845 4914 4993
f 4845 4993 4855
f 4854 4925 4916
f 4854 4792 4925
f 4816 4926 4900
f 4805 4927 4817
f 4805 4901 4927
f 4816 4827 4926
f 4865 4922 4928
f 4865 4928 4867
f 4868 4881 4929
f 4868 4929 4921
f 4848 4930 4898
f 4848 4931 4930
f 4848 4847 4931
f 4831 4899 4932
f 4831 4932 4846
f 2744 4853 2743
f 4705 4887 4933
f 4705 4933 4692
f 4815 4923 4934
f 4815 4934 4823
f 4822 4935 4924
f 4822 4828 4935
f 4852 4936 4851
f 4852 4937 4936
f 4853 4869 4938
f 4853 4938 2743
f 4852 2726 4937
f 4692 4933 4907
f 4809 4939 4836
f 4809 4897 4939
f 4835 4860 4940
f 4835 4940 4896
f 4841 4905 4919
f 4849 4920 4906
f 4827 4829 4941
f 4817 4942 4826
f 4817 4927 4942
f 4827 4941 4926
f 4823 4934 4943
f 4823 4943 4829
f 4828 4944 4935
f 4828 4826 4944
f 4855 4993 4945
f 4855 4945 4873
f 4792 4946 4925
f 4792 4876 4946
f 4829 4943 4941
f 4826 4942 4944
f 4851 4947 4870
f 4851 4936 4947
f 4869 4948 4938
f 4869 4890 4948
f 4881 4949 4929
f 4881 4956 4949
f 4867 4928 4950
f 4812 4951 4858
f 4812 4891 4951
f 4859 4896 4952
f 4859 4952 4890
f 4873 4945 4953
f 4873 4953 4877
f 4876 4954 4946
f 4876 4885 4954
f 4722 4770 5012
f 4722 5012 4908
f 4769 4955 4825
f 4769 4904 4955
f 4866 4918 4957
f 4866 4957 4889
f 4888 4912 4958
f 4888 4958 4917
f 4836 4959 4861
f 4836 4939 4959
f 4860 4879 4960
f 4860 4960 4940
f 4863 4961 4909
f 4863 4884 4961
f 4820 4910 4962
f 4820 4962 4862
f 4765 4846 4963
f 4765 4963 4874
f 4847 4909 4931
f 4877 4953 4965
f 4877 4965 4886
f 4885 4966 4954
f 4885 4898 4966
f 4797 4917 4967
f 4797 4967 4878
f 4748 4839 4968
f 4748 4968 4875
f 4894 4970 4895
f 4875 4971 4918
f 4917 4958 4967
f 4890 4952 4972
f 4890 4972 4948
f 4870 4973 4891
f 4870 4947 4973
f 4889 4957 4974
f 4889 4974 4911
f 4912 4921 4975
f 4912 4975 4958
f 4861 4976 4880
f 4861 4959 4976
f 4879 4892 4977
f 4879 4977 4960
f 4906 4978 4969
f 4906 4920 4978
f 4895 4970 4979
f 4895 4979 4905
f 4921 4980 4975
f 4921 4929 4980
f 4911 4974 4981
f 4911 4981 4922
f 4886 4965 4982
f 4886 4982 4899
f 4898 4983 4966
f 4898 4930 4983
f 4916 4984 4915
f 4916 4985 4984
f 4916 4925 4985
f 4913 4986 4987
f 4913 4987 4914
f 4913 4919 4986
f 4922 4981 4988
f 4922 4988 4928
f 4929 4949 4989
f 4929 4989 4980
f 4915 4990 4920
f 4915 4984 4990
f 4919 4991 4986
f 4919 4905 4991
f 4925 4992 4985
f 4925 4946 4992
f 4914 4987 4993
f 4884 4994 4961
f 4884 4903 4994
f 4862 4962 4995
f 4862 4995 4883
f 4896 4996 4952
f 4896 4940 4996
f 4858 4997 4897
f 4858 4951 4997
f 4920 4990 4978
f 4905 4979 4991
f 4880 4998 4893
f 4880 4976 4998
f 4892 4900 4999
f 4892 4999 4977
f 4899 4982 5000
f 4899 5000 4932
f 4930 4931 5001
f 4930 5002 4983
f 4930 5001 5002
f 4993 5003 4945
f 4949 5004 4989
f 4928 4988 5071
f 4928 5071 4950
f 4949 4956 5004
f 4937 5005 4936
f 4937 5006 5005
f 4938 4948 5007
f 4938 5007 2743
f 4937 2726 5006
f 4874 4963 5008
f 4874 5008 4910
f 4909 4961 5009
f 4909 5009 4931
f 4958 4975 5010
f 4918 4971 5011
f 4918 5011 4957
f 4958 5010 4967
f 4770 4824 5067
f 4770 5067 5012
f 4825 5013 4871
f 4825 4955 5013
f 4956 5014 5004
f 4956 4964 5014
f 4950 5071 5015
f 4950 5015 4882
f 4948 5016 5007
f 4948 4972 5016
f 4936 5017 4947
f 4936 5005 5017
f 4893 5018 4901
f 4893 4998 5018
f 4900 4926 5019
f 4900 5019 4999
f 4878 4967 4904
f 4954 5020 4946
f 4954 4966 5020
f 4945 5003 5021
f 4945 5021 4953
f 4903 4924 5022
f 4903 5022 4994
f 4883 4995 5023
f 4883 5023 4902
f 4875 4968 5024
f 4875 5024 4971
f 4882 5015 5025
f 4882 5025 4894
f 4964 4969 5086
f 4964 5086 5014
f 4940 4960 5026
f 4897 5027 4939
f 4897 4997 5027
f 4940 5026 4996
f 4924 5028 5022
f 4924 4935 5028
f 4902 5023 5029
f 4902 5029 4923
f 4891 5030 4951
f 4891 4973 5030
f 4952 4996 5031
f 4952 5031 4972
f 4901 5032 4927
f 4901 5018 5032
f 4926 4941 5033
f 4926 5033 5019
f 4957 5011 5034
f 4957 5034 4974
f 4975 5035 5010
f 4975 4980 5035
f 4894 5025 5036
f 4894 5036 4970
f 4969 4978 5097
f 4969 5097 5086
f 4935 5037 5028
f 4935 4944 5037
f 4923 5029 5038
f 4923 5038 4934
f 4966 5039 5020
f 4966 4983 5039
f 4953 5021 5040
f 4953 5040 4965
f 4941 4943 5041
f 4927 5042 4942
f 4927 5032 5042
f 4941 5041 5033
f 4944 5043 5037
f 4944 4942 5043
f 4934 5038 5044
f 4934 5044 4943
f 4980 5045 5035
f 4980 4989 5045
f 4974 5034 5046
f 4974 5046 4981
f 2726 2727 5006
f 4943 5044 5041
f 4942 5042 5043
f 4981 5046 5047
f 4981 5047 4988
f 4989 5004 5048
f 4989 5048 5045
f 4931 5009 5001
f 4846 4932 5049
f 4846 5049 4963
f 4970 5036 5050
f 4970 5050 4979
f 4978 4990 5051
f 4978 5051 5097
f 4986 5052 5053
f 4986 5053 4987
f 4986 4991 5052
f 4985 4992 5054
f 4985 5055 4984
f 4985 5054 5055
f 4991 4979 5056
f 4991 5056 5052
f 4984 5057 4990
f 4984 5055 5057
f 4960 5058 5026
f 4960 4977 5058
f 4939 5059 4959
f 4939 5027 5059
f 4910 5008 5060
f 4910 5060 4962
f 4961 4994 5061
f 4961 5061 5009
f 4987 5053 5124
f 4987 5124 4993
f 4992 4946 5062
f 4992 5062 5054
f 4983 5063 5039
f 4983 5002 5063
f 4965 5040 5064
f 4965 5064 4982
f 4972 5031 5065
f 4972 5065 5016
f 4947 5066 4973
f 4947 5017 5066
f 4839 4908 5106
f 4839 5106 4968
f 4904 4967 5105
f 4904 5105 4955
f 4824 4872 5068
f 4824 5068 5067
f 4871 5069 4887
f 4871 5013 5069
f 5004 5070 5048
f 4988 5047 5071
f 5004 5014 5070
f 4971 5024 5072
f 4971 5072 5011
f 5010 5035 5073
f 5010 5073 4967
f 4979 5050 5056
f 4990 5057 5051
f 4993 5124 5074
f 4993 5074 5003
f 4946 5020 5137
f 4946 5137 5062
f 4968 5075 5024
f 4967 5073 5105
f 5002 5076 5063
f 5002 5077 5076
f 5002 5001 5077
f 4982 5064 5078
f 4982 5078 5000
f 5006 5079 5005
f 5006 5080 5079
f 5007 5016 5081
f 5007 5081 2743
f 5006 2727 5080
f 4977 4999 5082
f 4977 5082 5058
f 4959 5083 4976
f 4959 5059 5083
f 2743 5081 2742
f 5003 5074 5084
f 5003 5084 5021
f 5020 5039 5085
f 5020 5085 5137
f 4996 5087 5031
f 4996 5026 5087
f 4951 5088 4997
f 4951 5030 5088
f 5011 5072 5089
f 5011 5089 5034
f 5035 5045 5090
f 5035 5090 5073
f 5016 5091 5081
f 5016 5065 5091
f 5005 5092 5017
f 5005 5079 5092
f 4962 5060 5093
f 4962 5093 4995
f 4994 5022 5094
f 4994 5094 5061
f 5045 5095 5090
f 5045 5048 5095
f 5034 5089 5096
f 5034 5096 5046
f 5025 5098 5036
f 5046 5096 5099
f 5046 5099 5047
f 5048 5070 5100
f 5048 5100 5095
f 4872 5101 5068
f 4887 5069 5102
f 5009 5103 5001
f 5009 5061 5103
f 4963 5049 5104
f 4963 5104 5008
f 4908 5012 5106
f 4999 5107 5082
f 4999 5019 5107
f 4976 5108 4998
f 4976 5083 5108
f 5021 5084 5109
f 5021 5109 5040
f 5039 5063 5110
f 5039 5110 5085
f 5051 5057 5111
f 5051 5111 5097
f 5036 5098 5112
f 5036 5112 5050
f 5054 5062 5113
f 5054 5114 5055
f 5054 5113 5114
f 5052 5115 5116
f 5052 5116 5053
f 5052 5056 5115
f 4973 5117 5030
f 4973 5066 5117
f 5031 5118 5065
f 5031 5087 5118
f 5055 5119 5057
f 5055 5114 5119
f 5056 5120 5115
f 5056 5050 5120
f 5073 5090 5121
f 5024 5075 5122
f 5024 5122 5072
f 5073 5121 5105
f 5062 5123 5113
f 5062 5137 5123
f 5053 5116 5124
f 4968 5106 5125
f 4968 5125 5075
f 4997 5126 5027
f 4997 5088 5126
f 5026 5058 5127
f 5026 5127 5087
f 5070 5128 5100
f 5047 5099 5194
f 5047 5194 5071
f 5070 5014 5128
f 5019 5033 5129
f 5019 5129 5107
f 4998 5130 5018
f 4998 5108 5130
f 4995 5093 5131
f 4995 5131 5023
f 5022 5028 5132
f 5022 5132 5094
f 5040 5109 5133
f 5040 5133 5064
f 5063 5076 5134
f 5063 5134 5110
f 4872 4907 5135
f 4872 5135 5101
f 4887 5136 4933
f 4887 5102 5136
f 5057 5119 5111
f 5050 5112 5120
f 5124 5138 5074
f 4932 5000 5139
f 4932 5139 5049
f 5001 5103 5077
f 5071 5194 5140
f 5071 5140 5015
f 5014 5086 5141
f 5014 5141 5128
f 5017 5142 5066
f 5017 5092 5142
f 5065 5143 5091
f 5065 5118 5143
f 5023 5131 5144
f 5023 5144 5029
f 5028 5145 5132
f 5028 5037 5145
f 5033 5146 5129
f 5033 5041 5146
f 5018 5147 5032
f 5018 5130 5147
f 4955 5105 5190
f 4955 5190 5013
f 5012 5148 5106
f 4907 5149 5135
f 4933 5150 4907
f 4933 5136 5150
f 5072 5122 5151
f 5072 5151 5089
f 5090 5152 5121
f 5090 5095 5152
f 5029 5144 5153
f 5029 5153 5038
f 5037 5043 5154
f 5037 5154 5145
f 5015 5140 5155
f 5015 5155 5025
f 5086 5097 5214
f 5086 5214 5141
f 5064 5133 5156
f 5064 5156 5078
f 5076 5077 5157
f 5076 5157 5158
f 5076 5158 5134
f 2727 5159 5080
f 2727 2728 5159
f 4907 5150 5149
f 5041 5044 5160
f 5041 5160 5146
f 5032 5161 5042
f 5032 5147 5161
f 5043 5042 5162
f 5043 5162 5154
f 5038 5153 5163
f 5038 5163 5044
f 5085 5164 5137
f 5085 5110 5164
f 5074 5138 5165
f 5074 5165 5084
f 5095 5166 5152
f 5095 5100 5166
f 5089 5151 5167
f 5089 5167 5096
f 5044 5163 5160
f 5042 5161 5162
f 5058 5168 5127
f 5027 5169 5059
f 5027 5126 5169
f 5058 5082 5168
f 5080 5170 5079
f 5080 5159 5170
f 5081 5091 5171
f 5081 5171 2742
f 5061 5172 5103
f 5061 5094 5172
f 5008 5104 5173
f 5008 5173 5060
f 5096 5167 5174
f 5096 5174 5099
f 5100 5128 5175
f 5100 5175 5166
f 5025 5155 5176
f 5025 5176 5098
f 5097 5111 5228
f 5097 5228 5214
f 5106 5177 5125
f 5105 5178 5190
f 5105 5121 5178
f 5075 5125 5179
f 5075 5179 5122
f 5121 5152 5178
f 5091 5143 5180
f 5091 5180 5171
f 5079 5181 5092
f 5079 5170 5181
f 5098 5176 5182
f 5098 5182 5112
f 5111 5119 5183
f 5111 5183 5228
f 5110 5134 5184
f 5110 5184 5164
f 5084 5165 5185
f 5084 5185 5109
f 5115 5120 5186
f 5115 5186 5187
f 5115 5187 5116
f 5113 5123 5188
f 5113 5189 5114
f 5113 5188 5189
f 5012 5067 5148
f 5120 5112 5191
f 5120 5191 5186
f 5114 5192 5119
f 5114 5189 5192
f 5128 5193 5175
f 5128 5141 5193
f 5099 5174 5194
f 5116 5187 5258
f 5116 5258 5124
f 5123 5137 5195
f 5123 5195 5188
f 5059 5196 5083
f 5059 5169 5196
f 5082 5197 5168
f 5082 5107 5197
f 5087 5198 5118
f 5087 5127 5198
f 5030 5199 5088
f 5030 5117 5199
f 5112 5182 5191
f 5119 5192 5183
f 5122 5179 5200
f 5122 5200 5151
f 5152 5166 5201
f 5152 5201 5178
f 5124 5258 5202
f 5124 5202 5138
f 5137 5164 5203
f 5137 5203 5195
f 5049 5139 5204
f 5049 5204 5104
f 5103 5205 5077
f 5103 5172 5205
f 5134 5206 5184
f 5134 5158 5206
f 5109 5185 5207
f 5109 5207 5133
f 5094 5208 5172
f 5094 5132 5208
f 5060 5173 5209
f 5060 5209 5093
f 5066 5210 5117
f 5066 5142 5210
f 5118 5198 5211
f 5118 5211 5143
f 5166 5212 5201
f 5166 5175 5212
f 5151 5200 5213
f 5151 5213 5167
f 5106 5148 5215
f 5106 5215 5177
f 5190 5178 5216
f 5167 5213 5217
f 5167 5217 5174
f 5175 5193 5218
f 5175 5218 5212
f 5067 5219 5148
f 5013 5190 5220
f 5013 5220 5069
f 5083 5221 5108
f 5083 5196 5221
f 5107 5222 5197
f 5107 5129 5222
f 5178 5201 5216
f 5125 5177 5223
f 5125 5223 5179
f 5143 5224 5180
f 5143 5211 5224
f 5092 5225 5142
f 5092 5181 5225
f 5138 5202 5226
f 5138 5226 5165
f 5164 5184 5227
f 5164 5227 5203
f 5155 5229 5176
f 5088 5230 5126
f 5088 5199 5230
f 5127 5168 5231
f 5127 5231 5198
f 5158 5232 5233
f 5158 5233 5206
f 5158 5157 5232
f 5133 5207 5234
f 5133 5234 5156
f 2728 5235 5159
f 5077 5205 5157
f 5000 5078 5236
f 5000 5236 5139
f 5159 5237 5170
f 5159 5235 5237
f 5171 5180 5238
f 5171 5238 2742
f 5183 5239 5228
f 5183 5192 5239
f 5176 5229 5240
f 5176 5240 5182
f 5108 5241 5130
f 5108 5221 5241
f 5129 5242 5222
f 5129 5146 5242
f 5193 5243 5218
f 5174 5217 5293
f 5174 5293 5194
f 5193 5141 5243
f 5132 5244 5208
f 5132 5145 5244
f 5093 5209 5245
f 5093 5245 5131
f 5188 5246 5189
f 5188 5247 5246
f 5188 5195 5247
f 5186 5191 5248
f 5186 5248 5249
f 5186 5249 5187
f 5189 5250 5192
f 5189 5246 5250
f 5191 5182 5251
f 5191 5251 5248
f 5069 5252 5102
f 5069 5220 5252
f 5067 5068 5301
f 5067 5301 5219
f 5170 5253 5181
f 5170 5237 5253
f 5180 5254 5238
f 5180 5224 5254
f 5165 5226 5255
f 5165 5255 5185
f 5184 5206 5256
f 5184 5256 5227
f 5195 5257 5247
f 5195 5203 5257
f 5187 5249 5258
f 5179 5223 5259
f 5179 5259 5200
f 5201 5260 5216
f 5201 5212 5260
f 5190 5261 5220
f 5190 5216 5261
f 5194 5293 5262
f 5194 5262 5140
f 5141 5214 5263
f 5141 5263 5243
f 5145 5264 5244
f 5145 5154 5264
f 5131 5245 5265
f 5131 5265 5144
f 5130 5266 5147
f 5130 5241 5266
f 5146 5267 5242
f 5146 5160 5267
f 5168 5268 5231
f 5126 5269 5169
f 5126 5230 5269
f 5168 5197 5268
f 5212 5270 5260
f 5212 5218 5270
f 5200 5259 5271
f 5200 5271 5213
f 5104 5204 5272
f 5104 5272 5173
f 5172 5273 5205
f 5172 5208 5273
f 5192 5250 5239
f 5182 5240 5251
f 5213 5271 5274
f 5213 5274 5217
f 5218 5243 5275
f 5218 5275 5270
f 5144 5265 5276
f 5144 5276 5153
f 5154 5162 5277
f 5154 5277 5264
f 5177 5215 5278
f 5177 5278 5223
f 5216 5260 5261
f 5258 5279 5202
f 5140 5262 5280
f 5140 5280 5155
f 5214 5228 5332
f 5214 5332 5263
f 5147 5281 5161
f 5147 5266 5281
f 5160 5282 5267
f 5160 5163 5282
f 5162 5283 5277
f 5162 5161 5283
f 5153 5276 5284
f 5153 5284 5163
f 5161 5281 5283
f 5163 5284 5282
f 2742 5238 2741
f 5185 5255 5285
f 5185 5285 5207
f 5206 5233 5286
f 5206 5286 5256
f 5155 5280 5287
f 5155 5287 5229
f 5228 5239 5345
f 5228 5345 5332
f 5198 5288 5211
f 5198 5231 5288
f 5117 5289 5199
f 5117 5210 5289
f 5227 5290 5203
f 5227 5256 5290
f 5202 5279 5291
f 5202 5291 5226
f 5148 5219 5335
f 5148 5335 5215
f 5220 5261 5252
f 5243 5292 5275
f 5243 5263 5292
f 5217 5274 5293
f 5211 5288 5294
f 5142 5295 5210
f 5142 5225 5295
f 5211 5294 5224
f 5197 5222 5296
f 5169 5297 5196
f 5169 5269 5297
f 5197 5296 5268
f 5229 5287 5298
f 5229 5298 5240
f 5239 5250 5299
f 5239 5299 5345
f 5068 5101 5300
f 5068 5300 5301
f 5102 5252 5302
f 5102 5302 5136
f 5207 5285 5303
f 5207 5303 5234
f 5233 5232 5304
f 5233 5304 5305
f 5233 5305 5286
f 5223 5278 5306
f 5223 5306 5259
f 5260 5270 5307
f 5260 5307 5261
f 5205 5308 5157
f 5205 5273 5308
f 5139 5236 5309
f 5139 5309 5204
f 5248 5251 5310
f 5248 5310 5311
f 5248 5311 5249
f 5247 5257 5312
f 5247 5313 5246
f 5247 5312 5313
f 5224 5294 5314
f 5224 5314 5254
f 5181 5315 5225
f 5181 5253 5315
f 5251 5240 5316
f 5251 5316 5310
f 5246 5317 5250
f 5246 5313 5317
f 5235 5318 5237
f 5235 5319 5318
f 5238 5254 5320
f 5238 5320 2741
f 5235 2728 5319
f 5215 5321 5278
f 5270 5322 5307
f 5270 5275 5322
f 5259 5306 5323
f 5259 5323 5271
f 5249 5311 5377
f 5249 5377 5258
f 5257 5203 5324
f 5257 5324 5312
f 5271 5323 5325
f 5271 5325 5274
f 5275 5292 5326
f 5275 5326 5322
f 5173 5272 5327
f 5173 5327 5209
f 5208 5328 5273
f 5208 5244 5328
f 5256 5329 5290
f 5256 5286 5329
f 5226 5291 5330
f 5226 5330 5255
f 2728 2729 5319
f 5078 5156 5331
f 5078 5331 5236
f 5157 5308 5232
f 5254 5333 5320
f 5254 5314 5333
f 5237 5334 5253
f 5237 5318 5334
f 5219 5301 5335
f 5252 5261 5355
f 5240 5298 5316
f 5250 5317 5299
f 5199 5336 5230
f 5199 5289 5336
f 5231 5268 5337
f 5231 5337 5288
f 5222 5242 5338
f 5222 5338 5296
f 5196 5339 5221
f 5196 5297 5339
f 5258 5377 5340
f 5258 5340 5279
f 5203 5290 5341
f 5203 5341 5324
f 5136 5342 5150
f 5136 5302 5342
f 5101 5135 5343
f 5101 5343 5300
f 5280 5344 5287
f 5292 5346 5326
f 5292 5263 5346
f 5274 5325 5411
f 5274 5411 5293
f 5286 5347 5329
f 5286 5305 5347
f 5255 5330 5348
f 5255 5348 5285
f 5278 5321 5349
f 5278 5349 5306
f 5307 5350 5261
f 5307 5322 5350
f 5215 5335 5351
f 5215 5351 5321
f 5261 5350 5355
f 5279 5340 5352
f 5279 5352 5291
f 5290 5329 5353
f 5290 5353 5341
f 5301 5354 5335
f 5252 5355 5302
f 5135 5149 5356
f 5135 5356 5343
f 5150 5342 5357
f 5150 5357 5149
f 5287 5344 5358
f 5287 5358 5298
f 5299 5359 5345
f 5299 5317 5359
f 5242 5267 5360
f 5242 5360 5338
f 5221 5361 5241
f 5221 5339 5361
f 5322 5362 5350
f 5322 5326 5362
f 5306 5349 5363
f 5306 5363 5323
f 5209 5327 5364
f 5209 5364 5245
f 5244 5365 5328
f 5244 5264 5365
f 5323 5363 5366
f 5323 5366 5325
f 5326 5346 5367
f 5326 5367 5362
f 5263 5425 5346
f 5263 5332 5425
f 5293 5411 5368
f 5293 5368 5262
f 5310 5369 5370
f 5310 5370 5311
f 5310 5316 5369
f 5312 5371 5313
f 5312 5372 5371
f 5312 5324 5372
f 5149 5357 5356
f 5316 5373 5369
f 5316 5298 5373
f 5313 5374 5317
f 5313 5371 5374
f 5268 5375 5337
f 5230 5376 5269
f 5230 5336 5376
f 5268 5296 5375
f 5311 5370 5377
f 5324 5378 5372
f 5324 5341 5378
f 5273 5379 5308
f 5273 5328 5379
f 5204 5309 5380
f 5204 5380 5272
f 5264 5381 5365
f 5264 5277 5381
f 5245 5364 5382
f 5245 5382 5265
f 5305 5304 5383
f 5305 5384 5347
f 5305 5383 5384
f 5285 5348 5385
f 5285 5385 5303
f 5332 5444 5425
f 5332 5345 5444
f 5262 5368 5386
f 5262 5386 5280
f 5267 5282 5387
f 5267 5387 5360
f 5241 5388 5266
f 5241 5361 5388
f 5301 5300 5389
f 5301 5389 5354
f 5302 5390 5342
f 5302 5355 5390
f 5319 5391 5318
f 5319 5392 5391
f 5320 5333 5393
f 5320 5393 2741
f 5319 2729 5392
f 5291 5352 5394
f 5291 5394 5330
f 5329 5347 5395
f 5329 5395 5353
f 5288 5396 5294
f 5288 5337 5396
f 5210 5397 5289
f 5210 5295 5397
f 5298 5358 5373
f 5317 5374 5359
f 5314 5398 5399
f 5314 5294 5398
f 5314 5399 5333
f 5253 5400 5315
f 5253 5334 5400
f 5265 5382 5401
f 5265 5401 5276
f 5277 5402 5381
f 5277 5283 5402
f 5335 5404 5351
f 5355 5350 5403
f 5225 5405 5295
f 5225 5315 5405
f 5294 5396 5398
f 5321 5351 5406
f 5321 5406 5349
f 5350 5362 5403
f 5377 5407 5340
f 5282 5284 5408
f 5282 5408 5387
f 5266 5409 5281
f 5266 5388 5409
f 5346 5410 5367
f 5346 5425 5410
f 5325 5366 5411
f 5276 5401 5412
f 5276 5412 5284
f 5283 5413 5402
f 5283 5281 5413
f 5345 5458 5444
f 5345 5359 5458
f 5280 5386 5414
f 5280 5414 5344
f 5284 5412 5408
f 5281 5409 5413
f 5362 5415 5403
f 5362 5367 5415
f 5349 5406 5416
f 5349 5416 5363
f 5333 5417 5393
f 5333 5399 5417
f 5318 5418 5334
f 5318 5391 5418
f 5363 5416 5419
f 5363 5419 5366
f 5367 5410 5420
f 5367 5420 5415
f 5236 5331 5421
f 5236 5421 5309
f 5308 5379 5422
f 5308 5422 5232
f 5269 5423 5297
f 5269 5376 5423
f 5296 5338 5424
f 5296 5424 5375
f 5359 5426 5458
f 5359 5374 5426
f 5344 5414 5427
f 5344 5427 5358
f 5232 5422 5304
f 5156 5234 5428
f 5156 5428 5331
f 5330 5394 5429
f 5330 5429 5348
f 5347 5384 5430
f 5347 5430 5395
f 5340 5407 5431
f 5340 5431 5352
f 5353 5432 5341
f 5353 5395 5432
f 5372 5433 5371
f 5372 5434 5433
f 5372 5378 5434
f 5369 5373 5435
f 5369 5435 5436
f 5369 5436 5370
f 5335 5354 5437
f 5335 5437 5404
f 5355 5403 5438
f 5355 5438 5390
f 5300 5343 5439
f 5300 5439 5389
f 5342 5440 5357
f 5342 5390 5440
f 5371 5441 5374
f 5371 5433 5441
f 5373 5358 5442
f 5373 5442 5435
f 5378 5443 5434
f 5378 5341 5443
f 5370 5436 5499
f 5370 5499 5377
f 5351 5404 5445
f 5351 5445 5406
f 5403 5415 5438
f 5328 5446 5379
f 5328 5365 5446
f 5272 5380 5447
f 5272 5447 5327
f 5289 5448 5336
f 5289 5397 5448
f 5337 5375 5449
f 5337 5449 5396
f 5410 5450 5420
f 5366 5419 5494
f 5366 5494 5411
f 5410 5425 5450
f 5415 5451 5438
f 5415 5420 5451
f 5406 5445 5452
f 5406 5452 5416
f 5416 5452 5453
f 5416 5453 5419
f 5420 5450 5454
f 5420 5454 5451
f 5374 5441 5426
f 5358 5427 5442
f 5343 5356 5455
f 5343 5455 5439
f 5357 5456 5356
f 5357 5440 5456
f 5386 5457 5414
f 5297 5459 5339
f 5297 5423 5459
f 5338 5360 5460
f 5338 5460 5424
f 5348 5429 5461
f 5348 5461 5385
f 5384 5462 5463
f 5384 5463 5430
f 5384 5383 5462
f 2741 5393 2740
f 5341 5464 5443
f 5341 5432 5464
f 5377 5499 5407
f 5354 5389 5465
f 5354 5465 5437
f 5390 5466 5440
f 5390 5438 5466
f 5352 5431 5467
f 5352 5467 5394
f 5395 5468 5432
f 5395 5430 5468
f 5356 5456 5455
f 5392 5469 5391
f 5392 5470 5469
f 5393 5417 5471
f 5393 5471 2740
f 5392 2729 5470
f 5425 5472 5450
f 5425 5444 5472
f 5411 5494 5473
f 5411 5473 5368
f 5404 5437 5474
f 5404 5474 5445
f 5438 5451 5466
f 5414 5457 5475
f 5414 5475 5427
f 5426 5476 5458
f 5426 5441 5476
f 5334 5477 5400
f 5334 5418 5477
f 5399 5398 5478
f 5399 5479 5417
f 5399 5478 5479
f 5435 5480 5481
f 5435 5481 5436
f 5435 5442 5480
f 5434 5482 5433
f 5434 5483 5482
f 5434 5443 5483
f 5451 5484 5466
f 5451 5454 5484
f 5445 5474 5520
f 5445 5520 5452
f 5368 5473 5485
f 5368 5485 5386
f 5444 5458 5532
f 5444 5532 5472
f 5417 5479 5486
f 5417 5486 5471
f 5391 5487 5418
f 5391 5469 5487
f 5442 5488 5480
f 5442 5427 5488
f 5433 5489 5441
f 5433 5482 5489
f 5407 5490 5431
f 5452 5520 5491
f 5452 5491 5453
f 5454 5450 5492
f 5454 5492 5493
f 5454 5493 5484
f 5419 5453 5494
f 5450 5472 5492
f 5339 5495 5361
f 5339 5459 5495
f 5360 5387 5496
f 5360 5496 5460
f 5315 5497 5405
f 5315 5400 5497
f 5398 5498 5478
f 5398 5396 5498
f 5436 5481 5499
f 5443 5500 5483
f 5443 5464 5500
f 5375 5501 5449
f 5375 5424 5501
f 5336 5502 5376
f 5336 5448 5502
f 5327 5447 5503
f 5327 5503 5364
f 5365 5504 5446
f 5365 5381 5504
f 5309 5421 5505
f 5309 5505 5380
f 5379 5446 5506
f 5379 5506 5422
f 5394 5467 5507
f 5394 5507 5429
f 5430 5508 5468
f 5430 5463 5508
f 5396 5449 5498
f 5295 5509 5397
f 5295 5405 5509
f 5389 5439 5510
f 5389 5510 5465
f 5440 5511 5456
f 5440 5466 5511
f 5437 5465 5512
f 5437 5512 5474
f 5466 5484 5511
f 5386 5485 5513
f 5386 5513 5457
f 5458 5476 5561
f 5458 5561 5532
f 2729 2730 5470
f 5427 5475 5488
f 5441 5489 5476
f 5381 5514 5504
f 5381 5402 5514
f 5364 5503 5515
f 5364 5515 5382
f 5499 5516 5407
f 5361 5517 5388
f 5361 5495 5517
f 5387 5408 5518
f 5387 5518 5496
f 5484 5519 5511
f 5484 5493 5519
f 5474 5512 5520
f 5520 5521 5491
f 5493 5492 5522
f 5422 5523 5304
f 5422 5506 5523
f 5331 5428 5524
f 5331 5524 5421
f 5234 5303 5525
f 5234 5525 5428
f 5304 5523 5383
f 5468 5526 5432
f 5468 5508 5526
f 5431 5490 5527
f 5431 5527 5467
f 5457 5513 5528
f 5457 5528 5475
f 5476 5489 5529
f 5476 5529 5561
f 5402 5530 5514
f 5402 5413 5530
f 5382 5515 5531
f 5382 5531 5401
f 5453 5491 5566
f 5453 5566 5494
f 5492 5472 5522
f 5429 5507 5533
f 5429 5533 5461
f 5463 5534 5508
f 5463 5535 5534
f 5463 5462 5535
f 5439 5455 5536
f 5439 5536 5510
f 5456 5511 5537
f 5456 5537 5455
f 5480 5538 5539
f 5480 5539 5481
f 5480 5488 5538
f 5483 5500 5540
f 5483 5541 5482
f 5483 5540 5541
f 5388 5542 5409
f 5388 5517 5542
f 5408 5412 5543
f 5408 5543 5518
f 5413 5544 5530
f 5413 5409 5544
f 5401 5531 5545
f 5401 5545 5412
f 5488 5475 5546
f 5488 5546 5538
f 5482 5547 5489
f 5482 5541 5547
f 5470 5548 5469
f 5470 5549 5548
f 5471 5486 5550
f 5471 5550 2740
f 5470 2730 5549
f 5409 5542 5544
f 5412 5545 5543
f 5455 5537 5536
f 5424 5460 5551
f 5424 5551 5501
f 5376 5552 5423
f 5376 5502 5552
f 5481 5539 5600
f 5481 5600 5499
f 5500 5464 5553
f 5500 5553 5540
f 5520 5554 5555
f 5520 5555 5521
f 5493 5522 5556
f 5493 5556 5557
f 5493 5557 5519
f 5520 5512 5554
f 5407 5516 5558
f 5407 5558 5490
f 5432 5610 5464
f 5432 5526 5610
f 5494 5566 5559
f 5494 5559 5473
f 5472 5532 5560
f 5472 5560 5522
f 5485 5562 5513
f 5465 5510 5563
f 5465 5563 5512
f 5511 5519 5537
f 5397 5564 5448
f 5397 5509 5564
f 5449 5501 5565
f 5449 5565 5498
f 5522 5560 5556
f 5491 5521 5566
f 5469 5567 5487
f 5469 5548 5567
f 5486 5568 5550
f 5486 5479 5569
f 5486 5569 5568
f 5508 5570 5526
f 5508 5534 5570
f 5467 5527 5571
f 5467 5571 5507
f 5475 5528 5546
f 5489 5547 5529
f 5479 5478 5572
f 5479 5572 5569
f 5418 5573 5477
f 5418 5487 5573
f 5519 5574 5537
f 5519 5557 5574
f 5512 5563 5575
f 5512 5575 5554
f 5499 5600 5516
f 5464 5610 5576
f 5464 5576 5553
f 5380 5505 5577
f 5380 5577 5447
f 5446 5504 5578
f 5446 5578 5506
f 5473 5559 5579
f 5473 5579 5485
f 5532 5561 5611
f 5532 5611 5560
f 5554 5575 5580
f 5554 5580 5555
f 5557 5581 5582
f 5557 5556 5581
f 5557 5582 5574
f 5529 5547 5583
f 5529 5583 5561
f 5513 5562 5584
f 5513 5584 5528
f 5540 5553 5585
f 5540 5586 5541
f 5540 5585 5586
f 5538 5587 5588
f 5538 5588 5539
f 5538 5546 5587
f 5510 5536 5589
f 5510 5589 5563
f 5537 5574 5536
f 5541 5590 5547
f 5541 5586 5590
f 5546 5591 5587
f 5546 5528 5591
f 5460 5592 5551
f 5460 5496 5592
f 5423 5593 5459
f 5423 5552 5593
f 5490 5558 5594
f 5490 5594 5527
f 5526 5595 5610
f 5526 5570 5595
f 5400 5596 5497
f 5400 5477 5596
f 5478 5597 5572
f 5478 5498 5597
f 5521 5555 5598
f 5521 5598 5566
f 5556 5560 5581
f 5536 5574 5589
f 5553 5599 5585
f 5553 5576 5599
f 5539 5588 5600
f 5485 5579 5601
f 5485 5601 5562
f 5561 5583 5639
f 5561 5639 5611
f 5574 5582 5589
f 5563 5589 5602
f 5563 5602 5575
f 5575 5602 5603
f 5575 5603 5580
f 5582 5581 5604
f 5582 5604 5602
f 5582 5602 5589
f 5534 5535 5605
f 5534 5606 5570
f 5534 5605 5606
f 5507 5571 5607
f 5507 5607 5533
f 2740 5550 2739
f 2730 5608 5549
f 5516 5609 5558
f 5498 5565 5597
f 5405 5612 5509
f 5405 5497 5612
f 5602 5604 5603
f 5549 5613 5548
f 5549 5608 5613
f 5550 5568 5614
f 5550 5614 2739
f 5566 5598 5615
f 5566 5615 5559
f 5560 5611 5616
f 5560 5616 5581
f 5547 5590 5583
f 5528 5584 5591
f 5581 5616 5604
f 5555 5580 5617
f 5555 5617 5598
f 5501 5618 5565
f 5448 5619 5502
f 5448 5564 5619
f 5501 5551 5618
f 5562 5601 5620
f 5562 5620 5584
f 5583 5590 5621
f 5583 5621 5639
f 5506 5578 5622
f 5506 5622 5523
f 5421 5524 5623
f 5421 5623 5505
f 5600 5624 5516
f 5587 5591 5625
f 5587 5625 5626
f 5587 5626 5588
f 5585 5599 5627
f 5585 5628 5586
f 5585 5627 5628
f 5383 5523 5629
f 5383 5629 5462
f 5303 5385 5630
f 5303 5630 5525
f 5496 5518 5631
f 5496 5631 5592
f 5459 5632 5495
f 5459 5593 5632
f 5591 5584 5633
f 5591 5633 5625
f 5586 5634 5590
f 5586 5628 5634
f 5447 5577 5635
f 5447 5635 5503
f 5504 5514 5636
f 5504 5636 5578
f 5527 5594 5637
f 5527 5637 5571
f 5570 5638 5595
f 5570 5606 5638
f 5579 5640 5601
f 5428 5525 5641
f 5428 5641 5524
f 5523 5622 5629
f 5588 5626 5682
f 5588 5682 5600
f 5599 5576 5642
f 5599 5642 5627
f 5559 5615 5643
f 5559 5643 5579
f 5611 5639 5644
f 5611 5644 5616
f 5568 5645 5614
f 5568 5569 5646
f 5568 5646 5645
f 5548 5647 5567
f 5548 5613 5647
f 5616 5648 5604
f 5616 5644 5648
f 5598 5617 5649
f 5598 5649 5615
f 5580 5603 5650
f 5580 5650 5617
f 5604 5648 5603
f 5558 5609 5651
f 5558 5651 5594
f 5595 5638 5652
f 5595 5652 5610
f 5569 5572 5653
f 5569 5653 5646
f 5487 5654 5573
f 5487 5567 5654
f 5503 5635 5655
f 5503 5655 5515
f 5514 5530 5656
f 5514 5656 5636
f 5621 5590 5634
f 5621 5657 5639
f 5621 5634 5657
f 5601 5640 5658
f 5601 5658 5620
f 5603 5648 5650
f 5610 5711 5576
f 5610 5652 5711
f 5516 5624 5659
f 5516 5659 5609
f 5518 5660 5631
f 5518 5543 5660
f 5495 5661 5517
f 5495 5632 5661
f 5584 5620 5633
f 5579 5643 5662
f 5579 5662 5640
f 5639 5657 5663
f 5639 5663 5644
f 5627 5664 5628
f 5627 5665 5664
f 5627 5642 5665
f 5625 5633 5666
f 5625 5666 5667
f 5625 5667 5626
f 5644 5668 5648
f 5644 5663 5668
f 5615 5649 5669
f 5615 5669 5643
f 5600 5682 5624
f 5576 5711 5670
f 5576 5670 5642
f 5628 5671 5634
f 5628 5664 5671
f 5633 5620 5672
f 5633 5672 5666
f 5648 5668 5650
f 5617 5650 5673
f 5617 5673 5649
f 5515 5655 5674
f 5515 5674 5531
f 5530 5544 5675
f 5530 5675 5656
f 5502 5676 5552
f 5502 5619 5676
f 5551 5677 5618
f 5551 5592 5677
f 5571 5637 5678
f 5571 5678 5607
f 5606 5679 5638
f 5606 5680 5679
f 5606 5605 5680
f 2730 2731 5608
f 5642 5681 5665
f 5642 5670 5681
f 5626 5667 5682
f 5509 5683 5564
f 5509 5612 5683
f 5565 5618 5684
f 5565 5684 5597
f 5543 5545 5685
f 5543 5685 5660
f 5517 5686 5542
f 5517 5661 5686
f 5650 5668 5673
f 5531 5674 5687
f 5531 5687 5545
f 5544 5542 5688
f 5544 5688 5675
f 5608 5689 5613
f 5608 5690 5689
f 5614 5645 5691
f 5614 5691 2739
f 5608 2731 5690
f 5545 5687 5685
f 5542 5686 5688
f 5477 5692 5596
f 5477 5573 5692
f 5572 5693 5653
f 5572 5597 5693
f 5640 5662 5694
f 5640 5694 5658
f 5657 5671 5695
f 5657 5695 5663
f 5657 5634 5671
f 5663 5696 5668
f 5663 5695 5697
f 5663 5697 5696
f 5643 5669 5698
f 5643 5698 5662
f 5594 5651 5699
f 5594 5699 5637
f 5638 5679 5700
f 5638 5700 5652
f 5666 5672 5701
f 5666 5701 5702
f 5666 5702 5667
f 5665 5681 5703
f 5665 5704 5664
f 5665 5703 5704
f 5649 5673 5705
f 5649 5705 5669
f 5668 5696 5673
f 5620 5658 5672
f 5672 5658 5706
f 5672 5706 5701
f 5664 5707 5671
f 5664 5704 5707
f 5652 5700 5708
f 5652 5708 5711
f 5609 5659 5709
f 5609 5709 5651
f 5624 5710 5659
f 5578 5712 5622
f 5578 5636 5712
f 5505 5623 5713
f 5505 5713 5577
f 5682 5714 5624
f 5673 5696 5705
f 5667 5702 5737
f 5667 5737 5682
f 5681 5670 5715
f 5681 5715 5703
f 5645 5716 5691
f 5645 5646 5717
f 5645 5717 5716
f 5613 5718 5647
f 5613 5689 5718
f 5695 5707 5697
f 5695 5671 5707
f 5662 5698 5719
f 5662 5719 5694
f 5701 5720 5721
f 5701 5721 5702
f 5703 5722 5704
f 5703 5723 5722
f 5703 5715 5723
f 5701 5706 5720
f 5669 5705 5724
f 5669 5724 5725
f 5696 5697 5726
f 5696 5726 5705
f 5669 5725 5698
f 5597 5684 5693
f 5497 5727 5612
f 5497 5596 5727
f 5552 5728 5593
f 5552 5676 5728
f 5592 5729 5677
f 5592 5631 5729
f 5385 5461 5730
f 5385 5730 5630
f 5462 5731 5535
f 5462 5629 5731
f 5706 5658 5694
f 5704 5732 5707
f 5704 5722 5732
f 5706 5694 5733
f 5706 5733 5720
f 5705 5726 5724
f 5698 5725 5734
f 5698 5734 5719
f 5697 5707 5732
f 5697 5732 5726
f 5646 5735 5717
f 5646 5653 5735
f 5567 5736 5654
f 5567 5647 5736
f 5702 5721 5737
f 5715 5738 5723
f 5715 5739 5738
f 5715 5670 5739
f 5637 5699 5740
f 5637 5740 5678
f 5679 5680 5741
f 5679 5741 5742
f 5679 5742 5700
f 5682 5737 5714
f 5670 5769 5739
f 5670 5711 5769
f 2739 5743 2738
f 2739 5691 5743
f 5723 5744 5722
f 5723 5745 5744
f 5723 5738 5745
f 5720 5733 5746
f 5720 5746 5747
f 5720 5747 5721
f 5618 5748 5684
f 5564 5749 5619
f 5564 5683 5749
f 5618 5677 5748
f 5711 5708 5750
f 5711 5750 5769
f 5624 5714 5751
f 5624 5751 5710
f 5524 5641 5752
f 5524 5752 5623
f 5622 5712 5753
f 5622 5753 5629
f 5733 5719 5754
f 5722 5755 5732
f 5722 5744 5755
f 5733 5694 5719
f 5733 5754 5746
f 5725 5724 5756
f 5725 5756 5734
f 5726 5732 5755
f 5726 5755 5724
f 5690 5757 5689
f 5690 5758 5757
f 5691 5716 5743
f 5690 2731 5758
f 5700 5759 5708
f 5700 5742 5759
f 5651 5709 5760
f 5651 5760 5699
f 5659 5710 5761
f 5659 5761 5709
f 5708 5759 5750
f 5629 5753 5731
f 5525 5630 5762
f 5525 5762 5641
f 5738 5763 5745
f 5738 5739 5763
f 5721 5747 5764
f 5721 5764 5737
f 5746 5765 5766
f 5746 5766 5747
f 5746 5754 5765
f 5745 5763 5765
f 5745 5767 5744
f 5745 5765 5767
f 5724 5755 5756
f 5754 5734 5767
f 5754 5767 5765
f 5754 5719 5734
f 5744 5756 5755
f 5744 5767 5756
f 5737 5768 5714
f 5765 5763 5766
f 5593 5770 5632
f 5593 5728 5770
f 5631 5771 5729
f 5631 5660 5771
f 5747 5766 5772
f 5747 5772 5764
f 5763 5739 5773
f 5763 5773 5766
f 5767 5734 5756
f 5636 5656 5774
f 5636 5774 5712
f 5577 5713 5775
f 5577 5775 5635
f 5716 5776 5777
f 5716 5777 5743
f 5716 5717 5776
f 5689 5778 5718
f 5689 5757 5778
f 5714 5779 5751
f 5769 5750 5780
f 5766 5773 5772
f 5573 5781 5692
f 5573 5654 5781
f 5653 5782 5735
f 5653 5693 5782
f 5739 5769 5783
f 5739 5783 5773
f 5737 5764 5768
f 5750 5759 5784
f 5750 5784 5780
f 5710 5751 5785
f 5710 5785 5761
f 5742 5786 5787
f 5742 5787 5759
f 5742 5741 5786
f 5699 5760 5788
f 5699 5788 5740
f 2731 2732 5758
f 5612 5789 5683
f 5612 5727 5789
f 5684 5748 5790
f 5684 5790 5693
f 5656 5791 5774
f 5656 5675 5791
f 5635 5775 5792
f 5635 5792 5655
f 5709 5761 5793
f 5709 5793 5760
f 5759 5787 5784
f 5764 5772 5794
f 5764 5794 5768
f 5773 5783 5772
f 5632 5795 5661
f 5632 5770 5795
f 5660 5796 5771
f 5660 5685 5796
f 5677 5729 5797
f 5619 5798 5676
f 5619 5749 5798
f 5677 5797 5748
f 5758 5799 5757
f 5758 5800 5799
f 5743 5777 5801
f 5743 5801 2738
f 5758 2732 5800
f 5714 5768 5802
f 5714 5802 5779
f 5769 5803 5783
f 5769 5780 5803
f 5647 5804 5736
f 5647 5718 5804
f 5717 5735 5805
f 5717 5805 5776
f 5772 5783 5794
f 5675 5688 5806
f 5675 5806 5791
f 5655 5792 5807
f 5655 5807 5674
f 5461 5533 5808
f 5461 5808 5730
f 5535 5809 5605
f 5535 5731 5809
f 5661 5810 5686
f 5661 5795 5810
f 5685 5811 5796
f 5685 5687 5811
f 5751 5779 5812
f 5751 5812 5785
f 5780 5813 5803
f 5780 5784 5813
f 5783 5803 5814
f 5768 5815 5802
f 5688 5816 5806
f 5688 5686 5816
f 5674 5807 5817
f 5674 5817 5687
f 5693 5790 5782
f 5596 5818 5727
f 5596 5692 5818
f 5686 5810 5816
f 5687 5817 5811
f 5757 5819 5778
f 5757 5799 5819
f 5777 5820 5801
f 5777 5776 5821
f 5777 5821 5820
f 5623 5752 5822
f 5623 5822 5713
f 5712 5823 5753
f 5712 5774 5823
f 5784 5787 5824
f 5784 5824 5813
f 5761 5785 5825
f 5761 5825 5793
f 5768 5794 5826
f 5768 5826 5815
f 5783 5814 5827
f 5783 5827 5794
f 5760 5793 5828
f 5760 5828 5788
f 5787 5786 5829
f 5787 5829 5824
f 5794 5827 5826
f 5779 5802 5830
f 5779 5830 5812
f 5803 5831 5814
f 5803 5813 5831
f 5800 5832 5799
f 5800 5833 5832
f 5801 5820 5834
f 5801 5834 2738
f 5800 2732 5833
f 5729 5771 5835
f 5729 5835 5797
f 5676 5836 5728
f 5676 5798 5836
f 5630 5730 5837
f 5630 5837 5762
f 5731 5838 5809
f 5731 5753 5838
f 5748 5839 5790
f 5683 5840 5749
f 5683 5789 5840
f 5748 5797 5839
f 5753 5823 5838
f 5641 5762 5841
f 5641 5841 5752
f 5654 5842 5781
f 5654 5736 5842
f 5735 5843 5805
f 5735 5782 5843
f 2738 5834 2737
f 5814 5831 5844
f 5814 5844 5827
f 5802 5815 5845
f 5802 5845 5830
f 5785 5812 5846
f 5785 5846 5825
f 5813 5847 5831
f 5813 5824 5847
f 5776 5805 5848
f 5776 5848 5821
f 5718 5849 5804
f 5718 5778 5849
f 5820 5850 5834
f 5820 5821 5851
f 5820 5851 5850
f 5799 5852 5819
f 5799 5832 5852
f 5824 5829 5853
f 5824 5853 5847
f 5793 5825 5854
f 5793 5854 5828
f 2732 5855 5833
f 2732 2733 5855
f 5815 5826 5856
f 5815 5856 5845
f 5827 5844 5857
f 5827 5857 5826
f 5833 5858 5832
f 5833 5855 5858
f 5834 5850 5859
f 5834 5859 2737
f 5826 5860 5856
f 5826 5857 5860
f 5812 5830 5861
f 5812 5861 5846
f 5831 5862 5844
f 5831 5847 5862
f 5771 5796 5863
f 5771 5863 5835
f 5728 5864 5770
f 5728 5836 5864
f 5727 5865 5789
f 5727 5818 5865
f 5790 5839 5866
f 5790 5866 5782
f 5713 5822 5867
f 5713 5867 5775
f 5774 5868 5823
f 5774 5791 5868
f 5605 5809 5869
f 5605 5869 5680
f 5533 5607 5870
f 5533 5870 5808
f 5825 5846 5871
f 5825 5871 5854
f 5847 5872 5862
f 5847 5853 5872
f 5844 5862 5873
f 5844 5873 5857
f 5830 5845 5874
f 5830 5874 5861
f 2733 5875 5855
f 5749 5876 5798
f 5749 5840 5876
f 5797 5835 5877
f 5797 5877 5839
f 5850 5878 5859
f 5850 5851 5879
f 5850 5879 5878
f 5832 5880 5852
f 5832 5858 5880
f 5782 5866 5843
f 5692 5881 5818
f 5692 5781 5881
f 5855 5882 5858
f 5855 5875 5882
f 5859 5878 5883
f 5859 5883 2737
f 5775 5867 5884
f 5775 5884 5792
f 5791 5885 5868
f 5791 5806 5885
f 5821 5848 5886
f 5821 5886 5851
f 5778 5887 5849
f 5778 5819 5887
f 5845 5856 5888
f 5845 5888 5874
f 5857 5873 5889
f 5796 5811 5890
f 5796 5890 5863
f 5770 5891 5795
f 5770 5864 5891
f 5857 5889 5892
f 5857 5892 5860
f 5736 5893 5842
f 5736 5804 5893
f 5805 5894 5848
f 5805 5843 5894
f 5856 5860 5895
f 5856 5895 5888
f 5846 5861 5896
f 5846 5896 5871
f 5862 5897 5873
f 5862 5872 5897
f 2737 5883 2736
f 5860 5892 5895
f 2736 5883 5898
f 5792 5884 5899
f 5792 5899 5807
f 5806 5900 5885
f 5806 5816 5900
f 2733 5901 5875
f 2733 2734 5901
f 5730 5808 5902
f 5730 5902 5837
f 5809 5903 5869
f 5809 5838 5903
f 5875 5904 5882
f 5875 5901 5904
f 5883 5905 5898
f 5883 5878 5905
f 5823 5906 5838
f 5823 5868 5906
f 5752 5841 5907
f 5752 5907 5822
f 5878 5908 5905
f 5878 5879 5908
f 5858 5909 5880
f 5858 5882 5909
f 5811 5817 5910
f 5811 5910 5890
f 5795 5911 5810
f 5795 5891 5911
f 5807 5899 5912
f 5807 5912 5817
f 5816 5913 5900
f 5816 5810 5913
f 5817 5912 5910
f 5810 5911 5913
f 5873 5897 5914
f 5873 5914 5889
f 5861 5874 5915
f 5861 5915 5896
f 5839 5916 5866
f 5839 5877 5916
f 5789 5917 5840
f 5789 5865 5917
f 5762 5837 5918
f 5762 5918 5841
f 5838 5906 5903
f 2736 5898 5919
f 2734 5920 5901
f 5901 5921 5904
f 5901 5920 5921
f 5898 5922 5919
f 5898 5905 5922
f 5798 5923 5836
f 5798 5876 5923
f 5835 5863 5924
f 5835 5924 5877
f 5874 5888 5925
f 5874 5925 5915
f 5889 5926 5892
f 5889 5914 5926
f 2736 5919 2735
f 5851 5927 5879
f 5851 5886 5927
f 5819 5928 5887
f 5819 5852 5928
f 5607 5678 5929
f 5607 5929 5870
f 5680 5930 5741
f 5680 5869 5930
f 5882 5931 5909
f 5882 5904 5931
f 5905 5908 5932
f 5905 5932 5922
f 2735 5919 5933
f 2734 5934 5920
f 2734 2735 5934
f 5888 5895 5935
f 5888 5935 5925
f 5892 5926 5936
f 5892 5936 5895
f 2735 5937 5934
f 5920 5938 5921
f 5920 5934 5938
f 5919 5939 5933
f 5919 5922 5939
f 5895 5936 5935
f 2735 5933 5937
f 5818 5940 5865
f 5818 5881 5940
f 5866 5916 5941
f 5866 5941 5843
f 5934 5942 5938
f 5934 5937 5942
f 5933 5943 5937
f 5933 5939 5943
f 5937 5943 5942
f 5922 5932 5944
f 5922 5944 5939
f 5904 5945 5931
f 5904 5921 5945
f 5848 5946 5886
f 5804 5947 5893
f 5804 5849 5947
f 5848 5894 5946
f 5843 5941 5894
f 5781 5948 5881
f 5781 5842 5948
f 5939 5944 5949
f 5939 5949 5943
f 5921 5950 5945
f 5921 5938 5950
f 5836 5951 5864
f 5836 5923 5951
f 5863 5890 5952
f 5863 5952 5924
f 5852 5953 5928
f 5852 5880 5953
f 5879 5927 5954
f 5879 5954 5908
f 5868 5885 5955
f 5868 5955 5906
f 5822 5907 5956
f 5822 5956 5867
f 5943 5957 5942
f 5943 5949 5957
f 5938 5958 5950
f 5938 5942 5958
f 5942 5957 5958
f 5877 5924 5959
f 5877 5959 5916
f 5840 5960 5876
f 5840 5917 5960
f 5869 5903 5961
f 5869 5961 5930
f 5808 5870 5962
f 5808 5962 5902
f 5678 5740 5963
f 5678 5963 5929
f 5741 5930 5964
f 5741 5964 5786
f 5885 5965 5955
f 5885 5900 5965
f 5867 5956 5966
f 5867 5966 5884
f 5864 5967 5891
f 5864 5951 5967
f 5890 5910 5968
f 5890 5968 5952
f 5908 5954 5969
f 5908 5969 5932
f 5880 5970 5953
f 5880 5909 5970
f 5841 5918 5971
f 5841 5971 5907
f 5906 5955 5972
f 5906 5972 5903
f 5916 5973 5941
f 5865 5974 5917
f 5865 5940 5974
f 5916 5959 5973
f 5849 5975 5947
f 5849 5887 5975
f 5886 5946 5976
f 5886 5976 5927
f 5837 5902 5977
f 5837 5977 5918
f 5903 5972 5961
f 5900 5978 5965
f 5900 5913 5978
f 5884 5966 5979
f 5884 5979 5899
f 5891 5980 5911
f 5891 5967 5980
f 5910 5912 5981
f 5910 5981 5968
f 5913 5982 5978
f 5913 5911 5982
f 5899 5979 5983
f 5899 5983 5912
f 5932 5969 5984
f 5932 5984 5944
f 5909 5985 5970
f 5909 5931 5985
f 5881 5986 5940
f 5881 5948 5986
f 5941 5973 5987
f 5941 5987 5894
f 5924 5988 5959
f 5924 5952 5988
f 5876 5989 5923
f 5876 5960 5989
f 5911 5980 5982
f 5912 5983 5981
f 5894 5987 5946
f 5842 5990 5948
f 5842 5893 5990
f 5944 5991 5949
f 5944 5984 5991
f 5931 5992 5985
f 5931 5945 5992
f 5786 5993 5829
f 5786 5964 5993
f 5740 5788 5994
f 5740 5994 5963
f 5887 5995 5975
f 5887 5928 5995
f 5927 5996 5954
f 5927 5976 5996
f 5870 5929 5997
f 5870 5997 5962
f 5930 5998 5964
f 5930 5961 5998
f 5945 5999 5992
f 5945 5950 5999
f 5949 5991 6000
f 5949 6000 5957
f 5957 6000 6001
f 5957 6001 5958
f 5950 6002 5999
f 5950 5958 6002
f 5917 6003 5960
f 5917 5974 6003
f 5959 6004 5973
f 5959 5988 6004
f 5958 6001 6002
f 5952 5968 6005
f 5952 6005 5988
f 5923 6006 5951
f 5923 5989 6006
f 5907 5971 6007
f 5907 6007 5956
f 5955 5965 6008
f 5955 6008 5972
f 5973 6009 5987
f 5940 6010 5974
f 5940 5986 6010
f 5973 6004 6009
f 5961 5972 6011
f 5961 6011 5998
f 5902 5962 6012
f 5902 6012 5977
f 5946 5987 6013
f 5946 6013 5976
f 5893 6014 5990
f 5893 5947 6014
f 5788 5828 6015
f 5788 6015 5994
f 5829 5993 6016
f 5829 6016 5853
f 5928 6017 5995
f 5928 5953 6017
f 5954 6018 5969
f 5954 5996 6018
f 5965 6019 6008
f 5965 5978 6019
f 5956 6007 6020
f 5956 6020 5966
f 5948 6021 5986
f 5948 5990 6021
f 5987 6009 6013
f 5918 5977 6022
f 5918 6022 5971
f 5972 6008 6011
f 5968 6023 6005
f 5968 5981 6023
f 5951 6024 5967
f 5951 6006 6024
f 5966 6020 6025
f 5966 6025 5979
f 5978 5982 6026
f 5978 6026 6019
f 5960 6027 5989
f 5960 6003 6027
f 5988 6028 6004
f 5988 6005 6028
f 5929 5963 6029
f 5929 6029 5997
f 5964 5998 6030
f 5964 6030 5993
f 5981 5983 6031
f 5981 6031 6023
f 5967 6032 5980
f 5967 6024 6032
f 5979 6025 6033
f 5979 6033 5983
f 5982 5980 6034
f 5982 6034 6026
f 5953 6035 6017
f 5953 5970 6035
f 5969 6036 5984
f 5969 6018 6036
f 5983 6033 6031
f 5980 6032 6034
f 5853 6016 6037
f 5853 6037 5872
f 5828 5854 6038
f 5828 6038 6015
f 5976 6013 6039
f 5976 6039 5996
f 5947 6040 6014
f 5947 5975 6040
f 6004 6028 6041
f 5974 6042 6003
f 5974 6010 6042
f 6004 6041 6009
f 5970 6043 6035
f 5970 5985 6043
f 5984 6044 5991
f 5984 6036 6044
f 5989 6045 6006
f 5989 6027 6045
f 6005 6046 6028
f 6005 6023 6046
f 5990 6047 6021
f 5990 6014 6047
f 6013 6048 6039
f 6013 6009 6048
f 5986 6049 6010
f 5986 6021 6049
f 6009 6041 6048
f 5962 5997 6050
f 5962 6050 6012
f 5998 6051 6030
f 5998 6011 6051
f 5971 6022 6052
f 5971 6052 6007
f 6008 6053 6011
f 6008 6019 6053
f 5854 5871 6054
f 5854 6054 6038
f 5872 6055 5897
f 5872 6037 6055
f 5985 6056 6043
f 5985 5992 6056
f 5991 6057 6000
f 5991 6044 6057
f 5993 6058 6016
f 5993 6030 6058
f 5963 5994 6059
f 5963 6059 6029
f 6011 6053 6051
f 5977 6012 6060
f 5977 6060 6022
f 5992 6061 6056
f 5992 5999 6061
f 6000 6062 6001
f 6000 6057 6062
f 6019 6063 6053
f 6019 6026 6063
f 6007 6052 6064
f 6007 6064 6020
f 5871 5896 6065
f 5871 6065 6054
f 5897 6066 5914
f 5897 6055 6066
f 6006 6067 6024
f 6006 6045 6067
f 6023 6068 6046
f 6023 6031 6068
f 6001 6069 6002
f 5999 6070 6061
f 5999 6002 6070
f 6001 6062 6069
f 5996 6039 6071
f 5996 6071 6018
f 5975 6072 6040
f 5975 5995 6072
f 6002 6069 6070
f 6028 6046 6073
f 6028 6073 6041
f 6003 6074 6027
f 6003 6042 6074
f 6026 6034 6075
f 6026 6075 6063
f 6020 6064 6076
f 6020 6076 6025
f 5914 6066 6077
f 5914 6077 5926
f 5896 5915 6078
f 5896 6078 6065
f 6024 6079 6032
f 6024 6067 6079
f 6031 6080 6068
f 6031 6033 6080
f 6014 6081 6047
f 6014 6040 6081
f 6039 6082 6071
f 6039 6048 6082
f 6034 6083 6075
f 6034 6032 6083
f 6025 6076 6084
f 6025 6084 6033
f 6010 6085 6042
f 6010 6049 6085
f 6041 6073 6086
f 6041 6086 6048
f 6032 6079 6083
f 6033 6084 6080
f 5994 6015 6087
f 5994 6087 6059
f 6016 6058 6088
f 6016 6088 6037
f 6048 6086 6082
f 6021 6089 6049
f 6021 6047 6089
f 5915 5925 6090
f 5915 6090 6078
f 5926 6091 5936
f 5926 6077 6091
f 5997 6029 6092
f 5997 6092 6050
f 6030 6051 6093
f 6030 6093 6058
f 5925 5935 6094
f 5925 6094 6090
f 5936 6091 6095
f 5936 6095 5935
f 6018 6071 6096
f 6018 6096 6036
f 5995 6097 6072
f 5995 6017 6097
f 5935 6095 6094
f 6046 6068 6098
f 6046 6098 6073
f 6027 6099 6045
f 6027 6074 6099
f 6022 6060 6100
f 6022 6100 6052
f 6053 6101 6051
f 6053 6063 6101
f 6051 6101 6093
f 6012 6050 6102
f 6012 6102 6060
f 6037 6088 6103
f 6037 6103 6055
f 6015 6038 6104
f 6015 6104 6087
f 6040 6105 6081
f 6040 6072 6105
f 6071 6106 6096
f 6071 6082 6106
f 6036 6096 6107
f 6036 6107 6044
f 6017 6108 6097
f 6017 6035 6108
f 6052 6100 6109
f 6052 6109 6064
f 6063 6110 6101
f 6063 6075 6110
f 6042 6111 6074
f 6042 6085 6111
f 6073 6098 6112
f 6073 6112 6086
f 6068 6080 6113
f 6068 6113 6098
f 6045 6114 6067
f 6045 6099 6114
f 6082 6086 6115
f 6047 6116 6089
f 6047 6081 6116
f 6082 6115 6106
f 6058 6117 6088
f 6058 6093 6117
f 6029 6059 6118
f 6029 6118 6092
f 6086 6112 6115
f 6049 6119 6085
f 6049 6089 6119
f 6064 6109 6120
f 6064 6120 6076
f 6075 6121 6110
f 6075 6083 6121
f 6044 6107 6122
f 6044 6122 6057
f 6035 6123 6108
f 6035 6043 6123
f 6038 6054 6124
f 6038 6124 6104
f 6055 6125 6066
f 6055 6103 6125
f 6080 6084 6126
f 6080 6126 6113
f 6067 6127 6079
f 6067 6114 6127
f 6076 6120 6128
f 6076 6128 6084
f 6083 6129 6121
f 6083 6079 6129
f 6072 6130 6105
f 6072 6097 6130
f 6096 6131 6107
f 6096 6106 6131
f 6084 6128 6126
f 6079 6127 6129
f 6057 6122 6132
f 6057 6132 6062
f 6043 6133 6123
f 6043 6056 6133
f 6074 6134 6099
f 6074 6111 6134
f 6098 6113 6135
f 6098 6135 6112
f 6050 6092 6136
f 6050 6136 6102
f 6093 6101 6137
f 6093 6137 6117
f 6101 6110 6137
f 6060 6102 6138
f 6060 6138 6100
f 6054 6065 6139
f 6054 6139 6124
f 6066 6140 6077
f 6066 6125 6140
f 6062 6132 6141
f 6062 6141 6069
f 6056 6142 6133
f 6056 6061 6142
f 6081 6143 6116
f 6081 6105 6143
f 6106 6144 6131
f 6106 6115 6144
f 6059 6087 6145
f 6059 6145 6118
f 6088 6117 6146
f 6088 6146 6103
f 6069 6141 6147
f 6069 6147 6070
f 6061 6148 6142
f 6061 6070 6148
f 6097 6149 6130
f 6097 6108 6149
f 6107 6150 6122
f 6107 6131 6150
f 6112 6151 6115
f 6112 6135 6151
f 6085 6152 6111
f 6085 6119 6152
f 6070 6147 6148
f 6077 6140 6153
f 6077 6153 6091
f 6065 6078 6154
f 6065 6154 6139
f 6089 6155 6119
f 6089 6116 6155
f 6115 6151 6144
f 6110 6156 6137
f 6110 6121 6156
f 6100 6138 6157
f 6100 6157 6109
f 6099 6158 6114
f 6099 6134 6158
f 6113 6126 6159
f 6113 6159 6135
f 6078 6090 6160
f 6078 6160 6154
f 6091 6161 6095
f 6091 6153 6161
f 6090 6094 6162
f 6090 6162 6160
f 6095 6161 6163
f 6095 6163 6094
f 6121 6164 6156
f 6121 6129 6164
f 6109 6157 6165
f 6109 6165 6120
f 6108 6166 6149
f 6108 6123 6166
f 6122 6167 6132
f 6122 6150 6167
f 6094 6163 6162
f 6105 6168 6143
f 6105 6130 6168
f 6131 6169 6150
f 6131 6144 6169
f 6114 6170 6127
f 6114 6158 6170
f 6126 6128 6171
f 6126 6171 6159
f 6103 6146 6172
f 6103 6172 6125
f 6087 6104 6173
f 6087 6173 6145
f 6117 6174 6146
f 6117 6137 6174
f 6092 6118 6175
f 6092 6175 6136
f 6129 6176 6164
f 6129 6127 6176
f 6120 6165 6177
f 6120 6177 6128
f 6127 6170 6176
f 6128 6177 6171
f 6135 6159 6178
f 6135 6178 6151
f 6111 6179 6134
f 6111 6152 6179
f 6123 6180 6166
f 6123 6133 6180
f 6132 6181 6141
f 6132 6167 6181
f 6102 6136 6182
f 6102 6182 6138
f 6137 6156 6174
f 6144 6183 6169
f 6116 6184 6155
f 6116 6143 6184
f 6144 6151 6183
f 6119 6185 6152
f 6119 6155 6185
f 6151 6178 6183
f 6133 6186 6180
f 6133 6142 6186
f 6141 6187 6147
f 6141 6181 6187
f 6150 6188 6167
f 6130 6189 6168
f 6130 6149 6189
f 6150 6169 6188
f 6142 6190 6186
f 6142 6148 6190
f 6147 6191 6148
f 6147 6187 6191
f 6104 6124 6192
f 6104 6192 6173
f 6125 6193 6140
f 6125 6172 6193
f 6148 6191 6190
f 6138 6182 6194
f 6138 6194 6157
f 6156 6164 6195
f 6156 6195 6174
f 6159 6196 6178
f 6159 6171 6196
f 6134 6197 6158
f 6134 6179 6197
f 6118 6145 6198
f 6118 6198 6175
f 6146 6174 6199
f 6146 6199 6172
f 6157 6194 6200
f 6157 6200 6165
f 6164 6176 6201
f 6164 6201 6195
f 6167 6188 6202
f 6149 6203 6189
f 6149 6166 6203
f 6167 6202 6181
f 6169 6183 6204
f 6143 6205 6184
f 6143 6168 6205
f 6169 6204 6188
f 6124 6139 6206
f 6124 6206 6192
f 6140 6207 6153
f 6140 6193 6207
f 6171 6177 6208
f 6171 6208 6196
f 6158 6209 6170
f 6158 6197 6209
f 6152 6210 6179
f 6152 6185 6210
f 6178 6211 6183
f 6178 6196 6211
f 6165 6200 6212
f 6165 6212 6177
f 6176 6170 6213
f 6176 6213 6201
f 6174 6195 6199
f 6136 6175 6214
f 6136 6214 6182
f 6183 6211 6204
f 6155 6215 6185
f 6155 6184 6215
f 6177 6212 6208
f 6170 6209 6213
f 6166 6216 6203
f 6166 6180 6216
f 6181 6217 6187
f 6181 6202 6217
f 6153 6207 6218
f 6153 6218 6161
f 6139 6154 6219
f 6139 6219 6206
f 6172 6220 6193
f 6172 6199 6220
f 6145 6173 6221
f 6145 6221 6198
f 6188 6222 6202
f 6168 6223 6205
f 6168 6189 6223
f 6188 6204 6222
f 6180 6224 6216
f 6180 6186 6224
f 6187 6225 6191
f 6187 6217 6225
f 6154 6160 6226
f 6154 6226 6219
f 6161 6227 6163
f 6161 6218 6227
f 6195 6228 6199
f 6195 6201 6228
f 6182 6214 6229
f 6182 6229 6194
f 6179 6230 6197
f 6179 6210 6230
f 6196 6231 6211
f 6196 6208 6231
f 6191 6232 6190
f 6186 6233 6224
f 6186 6190 6233
f 6191 6225 6232
f 6190 6232 6233
f 6160 6162 6234
f 6160 6234 6226
f 6163 6227 6235
f 6163 6235 6162
f 6162 6235 6234
f 6204 6211 6236
f 6184 6237 6215
f 6184 6205 6237
f 6204 6236 6222
f 6201 6213 6238
f 6201 6238 6228
f 6194 6229 6239
f 6194 6239 6200
f 6211 6231 6236
f 6185 6240 6210
f 6185 6215 6240
f 6189 6241 6223
f 6189 6203 6241
f 6202 6222 6242
f 6202 6242 6217
f 6175 6198 6243
f 6175 6243 6214
f 6199 6228 6220
f 6197 6244 6209
f 6197 6230 6244
f 6208 6245 6231
f 6208 6212 6245
f 6213 6246 6238
f 6213 6209 6246
f 6200 6239 6247
f 6200 6247 6212
f 6173 6192 6248
f 6173 6248 6221
f 6193 6249 6207
f 6193 6220 6249
f 6209 6244 6246
f 6212 6247 6245
f 6217 6250 6225
f 6203 6251 6241
f 6203 6216 6251
f 6217 6242 6250
f 6214 6243 6252
f 6214 6252 6229
f 6228 6253 6220
f 6228 6238 6253
f 6222 6254 6242
f 6205 6255 6237
f 6205 6223 6255
f 6222 6236 6254
f 6231 6245 6256
f 6231 6256 6236
f 6210 6257 6230
f 6210 6240 6257
f 6192 6206 6258
f 6192 6258 6248
f 6207 6259 6218
f 6207 6249 6259
f 6225 6250 6260
f 6216 6261 6251
f 6216 6224 6261
f 6225 6260 6232
f 6215 6262 6240
f 6215 6237 6262
f 6236 6256 6254
f 6220 6253 6249
f 6198 6221 6263
f 6198 6263 6243
f 6232 6264 6233
f 6224 6265 6261
f 6224 6233 6265
f 6232 6260 6264
f 6229 6252 6266
f 6229 6266 6239
f 6238 6267 6253
f 6238 6246 6267
f 6233 6264 6265
f 6245 6247 6268
f 6245 6268 6256
f 6230 6269 6244
f 6230 6257 6269
f 6242 6254 6270
f 6223 6271 6255
f 6223 6241 6271
f 6242 6270 6250
f 6218 6259 6272
f 6218 6272 6227
f 6206 6219 6273
f 6206 6273 6258
f 6239 6266 6274
f 6239 6274 6247
f 6246 6275 6267
f 6246 6244 6275
f 6247 6274 6268
f 6244 6269 6275
f 6253 6276 6249
f 6253 6267 6276
f 6243 6263 6277
f 6243 6277 6252
f 6227 6278 6235
f 6227 6272 6278
f 6219 6226 6279
f 6219 6279 6273
f 6240 6280 6257
f 6240 6262 6280
f 6256 6268 6281
f 6256 6281 6254
f 6254 6281 6270
f 6237 6282 6262
f 6237 6255 6282
f 6250 6283 6260
f 6241 6284 6271
f 6241 6251 6284
f 6250 6270 6283
f 6221 6248 6285
f 6221 6285 6263
f 6249 6276 6259
f 6226 6234 6286
f 6226 6286 6279
f 6235 6278 6287
f 6235 6287 6234
f 6234 6287 6286
f 6267 6288 6276
f 6267 6275 6288
f 6252 6277 6289
f 6252 6289 6266
f 6260 6283 6290
f 6251 6291 6284
f 6251 6261 6291
f 6260 6290 6264
f 6257 6292 6269
f 6257 6280 6292
f 6268 6274 6293
f 6268 6293 6281
f 6264 6294 6265
f 6261 6295 6291
f 6261 6265 6295
f 6264 6290 6294
f 6275 6296 6288
f 6275 6269 6296
f 6266 6289 6297
f 6266 6297 6274
f 6270 6281 6298
f 6255 6299 6282
f 6255 6271 6299
f 6270 6298 6283
f 6265 6294 6295
f 6269 6292 6296
f 6274 6297 6293
f 6276 6300 6259
f 6276 6288 6300
f 6263 6285 6301
f 6263 6301 6277
f 6248 6258 6302
f 6248 6302 6285
f 6259 6300 6272
f 6281 6293 6298
f 6262 6303 6280
f 6262 6282 6303
f 6283 6304 6290
f 6271 6305 6299
f 6271 6284 6305
f 6283 6298 6304
f 6277 6301 6306
f 6277 6306 6289
f 6288 6296 6307
f 6288 6307 6300
f 6258 6273 6308
f 6258 6308 6302
f 6272 6300 6309
f 6272 6309 6278
f 6293 6297 6310
f 6293 6310 6298
f 6280 6311 6292
f 6280 6303 6311
f 6300 6307 6309
f 6285 6302 6312
f 6285 6312 6301
f 6289 6306 6313
f 6289 6313 6297
f 6296 6292 6314
f 6296 6314 6307
f 6282 6315 6303
f 6282 6299 6315
f 6298 6310 6304
f 6290 6304 6316
f 6284 6317 6305
f 6284 6291 6317
f 6290 6316 6294
f 6297 6313 6310
f 6292 6311 6314
f 6278 6318 6287
f 6278 6309 6318
f 6273 6279 6319
f 6273 6319 6308
f 6294 6320 6295
f 6291 6321 6317
f 6291 6295 6321
f 6294 6316 6320
f 6295 6320 6321
f 6279 6286 6322
f 6279 6322 6319
f 6287 6318 6323
f 6287 6323 6286
f 6307 6314 6324
f 6307 6324 6309
f 6301 6312 6325
f 6301 6325 6306
f 6302 6308 6326
f 6302 6326 6312
f 6309 6324 6318
f 6286 6323 6322
f 6304 6327 6316
f 6299 6328 6315
f 6299 6305 6328
f 6304 6310 6327
f 6303 6329 6311
f 6303 6315 6329
f 6310 6313 6327
f 6314 6330 6324
f 6314 6311 6330
f 6306 6325 6331
f 6306 6331 6313
f 6311 6329 6330
f 6313 6331 6327
f 6318 6332 6323
f 6318 6324 6332
f 6308 6319 6333
f 6308 6333 6326
f 6312 6326 6334
f 6312 6334 6325
f 6324 6330 6332
f 6316 6327 6335
f 6305 6336 6328
f 6305 6317 6336
f 6316 6335 6320
f 6319 6322 6337
f 6319 6337 6333
f 6323 6332 6338
f 6323 6338 6322
f 6322 6338 6337
f 6327 6331 6335
f 6315 6339 6329
f 6315 6328 6339
f 6320 6340 6321
f 6317 6341 6336
f 6317 6321 6341
f 6320 6335 6340
f 6321 6340 6341
f 6325 6334 6342
f 6325 6342 6331
f 6330 6343 6332
f 6330 6329 6343
f 6332 6343 6338
f 6326 6333 6344
f 6326 6344 6334
f 6331 6342 6335
f 6329 6339 6343
f 6328 6345 6339
f 6328 6336 6345
f 6335 6342 6340
f 6333 6337 6346
f 6333 6346 6344
f 6338 6343 6347
f 6338 6347 6337
f 6337 6347 6346
f 6343 6339 6347
f 6334 6344 6348
f 6334 6348 6342
f 6339 6345 6347
f 6342 6348 6340
f 6340 6348 6341
f 6336 6349 6345
f 6336 6341 6349
f 6341 6348 6349
f 6344 6346 6349
f 6344 6349 6348
f 6347 6345 6346
f 6346 6345 6349
